id,value,category,amount
1,149,cat_1,149
2,832,cat_2,832
3,587,cat_3,587
4,833,cat_4,833
5,941,cat_0,941
6,156,cat_1,156
7,415,cat_2,415
8,382,cat_3,382
9,901,cat_4,901
10,54,cat_0,54
11,770,cat_1,770
12,541,cat_2,541
13,863,cat_3,863
14,832,cat_4,832
15,220,cat_0,220
16,563,cat_1,563
17,586,cat_2,586
18,204,cat_3,204
19,948,cat_4,948
20,595,cat_0,595
21,970,cat_1,970
22,529,cat_2,529
23,152,cat_3,152
24,900,cat_4,900
25,33,cat_0,33
26,374,cat_1,374
27,818,cat_2,818
28,811,cat_3,811
29,60,cat_4,60
30,668,cat_0,668
31,676,cat_1,676
32,718,cat_2,718
33,206,cat_3,206
34,70,cat_4,70
35,789,cat_0,789
36,29,cat_1,29
37,337,cat_2,337
38,293,cat_3,293
39,987,cat_4,987
40,514,cat_0,514
41,988,cat_1,988
42,607,cat_2,607
43,345,cat_3,345
44,286,cat_4,286
45,340,cat_0,340
46,94,cat_1,94
47,519,cat_2,519
48,485,cat_3,485
49,125,cat_4,125
50,558,cat_0,558
51,583,cat_1,583
52,933,cat_2,933
53,305,cat_3,305
54,511,cat_4,511
55,548,cat_0,548
56,527,cat_1,527
57,183,cat_2,183
58,423,cat_3,423
59,788,cat_4,788
60,673,cat_0,673
61,164,cat_1,164
62,782,cat_2,782
63,830,cat_3,830
64,333,cat_4,333
65,312,cat_0,312
66,583,cat_1,583
67,805,cat_2,805
68,682,cat_3,682
69,183,cat_4,183
70,114,cat_0,114
71,639,cat_1,639
72,380,cat_2,380
73,232,cat_3,232
74,210,cat_4,210
75,69,cat_0,69
76,768,cat_1,768
77,377,cat_2,377
78,74,cat_3,74
79,864,cat_4,864
80,523,cat_0,523
81,606,cat_1,606
82,446,cat_2,446
83,709,cat_3,709
84,259,cat_4,259
85,96,cat_0,96
86,806,cat_1,806
87,585,cat_2,585
88,976,cat_3,976
89,782,cat_4,782
90,756,cat_0,756
91,800,cat_1,800
92,342,cat_2,342
93,506,cat_3,506
94,36,cat_4,36
95,472,cat_0,472
96,182,cat_1,182
97,846,cat_2,846
98,378,cat_3,378
99,708,cat_4,708
100,978,cat_0,978
101,691,cat_1,691
102,651,cat_2,651
103,465,cat_3,465
104,694,cat_4,694
105,78,cat_0,78
106,202,cat_1,202
107,257,cat_2,257
108,420,cat_3,420
109,865,cat_4,865
110,391,cat_0,391
111,829,cat_1,829
112,527,cat_2,527
113,592,cat_3,592
114,192,cat_4,192
115,749,cat_0,749
116,717,cat_1,717
117,403,cat_2,403
118,768,cat_3,768
119,919,cat_4,919
120,590,cat_0,590
121,979,cat_1,979
122,896,cat_2,896
123,856,cat_3,856
124,368,cat_4,368
125,226,cat_0,226
126,784,cat_1,784
127,333,cat_2,333
128,735,cat_3,735
129,20,cat_4,20
130,930,cat_0,930
131,545,cat_1,545
132,124,cat_2,124
133,57,cat_3,57
134,169,cat_4,169
135,404,cat_0,404
136,175,cat_1,175
137,812,cat_2,812
138,424,cat_3,424
139,462,cat_4,462
140,652,cat_0,652
141,384,cat_1,384
142,640,cat_2,640
143,34,cat_3,34
144,628,cat_4,628
145,880,cat_0,880
146,453,cat_1,453
147,880,cat_2,880
148,117,cat_3,117
149,180,cat_4,180
150,141,cat_0,141
151,271,cat_1,271
152,734,cat_2,734
153,21,cat_3,21
154,442,cat_4,442
155,975,cat_0,975
156,401,cat_1,401
157,648,cat_2,648
158,635,cat_3,635
159,98,cat_4,98
160,359,cat_0,359
161,123,cat_1,123
162,514,cat_2,514
163,70,cat_3,70
164,619,cat_4,619
165,683,cat_0,683
166,103,cat_1,103
167,192,cat_2,192
168,481,cat_3,481
169,885,cat_4,885
170,451,cat_0,451
171,637,cat_1,637
172,331,cat_2,331
173,798,cat_3,798
174,928,cat_4,928
175,707,cat_0,707
176,388,cat_1,388
177,873,cat_2,873
178,953,cat_3,953
179,290,cat_4,290
180,467,cat_0,467
181,323,cat_1,323
182,194,cat_2,194
183,346,cat_3,346
184,331,cat_4,331
185,823,cat_0,823
186,102,cat_1,102
187,951,cat_2,951
188,177,cat_3,177
189,599,cat_4,599
190,400,cat_0,400
191,547,cat_1,547
192,959,cat_2,959
193,60,cat_3,60
194,744,cat_4,744
195,232,cat_0,232
196,810,cat_1,810
197,869,cat_2,869
198,46,cat_3,46
199,862,cat_4,862
200,308,cat_0,308
201,92,cat_1,92
202,67,cat_2,67
203,490,cat_3,490
204,748,cat_4,748
205,183,cat_0,183
206,514,cat_1,514
207,138,cat_2,138
208,446,cat_3,446
209,952,cat_4,952
210,321,cat_0,321
211,139,cat_1,139
212,692,cat_2,692
213,837,cat_3,837
214,434,cat_4,434
215,806,cat_0,806
216,75,cat_1,75
217,518,cat_2,518
218,303,cat_3,303
219,294,cat_4,294
220,390,cat_0,390
221,850,cat_1,850
222,975,cat_2,975
223,817,cat_3,817
224,901,cat_4,901
225,953,cat_0,953
226,437,cat_1,437
227,975,cat_2,975
228,951,cat_3,951
229,696,cat_4,696
230,188,cat_0,188
231,441,cat_1,441
232,977,cat_2,977
233,713,cat_3,713
234,15,cat_4,15
235,732,cat_0,732
236,500,cat_1,500
237,146,cat_2,146
238,912,cat_3,912
239,539,cat_4,539
240,26,cat_0,26
241,304,cat_1,304
242,957,cat_2,957
243,581,cat_3,581
244,831,cat_4,831
245,494,cat_0,494
246,797,cat_1,797
247,829,cat_2,829
248,896,cat_3,896
249,933,cat_4,933
250,433,cat_0,433
251,108,cat_1,108
252,327,cat_2,327
253,676,cat_3,676
254,683,cat_4,683
255,163,cat_0,163
256,818,cat_1,818
257,916,cat_2,916
258,184,cat_3,184
259,916,cat_4,916
260,111,cat_0,111
261,185,cat_1,185
262,30,cat_2,30
263,639,cat_3,639
264,132,cat_4,132
265,64,cat_0,64
266,548,cat_1,548
267,82,cat_2,82
268,847,cat_3,847
269,321,cat_4,321
270,204,cat_0,204
271,524,cat_1,524
272,543,cat_2,543
273,871,cat_3,871
274,336,cat_4,336
275,578,cat_0,578
276,399,cat_1,399
277,639,cat_2,639
278,101,cat_3,101
279,169,cat_4,169
280,958,cat_0,958
281,561,cat_1,561
282,862,cat_2,862
283,436,cat_3,436
284,673,cat_4,673
285,558,cat_0,558
286,979,cat_1,979
287,392,cat_2,392
288,980,cat_3,980
289,896,cat_4,896
290,778,cat_0,778
291,801,cat_1,801
292,243,cat_2,243
293,720,cat_3,720
294,56,cat_4,56
295,333,cat_0,333
296,156,cat_1,156
297,359,cat_2,359
298,837,cat_3,837
299,482,cat_4,482
300,563,cat_0,563
301,550,cat_1,550
302,930,cat_2,930
303,873,cat_3,873
304,254,cat_4,254
305,9,cat_0,9
306,939,cat_1,939
307,418,cat_2,418
308,378,cat_3,378
309,357,cat_4,357
310,449,cat_0,449
311,905,cat_1,905
312,324,cat_2,324
313,420,cat_3,420
314,747,cat_4,747
315,752,cat_0,752
316,370,cat_1,370
317,10,cat_2,10
318,164,cat_3,164
319,938,cat_4,938
320,582,cat_0,582
321,541,cat_1,541
322,852,cat_2,852
323,629,cat_3,629
324,967,cat_4,967
325,566,cat_0,566
326,864,cat_1,864
327,209,cat_2,209
328,133,cat_3,133
329,468,cat_4,468
330,706,cat_0,706
331,492,cat_1,492
332,858,cat_2,858
333,143,cat_3,143
334,568,cat_4,568
335,250,cat_0,250
336,594,cat_1,594
337,768,cat_2,768
338,112,cat_3,112
339,416,cat_4,416
340,61,cat_0,61
341,965,cat_1,965
342,797,cat_2,797
343,863,cat_3,863
344,323,cat_4,323
345,598,cat_0,598
346,958,cat_1,958
347,737,cat_2,737
348,640,cat_3,640
349,368,cat_4,368
350,740,cat_0,740
351,584,cat_1,584
352,860,cat_2,860
353,848,cat_3,848
354,880,cat_4,880
355,482,cat_0,482
356,698,cat_1,698
357,349,cat_2,349
358,352,cat_3,352
359,333,cat_4,333
360,93,cat_0,93
361,403,cat_1,403
362,855,cat_2,855
363,188,cat_3,188
364,638,cat_4,638
365,546,cat_0,546
366,647,cat_1,647
367,986,cat_2,986
368,806,cat_3,806
369,26,cat_4,26
370,423,cat_0,423
371,46,cat_1,46
372,14,cat_2,14
373,545,cat_3,545
374,410,cat_4,410
375,136,cat_0,136
376,266,cat_1,266
377,730,cat_2,730
378,714,cat_3,714
379,679,cat_4,679
380,23,cat_0,23
381,123,cat_1,123
382,575,cat_2,575
383,847,cat_3,847
384,724,cat_4,724
385,817,cat_0,817
386,480,cat_1,480
387,436,cat_2,436
388,654,cat_3,654
389,264,cat_4,264
390,2,cat_0,2
391,997,cat_1,997
392,921,cat_2,921
393,18,cat_3,18
394,286,cat_4,286
395,637,cat_0,637
396,587,cat_1,587
397,874,cat_2,874
398,921,cat_3,921
399,679,cat_4,679
400,258,cat_0,258
401,602,cat_1,602
402,470,cat_2,470
403,940,cat_3,940
404,931,cat_4,931
405,975,cat_0,975
406,753,cat_1,753
407,857,cat_2,857
408,172,cat_3,172
409,82,cat_4,82
410,487,cat_0,487
411,637,cat_1,637
412,293,cat_2,293
413,498,cat_3,498
414,25,cat_4,25
415,97,cat_0,97
416,970,cat_1,970
417,444,cat_2,444
418,623,cat_3,623
419,126,cat_4,126
420,538,cat_0,538
421,446,cat_1,446
422,241,cat_2,241
423,905,cat_3,905
424,921,cat_4,921
425,1,cat_0,1
426,881,cat_1,881
427,522,cat_2,522
428,678,cat_3,678
429,577,cat_4,577
430,246,cat_0,246
431,845,cat_1,845
432,755,cat_2,755
433,843,cat_3,843
434,662,cat_4,662
435,951,cat_0,951
436,313,cat_1,313
437,671,cat_2,671
438,271,cat_3,271
439,17,cat_4,17
440,635,cat_0,635
441,78,cat_1,78
442,347,cat_2,347
443,410,cat_3,410
444,225,cat_4,225
445,712,cat_0,712
446,648,cat_1,648
447,684,cat_2,684
448,805,cat_3,805
449,271,cat_4,271
450,384,cat_0,384
451,83,cat_1,83
452,629,cat_2,629
453,881,cat_3,881
454,577,cat_4,577
455,395,cat_0,395
456,238,cat_1,238
457,591,cat_2,591
458,80,cat_3,80
459,46,cat_4,46
460,78,cat_0,78
461,113,cat_1,113
462,786,cat_2,786
463,175,cat_3,175
464,638,cat_4,638
465,426,cat_0,426
466,928,cat_1,928
467,793,cat_2,793
468,454,cat_3,454
469,544,cat_4,544
470,291,cat_0,291
471,380,cat_1,380
472,680,cat_2,680
473,213,cat_3,213
474,898,cat_4,898
475,514,cat_0,514
476,564,cat_1,564
477,429,cat_2,429
478,521,cat_3,521
479,343,cat_4,343
480,864,cat_0,864
481,613,cat_1,613
482,842,cat_2,842
483,744,cat_3,744
484,293,cat_4,293
485,94,cat_0,94
486,744,cat_1,744
487,73,cat_2,73
488,932,cat_3,932
489,875,cat_4,875
490,509,cat_0,509
491,971,cat_1,971
492,219,cat_2,219
493,726,cat_3,726
494,621,cat_4,621
495,247,cat_0,247
496,633,cat_1,633
497,646,cat_2,646
498,2,cat_3,2
499,325,cat_4,325
500,72,cat_0,72
501,660,cat_1,660
502,416,cat_2,416
503,724,cat_3,724
504,248,cat_4,248
505,563,cat_0,563
506,75,cat_1,75
507,531,cat_2,531
508,717,cat_3,717
509,278,cat_4,278
510,653,cat_0,653
511,941,cat_1,941
512,201,cat_2,201
513,239,cat_3,239
514,153,cat_4,153
515,989,cat_0,989
516,393,cat_1,393
517,679,cat_2,679
518,756,cat_3,756
519,10,cat_4,10
520,174,cat_0,174
521,838,cat_1,838
522,626,cat_2,626
523,236,cat_3,236
524,763,cat_4,763
525,717,cat_0,717
526,681,cat_1,681
527,641,cat_2,641
528,710,cat_3,710
529,323,cat_4,323
530,193,cat_0,193
531,963,cat_1,963
532,221,cat_2,221
533,10,cat_3,10
534,422,cat_4,422
535,145,cat_0,145
536,733,cat_1,733
537,43,cat_2,43
538,230,cat_3,230
539,687,cat_4,687
540,940,cat_0,940
541,99,cat_1,99
542,687,cat_2,687
543,591,cat_3,591
544,148,cat_4,148
545,788,cat_0,788
546,128,cat_1,128
547,884,cat_2,884
548,631,cat_3,631
549,639,cat_4,639
550,542,cat_0,542
551,234,cat_1,234
552,233,cat_2,233
553,140,cat_3,140
554,399,cat_4,399
555,478,cat_0,478
556,248,cat_1,248
557,728,cat_2,728
558,198,cat_3,198
559,618,cat_4,618
560,579,cat_0,579
561,812,cat_1,812
562,332,cat_2,332
563,801,cat_3,801
564,286,cat_4,286
565,378,cat_0,378
566,777,cat_1,777
567,432,cat_2,432
568,435,cat_3,435
569,298,cat_4,298
570,172,cat_0,172
571,990,cat_1,990
572,946,cat_2,946
573,208,cat_3,208
574,850,cat_4,850
575,507,cat_0,507
576,934,cat_1,934
577,111,cat_2,111
578,114,cat_3,114
579,784,cat_4,784
580,833,cat_0,833
581,514,cat_1,514
582,84,cat_2,84
583,239,cat_3,239
584,982,cat_4,982
585,348,cat_0,348
586,267,cat_1,267
587,589,cat_2,589
588,827,cat_3,827
589,300,cat_4,300
590,464,cat_0,464
591,495,cat_1,495
592,662,cat_2,662
593,111,cat_3,111
594,38,cat_4,38
595,602,cat_0,602
596,641,cat_1,641
597,340,cat_2,340
598,327,cat_3,327
599,481,cat_4,481
600,95,cat_0,95
601,450,cat_1,450
602,242,cat_2,242
603,806,cat_3,806
604,43,cat_4,43
605,217,cat_0,217
606,885,cat_1,885
607,71,cat_2,71
608,835,cat_3,835
609,987,cat_4,987
610,240,cat_0,240
611,348,cat_1,348
612,98,cat_2,98
613,981,cat_3,981
614,633,cat_4,633
615,208,cat_0,208
616,947,cat_1,947
617,185,cat_2,185
618,322,cat_3,322
619,619,cat_4,619
620,858,cat_0,858
621,663,cat_1,663
622,815,cat_2,815
623,298,cat_3,298
624,901,cat_4,901
625,204,cat_0,204
626,704,cat_1,704
627,97,cat_2,97
628,727,cat_3,727
629,597,cat_4,597
630,312,cat_0,312
631,236,cat_1,236
632,514,cat_2,514
633,948,cat_3,948
634,518,cat_4,518
635,2,cat_0,2
636,2,cat_1,2
637,991,cat_2,991
638,73,cat_3,73
639,380,cat_4,380
640,775,cat_0,775
641,505,cat_1,505
642,86,cat_2,86
643,175,cat_3,175
644,365,cat_4,365
645,890,cat_0,890
646,168,cat_1,168
647,775,cat_2,775
648,684,cat_3,684
649,440,cat_4,440
650,355,cat_0,355
651,190,cat_1,190
652,284,cat_2,284
653,665,cat_3,665
654,27,cat_4,27
655,66,cat_0,66
656,700,cat_1,700
657,8,cat_2,8
658,172,cat_3,172
659,748,cat_4,748
660,647,cat_0,647
661,283,cat_1,283
662,38,cat_2,38
663,132,cat_3,132
664,247,cat_4,247
665,688,cat_0,688
666,654,cat_1,654
667,795,cat_2,795
668,41,cat_3,41
669,809,cat_4,809
670,748,cat_0,748
671,58,cat_1,58
672,103,cat_2,103
673,948,cat_3,948
674,319,cat_4,319
675,706,cat_0,706
676,791,cat_1,791
677,382,cat_2,382
678,166,cat_3,166
679,690,cat_4,690
680,776,cat_0,776
681,731,cat_1,731
682,354,cat_2,354
683,419,cat_3,419
684,634,cat_4,634
685,833,cat_0,833
686,248,cat_1,248
687,757,cat_2,757
688,315,cat_3,315
689,258,cat_4,258
690,190,cat_0,190
691,95,cat_1,95
692,810,cat_2,810
693,228,cat_3,228
694,656,cat_4,656
695,504,cat_0,504
696,900,cat_1,900
697,74,cat_2,74
698,119,cat_3,119
699,302,cat_4,302
700,37,cat_0,37
701,603,cat_1,603
702,385,cat_2,385
703,752,cat_3,752
704,123,cat_4,123
705,696,cat_0,696
706,498,cat_1,498
707,460,cat_2,460
708,988,cat_3,988
709,863,cat_4,863
710,764,cat_0,764
711,869,cat_1,869
712,546,cat_2,546
713,261,cat_3,261
714,121,cat_4,121
715,39,cat_0,39
716,764,cat_1,764
717,509,cat_2,509
718,555,cat_3,555
719,86,cat_4,86
720,35,cat_0,35
721,141,cat_1,141
722,323,cat_2,323
723,881,cat_3,881
724,499,cat_4,499
725,604,cat_0,604
726,717,cat_1,717
727,45,cat_2,45
728,156,cat_3,156
729,4,cat_4,4
730,386,cat_0,386
731,716,cat_1,716
732,98,cat_2,98
733,251,cat_3,251
734,330,cat_4,330
735,90,cat_0,90
736,37,cat_1,37
737,914,cat_2,914
738,181,cat_3,181
739,699,cat_4,699
740,103,cat_0,103
741,290,cat_1,290
742,121,cat_2,121
743,133,cat_3,133
744,884,cat_4,884
745,995,cat_0,995
746,157,cat_1,157
747,375,cat_2,375
748,790,cat_3,790
749,819,cat_4,819
750,430,cat_0,430
751,701,cat_1,701
752,127,cat_2,127
753,276,cat_3,276
754,552,cat_4,552
755,960,cat_0,960
756,800,cat_1,800
757,513,cat_2,513
758,258,cat_3,258
759,814,cat_4,814
760,925,cat_0,925
761,347,cat_1,347
762,362,cat_2,362
763,365,cat_3,365
764,379,cat_4,379
765,388,cat_0,388
766,431,cat_1,431
767,738,cat_2,738
768,290,cat_3,290
769,855,cat_4,855
770,274,cat_0,274
771,482,cat_1,482
772,631,cat_2,631
773,877,cat_3,877
774,265,cat_4,265
775,878,cat_0,878
776,799,cat_1,799
777,186,cat_2,186
778,998,cat_3,998
779,547,cat_4,547
780,623,cat_0,623
781,711,cat_1,711
782,518,cat_2,518
783,681,cat_3,681
784,492,cat_4,492
785,64,cat_0,64
786,863,cat_1,863
787,928,cat_2,928
788,211,cat_3,211
789,145,cat_4,145
790,846,cat_0,846
791,650,cat_1,650
792,675,cat_2,675
793,806,cat_3,806
794,937,cat_4,937
795,275,cat_0,275
796,636,cat_1,636
797,105,cat_2,105
798,129,cat_3,129
799,427,cat_4,427
800,461,cat_0,461
801,321,cat_1,321
802,142,cat_2,142
803,223,cat_3,223
804,466,cat_4,466
805,86,cat_0,86
806,250,cat_1,250
807,707,cat_2,707
808,578,cat_3,578
809,553,cat_4,553
810,742,cat_0,742
811,64,cat_1,64
812,346,cat_2,346
813,778,cat_3,778
814,204,cat_4,204
815,801,cat_0,801
816,74,cat_1,74
817,605,cat_2,605
818,822,cat_3,822
819,502,cat_4,502
820,345,cat_0,345
821,815,cat_1,815
822,972,cat_2,972
823,630,cat_3,630
824,809,cat_4,809
825,556,cat_0,556
826,466,cat_1,466
827,61,cat_2,61
828,327,cat_3,327
829,783,cat_4,783
830,956,cat_0,956
831,244,cat_1,244
832,93,cat_2,93
833,863,cat_3,863
834,394,cat_4,394
835,257,cat_0,257
836,997,cat_1,997
837,310,cat_2,310
838,419,cat_3,419
839,93,cat_4,93
840,140,cat_0,140
841,726,cat_1,726
842,603,cat_2,603
843,609,cat_3,609
844,814,cat_4,814
845,642,cat_0,642
846,739,cat_1,739
847,709,cat_2,709
848,871,cat_3,871
849,143,cat_4,143
850,318,cat_0,318
851,302,cat_1,302
852,207,cat_2,207
853,504,cat_3,504
854,313,cat_4,313
855,377,cat_0,377
856,554,cat_1,554
857,517,cat_2,517
858,205,cat_3,205
859,391,cat_4,391
860,290,cat_0,290
861,708,cat_1,708
862,514,cat_2,514
863,22,cat_3,22
864,468,cat_4,468
865,42,cat_0,42
866,136,cat_1,136
867,209,cat_2,209
868,406,cat_3,406
869,79,cat_4,79
870,201,cat_0,201
871,18,cat_1,18
872,771,cat_2,771
873,572,cat_3,572
874,258,cat_4,258
875,800,cat_0,800
876,931,cat_1,931
877,296,cat_2,296
878,346,cat_3,346
879,819,cat_4,819
880,395,cat_0,395
881,368,cat_1,368
882,816,cat_2,816
883,275,cat_3,275
884,799,cat_4,799
885,671,cat_0,671
886,25,cat_1,25
887,928,cat_2,928
888,851,cat_3,851
889,505,cat_4,505
890,746,cat_0,746
891,90,cat_1,90
892,904,cat_2,904
893,515,cat_3,515
894,842,cat_4,842
895,574,cat_0,574
896,796,cat_1,796
897,919,cat_2,919
898,89,cat_3,89
899,569,cat_4,569
900,559,cat_0,559
901,261,cat_1,261
902,496,cat_2,496
903,850,cat_3,850
904,112,cat_4,112
905,518,cat_0,518
906,430,cat_1,430
907,612,cat_2,612
908,352,cat_3,352
909,995,cat_4,995
910,796,cat_0,796
911,299,cat_1,299
912,212,cat_2,212
913,996,cat_3,996
914,637,cat_4,637
915,41,cat_0,41
916,419,cat_1,419
917,160,cat_2,160
918,664,cat_3,664
919,921,cat_4,921
920,675,cat_0,675
921,256,cat_1,256
922,272,cat_2,272
923,955,cat_3,955
924,307,cat_4,307
925,748,cat_0,748
926,546,cat_1,546
927,21,cat_2,21
928,268,cat_3,268
929,877,cat_4,877
930,369,cat_0,369
931,256,cat_1,256
932,703,cat_2,703
933,566,cat_3,566
934,156,cat_4,156
935,53,cat_0,53
936,560,cat_1,560
937,927,cat_2,927
938,975,cat_3,975
939,521,cat_4,521
940,813,cat_0,813
941,306,cat_1,306
942,43,cat_2,43
943,216,cat_3,216
944,328,cat_4,328
945,673,cat_0,673
946,461,cat_1,461
947,766,cat_2,766
948,812,cat_3,812
949,389,cat_4,389
950,19,cat_0,19
951,911,cat_1,911
952,463,cat_2,463
953,785,cat_3,785
954,678,cat_4,678
955,819,cat_0,819
956,423,cat_1,423
957,664,cat_2,664
958,552,cat_3,552
959,524,cat_4,524
960,566,cat_0,566
961,136,cat_1,136
962,363,cat_2,363
963,746,cat_3,746
964,845,cat_4,845
965,74,cat_0,74
966,293,cat_1,293
967,983,cat_2,983
968,127,cat_3,127
969,687,cat_4,687
970,288,cat_0,288
971,238,cat_1,238
972,334,cat_2,334
973,849,cat_3,849
974,135,cat_4,135
975,599,cat_0,599
976,544,cat_1,544
977,674,cat_2,674
978,535,cat_3,535
979,423,cat_4,423
980,132,cat_0,132
981,309,cat_1,309
982,660,cat_2,660
983,781,cat_3,781
984,417,cat_4,417
985,743,cat_0,743
986,735,cat_1,735
987,338,cat_2,338
988,163,cat_3,163
989,652,cat_4,652
990,761,cat_0,761
991,231,cat_1,231
992,102,cat_2,102
993,91,cat_3,91
994,560,cat_4,560
995,323,cat_0,323
996,315,cat_1,315
997,434,cat_2,434
998,755,cat_3,755
999,760,cat_4,760
1000,270,cat_0,270
1001,736,cat_1,736
1002,592,cat_2,592
1003,743,cat_3,743
1004,305,cat_4,305
1005,694,cat_0,694
1006,262,cat_1,262
1007,384,cat_2,384
1008,52,cat_3,52
1009,200,cat_4,200
1010,373,cat_0,373
1011,376,cat_1,376
1012,411,cat_2,411
1013,557,cat_3,557
1014,715,cat_4,715
1015,464,cat_0,464
1016,928,cat_1,928
1017,478,cat_2,478
1018,686,cat_3,686
1019,459,cat_4,459
1020,578,cat_0,578
1021,192,cat_1,192
1022,993,cat_2,993
1023,462,cat_3,462
1024,778,cat_4,778
1025,679,cat_0,679
1026,48,cat_1,48
1027,445,cat_2,445
1028,441,cat_3,441
1029,436,cat_4,436
1030,312,cat_0,312
1031,155,cat_1,155
1032,226,cat_2,226
1033,184,cat_3,184
1034,378,cat_4,378
1035,672,cat_0,672
1036,244,cat_1,244
1037,291,cat_2,291
1038,455,cat_3,455
1039,805,cat_4,805
1040,666,cat_0,666
1041,922,cat_1,922
1042,820,cat_2,820
1043,367,cat_3,367
1044,138,cat_4,138
1045,405,cat_0,405
1046,823,cat_1,823
1047,375,cat_2,375
1048,121,cat_3,121
1049,307,cat_4,307
1050,245,cat_0,245
1051,955,cat_1,955
1052,200,cat_2,200
1053,257,cat_3,257
1054,152,cat_4,152
1055,965,cat_0,965
1056,309,cat_1,309
1057,787,cat_2,787
1058,494,cat_3,494
1059,798,cat_4,798
1060,619,cat_0,619
1061,238,cat_1,238
1062,247,cat_2,247
1063,939,cat_3,939
1064,108,cat_4,108
1065,589,cat_0,589
1066,236,cat_1,236
1067,646,cat_2,646
1068,371,cat_3,371
1069,623,cat_4,623
1070,380,cat_0,380
1071,346,cat_1,346
1072,429,cat_2,429
1073,194,cat_3,194
1074,766,cat_4,766
1075,558,cat_0,558
1076,552,cat_1,552
1077,921,cat_2,921
1078,246,cat_3,246
1079,430,cat_4,430
1080,726,cat_0,726
1081,214,cat_1,214
1082,652,cat_2,652
1083,84,cat_3,84
1084,983,cat_4,983
1085,448,cat_0,448
1086,545,cat_1,545
1087,381,cat_2,381
1088,929,cat_3,929
1089,692,cat_4,692
1090,521,cat_0,521
1091,18,cat_1,18
1092,61,cat_2,61
1093,60,cat_3,60
1094,86,cat_4,86
1095,57,cat_0,57
1096,488,cat_1,488
1097,52,cat_2,52
1098,413,cat_3,413
1099,746,cat_4,746
1100,283,cat_0,283
1101,753,cat_1,753
1102,291,cat_2,291
1103,588,cat_3,588
1104,235,cat_4,235
1105,848,cat_0,848
1106,6,cat_1,6
1107,2,cat_2,2
1108,145,cat_3,145
1109,423,cat_4,423
1110,115,cat_0,115
1111,127,cat_1,127
1112,88,cat_2,88
1113,821,cat_3,821
1114,60,cat_4,60
1115,282,cat_0,282
1116,669,cat_1,669
1117,888,cat_2,888
1118,24,cat_3,24
1119,222,cat_4,222
1120,255,cat_0,255
1121,706,cat_1,706
1122,950,cat_2,950
1123,212,cat_3,212
1124,401,cat_4,401
1125,938,cat_0,938
1126,814,cat_1,814
1127,874,cat_2,874
1128,855,cat_3,855
1129,286,cat_4,286
1130,940,cat_0,940
1131,523,cat_1,523
1132,820,cat_2,820
1133,998,cat_3,998
1134,451,cat_4,451
1135,489,cat_0,489
1136,149,cat_1,149
1137,38,cat_2,38
1138,629,cat_3,629
1139,161,cat_4,161
1140,785,cat_0,785
1141,351,cat_1,351
1142,482,cat_2,482
1143,837,cat_3,837
1144,811,cat_4,811
1145,53,cat_0,53
1146,264,cat_1,264
1147,162,cat_2,162
1148,202,cat_3,202
1149,192,cat_4,192
1150,401,cat_0,401
1151,54,cat_1,54
1152,306,cat_2,306
1153,725,cat_3,725
1154,183,cat_4,183
1155,534,cat_0,534
1156,110,cat_1,110
1157,807,cat_2,807
1158,260,cat_3,260
1159,138,cat_4,138
1160,605,cat_0,605
1161,439,cat_1,439
1162,320,cat_2,320
1163,228,cat_3,228
1164,665,cat_4,665
1165,988,cat_0,988
1166,107,cat_1,107
1167,392,cat_2,392
1168,831,cat_3,831
1169,209,cat_4,209
1170,139,cat_0,139
1171,719,cat_1,719
1172,500,cat_2,500
1173,690,cat_3,690
1174,728,cat_4,728
1175,735,cat_0,735
1176,788,cat_1,788
1177,559,cat_2,559
1178,129,cat_3,129
1179,627,cat_4,627
1180,781,cat_0,781
1181,864,cat_1,864
1182,638,cat_2,638
1183,492,cat_3,492
1184,426,cat_4,426
1185,879,cat_0,879
1186,313,cat_1,313
1187,271,cat_2,271
1188,502,cat_3,502
1189,498,cat_4,498
1190,6,cat_0,6
1191,627,cat_1,627
1192,989,cat_2,989
1193,901,cat_3,901
1194,499,cat_4,499
1195,446,cat_0,446
1196,705,cat_1,705
1197,157,cat_2,157
1198,197,cat_3,197
1199,27,cat_4,27
1200,227,cat_0,227
1201,566,cat_1,566
1202,509,cat_2,509
1203,465,cat_3,465
1204,4,cat_4,4
1205,809,cat_0,809
1206,179,cat_1,179
1207,646,cat_2,646
1208,288,cat_3,288
1209,101,cat_4,101
1210,859,cat_0,859
1211,604,cat_1,604
1212,786,cat_2,786
1213,253,cat_3,253
1214,252,cat_4,252
1215,355,cat_0,355
1216,248,cat_1,248
1217,879,cat_2,879
1218,957,cat_3,957
1219,110,cat_4,110
1220,735,cat_0,735
1221,148,cat_1,148
1222,640,cat_2,640
1223,221,cat_3,221
1224,893,cat_4,893
1225,533,cat_0,533
1226,867,cat_1,867
1227,879,cat_2,879
1228,151,cat_3,151
1229,349,cat_4,349
1230,384,cat_0,384
1231,941,cat_1,941
1232,641,cat_2,641
1233,405,cat_3,405
1234,171,cat_4,171
1235,496,cat_0,496
1236,65,cat_1,65
1237,882,cat_2,882
1238,399,cat_3,399
1239,237,cat_4,237
1240,537,cat_0,537
1241,877,cat_1,877
1242,560,cat_2,560
1243,771,cat_3,771
1244,224,cat_4,224
1245,649,cat_0,649
1246,228,cat_1,228
1247,460,cat_2,460
1248,20,cat_3,20
1249,21,cat_4,21
1250,888,cat_0,888
1251,8,cat_1,8
1252,769,cat_2,769
1253,677,cat_3,677
1254,812,cat_4,812
1255,241,cat_0,241
1256,212,cat_1,212
1257,891,cat_2,891
1258,625,cat_3,625
1259,634,cat_4,634
1260,167,cat_0,167
1261,785,cat_1,785
1262,731,cat_2,731
1263,733,cat_3,733
1264,670,cat_4,670
1265,881,cat_0,881
1266,46,cat_1,46
1267,379,cat_2,379
1268,624,cat_3,624
1269,292,cat_4,292
1270,9,cat_0,9
1271,97,cat_1,97
1272,151,cat_2,151
1273,949,cat_3,949
1274,12,cat_4,12
1275,603,cat_0,603
1276,114,cat_1,114
1277,908,cat_2,908
1278,461,cat_3,461
1279,160,cat_4,160
1280,216,cat_0,216
1281,439,cat_1,439
1282,851,cat_2,851
1283,402,cat_3,402
1284,846,cat_4,846
1285,145,cat_0,145
1286,231,cat_1,231
1287,967,cat_2,967
1288,848,cat_3,848
1289,296,cat_4,296
1290,100,cat_0,100
1291,931,cat_1,931
1292,505,cat_2,505
1293,760,cat_3,760
1294,517,cat_4,517
1295,231,cat_0,231
1296,806,cat_1,806
1297,286,cat_2,286
1298,479,cat_3,479
1299,419,cat_4,419
1300,507,cat_0,507
1301,757,cat_1,757
1302,293,cat_2,293
1303,938,cat_3,938
1304,472,cat_4,472
1305,389,cat_0,389
1306,892,cat_1,892
1307,539,cat_2,539
1308,267,cat_3,267
1309,574,cat_4,574
1310,768,cat_0,768
1311,166,cat_1,166
1312,307,cat_2,307
1313,744,cat_3,744
1314,791,cat_4,791
1315,338,cat_0,338
1316,887,cat_1,887
1317,468,cat_2,468
1318,74,cat_3,74
1319,204,cat_4,204
1320,570,cat_0,570
1321,737,cat_1,737
1322,328,cat_2,328
1323,821,cat_3,821
1324,116,cat_4,116
1325,468,cat_0,468
1326,745,cat_1,745
1327,137,cat_2,137
1328,863,cat_3,863
1329,684,cat_4,684
1330,269,cat_0,269
1331,17,cat_1,17
1332,47,cat_2,47
1333,880,cat_3,880
1334,688,cat_4,688
1335,913,cat_0,913
1336,477,cat_1,477
1337,175,cat_2,175
1338,766,cat_3,766
1339,778,cat_4,778
1340,470,cat_0,470
1341,94,cat_1,94
1342,622,cat_2,622
1343,747,cat_3,747
1344,228,cat_4,228
1345,795,cat_0,795
1346,521,cat_1,521
1347,653,cat_2,653
1348,691,cat_3,691
1349,774,cat_4,774
1350,973,cat_0,973
1351,72,cat_1,72
1352,295,cat_2,295
1353,561,cat_3,561
1354,734,cat_4,734
1355,961,cat_0,961
1356,787,cat_1,787
1357,369,cat_2,369
1358,968,cat_3,968
1359,271,cat_4,271
1360,383,cat_0,383
1361,213,cat_1,213
1362,450,cat_2,450
1363,344,cat_3,344
1364,584,cat_4,584
1365,588,cat_0,588
1366,849,cat_1,849
1367,676,cat_2,676
1368,223,cat_3,223
1369,699,cat_4,699
1370,642,cat_0,642
1371,246,cat_1,246
1372,454,cat_2,454
1373,634,cat_3,634
1374,585,cat_4,585
1375,642,cat_0,642
1376,974,cat_1,974
1377,271,cat_2,271
1378,535,cat_3,535
1379,190,cat_4,190
1380,605,cat_0,605
1381,544,cat_1,544
1382,146,cat_2,146
1383,559,cat_3,559
1384,792,cat_4,792
1385,28,cat_0,28
1386,157,cat_1,157
1387,125,cat_2,125
1388,967,cat_3,967
1389,439,cat_4,439
1390,562,cat_0,562
1391,581,cat_1,581
1392,553,cat_2,553
1393,213,cat_3,213
1394,154,cat_4,154
1395,143,cat_0,143
1396,382,cat_1,382
1397,374,cat_2,374
1398,776,cat_3,776
1399,720,cat_4,720
1400,965,cat_0,965
1401,688,cat_1,688
1402,104,cat_2,104
1403,293,cat_3,293
1404,504,cat_4,504
1405,430,cat_0,430
1406,525,cat_1,525
1407,266,cat_2,266
1408,23,cat_3,23
1409,915,cat_4,915
1410,113,cat_0,113
1411,965,cat_1,965
1412,753,cat_2,753
1413,342,cat_3,342
1414,251,cat_4,251
1415,436,cat_0,436
1416,742,cat_1,742
1417,303,cat_2,303
1418,25,cat_3,25
1419,587,cat_4,587
1420,176,cat_0,176
1421,591,cat_1,591
1422,983,cat_2,983
1423,807,cat_3,807
1424,761,cat_4,761
1425,119,cat_0,119
1426,162,cat_1,162
1427,529,cat_2,529
1428,104,cat_3,104
1429,482,cat_4,482
1430,695,cat_0,695
1431,123,cat_1,123
1432,773,cat_2,773
1433,702,cat_3,702
1434,148,cat_4,148
1435,297,cat_0,297
1436,175,cat_1,175
1437,575,cat_2,575
1438,260,cat_3,260
1439,172,cat_4,172
1440,396,cat_0,396
1441,573,cat_1,573
1442,64,cat_2,64
1443,808,cat_3,808
1444,437,cat_4,437
1445,21,cat_0,21
1446,920,cat_1,920
1447,801,cat_2,801
1448,851,cat_3,851
1449,539,cat_4,539
1450,266,cat_0,266
1451,975,cat_1,975
1452,915,cat_2,915
1453,133,cat_3,133
1454,694,cat_4,694
1455,41,cat_0,41
1456,683,cat_1,683
1457,525,cat_2,525
1458,433,cat_3,433
1459,816,cat_4,816
1460,744,cat_0,744
1461,165,cat_1,165
1462,177,cat_2,177
1463,598,cat_3,598
1464,247,cat_4,247
1465,689,cat_0,689
1466,952,cat_1,952
1467,430,cat_2,430
1468,120,cat_3,120
1469,961,cat_4,961
1470,890,cat_0,890
1471,58,cat_1,58
1472,465,cat_2,465
1473,526,cat_3,526
1474,405,cat_4,405
1475,583,cat_0,583
1476,863,cat_1,863
1477,421,cat_2,421
1478,769,cat_3,769
1479,858,cat_4,858
1480,985,cat_0,985
1481,806,cat_1,806
1482,555,cat_2,555
1483,506,cat_3,506
1484,192,cat_4,192
1485,553,cat_0,553
1486,929,cat_1,929
1487,837,cat_2,837
1488,224,cat_3,224
1489,79,cat_4,79
1490,571,cat_0,571
1491,622,cat_1,622
1492,908,cat_2,908
1493,380,cat_3,380
1494,539,cat_4,539
1495,648,cat_0,648
1496,312,cat_1,312
1497,625,cat_2,625
1498,777,cat_3,777
1499,30,cat_4,30
1500,238,cat_0,238
1501,282,cat_1,282
1502,461,cat_2,461
1503,615,cat_3,615
1504,383,cat_4,383
1505,657,cat_0,657
1506,447,cat_1,447
1507,80,cat_2,80
1508,348,cat_3,348
1509,307,cat_4,307
1510,834,cat_0,834
1511,881,cat_1,881
1512,477,cat_2,477
1513,227,cat_3,227
1514,15,cat_4,15
1515,837,cat_0,837
1516,402,cat_1,402
1517,144,cat_2,144
1518,142,cat_3,142
1519,19,cat_4,19
1520,367,cat_0,367
1521,225,cat_1,225
1522,134,cat_2,134
1523,331,cat_3,331
1524,67,cat_4,67
1525,634,cat_0,634
1526,891,cat_1,891
1527,811,cat_2,811
1528,236,cat_3,236
1529,263,cat_4,263
1530,651,cat_0,651
1531,391,cat_1,391
1532,529,cat_2,529
1533,243,cat_3,243
1534,830,cat_4,830
1535,665,cat_0,665
1536,849,cat_1,849
1537,722,cat_2,722
1538,659,cat_3,659
1539,706,cat_4,706
1540,109,cat_0,109
1541,900,cat_1,900
1542,887,cat_2,887
1543,96,cat_3,96
1544,816,cat_4,816
1545,62,cat_0,62
1546,521,cat_1,521
1547,966,cat_2,966
1548,824,cat_3,824
1549,695,cat_4,695
1550,613,cat_0,613
1551,732,cat_1,732
1552,755,cat_2,755
1553,781,cat_3,781
1554,12,cat_4,12
1555,241,cat_0,241
1556,234,cat_1,234
1557,65,cat_2,65
1558,488,cat_3,488
1559,165,cat_4,165
1560,603,cat_0,603
1561,398,cat_1,398
1562,487,cat_2,487
1563,904,cat_3,904
1564,518,cat_4,518
1565,62,cat_0,62
1566,906,cat_1,906
1567,552,cat_2,552
1568,544,cat_3,544
1569,651,cat_4,651
1570,518,cat_0,518
1571,734,cat_1,734
1572,553,cat_2,553
1573,532,cat_3,532
1574,305,cat_4,305
1575,551,cat_0,551
1576,660,cat_1,660
1577,198,cat_2,198
1578,534,cat_3,534
1579,52,cat_4,52
1580,722,cat_0,722
1581,264,cat_1,264
1582,486,cat_2,486
1583,694,cat_3,694
1584,73,cat_4,73
1585,556,cat_0,556
1586,651,cat_1,651
1587,539,cat_2,539
1588,926,cat_3,926
1589,266,cat_4,266
1590,996,cat_0,996
1591,974,cat_1,974
1592,895,cat_2,895
1593,623,cat_3,623
1594,380,cat_4,380
1595,938,cat_0,938
1596,105,cat_1,105
1597,349,cat_2,349
1598,439,cat_3,439
1599,220,cat_4,220
1600,25,cat_0,25
1601,746,cat_1,746
1602,362,cat_2,362
1603,2,cat_3,2
1604,616,cat_4,616
1605,969,cat_0,969
1606,331,cat_1,331
1607,134,cat_2,134
1608,74,cat_3,74
1609,999,cat_4,999
1610,324,cat_0,324
1611,325,cat_1,325
1612,652,cat_2,652
1613,770,cat_3,770
1614,535,cat_4,535
1615,310,cat_0,310
1616,544,cat_1,544
1617,251,cat_2,251
1618,316,cat_3,316
1619,660,cat_4,660
1620,921,cat_0,921
1621,68,cat_1,68
1622,104,cat_2,104
1623,305,cat_3,305
1624,350,cat_4,350
1625,811,cat_0,811
1626,968,cat_1,968
1627,589,cat_2,589
1628,931,cat_3,931
1629,408,cat_4,408
1630,759,cat_0,759
1631,221,cat_1,221
1632,313,cat_2,313
1633,887,cat_3,887
1634,326,cat_4,326
1635,14,cat_0,14
1636,277,cat_1,277
1637,412,cat_2,412
1638,117,cat_3,117
1639,299,cat_4,299
1640,590,cat_0,590
1641,699,cat_1,699
1642,392,cat_2,392
1643,133,cat_3,133
1644,238,cat_4,238
1645,797,cat_0,797
1646,606,cat_1,606
1647,232,cat_2,232
1648,266,cat_3,266
1649,41,cat_4,41
1650,755,cat_0,755
1651,97,cat_1,97
1652,942,cat_2,942
1653,163,cat_3,163
1654,334,cat_4,334
1655,623,cat_0,623
1656,57,cat_1,57
1657,969,cat_2,969
1658,941,cat_3,941
1659,535,cat_4,535
1660,453,cat_0,453
1661,926,cat_1,926
1662,610,cat_2,610
1663,584,cat_3,584
1664,50,cat_4,50
1665,569,cat_0,569
1666,196,cat_1,196
1667,507,cat_2,507
1668,866,cat_3,866
1669,920,cat_4,920
1670,918,cat_0,918
1671,556,cat_1,556
1672,11,cat_2,11
1673,375,cat_3,375
1674,546,cat_4,546
1675,975,cat_0,975
1676,653,cat_1,653
1677,627,cat_2,627
1678,232,cat_3,232
1679,900,cat_4,900
1680,605,cat_0,605
1681,210,cat_1,210
1682,962,cat_2,962
1683,473,cat_3,473
1684,6,cat_4,6
1685,787,cat_0,787
1686,694,cat_1,694
1687,820,cat_2,820
1688,832,cat_3,832
1689,571,cat_4,571
1690,120,cat_0,120
1691,292,cat_1,292
1692,646,cat_2,646
1693,737,cat_3,737
1694,579,cat_4,579
1695,914,cat_0,914
1696,311,cat_1,311
1697,36,cat_2,36
1698,994,cat_3,994
1699,567,cat_4,567
1700,766,cat_0,766
1701,446,cat_1,446
1702,582,cat_2,582
1703,908,cat_3,908
1704,118,cat_4,118
1705,826,cat_0,826
1706,150,cat_1,150
1707,579,cat_2,579
1708,195,cat_3,195
1709,357,cat_4,357
1710,678,cat_0,678
1711,448,cat_1,448
1712,122,cat_2,122
1713,186,cat_3,186
1714,331,cat_4,331
1715,130,cat_0,130
1716,538,cat_1,538
1717,103,cat_2,103
1718,400,cat_3,400
1719,939,cat_4,939
1720,805,cat_0,805
1721,113,cat_1,113
1722,51,cat_2,51
1723,55,cat_3,55
1724,672,cat_4,672
1725,758,cat_0,758
1726,612,cat_1,612
1727,407,cat_2,407
1728,894,cat_3,894
1729,535,cat_4,535
1730,185,cat_0,185
1731,787,cat_1,787
1732,767,cat_2,767
1733,311,cat_3,311
1734,673,cat_4,673
1735,511,cat_0,511
1736,183,cat_1,183
1737,973,cat_2,973
1738,113,cat_3,113
1739,760,cat_4,760
1740,559,cat_0,559
1741,668,cat_1,668
1742,256,cat_2,256
1743,577,cat_3,577
1744,542,cat_4,542
1745,832,cat_0,832
1746,464,cat_1,464
1747,815,cat_2,815
1748,988,cat_3,988
1749,184,cat_4,184
1750,166,cat_0,166
1751,171,cat_1,171
1752,278,cat_2,278
1753,671,cat_3,671
1754,812,cat_4,812
1755,118,cat_0,118
1756,850,cat_1,850
1757,917,cat_2,917
1758,87,cat_3,87
1759,830,cat_4,830
1760,553,cat_0,553
1761,10,cat_1,10
1762,988,cat_2,988
1763,886,cat_3,886
1764,572,cat_4,572
1765,971,cat_0,971
1766,151,cat_1,151
1767,986,cat_2,986
1768,725,cat_3,725
1769,347,cat_4,347
1770,264,cat_0,264
1771,141,cat_1,141
1772,660,cat_2,660
1773,564,cat_3,564
1774,987,cat_4,987
1775,959,cat_0,959
1776,664,cat_1,664
1777,674,cat_2,674
1778,249,cat_3,249
1779,580,cat_4,580
1780,532,cat_0,532
1781,777,cat_1,777
1782,255,cat_2,255
1783,904,cat_3,904
1784,344,cat_4,344
1785,761,cat_0,761
1786,767,cat_1,767
1787,358,cat_2,358
1788,388,cat_3,388
1789,231,cat_4,231
1790,431,cat_0,431
1791,80,cat_1,80
1792,990,cat_2,990
1793,618,cat_3,618
1794,429,cat_4,429
1795,821,cat_0,821
1796,90,cat_1,90
1797,911,cat_2,911
1798,620,cat_3,620
1799,478,cat_4,478
1800,625,cat_0,625
1801,532,cat_1,532
1802,997,cat_2,997
1803,968,cat_3,968
1804,430,cat_4,430
1805,318,cat_0,318
1806,883,cat_1,883
1807,122,cat_2,122
1808,634,cat_3,634
1809,753,cat_4,753
1810,349,cat_0,349
1811,424,cat_1,424
1812,939,cat_2,939
1813,701,cat_3,701
1814,372,cat_4,372
1815,928,cat_0,928
1816,406,cat_1,406
1817,674,cat_2,674
1818,233,cat_3,233
1819,772,cat_4,772
1820,687,cat_0,687
1821,755,cat_1,755
1822,109,cat_2,109
1823,566,cat_3,566
1824,753,cat_4,753
1825,168,cat_0,168
1826,590,cat_1,590
1827,195,cat_2,195
1828,199,cat_3,199
1829,874,cat_4,874
1830,266,cat_0,266
1831,77,cat_1,77
1832,22,cat_2,22
1833,761,cat_3,761
1834,660,cat_4,660
1835,705,cat_0,705
1836,595,cat_1,595
1837,820,cat_2,820
1838,377,cat_3,377
1839,977,cat_4,977
1840,289,cat_0,289
1841,802,cat_1,802
1842,306,cat_2,306
1843,923,cat_3,923
1844,499,cat_4,499
1845,263,cat_0,263
1846,552,cat_1,552
1847,638,cat_2,638
1848,67,cat_3,67
1849,302,cat_4,302
1850,94,cat_0,94
1851,705,cat_1,705
1852,131,cat_2,131
1853,888,cat_3,888
1854,510,cat_4,510
1855,734,cat_0,734
1856,887,cat_1,887
1857,893,cat_2,893
1858,272,cat_3,272
1859,756,cat_4,756
1860,802,cat_0,802
1861,132,cat_1,132
1862,777,cat_2,777
1863,901,cat_3,901
1864,49,cat_4,49
1865,293,cat_0,293
1866,773,cat_1,773
1867,995,cat_2,995
1868,572,cat_3,572
1869,9,cat_4,9
1870,318,cat_0,318
1871,710,cat_1,710
1872,51,cat_2,51
1873,672,cat_3,672
1874,958,cat_4,958
1875,116,cat_0,116
1876,250,cat_1,250
1877,907,cat_2,907
1878,579,cat_3,579
1879,440,cat_4,440
1880,337,cat_0,337
1881,693,cat_1,693
1882,904,cat_2,904
1883,246,cat_3,246
1884,898,cat_4,898
1885,821,cat_0,821
1886,444,cat_1,444
1887,679,cat_2,679
1888,398,cat_3,398
1889,531,cat_4,531
1890,500,cat_0,500
1891,127,cat_1,127
1892,247,cat_2,247
1893,570,cat_3,570
1894,828,cat_4,828
1895,988,cat_0,988
1896,825,cat_1,825
1897,433,cat_2,433
1898,482,cat_3,482
1899,465,cat_4,465
1900,374,cat_0,374
1901,937,cat_1,937
1902,195,cat_2,195
1903,203,cat_3,203
1904,447,cat_4,447
1905,342,cat_0,342
1906,136,cat_1,136
1907,284,cat_2,284
1908,795,cat_3,795
1909,310,cat_4,310
1910,655,cat_0,655
1911,288,cat_1,288
1912,403,cat_2,403
1913,995,cat_3,995
1914,92,cat_4,92
1915,581,cat_0,581
1916,93,cat_1,93
1917,996,cat_2,996
1918,687,cat_3,687
1919,696,cat_4,696
1920,933,cat_0,933
1921,519,cat_1,519
1922,262,cat_2,262
1923,158,cat_3,158
1924,211,cat_4,211
1925,429,cat_0,429
1926,50,cat_1,50
1927,144,cat_2,144
1928,55,cat_3,55
1929,909,cat_4,909
1930,626,cat_0,626
1931,582,cat_1,582
1932,843,cat_2,843
1933,780,cat_3,780
1934,192,cat_4,192
1935,482,cat_0,482
1936,524,cat_1,524
1937,590,cat_2,590
1938,604,cat_3,604
1939,979,cat_4,979
1940,249,cat_0,249
1941,469,cat_1,469
1942,305,cat_2,305
1943,323,cat_3,323
1944,273,cat_4,273
1945,338,cat_0,338
1946,909,cat_1,909
1947,143,cat_2,143
1948,444,cat_3,444
1949,668,cat_4,668
1950,105,cat_0,105
1951,756,cat_1,756
1952,879,cat_2,879
1953,214,cat_3,214
1954,684,cat_4,684
1955,369,cat_0,369
1956,458,cat_1,458
1957,698,cat_2,698
1958,424,cat_3,424
1959,952,cat_4,952
1960,813,cat_0,813
1961,713,cat_1,713
1962,241,cat_2,241
1963,813,cat_3,813
1964,763,cat_4,763
1965,558,cat_0,558
1966,770,cat_1,770
1967,688,cat_2,688
1968,389,cat_3,389
1969,948,cat_4,948
1970,852,cat_0,852
1971,454,cat_1,454
1972,38,cat_2,38
1973,946,cat_3,946
1974,994,cat_4,994
1975,488,cat_0,488
1976,278,cat_1,278
1977,597,cat_2,597
1978,474,cat_3,474
1979,596,cat_4,596
1980,94,cat_0,94
1981,110,cat_1,110
1982,184,cat_2,184
1983,393,cat_3,393
1984,652,cat_4,652
1985,862,cat_0,862
1986,542,cat_1,542
1987,624,cat_2,624
1988,158,cat_3,158
1989,2,cat_4,2
1990,530,cat_0,530
1991,489,cat_1,489
1992,213,cat_2,213
1993,172,cat_3,172
1994,667,cat_4,667
1995,838,cat_0,838
1996,258,cat_1,258
1997,705,cat_2,705
1998,522,cat_3,522
1999,432,cat_4,432
2000,408,cat_0,408
2001,282,cat_1,282
2002,508,cat_2,508
2003,186,cat_3,186
2004,684,cat_4,684
2005,503,cat_0,503
2006,215,cat_1,215
2007,587,cat_2,587
2008,184,cat_3,184
2009,364,cat_4,364
2010,553,cat_0,553
2011,100,cat_1,100
2012,67,cat_2,67
2013,728,cat_3,728
2014,192,cat_4,192
2015,52,cat_0,52
2016,597,cat_1,597
2017,407,cat_2,407
2018,997,cat_3,997
2019,144,cat_4,144
2020,73,cat_0,73
2021,587,cat_1,587
2022,765,cat_2,765
2023,944,cat_3,944
2024,52,cat_4,52
2025,444,cat_0,444
2026,933,cat_1,933
2027,821,cat_2,821
2028,904,cat_3,904
2029,522,cat_4,522
2030,391,cat_0,391
2031,47,cat_1,47
2032,33,cat_2,33
2033,193,cat_3,193
2034,375,cat_4,375
2035,86,cat_0,86
2036,753,cat_1,753
2037,970,cat_2,970
2038,829,cat_3,829
2039,13,cat_4,13
2040,79,cat_0,79
2041,30,cat_1,30
2042,625,cat_2,625
2043,602,cat_3,602
2044,23,cat_4,23
2045,714,cat_0,714
2046,671,cat_1,671
2047,333,cat_2,333
2048,616,cat_3,616
2049,565,cat_4,565
2050,466,cat_0,466
2051,102,cat_1,102
2052,775,cat_2,775
2053,359,cat_3,359
2054,448,cat_4,448
2055,700,cat_0,700
2056,178,cat_1,178
2057,316,cat_2,316
2058,210,cat_3,210
2059,299,cat_4,299
2060,198,cat_0,198
2061,926,cat_1,926
2062,376,cat_2,376
2063,431,cat_3,431
2064,354,cat_4,354
2065,691,cat_0,691
2066,269,cat_1,269
2067,609,cat_2,609
2068,450,cat_3,450
2069,225,cat_4,225
2070,47,cat_0,47
2071,600,cat_1,600
2072,292,cat_2,292
2073,515,cat_3,515
2074,475,cat_4,475
2075,620,cat_0,620
2076,863,cat_1,863
2077,122,cat_2,122
2078,826,cat_3,826
2079,119,cat_4,119
2080,96,cat_0,96
2081,203,cat_1,203
2082,96,cat_2,96
2083,787,cat_3,787
2084,192,cat_4,192
2085,387,cat_0,387
2086,690,cat_1,690
2087,888,cat_2,888
2088,410,cat_3,410
2089,576,cat_4,576
2090,385,cat_0,385
2091,961,cat_1,961
2092,456,cat_2,456
2093,75,cat_3,75
2094,212,cat_4,212
2095,635,cat_0,635
2096,380,cat_1,380
2097,913,cat_2,913
2098,359,cat_3,359
2099,42,cat_4,42
2100,949,cat_0,949
2101,444,cat_1,444
2102,102,cat_2,102
2103,783,cat_3,783
2104,481,cat_4,481
2105,801,cat_0,801
2106,408,cat_1,408
2107,386,cat_2,386
2108,236,cat_3,236
2109,137,cat_4,137
2110,732,cat_0,732
2111,307,cat_1,307
2112,858,cat_2,858
2113,31,cat_3,31
2114,695,cat_4,695
2115,129,cat_0,129
2116,834,cat_1,834
2117,865,cat_2,865
2118,449,cat_3,449
2119,61,cat_4,61
2120,678,cat_0,678
2121,400,cat_1,400
2122,252,cat_2,252
2123,319,cat_3,319
2124,401,cat_4,401
2125,488,cat_0,488
2126,127,cat_1,127
2127,636,cat_2,636
2128,953,cat_3,953
2129,278,cat_4,278
2130,876,cat_0,876
2131,696,cat_1,696
2132,193,cat_2,193
2133,78,cat_3,78
2134,573,cat_4,573
2135,474,cat_0,474
2136,895,cat_1,895
2137,957,cat_2,957
2138,714,cat_3,714
2139,601,cat_4,601
2140,375,cat_0,375
2141,865,cat_1,865
2142,870,cat_2,870
2143,103,cat_3,103
2144,775,cat_4,775
2145,855,cat_0,855
2146,820,cat_1,820
2147,625,cat_2,625
2148,314,cat_3,314
2149,975,cat_4,975
2150,178,cat_0,178
2151,899,cat_1,899
2152,14,cat_2,14
2153,863,cat_3,863
2154,407,cat_4,407
2155,396,cat_0,396
2156,579,cat_1,579
2157,957,cat_2,957
2158,176,cat_3,176
2159,616,cat_4,616
2160,501,cat_0,501
2161,525,cat_1,525
2162,777,cat_2,777
2163,717,cat_3,717
2164,370,cat_4,370
2165,825,cat_0,825
2166,971,cat_1,971
2167,48,cat_2,48
2168,272,cat_3,272
2169,908,cat_4,908
2170,626,cat_0,626
2171,572,cat_1,572
2172,292,cat_2,292
2173,774,cat_3,774
2174,918,cat_4,918
2175,644,cat_0,644
2176,337,cat_1,337
2177,891,cat_2,891
2178,265,cat_3,265
2179,73,cat_4,73
2180,735,cat_0,735
2181,311,cat_1,311
2182,411,cat_2,411
2183,49,cat_3,49
2184,795,cat_4,795
2185,814,cat_0,814
2186,155,cat_1,155
2187,173,cat_2,173
2188,618,cat_3,618
2189,595,cat_4,595
2190,223,cat_0,223
2191,111,cat_1,111
2192,669,cat_2,669
2193,780,cat_3,780
2194,898,cat_4,898
2195,963,cat_0,963
2196,157,cat_1,157
2197,783,cat_2,783
2198,830,cat_3,830
2199,194,cat_4,194
2200,531,cat_0,531
2201,123,cat_1,123
2202,809,cat_2,809
2203,316,cat_3,316
2204,389,cat_4,389
2205,772,cat_0,772
2206,687,cat_1,687
2207,594,cat_2,594
2208,429,cat_3,429
2209,572,cat_4,572
2210,796,cat_0,796
2211,899,cat_1,899
2212,67,cat_2,67
2213,596,cat_3,596
2214,684,cat_4,684
2215,690,cat_0,690
2216,109,cat_1,109
2217,781,cat_2,781
2218,96,cat_3,96
2219,211,cat_4,211
2220,532,cat_0,532
2221,176,cat_1,176
2222,631,cat_2,631
2223,755,cat_3,755
2224,366,cat_4,366
2225,553,cat_0,553
2226,656,cat_1,656
2227,443,cat_2,443
2228,334,cat_3,334
2229,625,cat_4,625
2230,228,cat_0,228
2231,751,cat_1,751
2232,478,cat_2,478
2233,442,cat_3,442
2234,78,cat_4,78
2235,506,cat_0,506
2236,761,cat_1,761
2237,457,cat_2,457
2238,964,cat_3,964
2239,323,cat_4,323
2240,745,cat_0,745
2241,864,cat_1,864
2242,26,cat_2,26
2243,681,cat_3,681
2244,535,cat_4,535
2245,583,cat_0,583
2246,416,cat_1,416
2247,424,cat_2,424
2248,861,cat_3,861
2249,924,cat_4,924
2250,298,cat_0,298
2251,257,cat_1,257
2252,692,cat_2,692
2253,530,cat_3,530
2254,589,cat_4,589
2255,652,cat_0,652
2256,148,cat_1,148
2257,183,cat_2,183
2258,45,cat_3,45
2259,21,cat_4,21
2260,813,cat_0,813
2261,533,cat_1,533
2262,618,cat_2,618
2263,394,cat_3,394
2264,294,cat_4,294
2265,939,cat_0,939
2266,570,cat_1,570
2267,154,cat_2,154
2268,872,cat_3,872
2269,289,cat_4,289
2270,594,cat_0,594
2271,490,cat_1,490
2272,278,cat_2,278
2273,260,cat_3,260
2274,133,cat_4,133
2275,135,cat_0,135
2276,918,cat_1,918
2277,888,cat_2,888
2278,321,cat_3,321
2279,575,cat_4,575
2280,656,cat_0,656
2281,882,cat_1,882
2282,513,cat_2,513
2283,437,cat_3,437
2284,114,cat_4,114
2285,786,cat_0,786
2286,144,cat_1,144
2287,834,cat_2,834
2288,285,cat_3,285
2289,808,cat_4,808
2290,248,cat_0,248
2291,908,cat_1,908
2292,779,cat_2,779
2293,863,cat_3,863
2294,732,cat_4,732
2295,357,cat_0,357
2296,612,cat_1,612
2297,104,cat_2,104
2298,553,cat_3,553
2299,877,cat_4,877
2300,78,cat_0,78
2301,643,cat_1,643
2302,32,cat_2,32
2303,703,cat_3,703
2304,27,cat_4,27
2305,992,cat_0,992
2306,133,cat_1,133
2307,780,cat_2,780
2308,891,cat_3,891
2309,50,cat_4,50
2310,934,cat_0,934
2311,856,cat_1,856
2312,990,cat_2,990
2313,449,cat_3,449
2314,596,cat_4,596
2315,843,cat_0,843
2316,603,cat_1,603
2317,362,cat_2,362
2318,814,cat_3,814
2319,325,cat_4,325
2320,726,cat_0,726
2321,846,cat_1,846
2322,735,cat_2,735
2323,267,cat_3,267
2324,914,cat_4,914
2325,467,cat_0,467
2326,795,cat_1,795
2327,214,cat_2,214
2328,772,cat_3,772
2329,367,cat_4,367
2330,173,cat_0,173
2331,810,cat_1,810
2332,409,cat_2,409
2333,27,cat_3,27
2334,486,cat_4,486
2335,719,cat_0,719
2336,722,cat_1,722
2337,418,cat_2,418
2338,4,cat_3,4
2339,589,cat_4,589
2340,925,cat_0,925
2341,29,cat_1,29
2342,886,cat_2,886
2343,388,cat_3,388
2344,950,cat_4,950
2345,107,cat_0,107
2346,7,cat_1,7
2347,730,cat_2,730
2348,191,cat_3,191
2349,626,cat_4,626
2350,722,cat_0,722
2351,915,cat_1,915
2352,471,cat_2,471
2353,670,cat_3,670
2354,618,cat_4,618
2355,653,cat_0,653
2356,661,cat_1,661
2357,286,cat_2,286
2358,596,cat_3,596
2359,577,cat_4,577
2360,75,cat_0,75
2361,99,cat_1,99
2362,878,cat_2,878
2363,505,cat_3,505
2364,744,cat_4,744
2365,433,cat_0,433
2366,798,cat_1,798
2367,990,cat_2,990
2368,895,cat_3,895
2369,605,cat_4,605
2370,597,cat_0,597
2371,208,cat_1,208
2372,177,cat_2,177
2373,134,cat_3,134
2374,67,cat_4,67
2375,408,cat_0,408
2376,417,cat_1,417
2377,865,cat_2,865
2378,335,cat_3,335
2379,122,cat_4,122
2380,681,cat_0,681
2381,651,cat_1,651
2382,820,cat_2,820
2383,744,cat_3,744
2384,941,cat_4,941
2385,252,cat_0,252
2386,928,cat_1,928
2387,473,cat_2,473
2388,99,cat_3,99
2389,248,cat_4,248
2390,979,cat_0,979
2391,913,cat_1,913
2392,965,cat_2,965
2393,813,cat_3,813
2394,134,cat_4,134
2395,829,cat_0,829
2396,95,cat_1,95
2397,762,cat_2,762
2398,611,cat_3,611
2399,432,cat_4,432
2400,523,cat_0,523
2401,693,cat_1,693
2402,678,cat_2,678
2403,141,cat_3,141
2404,737,cat_4,737
2405,761,cat_0,761
2406,877,cat_1,877
2407,188,cat_2,188
2408,659,cat_3,659
2409,582,cat_4,582
2410,420,cat_0,420
2411,546,cat_1,546
2412,272,cat_2,272
2413,35,cat_3,35
2414,777,cat_4,777
2415,489,cat_0,489
2416,811,cat_1,811
2417,44,cat_2,44
2418,719,cat_3,719
2419,65,cat_4,65
2420,358,cat_0,358
2421,161,cat_1,161
2422,848,cat_2,848
2423,355,cat_3,355
2424,884,cat_4,884
2425,624,cat_0,624
2426,129,cat_1,129
2427,301,cat_2,301
2428,761,cat_3,761
2429,977,cat_4,977
2430,138,cat_0,138
2431,320,cat_1,320
2432,959,cat_2,959
2433,24,cat_3,24
2434,838,cat_4,838
2435,152,cat_0,152
2436,964,cat_1,964
2437,406,cat_2,406
2438,760,cat_3,760
2439,222,cat_4,222
2440,1000,cat_0,1000
2441,713,cat_1,713
2442,592,cat_2,592
2443,478,cat_3,478
2444,964,cat_4,964
2445,54,cat_0,54
2446,702,cat_1,702
2447,158,cat_2,158
2448,150,cat_3,150
2449,716,cat_4,716
2450,71,cat_0,71
2451,924,cat_1,924
2452,221,cat_2,221
2453,449,cat_3,449
2454,146,cat_4,146
2455,663,cat_0,663
2456,932,cat_1,932
2457,513,cat_2,513
2458,408,cat_3,408
2459,412,cat_4,412
2460,237,cat_0,237
2461,420,cat_1,420
2462,821,cat_2,821
2463,750,cat_3,750
2464,315,cat_4,315
2465,676,cat_0,676
2466,268,cat_1,268
2467,741,cat_2,741
2468,233,cat_3,233
2469,904,cat_4,904
2470,806,cat_0,806
2471,861,cat_1,861
2472,822,cat_2,822
2473,344,cat_3,344
2474,243,cat_4,243
2475,864,cat_0,864
2476,71,cat_1,71
2477,756,cat_2,756
2478,154,cat_3,154
2479,248,cat_4,248
2480,725,cat_0,725
2481,318,cat_1,318
2482,735,cat_2,735
2483,27,cat_3,27
2484,575,cat_4,575
2485,757,cat_0,757
2486,353,cat_1,353
2487,394,cat_2,394
2488,968,cat_3,968
2489,544,cat_4,544
2490,162,cat_0,162
2491,822,cat_1,822
2492,171,cat_2,171
2493,587,cat_3,587
2494,106,cat_4,106
2495,652,cat_0,652
2496,892,cat_1,892
2497,45,cat_2,45
2498,120,cat_3,120
2499,513,cat_4,513
2500,419,cat_0,419
2501,33,cat_1,33
2502,145,cat_2,145
2503,996,cat_3,996
2504,342,cat_4,342
2505,390,cat_0,390
2506,956,cat_1,956
2507,789,cat_2,789
2508,534,cat_3,534
2509,648,cat_4,648
2510,423,cat_0,423
2511,951,cat_1,951
2512,231,cat_2,231
2513,51,cat_3,51
2514,967,cat_4,967
2515,545,cat_0,545
2516,473,cat_1,473
2517,350,cat_2,350
2518,564,cat_3,564
2519,754,cat_4,754
2520,243,cat_0,243
2521,458,cat_1,458
2522,665,cat_2,665
2523,15,cat_3,15
2524,247,cat_4,247
2525,949,cat_0,949
2526,575,cat_1,575
2527,488,cat_2,488
2528,953,cat_3,953
2529,653,cat_4,653
2530,251,cat_0,251
2531,294,cat_1,294
2532,974,cat_2,974
2533,926,cat_3,926
2534,678,cat_4,678
2535,39,cat_0,39
2536,33,cat_1,33
2537,264,cat_2,264
2538,730,cat_3,730
2539,572,cat_4,572
2540,955,cat_0,955
2541,376,cat_1,376
2542,304,cat_2,304
2543,756,cat_3,756
2544,165,cat_4,165
2545,631,cat_0,631
2546,229,cat_1,229
2547,689,cat_2,689
2548,414,cat_3,414
2549,778,cat_4,778
2550,236,cat_0,236
2551,985,cat_1,985
2552,464,cat_2,464
2553,499,cat_3,499
2554,515,cat_4,515
2555,318,cat_0,318
2556,343,cat_1,343
2557,649,cat_2,649
2558,643,cat_3,643
2559,427,cat_4,427
2560,836,cat_0,836
2561,235,cat_1,235
2562,148,cat_2,148
2563,159,cat_3,159
2564,147,cat_4,147
2565,48,cat_0,48
2566,805,cat_1,805
2567,153,cat_2,153
2568,727,cat_3,727
2569,412,cat_4,412
2570,349,cat_0,349
2571,196,cat_1,196
2572,396,cat_2,396
2573,791,cat_3,791
2574,46,cat_4,46
2575,894,cat_0,894
2576,302,cat_1,302
2577,703,cat_2,703
2578,485,cat_3,485
2579,684,cat_4,684
2580,934,cat_0,934
2581,596,cat_1,596
2582,278,cat_2,278
2583,620,cat_3,620
2584,205,cat_4,205
2585,91,cat_0,91
2586,454,cat_1,454
2587,455,cat_2,455
2588,458,cat_3,458
2589,645,cat_4,645
2590,828,cat_0,828
2591,509,cat_1,509
2592,265,cat_2,265
2593,333,cat_3,333
2594,238,cat_4,238
2595,379,cat_0,379
2596,522,cat_1,522
2597,521,cat_2,521
2598,692,cat_3,692
2599,134,cat_4,134
2600,198,cat_0,198
2601,357,cat_1,357
2602,402,cat_2,402
2603,274,cat_3,274
2604,418,cat_4,418
2605,553,cat_0,553
2606,484,cat_1,484
2607,47,cat_2,47
2608,614,cat_3,614
2609,886,cat_4,886
2610,5,cat_0,5
2611,567,cat_1,567
2612,172,cat_2,172
2613,44,cat_3,44
2614,745,cat_4,745
2615,680,cat_0,680
2616,365,cat_1,365
2617,714,cat_2,714
2618,348,cat_3,348
2619,62,cat_4,62
2620,457,cat_0,457
2621,303,cat_1,303
2622,648,cat_2,648
2623,239,cat_3,239
2624,744,cat_4,744
2625,1000,cat_0,1000
2626,172,cat_1,172
2627,220,cat_2,220
2628,136,cat_3,136
2629,143,cat_4,143
2630,58,cat_0,58
2631,355,cat_1,355
2632,294,cat_2,294
2633,445,cat_3,445
2634,568,cat_4,568
2635,171,cat_0,171
2636,494,cat_1,494
2637,587,cat_2,587
2638,705,cat_3,705
2639,754,cat_4,754
2640,685,cat_0,685
2641,229,cat_1,229
2642,454,cat_2,454
2643,7,cat_3,7
2644,289,cat_4,289
2645,531,cat_0,531
2646,69,cat_1,69
2647,920,cat_2,920
2648,535,cat_3,535
2649,939,cat_4,939
2650,687,cat_0,687
2651,229,cat_1,229
2652,785,cat_2,785
2653,475,cat_3,475
2654,636,cat_4,636
2655,30,cat_0,30
2656,597,cat_1,597
2657,149,cat_2,149
2658,175,cat_3,175
2659,773,cat_4,773
2660,12,cat_0,12
2661,311,cat_1,311
2662,28,cat_2,28
2663,942,cat_3,942
2664,581,cat_4,581
2665,657,cat_0,657
2666,509,cat_1,509
2667,130,cat_2,130
2668,529,cat_3,529
2669,31,cat_4,31
2670,565,cat_0,565
2671,120,cat_1,120
2672,688,cat_2,688
2673,374,cat_3,374
2674,421,cat_4,421
2675,540,cat_0,540
2676,312,cat_1,312
2677,922,cat_2,922
2678,109,cat_3,109
2679,468,cat_4,468
2680,49,cat_0,49
2681,40,cat_1,40
2682,641,cat_2,641
2683,305,cat_3,305
2684,27,cat_4,27
2685,751,cat_0,751
2686,507,cat_1,507
2687,956,cat_2,956
2688,676,cat_3,676
2689,226,cat_4,226
2690,97,cat_0,97
2691,616,cat_1,616
2692,355,cat_2,355
2693,698,cat_3,698
2694,247,cat_4,247
2695,953,cat_0,953
2696,449,cat_1,449
2697,573,cat_2,573
2698,765,cat_3,765
2699,493,cat_4,493
2700,517,cat_0,517
2701,123,cat_1,123
2702,439,cat_2,439
2703,335,cat_3,335
2704,176,cat_4,176
2705,256,cat_0,256
2706,349,cat_1,349
2707,68,cat_2,68
2708,868,cat_3,868
2709,435,cat_4,435
2710,402,cat_0,402
2711,477,cat_1,477
2712,421,cat_2,421
2713,476,cat_3,476
2714,26,cat_4,26
2715,570,cat_0,570
2716,210,cat_1,210
2717,286,cat_2,286
2718,934,cat_3,934
2719,959,cat_4,959
2720,880,cat_0,880
2721,853,cat_1,853
2722,536,cat_2,536
2723,297,cat_3,297
2724,369,cat_4,369
2725,410,cat_0,410
2726,333,cat_1,333
2727,515,cat_2,515
2728,268,cat_3,268
2729,266,cat_4,266
2730,470,cat_0,470
2731,511,cat_1,511
2732,846,cat_2,846
2733,208,cat_3,208
2734,667,cat_4,667
2735,662,cat_0,662
2736,561,cat_1,561
2737,145,cat_2,145
2738,262,cat_3,262
2739,726,cat_4,726
2740,374,cat_0,374
2741,968,cat_1,968
2742,283,cat_2,283
2743,224,cat_3,224
2744,313,cat_4,313
2745,407,cat_0,407
2746,384,cat_1,384
2747,704,cat_2,704
2748,688,cat_3,688
2749,40,cat_4,40
2750,482,cat_0,482
2751,780,cat_1,780
2752,761,cat_2,761
2753,47,cat_3,47
2754,434,cat_4,434
2755,221,cat_0,221
2756,614,cat_1,614
2757,824,cat_2,824
2758,250,cat_3,250
2759,755,cat_4,755
2760,685,cat_0,685
2761,468,cat_1,468
2762,743,cat_2,743
2763,9,cat_3,9
2764,466,cat_4,466
2765,976,cat_0,976
2766,171,cat_1,171
2767,337,cat_2,337
2768,806,cat_3,806
2769,644,cat_4,644
2770,8,cat_0,8
2771,369,cat_1,369
2772,736,cat_2,736
2773,281,cat_3,281
2774,230,cat_4,230
2775,819,cat_0,819
2776,136,cat_1,136
2777,49,cat_2,49
2778,823,cat_3,823
2779,34,cat_4,34
2780,314,cat_0,314
2781,542,cat_1,542
2782,866,cat_2,866
2783,307,cat_3,307
2784,368,cat_4,368
2785,769,cat_0,769
2786,615,cat_1,615
2787,487,cat_2,487
2788,81,cat_3,81
2789,515,cat_4,515
2790,1000,cat_0,1000
2791,912,cat_1,912
2792,755,cat_2,755
2793,149,cat_3,149
2794,884,cat_4,884
2795,973,cat_0,973
2796,143,cat_1,143
2797,634,cat_2,634
2798,245,cat_3,245
2799,914,cat_4,914
2800,325,cat_0,325
2801,698,cat_1,698
2802,690,cat_2,690
2803,838,cat_3,838
2804,314,cat_4,314
2805,387,cat_0,387
2806,628,cat_1,628
2807,290,cat_2,290
2808,178,cat_3,178
2809,508,cat_4,508
2810,45,cat_0,45
2811,710,cat_1,710
2812,612,cat_2,612
2813,323,cat_3,323
2814,988,cat_4,988
2815,290,cat_0,290
2816,252,cat_1,252
2817,864,cat_2,864
2818,514,cat_3,514
2819,857,cat_4,857
2820,275,cat_0,275
2821,29,cat_1,29
2822,859,cat_2,859
2823,650,cat_3,650
2824,119,cat_4,119
2825,163,cat_0,163
2826,302,cat_1,302
2827,658,cat_2,658
2828,892,cat_3,892
2829,17,cat_4,17
2830,882,cat_0,882
2831,246,cat_1,246
2832,218,cat_2,218
2833,466,cat_3,466
2834,751,cat_4,751
2835,956,cat_0,956
2836,187,cat_1,187
2837,917,cat_2,917
2838,244,cat_3,244
2839,993,cat_4,993
2840,410,cat_0,410
2841,42,cat_1,42
2842,416,cat_2,416
2843,598,cat_3,598
2844,960,cat_4,960
2845,567,cat_0,567
2846,396,cat_1,396
2847,815,cat_2,815
2848,756,cat_3,756
2849,701,cat_4,701
2850,381,cat_0,381
2851,421,cat_1,421
2852,632,cat_2,632
2853,3,cat_3,3
2854,474,cat_4,474
2855,491,cat_0,491
2856,414,cat_1,414
2857,801,cat_2,801
2858,206,cat_3,206
2859,268,cat_4,268
2860,438,cat_0,438
2861,919,cat_1,919
2862,88,cat_2,88
2863,616,cat_3,616
2864,306,cat_4,306
2865,222,cat_0,222
2866,365,cat_1,365
2867,250,cat_2,250
2868,375,cat_3,375
2869,630,cat_4,630
2870,294,cat_0,294
2871,63,cat_1,63
2872,816,cat_2,816
2873,890,cat_3,890
2874,543,cat_4,543
2875,433,cat_0,433
2876,358,cat_1,358
2877,952,cat_2,952
2878,696,cat_3,696
2879,153,cat_4,153
2880,711,cat_0,711
2881,767,cat_1,767
2882,471,cat_2,471
2883,48,cat_3,48
2884,657,cat_4,657
2885,366,cat_0,366
2886,326,cat_1,326
2887,489,cat_2,489
2888,293,cat_3,293
2889,854,cat_4,854
2890,924,cat_0,924
2891,390,cat_1,390
2892,779,cat_2,779
2893,228,cat_3,228
2894,455,cat_4,455
2895,67,cat_0,67
2896,949,cat_1,949
2897,245,cat_2,245
2898,145,cat_3,145
2899,449,cat_4,449
2900,204,cat_0,204
2901,36,cat_1,36
2902,936,cat_2,936
2903,470,cat_3,470
2904,321,cat_4,321
2905,255,cat_0,255
2906,383,cat_1,383
2907,902,cat_2,902
2908,726,cat_3,726
2909,680,cat_4,680
2910,408,cat_0,408
2911,608,cat_1,608
2912,232,cat_2,232
2913,841,cat_3,841
2914,325,cat_4,325
2915,522,cat_0,522
2916,294,cat_1,294
2917,937,cat_2,937
2918,513,cat_3,513
2919,55,cat_4,55
2920,443,cat_0,443
2921,739,cat_1,739
2922,171,cat_2,171
2923,157,cat_3,157
2924,379,cat_4,379
2925,485,cat_0,485
2926,184,cat_1,184
2927,68,cat_2,68
2928,463,cat_3,463
2929,929,cat_4,929
2930,313,cat_0,313
2931,908,cat_1,908
2932,940,cat_2,940
2933,610,cat_3,610
2934,258,cat_4,258
2935,56,cat_0,56
2936,681,cat_1,681
2937,442,cat_2,442
2938,362,cat_3,362
2939,704,cat_4,704
2940,875,cat_0,875
2941,515,cat_1,515
2942,556,cat_2,556
2943,907,cat_3,907
2944,364,cat_4,364
2945,862,cat_0,862
2946,947,cat_1,947
2947,651,cat_2,651
2948,866,cat_3,866
2949,853,cat_4,853
2950,965,cat_0,965
2951,250,cat_1,250
2952,399,cat_2,399
2953,266,cat_3,266
2954,239,cat_4,239
2955,370,cat_0,370
2956,701,cat_1,701
2957,795,cat_2,795
2958,400,cat_3,400
2959,237,cat_4,237
2960,643,cat_0,643
2961,105,cat_1,105
2962,927,cat_2,927
2963,416,cat_3,416
2964,39,cat_4,39
2965,557,cat_0,557
2966,738,cat_1,738
2967,925,cat_2,925
2968,774,cat_3,774
2969,494,cat_4,494
2970,801,cat_0,801
2971,754,cat_1,754
2972,76,cat_2,76
2973,594,cat_3,594
2974,663,cat_4,663
2975,879,cat_0,879
2976,275,cat_1,275
2977,955,cat_2,955
2978,631,cat_3,631
2979,639,cat_4,639
2980,34,cat_0,34
2981,465,cat_1,465
2982,781,cat_2,781
2983,89,cat_3,89
2984,524,cat_4,524
2985,653,cat_0,653
2986,252,cat_1,252
2987,565,cat_2,565
2988,662,cat_3,662
2989,636,cat_4,636
2990,610,cat_0,610
2991,236,cat_1,236
2992,510,cat_2,510
2993,798,cat_3,798
2994,814,cat_4,814
2995,795,cat_0,795
2996,238,cat_1,238
2997,99,cat_2,99
2998,136,cat_3,136
2999,699,cat_4,699
3000,971,cat_0,971
3001,179,cat_1,179
3002,781,cat_2,781
3003,384,cat_3,384
3004,563,cat_4,563
3005,6,cat_0,6
3006,138,cat_1,138
3007,430,cat_2,430
3008,757,cat_3,757
3009,941,cat_4,941
3010,916,cat_0,916
3011,567,cat_1,567
3012,144,cat_2,144
3013,534,cat_3,534
3014,915,cat_4,915
3015,795,cat_0,795
3016,332,cat_1,332
3017,845,cat_2,845
3018,214,cat_3,214
3019,667,cat_4,667
3020,960,cat_0,960
3021,566,cat_1,566
3022,728,cat_2,728
3023,986,cat_3,986
3024,928,cat_4,928
3025,164,cat_0,164
3026,163,cat_1,163
3027,681,cat_2,681
3028,672,cat_3,672
3029,396,cat_4,396
3030,870,cat_0,870
3031,694,cat_1,694
3032,376,cat_2,376
3033,359,cat_3,359
3034,4,cat_4,4
3035,520,cat_0,520
3036,616,cat_1,616
3037,934,cat_2,934
3038,141,cat_3,141
3039,143,cat_4,143
3040,633,cat_0,633
3041,260,cat_1,260
3042,508,cat_2,508
3043,391,cat_3,391
3044,577,cat_4,577
3045,685,cat_0,685
3046,549,cat_1,549
3047,253,cat_2,253
3048,287,cat_3,287
3049,549,cat_4,549
3050,7,cat_0,7
3051,199,cat_1,199
3052,201,cat_2,201
3053,485,cat_3,485
3054,768,cat_4,768
3055,879,cat_0,879
3056,59,cat_1,59
3057,313,cat_2,313
3058,400,cat_3,400
3059,364,cat_4,364
3060,486,cat_0,486
3061,344,cat_1,344
3062,570,cat_2,570
3063,567,cat_3,567
3064,600,cat_4,600
3065,335,cat_0,335
3066,9,cat_1,9
3067,401,cat_2,401
3068,207,cat_3,207
3069,346,cat_4,346
3070,661,cat_0,661
3071,382,cat_1,382
3072,371,cat_2,371
3073,332,cat_3,332
3074,134,cat_4,134
3075,790,cat_0,790
3076,623,cat_1,623
3077,144,cat_2,144
3078,377,cat_3,377
3079,514,cat_4,514
3080,451,cat_0,451
3081,894,cat_1,894
3082,127,cat_2,127
3083,490,cat_3,490
3084,171,cat_4,171
3085,114,cat_0,114
3086,408,cat_1,408
3087,728,cat_2,728
3088,423,cat_3,423
3089,170,cat_4,170
3090,714,cat_0,714
3091,481,cat_1,481
3092,845,cat_2,845
3093,395,cat_3,395
3094,87,cat_4,87
3095,836,cat_0,836
3096,849,cat_1,849
3097,641,cat_2,641
3098,426,cat_3,426
3099,306,cat_4,306
3100,701,cat_0,701
3101,400,cat_1,400
3102,836,cat_2,836
3103,321,cat_3,321
3104,663,cat_4,663
3105,986,cat_0,986
3106,896,cat_1,896
3107,557,cat_2,557
3108,576,cat_3,576
3109,237,cat_4,237
3110,40,cat_0,40
3111,53,cat_1,53
3112,878,cat_2,878
3113,919,cat_3,919
3114,716,cat_4,716
3115,624,cat_0,624
3116,469,cat_1,469
3117,200,cat_2,200
3118,935,cat_3,935
3119,103,cat_4,103
3120,673,cat_0,673
3121,400,cat_1,400
3122,854,cat_2,854
3123,515,cat_3,515
3124,335,cat_4,335
3125,613,cat_0,613
3126,392,cat_1,392
3127,304,cat_2,304
3128,249,cat_3,249
3129,134,cat_4,134
3130,698,cat_0,698
3131,125,cat_1,125
3132,753,cat_2,753
3133,503,cat_3,503
3134,714,cat_4,714
3135,802,cat_0,802
3136,161,cat_1,161
3137,76,cat_2,76
3138,249,cat_3,249
3139,291,cat_4,291
3140,248,cat_0,248
3141,883,cat_1,883
3142,454,cat_2,454
3143,365,cat_3,365
3144,812,cat_4,812
3145,524,cat_0,524
3146,573,cat_1,573
3147,41,cat_2,41
3148,571,cat_3,571
3149,364,cat_4,364
3150,378,cat_0,378
3151,20,cat_1,20
3152,887,cat_2,887
3153,506,cat_3,506
3154,294,cat_4,294
3155,303,cat_0,303
3156,417,cat_1,417
3157,666,cat_2,666
3158,306,cat_3,306
3159,272,cat_4,272
3160,376,cat_0,376
3161,64,cat_1,64
3162,473,cat_2,473
3163,957,cat_3,957
3164,60,cat_4,60
3165,960,cat_0,960
3166,692,cat_1,692
3167,111,cat_2,111
3168,217,cat_3,217
3169,329,cat_4,329
3170,681,cat_0,681
3171,332,cat_1,332
3172,744,cat_2,744
3173,708,cat_3,708
3174,425,cat_4,425
3175,46,cat_0,46
3176,763,cat_1,763
3177,227,cat_2,227
3178,438,cat_3,438
3179,113,cat_4,113
3180,910,cat_0,910
3181,104,cat_1,104
3182,823,cat_2,823
3183,178,cat_3,178
3184,445,cat_4,445
3185,201,cat_0,201
3186,211,cat_1,211
3187,511,cat_2,511
3188,91,cat_3,91
3189,578,cat_4,578
3190,685,cat_0,685
3191,629,cat_1,629
3192,613,cat_2,613
3193,347,cat_3,347
3194,918,cat_4,918
3195,912,cat_0,912
3196,153,cat_1,153
3197,885,cat_2,885
3198,866,cat_3,866
3199,631,cat_4,631
3200,413,cat_0,413
3201,455,cat_1,455
3202,48,cat_2,48
3203,857,cat_3,857
3204,320,cat_4,320
3205,522,cat_0,522
3206,38,cat_1,38
3207,988,cat_2,988
3208,18,cat_3,18
3209,569,cat_4,569
3210,34,cat_0,34
3211,504,cat_1,504
3212,560,cat_2,560
3213,100,cat_3,100
3214,172,cat_4,172
3215,195,cat_0,195
3216,221,cat_1,221
3217,932,cat_2,932
3218,332,cat_3,332
3219,216,cat_4,216
3220,608,cat_0,608
3221,149,cat_1,149
3222,274,cat_2,274
3223,14,cat_3,14
3224,178,cat_4,178
3225,432,cat_0,432
3226,412,cat_1,412
3227,681,cat_2,681
3228,46,cat_3,46
3229,661,cat_4,661
3230,372,cat_0,372
3231,667,cat_1,667
3232,912,cat_2,912
3233,487,cat_3,487
3234,87,cat_4,87
3235,343,cat_0,343
3236,693,cat_1,693
3237,933,cat_2,933
3238,275,cat_3,275
3239,782,cat_4,782
3240,832,cat_0,832
3241,4,cat_1,4
3242,356,cat_2,356
3243,168,cat_3,168
3244,511,cat_4,511
3245,436,cat_0,436
3246,327,cat_1,327
3247,4,cat_2,4
3248,437,cat_3,437
3249,421,cat_4,421
3250,542,cat_0,542
3251,179,cat_1,179
3252,87,cat_2,87
3253,577,cat_3,577
3254,597,cat_4,597
3255,190,cat_0,190
3256,693,cat_1,693
3257,610,cat_2,610
3258,319,cat_3,319
3259,39,cat_4,39
3260,564,cat_0,564
3261,289,cat_1,289
3262,574,cat_2,574
3263,211,cat_3,211
3264,77,cat_4,77
3265,947,cat_0,947
3266,655,cat_1,655
3267,30,cat_2,30
3268,401,cat_3,401
3269,897,cat_4,897
3270,284,cat_0,284
3271,241,cat_1,241
3272,326,cat_2,326
3273,370,cat_3,370
3274,896,cat_4,896
3275,218,cat_0,218
3276,370,cat_1,370
3277,544,cat_2,544
3278,721,cat_3,721
3279,767,cat_4,767
3280,790,cat_0,790
3281,395,cat_1,395
3282,812,cat_2,812
3283,209,cat_3,209
3284,982,cat_4,982
3285,673,cat_0,673
3286,43,cat_1,43
3287,201,cat_2,201
3288,878,cat_3,878
3289,126,cat_4,126
3290,707,cat_0,707
3291,158,cat_1,158
3292,101,cat_2,101
3293,398,cat_3,398
3294,329,cat_4,329
3295,275,cat_0,275
3296,532,cat_1,532
3297,493,cat_2,493
3298,96,cat_3,96
3299,449,cat_4,449
3300,860,cat_0,860
3301,847,cat_1,847
3302,537,cat_2,537
3303,161,cat_3,161
3304,255,cat_4,255
3305,231,cat_0,231
3306,338,cat_1,338
3307,607,cat_2,607
3308,741,cat_3,741
3309,55,cat_4,55
3310,350,cat_0,350
3311,510,cat_1,510
3312,839,cat_2,839
3313,289,cat_3,289
3314,153,cat_4,153
3315,921,cat_0,921
3316,84,cat_1,84
3317,501,cat_2,501
3318,548,cat_3,548
3319,816,cat_4,816
3320,250,cat_0,250
3321,786,cat_1,786
3322,490,cat_2,490
3323,24,cat_3,24
3324,316,cat_4,316
3325,782,cat_0,782
3326,382,cat_1,382
3327,875,cat_2,875
3328,318,cat_3,318
3329,371,cat_4,371
3330,172,cat_0,172
3331,122,cat_1,122
3332,99,cat_2,99
3333,912,cat_3,912
3334,537,cat_4,537
3335,446,cat_0,446
3336,708,cat_1,708
3337,374,cat_2,374
3338,147,cat_3,147
3339,511,cat_4,511
3340,929,cat_0,929
3341,97,cat_1,97
3342,458,cat_2,458
3343,617,cat_3,617
3344,188,cat_4,188
3345,453,cat_0,453
3346,543,cat_1,543
3347,853,cat_2,853
3348,35,cat_3,35
3349,91,cat_4,91
3350,989,cat_0,989
3351,162,cat_1,162
3352,622,cat_2,622
3353,499,cat_3,499
3354,27,cat_4,27
3355,526,cat_0,526
3356,624,cat_1,624
3357,14,cat_2,14
3358,765,cat_3,765
3359,399,cat_4,399
3360,149,cat_0,149
3361,275,cat_1,275
3362,82,cat_2,82
3363,2,cat_3,2
3364,164,cat_4,164
3365,734,cat_0,734
3366,234,cat_1,234
3367,967,cat_2,967
3368,974,cat_3,974
3369,709,cat_4,709
3370,978,cat_0,978
3371,57,cat_1,57
3372,457,cat_2,457
3373,563,cat_3,563
3374,277,cat_4,277
3375,860,cat_0,860
3376,912,cat_1,912
3377,160,cat_2,160
3378,232,cat_3,232
3379,334,cat_4,334
3380,824,cat_0,824
3381,791,cat_1,791
3382,218,cat_2,218
3383,811,cat_3,811
3384,500,cat_4,500
3385,24,cat_0,24
3386,470,cat_1,470
3387,931,cat_2,931
3388,80,cat_3,80
3389,898,cat_4,898
3390,873,cat_0,873
3391,749,cat_1,749
3392,406,cat_2,406
3393,92,cat_3,92
3394,912,cat_4,912
3395,798,cat_0,798
3396,191,cat_1,191
3397,761,cat_2,761
3398,44,cat_3,44
3399,758,cat_4,758
3400,426,cat_0,426
3401,57,cat_1,57
3402,241,cat_2,241
3403,41,cat_3,41
3404,248,cat_4,248
3405,166,cat_0,166
3406,686,cat_1,686
3407,365,cat_2,365
3408,668,cat_3,668
3409,434,cat_4,434
3410,519,cat_0,519
3411,775,cat_1,775
3412,862,cat_2,862
3413,284,cat_3,284
3414,218,cat_4,218
3415,836,cat_0,836
3416,508,cat_1,508
3417,181,cat_2,181
3418,458,cat_3,458
3419,232,cat_4,232
3420,293,cat_0,293
3421,339,cat_1,339
3422,952,cat_2,952
3423,805,cat_3,805
3424,515,cat_4,515
3425,922,cat_0,922
3426,511,cat_1,511
3427,984,cat_2,984
3428,42,cat_3,42
3429,43,cat_4,43
3430,187,cat_0,187
3431,615,cat_1,615
3432,194,cat_2,194
3433,387,cat_3,387
3434,178,cat_4,178
3435,800,cat_0,800
3436,417,cat_1,417
3437,512,cat_2,512
3438,364,cat_3,364
3439,997,cat_4,997
3440,22,cat_0,22
3441,320,cat_1,320
3442,135,cat_2,135
3443,539,cat_3,539
3444,832,cat_4,832
3445,287,cat_0,287
3446,405,cat_1,405
3447,896,cat_2,896
3448,71,cat_3,71
3449,291,cat_4,291
3450,694,cat_0,694
3451,757,cat_1,757
3452,768,cat_2,768
3453,62,cat_3,62
3454,454,cat_4,454
3455,800,cat_0,800
3456,91,cat_1,91
3457,715,cat_2,715
3458,807,cat_3,807
3459,46,cat_4,46
3460,250,cat_0,250
3461,437,cat_1,437
3462,429,cat_2,429
3463,290,cat_3,290
3464,370,cat_4,370
3465,389,cat_0,389
3466,633,cat_1,633
3467,489,cat_2,489
3468,772,cat_3,772
3469,859,cat_4,859
3470,321,cat_0,321
3471,788,cat_1,788
3472,317,cat_2,317
3473,127,cat_3,127
3474,863,cat_4,863
3475,618,cat_0,618
3476,340,cat_1,340
3477,77,cat_2,77
3478,163,cat_3,163
3479,601,cat_4,601
3480,677,cat_0,677
3481,40,cat_1,40
3482,863,cat_2,863
3483,93,cat_3,93
3484,303,cat_4,303
3485,971,cat_0,971
3486,383,cat_1,383
3487,638,cat_2,638
3488,543,cat_3,543
3489,47,cat_4,47
3490,267,cat_0,267
3491,65,cat_1,65
3492,556,cat_2,556
3493,596,cat_3,596
3494,143,cat_4,143
3495,959,cat_0,959
3496,178,cat_1,178
3497,739,cat_2,739
3498,283,cat_3,283
3499,234,cat_4,234
3500,526,cat_0,526
3501,90,cat_1,90
3502,726,cat_2,726
3503,680,cat_3,680
3504,646,cat_4,646
3505,544,cat_0,544
3506,277,cat_1,277
3507,156,cat_2,156
3508,464,cat_3,464
3509,827,cat_4,827
3510,162,cat_0,162
3511,983,cat_1,983
3512,375,cat_2,375
3513,102,cat_3,102
3514,131,cat_4,131
3515,26,cat_0,26
3516,842,cat_1,842
3517,665,cat_2,665
3518,995,cat_3,995
3519,546,cat_4,546
3520,978,cat_0,978
3521,962,cat_1,962
3522,179,cat_2,179
3523,358,cat_3,358
3524,540,cat_4,540
3525,566,cat_0,566
3526,961,cat_1,961
3527,403,cat_2,403
3528,834,cat_3,834
3529,897,cat_4,897
3530,119,cat_0,119
3531,547,cat_1,547
3532,47,cat_2,47
3533,339,cat_3,339
3534,242,cat_4,242
3535,260,cat_0,260
3536,323,cat_1,323
3537,780,cat_2,780
3538,169,cat_3,169
3539,226,cat_4,226
3540,408,cat_0,408
3541,665,cat_1,665
3542,797,cat_2,797
3543,417,cat_3,417
3544,585,cat_4,585
3545,66,cat_0,66
3546,268,cat_1,268
3547,995,cat_2,995
3548,904,cat_3,904
3549,452,cat_4,452
3550,341,cat_0,341
3551,364,cat_1,364
3552,185,cat_2,185
3553,111,cat_3,111
3554,683,cat_4,683
3555,311,cat_0,311
3556,14,cat_1,14
3557,297,cat_2,297
3558,594,cat_3,594
3559,329,cat_4,329
3560,909,cat_0,909
3561,353,cat_1,353
3562,400,cat_2,400
3563,819,cat_3,819
3564,922,cat_4,922
3565,955,cat_0,955
3566,303,cat_1,303
3567,716,cat_2,716
3568,321,cat_3,321
3569,411,cat_4,411
3570,924,cat_0,924
3571,401,cat_1,401
3572,924,cat_2,924
3573,636,cat_3,636
3574,107,cat_4,107
3575,625,cat_0,625
3576,551,cat_1,551
3577,497,cat_2,497
3578,756,cat_3,756
3579,454,cat_4,454
3580,454,cat_0,454
3581,76,cat_1,76
3582,177,cat_2,177
3583,15,cat_3,15
3584,411,cat_4,411
3585,669,cat_0,669
3586,306,cat_1,306
3587,119,cat_2,119
3588,244,cat_3,244
3589,252,cat_4,252
3590,937,cat_0,937
3591,669,cat_1,669
3592,343,cat_2,343
3593,121,cat_3,121
3594,469,cat_4,469
3595,376,cat_0,376
3596,808,cat_1,808
3597,54,cat_2,54
3598,841,cat_3,841
3599,458,cat_4,458
3600,235,cat_0,235
3601,178,cat_1,178
3602,403,cat_2,403
3603,731,cat_3,731
3604,639,cat_4,639
3605,402,cat_0,402
3606,839,cat_1,839
3607,835,cat_2,835
3608,115,cat_3,115
3609,668,cat_4,668
3610,827,cat_0,827
3611,215,cat_1,215
3612,790,cat_2,790
3613,248,cat_3,248
3614,979,cat_4,979
3615,949,cat_0,949
3616,820,cat_1,820
3617,875,cat_2,875
3618,839,cat_3,839
3619,993,cat_4,993
3620,215,cat_0,215
3621,194,cat_1,194
3622,90,cat_2,90
3623,738,cat_3,738
3624,314,cat_4,314
3625,36,cat_0,36
3626,700,cat_1,700
3627,400,cat_2,400
3628,698,cat_3,698
3629,234,cat_4,234
3630,914,cat_0,914
3631,498,cat_1,498
3632,492,cat_2,492
3633,318,cat_3,318
3634,591,cat_4,591
3635,603,cat_0,603
3636,686,cat_1,686
3637,771,cat_2,771
3638,569,cat_3,569
3639,21,cat_4,21
3640,901,cat_0,901
3641,203,cat_1,203
3642,57,cat_2,57
3643,739,cat_3,739
3644,49,cat_4,49
3645,969,cat_0,969
3646,384,cat_1,384
3647,530,cat_2,530
3648,483,cat_3,483
3649,813,cat_4,813
3650,525,cat_0,525
3651,593,cat_1,593
3652,648,cat_2,648
3653,151,cat_3,151
3654,990,cat_4,990
3655,268,cat_0,268
3656,485,cat_1,485
3657,815,cat_2,815
3658,363,cat_3,363
3659,62,cat_4,62
3660,201,cat_0,201
3661,739,cat_1,739
3662,115,cat_2,115
3663,522,cat_3,522
3664,595,cat_4,595
3665,708,cat_0,708
3666,272,cat_1,272
3667,892,cat_2,892
3668,88,cat_3,88
3669,973,cat_4,973
3670,471,cat_0,471
3671,562,cat_1,562
3672,399,cat_2,399
3673,669,cat_3,669
3674,499,cat_4,499
3675,1,cat_0,1
3676,351,cat_1,351
3677,543,cat_2,543
3678,848,cat_3,848
3679,770,cat_4,770
3680,777,cat_0,777
3681,535,cat_1,535
3682,144,cat_2,144
3683,411,cat_3,411
3684,140,cat_4,140
3685,372,cat_0,372
3686,372,cat_1,372
3687,750,cat_2,750
3688,932,cat_3,932
3689,784,cat_4,784
3690,844,cat_0,844
3691,172,cat_1,172
3692,27,cat_2,27
3693,665,cat_3,665
3694,647,cat_4,647
3695,84,cat_0,84
3696,647,cat_1,647
3697,919,cat_2,919
3698,882,cat_3,882
3699,620,cat_4,620
3700,926,cat_0,926
3701,257,cat_1,257
3702,330,cat_2,330
3703,481,cat_3,481
3704,12,cat_4,12
3705,227,cat_0,227
3706,877,cat_1,877
3707,910,cat_2,910
3708,193,cat_3,193
3709,188,cat_4,188
3710,52,cat_0,52
3711,503,cat_1,503
3712,700,cat_2,700
3713,337,cat_3,337
3714,173,cat_4,173
3715,305,cat_0,305
3716,787,cat_1,787
3717,881,cat_2,881
3718,559,cat_3,559
3719,698,cat_4,698
3720,755,cat_0,755
3721,58,cat_1,58
3722,594,cat_2,594
3723,87,cat_3,87
3724,929,cat_4,929
3725,300,cat_0,300
3726,82,cat_1,82
3727,973,cat_2,973
3728,887,cat_3,887
3729,275,cat_4,275
3730,290,cat_0,290
3731,398,cat_1,398
3732,366,cat_2,366
3733,885,cat_3,885
3734,27,cat_4,27
3735,743,cat_0,743
3736,994,cat_1,994
3737,665,cat_2,665
3738,542,cat_3,542
3739,174,cat_4,174
3740,291,cat_0,291
3741,387,cat_1,387
3742,572,cat_2,572
3743,853,cat_3,853
3744,18,cat_4,18
3745,34,cat_0,34
3746,114,cat_1,114
3747,471,cat_2,471
3748,294,cat_3,294
3749,750,cat_4,750
3750,363,cat_0,363
3751,153,cat_1,153
3752,96,cat_2,96
3753,341,cat_3,341
3754,478,cat_4,478
3755,224,cat_0,224
3756,281,cat_1,281
3757,142,cat_2,142
3758,219,cat_3,219
3759,901,cat_4,901
3760,690,cat_0,690
3761,818,cat_1,818
3762,302,cat_2,302
3763,110,cat_3,110
3764,978,cat_4,978
3765,945,cat_0,945
3766,549,cat_1,549
3767,166,cat_2,166
3768,155,cat_3,155
3769,248,cat_4,248
3770,269,cat_0,269
3771,102,cat_1,102
3772,520,cat_2,520
3773,218,cat_3,218
3774,962,cat_4,962
3775,752,cat_0,752
3776,772,cat_1,772
3777,549,cat_2,549
3778,988,cat_3,988
3779,252,cat_4,252
3780,172,cat_0,172
3781,469,cat_1,469
3782,885,cat_2,885
3783,764,cat_3,764
3784,153,cat_4,153
3785,383,cat_0,383
3786,255,cat_1,255
3787,574,cat_2,574
3788,14,cat_3,14
3789,155,cat_4,155
3790,591,cat_0,591
3791,478,cat_1,478
3792,723,cat_2,723
3793,822,cat_3,822
3794,892,cat_4,892
3795,869,cat_0,869
3796,906,cat_1,906
3797,584,cat_2,584
3798,803,cat_3,803
3799,716,cat_4,716
3800,819,cat_0,819
3801,416,cat_1,416
3802,837,cat_2,837
3803,434,cat_3,434
3804,548,cat_4,548
3805,20,cat_0,20
3806,239,cat_1,239
3807,991,cat_2,991
3808,308,cat_3,308
3809,366,cat_4,366
3810,113,cat_0,113
3811,509,cat_1,509
3812,731,cat_2,731
3813,306,cat_3,306
3814,675,cat_4,675
3815,690,cat_0,690
3816,155,cat_1,155
3817,317,cat_2,317
3818,230,cat_3,230
3819,112,cat_4,112
3820,150,cat_0,150
3821,626,cat_1,626
3822,303,cat_2,303
3823,899,cat_3,899
3824,872,cat_4,872
3825,236,cat_0,236
3826,437,cat_1,437
3827,113,cat_2,113
3828,628,cat_3,628
3829,494,cat_4,494
3830,17,cat_0,17
3831,228,cat_1,228
3832,909,cat_2,909
3833,105,cat_3,105
3834,523,cat_4,523
3835,542,cat_0,542
3836,879,cat_1,879
3837,15,cat_2,15
3838,239,cat_3,239
3839,685,cat_4,685
3840,241,cat_0,241
3841,867,cat_1,867
3842,880,cat_2,880
3843,163,cat_3,163
3844,494,cat_4,494
3845,212,cat_0,212
3846,469,cat_1,469
3847,779,cat_2,779
3848,207,cat_3,207
3849,137,cat_4,137
3850,535,cat_0,535
3851,382,cat_1,382
3852,798,cat_2,798
3853,780,cat_3,780
3854,499,cat_4,499
3855,803,cat_0,803
3856,85,cat_1,85
3857,820,cat_2,820
3858,572,cat_3,572
3859,655,cat_4,655
3860,493,cat_0,493
3861,88,cat_1,88
3862,878,cat_2,878
3863,180,cat_3,180
3864,325,cat_4,325
3865,361,cat_0,361
3866,217,cat_1,217
3867,5,cat_2,5
3868,946,cat_3,946
3869,203,cat_4,203
3870,711,cat_0,711
3871,492,cat_1,492
3872,400,cat_2,400
3873,631,cat_3,631
3874,937,cat_4,937
3875,859,cat_0,859
3876,329,cat_1,329
3877,178,cat_2,178
3878,982,cat_3,982
3879,100,cat_4,100
3880,138,cat_0,138
3881,178,cat_1,178
3882,299,cat_2,299
3883,464,cat_3,464
3884,235,cat_4,235
3885,556,cat_0,556
3886,355,cat_1,355
3887,747,cat_2,747
3888,675,cat_3,675
3889,910,cat_4,910
3890,579,cat_0,579
3891,234,cat_1,234
3892,191,cat_2,191
3893,121,cat_3,121
3894,498,cat_4,498
3895,776,cat_0,776
3896,899,cat_1,899
3897,384,cat_2,384
3898,109,cat_3,109
3899,477,cat_4,477
3900,112,cat_0,112
3901,490,cat_1,490
3902,212,cat_2,212
3903,248,cat_3,248
3904,654,cat_4,654
3905,440,cat_0,440
3906,153,cat_1,153
3907,500,cat_2,500
3908,1,cat_3,1
3909,501,cat_4,501
3910,546,cat_0,546
3911,730,cat_1,730
3912,81,cat_2,81
3913,689,cat_3,689
3914,558,cat_4,558
3915,39,cat_0,39
3916,868,cat_1,868
3917,301,cat_2,301
3918,179,cat_3,179
3919,339,cat_4,339
3920,451,cat_0,451
3921,484,cat_1,484
3922,53,cat_2,53
3923,683,cat_3,683
3924,590,cat_4,590
3925,39,cat_0,39
3926,295,cat_1,295
3927,199,cat_2,199
3928,649,cat_3,649
3929,751,cat_4,751
3930,545,cat_0,545
3931,169,cat_1,169
3932,963,cat_2,963
3933,325,cat_3,325
3934,519,cat_4,519
3935,778,cat_0,778
3936,296,cat_1,296
3937,121,cat_2,121
3938,288,cat_3,288
3939,572,cat_4,572
3940,133,cat_0,133
3941,69,cat_1,69
3942,923,cat_2,923
3943,161,cat_3,161
3944,399,cat_4,399
3945,402,cat_0,402
3946,77,cat_1,77
3947,261,cat_2,261
3948,317,cat_3,317
3949,896,cat_4,896
3950,391,cat_0,391
3951,174,cat_1,174
3952,637,cat_2,637
3953,33,cat_3,33
3954,370,cat_4,370
3955,660,cat_0,660
3956,449,cat_1,449
3957,599,cat_2,599
3958,841,cat_3,841
3959,486,cat_4,486
3960,220,cat_0,220
3961,269,cat_1,269
3962,455,cat_2,455
3963,317,cat_3,317
3964,599,cat_4,599
3965,411,cat_0,411
3966,2,cat_1,2
3967,676,cat_2,676
3968,425,cat_3,425
3969,874,cat_4,874
3970,563,cat_0,563
3971,885,cat_1,885
3972,478,cat_2,478
3973,234,cat_3,234
3974,695,cat_4,695
3975,514,cat_0,514
3976,97,cat_1,97
3977,216,cat_2,216
3978,853,cat_3,853
3979,783,cat_4,783
3980,532,cat_0,532
3981,369,cat_1,369
3982,893,cat_2,893
3983,157,cat_3,157
3984,925,cat_4,925
3985,262,cat_0,262
3986,906,cat_1,906
3987,989,cat_2,989
3988,278,cat_3,278
3989,440,cat_4,440
3990,808,cat_0,808
3991,949,cat_1,949
3992,778,cat_2,778
3993,27,cat_3,27
3994,397,cat_4,397
3995,640,cat_0,640
3996,428,cat_1,428
3997,52,cat_2,52
3998,77,cat_3,77
3999,319,cat_4,319
4000,361,cat_0,361
4001,307,cat_1,307
4002,187,cat_2,187
4003,541,cat_3,541
4004,542,cat_4,542
4005,139,cat_0,139
4006,853,cat_1,853
4007,472,cat_2,472
4008,649,cat_3,649
4009,635,cat_4,635
4010,295,cat_0,295
4011,600,cat_1,600
4012,975,cat_2,975
4013,275,cat_3,275
4014,785,cat_4,785
4015,781,cat_0,781
4016,958,cat_1,958
4017,92,cat_2,92
4018,446,cat_3,446
4019,911,cat_4,911
4020,337,cat_0,337
4021,118,cat_1,118
4022,556,cat_2,556
4023,378,cat_3,378
4024,851,cat_4,851
4025,370,cat_0,370
4026,659,cat_1,659
4027,708,cat_2,708
4028,895,cat_3,895
4029,786,cat_4,786
4030,220,cat_0,220
4031,197,cat_1,197
4032,561,cat_2,561
4033,902,cat_3,902
4034,106,cat_4,106
4035,552,cat_0,552
4036,281,cat_1,281
4037,856,cat_2,856
4038,175,cat_3,175
4039,231,cat_4,231
4040,873,cat_0,873
4041,11,cat_1,11
4042,476,cat_2,476
4043,86,cat_3,86
4044,811,cat_4,811
4045,306,cat_0,306
4046,5,cat_1,5
4047,746,cat_2,746
4048,55,cat_3,55
4049,125,cat_4,125
4050,919,cat_0,919
4051,712,cat_1,712
4052,625,cat_2,625
4053,872,cat_3,872
4054,1000,cat_4,1000
4055,469,cat_0,469
4056,556,cat_1,556
4057,507,cat_2,507
4058,135,cat_3,135
4059,566,cat_4,566
4060,629,cat_0,629
4061,340,cat_1,340
4062,31,cat_2,31
4063,957,cat_3,957
4064,552,cat_4,552
4065,49,cat_0,49
4066,754,cat_1,754
4067,933,cat_2,933
4068,168,cat_3,168
4069,992,cat_4,992
4070,833,cat_0,833
4071,752,cat_1,752
4072,804,cat_2,804
4073,661,cat_3,661
4074,304,cat_4,304
4075,819,cat_0,819
4076,946,cat_1,946
4077,899,cat_2,899
4078,91,cat_3,91
4079,312,cat_4,312
4080,873,cat_0,873
4081,110,cat_1,110
4082,386,cat_2,386
4083,599,cat_3,599
4084,481,cat_4,481
4085,292,cat_0,292
4086,568,cat_1,568
4087,616,cat_2,616
4088,877,cat_3,877
4089,55,cat_4,55
4090,857,cat_0,857
4091,372,cat_1,372
4092,842,cat_2,842
4093,982,cat_3,982
4094,248,cat_4,248
4095,420,cat_0,420
4096,21,cat_1,21
4097,391,cat_2,391
4098,844,cat_3,844
4099,953,cat_4,953
4100,884,cat_0,884
4101,288,cat_1,288
4102,691,cat_2,691
4103,613,cat_3,613
4104,680,cat_4,680
4105,758,cat_0,758
4106,297,cat_1,297
4107,481,cat_2,481
4108,425,cat_3,425
4109,550,cat_4,550
4110,774,cat_0,774
4111,902,cat_1,902
4112,83,cat_2,83
4113,791,cat_3,791
4114,651,cat_4,651
4115,65,cat_0,65
4116,254,cat_1,254
4117,50,cat_2,50
4118,657,cat_3,657
4119,351,cat_4,351
4120,629,cat_0,629
4121,956,cat_1,956
4122,906,cat_2,906
4123,484,cat_3,484
4124,640,cat_4,640
4125,281,cat_0,281
4126,824,cat_1,824
4127,68,cat_2,68
4128,536,cat_3,536
4129,470,cat_4,470
4130,370,cat_0,370
4131,705,cat_1,705
4132,3,cat_2,3
4133,219,cat_3,219
4134,697,cat_4,697
4135,79,cat_0,79
4136,750,cat_1,750
4137,207,cat_2,207
4138,5,cat_3,5
4139,791,cat_4,791
4140,973,cat_0,973
4141,72,cat_1,72
4142,216,cat_2,216
4143,885,cat_3,885
4144,370,cat_4,370
4145,161,cat_0,161
4146,187,cat_1,187
4147,378,cat_2,378
4148,192,cat_3,192
4149,299,cat_4,299
4150,694,cat_0,694
4151,951,cat_1,951
4152,701,cat_2,701
4153,584,cat_3,584
4154,879,cat_4,879
4155,333,cat_0,333
4156,494,cat_1,494
4157,700,cat_2,700
4158,835,cat_3,835
4159,338,cat_4,338
4160,942,cat_0,942
4161,213,cat_1,213
4162,2,cat_2,2
4163,962,cat_3,962
4164,399,cat_4,399
4165,763,cat_0,763
4166,739,cat_1,739
4167,260,cat_2,260
4168,663,cat_3,663
4169,66,cat_4,66
4170,477,cat_0,477
4171,723,cat_1,723
4172,630,cat_2,630
4173,281,cat_3,281
4174,725,cat_4,725
4175,172,cat_0,172
4176,459,cat_1,459
4177,763,cat_2,763
4178,918,cat_3,918
4179,666,cat_4,666
4180,414,cat_0,414
4181,683,cat_1,683
4182,409,cat_2,409
4183,729,cat_3,729
4184,175,cat_4,175
4185,701,cat_0,701
4186,342,cat_1,342
4187,600,cat_2,600
4188,50,cat_3,50
4189,641,cat_4,641
4190,727,cat_0,727
4191,825,cat_1,825
4192,287,cat_2,287
4193,450,cat_3,450
4194,378,cat_4,378
4195,277,cat_0,277
4196,902,cat_1,902
4197,328,cat_2,328
4198,425,cat_3,425
4199,947,cat_4,947
4200,808,cat_0,808
4201,299,cat_1,299
4202,700,cat_2,700
4203,207,cat_3,207
4204,651,cat_4,651
4205,384,cat_0,384
4206,960,cat_1,960
4207,212,cat_2,212
4208,263,cat_3,263
4209,126,cat_4,126
4210,687,cat_0,687
4211,38,cat_1,38
4212,377,cat_2,377
4213,77,cat_3,77
4214,285,cat_4,285
4215,139,cat_0,139
4216,466,cat_1,466
4217,748,cat_2,748
4218,359,cat_3,359
4219,266,cat_4,266
4220,409,cat_0,409
4221,853,cat_1,853
4222,66,cat_2,66
4223,360,cat_3,360
4224,510,cat_4,510
4225,733,cat_0,733
4226,8,cat_1,8
4227,810,cat_2,810
4228,586,cat_3,586
4229,784,cat_4,784
4230,974,cat_0,974
4231,506,cat_1,506
4232,31,cat_2,31
4233,65,cat_3,65
4234,259,cat_4,259
4235,751,cat_0,751
4236,647,cat_1,647
4237,938,cat_2,938
4238,17,cat_3,17
4239,967,cat_4,967
4240,796,cat_0,796
4241,64,cat_1,64
4242,125,cat_2,125
4243,192,cat_3,192
4244,259,cat_4,259
4245,745,cat_0,745
4246,179,cat_1,179
4247,403,cat_2,403
4248,858,cat_3,858
4249,796,cat_4,796
4250,849,cat_0,849
4251,709,cat_1,709
4252,91,cat_2,91
4253,866,cat_3,866
4254,565,cat_4,565
4255,708,cat_0,708
4256,906,cat_1,906
4257,465,cat_2,465
4258,29,cat_3,29
4259,597,cat_4,597
4260,443,cat_0,443
4261,375,cat_1,375
4262,298,cat_2,298
4263,766,cat_3,766
4264,147,cat_4,147
4265,89,cat_0,89
4266,866,cat_1,866
4267,894,cat_2,894
4268,839,cat_3,839
4269,674,cat_4,674
4270,367,cat_0,367
4271,713,cat_1,713
4272,231,cat_2,231
4273,540,cat_3,540
4274,650,cat_4,650
4275,675,cat_0,675
4276,874,cat_1,874
4277,893,cat_2,893
4278,134,cat_3,134
4279,6,cat_4,6
4280,146,cat_0,146
4281,713,cat_1,713
4282,641,cat_2,641
4283,877,cat_3,877
4284,134,cat_4,134
4285,366,cat_0,366
4286,215,cat_1,215
4287,785,cat_2,785
4288,391,cat_3,391
4289,167,cat_4,167
4290,191,cat_0,191
4291,217,cat_1,217
4292,303,cat_2,303
4293,588,cat_3,588
4294,156,cat_4,156
4295,272,cat_0,272
4296,165,cat_1,165
4297,233,cat_2,233
4298,356,cat_3,356
4299,450,cat_4,450
4300,214,cat_0,214
4301,597,cat_1,597
4302,968,cat_2,968
4303,692,cat_3,692
4304,568,cat_4,568
4305,978,cat_0,978
4306,125,cat_1,125
4307,801,cat_2,801
4308,173,cat_3,173
4309,790,cat_4,790
4310,925,cat_0,925
4311,10,cat_1,10
4312,589,cat_2,589
4313,63,cat_3,63
4314,169,cat_4,169
4315,257,cat_0,257
4316,462,cat_1,462
4317,720,cat_2,720
4318,591,cat_3,591
4319,635,cat_4,635
4320,600,cat_0,600
4321,911,cat_1,911
4322,191,cat_2,191
4323,983,cat_3,983
4324,362,cat_4,362
4325,477,cat_0,477
4326,140,cat_1,140
4327,943,cat_2,943
4328,647,cat_3,647
4329,100,cat_4,100
4330,386,cat_0,386
4331,446,cat_1,446
4332,505,cat_2,505
4333,799,cat_3,799
4334,721,cat_4,721
4335,913,cat_0,913
4336,980,cat_1,980
4337,883,cat_2,883
4338,980,cat_3,980
4339,594,cat_4,594
4340,901,cat_0,901
4341,344,cat_1,344
4342,270,cat_2,270
4343,935,cat_3,935
4344,612,cat_4,612
4345,813,cat_0,813
4346,160,cat_1,160
4347,455,cat_2,455
4348,112,cat_3,112
4349,694,cat_4,694
4350,898,cat_0,898
4351,791,cat_1,791
4352,11,cat_2,11
4353,307,cat_3,307
4354,905,cat_4,905
4355,496,cat_0,496
4356,198,cat_1,198
4357,561,cat_2,561
4358,678,cat_3,678
4359,751,cat_4,751
4360,241,cat_0,241
4361,964,cat_1,964
4362,273,cat_2,273
4363,240,cat_3,240
4364,329,cat_4,329
4365,511,cat_0,511
4366,327,cat_1,327
4367,634,cat_2,634
4368,305,cat_3,305
4369,630,cat_4,630
4370,738,cat_0,738
4371,490,cat_1,490
4372,674,cat_2,674
4373,791,cat_3,791
4374,801,cat_4,801
4375,330,cat_0,330
4376,120,cat_1,120
4377,481,cat_2,481
4378,516,cat_3,516
4379,917,cat_4,917
4380,599,cat_0,599
4381,486,cat_1,486
4382,352,cat_2,352
4383,785,cat_3,785
4384,894,cat_4,894
4385,90,cat_0,90
4386,521,cat_1,521
4387,973,cat_2,973
4388,670,cat_3,670
4389,699,cat_4,699
4390,982,cat_0,982
4391,696,cat_1,696
4392,642,cat_2,642
4393,932,cat_3,932
4394,611,cat_4,611
4395,288,cat_0,288
4396,274,cat_1,274
4397,943,cat_2,943
4398,927,cat_3,927
4399,107,cat_4,107
4400,699,cat_0,699
4401,529,cat_1,529
4402,468,cat_2,468
4403,560,cat_3,560
4404,857,cat_4,857
4405,379,cat_0,379
4406,140,cat_1,140
4407,838,cat_2,838
4408,19,cat_3,19
4409,732,cat_4,732
4410,512,cat_0,512
4411,360,cat_1,360
4412,701,cat_2,701
4413,792,cat_3,792
4414,563,cat_4,563
4415,98,cat_0,98
4416,176,cat_1,176
4417,308,cat_2,308
4418,379,cat_3,379
4419,362,cat_4,362
4420,887,cat_0,887
4421,383,cat_1,383
4422,662,cat_2,662
4423,27,cat_3,27
4424,180,cat_4,180
4425,879,cat_0,879
4426,742,cat_1,742
4427,73,cat_2,73
4428,436,cat_3,436
4429,976,cat_4,976
4430,314,cat_0,314
4431,805,cat_1,805
4432,498,cat_2,498
4433,853,cat_3,853
4434,303,cat_4,303
4435,35,cat_0,35
4436,15,cat_1,15
4437,603,cat_2,603
4438,179,cat_3,179
4439,213,cat_4,213
4440,759,cat_0,759
4441,645,cat_1,645
4442,170,cat_2,170
4443,335,cat_3,335
4444,621,cat_4,621
4445,479,cat_0,479
4446,928,cat_1,928
4447,561,cat_2,561
4448,413,cat_3,413
4449,929,cat_4,929
4450,273,cat_0,273
4451,487,cat_1,487
4452,44,cat_2,44
4453,135,cat_3,135
4454,559,cat_4,559
4455,793,cat_0,793
4456,257,cat_1,257
4457,185,cat_2,185
4458,808,cat_3,808
4459,217,cat_4,217
4460,458,cat_0,458
4461,504,cat_1,504
4462,710,cat_2,710
4463,52,cat_3,52
4464,871,cat_4,871
4465,236,cat_0,236
4466,478,cat_1,478
4467,659,cat_2,659
4468,792,cat_3,792
4469,196,cat_4,196
4470,390,cat_0,390
4471,242,cat_1,242
4472,858,cat_2,858
4473,832,cat_3,832
4474,547,cat_4,547
4475,79,cat_0,79
4476,729,cat_1,729
4477,223,cat_2,223
4478,224,cat_3,224
4479,844,cat_4,844
4480,438,cat_0,438
4481,252,cat_1,252
4482,260,cat_2,260
4483,169,cat_3,169
4484,246,cat_4,246
4485,865,cat_0,865
4486,983,cat_1,983
4487,947,cat_2,947
4488,26,cat_3,26
4489,25,cat_4,25
4490,62,cat_0,62
4491,435,cat_1,435
4492,53,cat_2,53
4493,922,cat_3,922
4494,787,cat_4,787
4495,84,cat_0,84
4496,603,cat_1,603
4497,459,cat_2,459
4498,597,cat_3,597
4499,425,cat_4,425
4500,966,cat_0,966
4501,643,cat_1,643
4502,864,cat_2,864
4503,252,cat_3,252
4504,5,cat_4,5
4505,485,cat_0,485
4506,142,cat_1,142
4507,134,cat_2,134
4508,600,cat_3,600
4509,638,cat_4,638
4510,586,cat_0,586
4511,620,cat_1,620
4512,262,cat_2,262
4513,266,cat_3,266
4514,282,cat_4,282
4515,117,cat_0,117
4516,282,cat_1,282
4517,750,cat_2,750
4518,216,cat_3,216
4519,75,cat_4,75
4520,577,cat_0,577
4521,821,cat_1,821
4522,289,cat_2,289
4523,250,cat_3,250
4524,400,cat_4,400
4525,522,cat_0,522
4526,792,cat_1,792
4527,625,cat_2,625
4528,343,cat_3,343
4529,448,cat_4,448
4530,798,cat_0,798
4531,216,cat_1,216
4532,660,cat_2,660
4533,303,cat_3,303
4534,674,cat_4,674
4535,153,cat_0,153
4536,234,cat_1,234
4537,340,cat_2,340
4538,412,cat_3,412
4539,379,cat_4,379
4540,919,cat_0,919
4541,154,cat_1,154
4542,35,cat_2,35
4543,475,cat_3,475
4544,453,cat_4,453
4545,443,cat_0,443
4546,399,cat_1,399
4547,92,cat_2,92
4548,491,cat_3,491
4549,178,cat_4,178
4550,77,cat_0,77
4551,649,cat_1,649
4552,196,cat_2,196
4553,822,cat_3,822
4554,793,cat_4,793
4555,720,cat_0,720
4556,742,cat_1,742
4557,831,cat_2,831
4558,295,cat_3,295
4559,788,cat_4,788
4560,979,cat_0,979
4561,28,cat_1,28
4562,548,cat_2,548
4563,556,cat_3,556
4564,174,cat_4,174
4565,964,cat_0,964
4566,236,cat_1,236
4567,773,cat_2,773
4568,3,cat_3,3
4569,574,cat_4,574
4570,413,cat_0,413
4571,544,cat_1,544
4572,659,cat_2,659
4573,350,cat_3,350
4574,707,cat_4,707
4575,974,cat_0,974
4576,593,cat_1,593
4577,884,cat_2,884
4578,384,cat_3,384
4579,679,cat_4,679
4580,267,cat_0,267
4581,793,cat_1,793
4582,679,cat_2,679
4583,431,cat_3,431
4584,608,cat_4,608
4585,235,cat_0,235
4586,522,cat_1,522
4587,476,cat_2,476
4588,757,cat_3,757
4589,125,cat_4,125
4590,224,cat_0,224
4591,303,cat_1,303
4592,510,cat_2,510
4593,471,cat_3,471
4594,461,cat_4,461
4595,948,cat_0,948
4596,921,cat_1,921
4597,21,cat_2,21
4598,752,cat_3,752
4599,955,cat_4,955
4600,379,cat_0,379
4601,373,cat_1,373
4602,181,cat_2,181
4603,405,cat_3,405
4604,56,cat_4,56
4605,765,cat_0,765
4606,333,cat_1,333
4607,506,cat_2,506
4608,644,cat_3,644
4609,152,cat_4,152
4610,487,cat_0,487
4611,741,cat_1,741
4612,486,cat_2,486
4613,746,cat_3,746
4614,985,cat_4,985
4615,843,cat_0,843
4616,209,cat_1,209
4617,526,cat_2,526
4618,284,cat_3,284
4619,21,cat_4,21
4620,48,cat_0,48
4621,260,cat_1,260
4622,255,cat_2,255
4623,912,cat_3,912
4624,656,cat_4,656
4625,920,cat_0,920
4626,780,cat_1,780
4627,645,cat_2,645
4628,189,cat_3,189
4629,840,cat_4,840
4630,421,cat_0,421
4631,337,cat_1,337
4632,69,cat_2,69
4633,590,cat_3,590
4634,551,cat_4,551
4635,688,cat_0,688
4636,404,cat_1,404
4637,486,cat_2,486
4638,880,cat_3,880
4639,378,cat_4,378
4640,67,cat_0,67
4641,461,cat_1,461
4642,908,cat_2,908
4643,881,cat_3,881
4644,658,cat_4,658
4645,867,cat_0,867
4646,116,cat_1,116
4647,430,cat_2,430
4648,784,cat_3,784
4649,78,cat_4,78
4650,703,cat_0,703
4651,665,cat_1,665
4652,66,cat_2,66
4653,782,cat_3,782
4654,437,cat_4,437
4655,197,cat_0,197
4656,896,cat_1,896
4657,783,cat_2,783
4658,921,cat_3,921
4659,767,cat_4,767
4660,519,cat_0,519
4661,255,cat_1,255
4662,454,cat_2,454
4663,137,cat_3,137
4664,977,cat_4,977
4665,350,cat_0,350
4666,527,cat_1,527
4667,514,cat_2,514
4668,954,cat_3,954
4669,79,cat_4,79
4670,409,cat_0,409
4671,88,cat_1,88
4672,866,cat_2,866
4673,250,cat_3,250
4674,866,cat_4,866
4675,807,cat_0,807
4676,515,cat_1,515
4677,354,cat_2,354
4678,139,cat_3,139
4679,929,cat_4,929
4680,636,cat_0,636
4681,526,cat_1,526
4682,53,cat_2,53
4683,293,cat_3,293
4684,317,cat_4,317
4685,936,cat_0,936
4686,784,cat_1,784
4687,479,cat_2,479
4688,857,cat_3,857
4689,49,cat_4,49
4690,274,cat_0,274
4691,46,cat_1,46
4692,290,cat_2,290
4693,385,cat_3,385
4694,986,cat_4,986
4695,930,cat_0,930
4696,591,cat_1,591
4697,758,cat_2,758
4698,367,cat_3,367
4699,906,cat_4,906
4700,245,cat_0,245
4701,389,cat_1,389
4702,70,cat_2,70
4703,508,cat_3,508
4704,897,cat_4,897
4705,233,cat_0,233
4706,428,cat_1,428
4707,45,cat_2,45
4708,107,cat_3,107
4709,917,cat_4,917
4710,423,cat_0,423
4711,887,cat_1,887
4712,977,cat_2,977
4713,275,cat_3,275
4714,919,cat_4,919
4715,257,cat_0,257
4716,165,cat_1,165
4717,429,cat_2,429
4718,807,cat_3,807
4719,744,cat_4,744
4720,793,cat_0,793
4721,451,cat_1,451
4722,165,cat_2,165
4723,841,cat_3,841
4724,588,cat_4,588
4725,569,cat_0,569
4726,726,cat_1,726
4727,591,cat_2,591
4728,447,cat_3,447
4729,792,cat_4,792
4730,599,cat_0,599
4731,743,cat_1,743
4732,217,cat_2,217
4733,957,cat_3,957
4734,468,cat_4,468
4735,89,cat_0,89
4736,923,cat_1,923
4737,667,cat_2,667
4738,776,cat_3,776
4739,207,cat_4,207
4740,504,cat_0,504
4741,200,cat_1,200
4742,31,cat_2,31
4743,634,cat_3,634
4744,232,cat_4,232
4745,391,cat_0,391
4746,580,cat_1,580
4747,825,cat_2,825
4748,671,cat_3,671
4749,86,cat_4,86
4750,746,cat_0,746
4751,190,cat_1,190
4752,399,cat_2,399
4753,279,cat_3,279
4754,993,cat_4,993
4755,720,cat_0,720
4756,87,cat_1,87
4757,185,cat_2,185
4758,469,cat_3,469
4759,768,cat_4,768
4760,126,cat_0,126
4761,317,cat_1,317
4762,549,cat_2,549
4763,611,cat_3,611
4764,266,cat_4,266
4765,970,cat_0,970
4766,707,cat_1,707
4767,670,cat_2,670
4768,325,cat_3,325
4769,784,cat_4,784
4770,826,cat_0,826
4771,375,cat_1,375
4772,127,cat_2,127
4773,548,cat_3,548
4774,240,cat_4,240
4775,438,cat_0,438
4776,565,cat_1,565
4777,578,cat_2,578
4778,199,cat_3,199
4779,631,cat_4,631
4780,420,cat_0,420
4781,48,cat_1,48
4782,501,cat_2,501
4783,789,cat_3,789
4784,630,cat_4,630
4785,189,cat_0,189
4786,275,cat_1,275
4787,674,cat_2,674
4788,747,cat_3,747
4789,329,cat_4,329
4790,593,cat_0,593
4791,942,cat_1,942
4792,912,cat_2,912
4793,269,cat_3,269
4794,160,cat_4,160
4795,469,cat_0,469
4796,1000,cat_1,1000
4797,101,cat_2,101
4798,594,cat_3,594
4799,518,cat_4,518
4800,134,cat_0,134
4801,582,cat_1,582
4802,956,cat_2,956
4803,421,cat_3,421
4804,609,cat_4,609
4805,555,cat_0,555
4806,666,cat_1,666
4807,520,cat_2,520
4808,978,cat_3,978
4809,273,cat_4,273
4810,499,cat_0,499
4811,725,cat_1,725
4812,146,cat_2,146
4813,651,cat_3,651
4814,278,cat_4,278
4815,630,cat_0,630
4816,259,cat_1,259
4817,146,cat_2,146
4818,606,cat_3,606
4819,803,cat_4,803
4820,91,cat_0,91
4821,19,cat_1,19
4822,615,cat_2,615
4823,470,cat_3,470
4824,316,cat_4,316
4825,915,cat_0,915
4826,993,cat_1,993
4827,892,cat_2,892
4828,116,cat_3,116
4829,309,cat_4,309
4830,853,cat_0,853
4831,815,cat_1,815
4832,186,cat_2,186
4833,494,cat_3,494
4834,436,cat_4,436
4835,148,cat_0,148
4836,192,cat_1,192
4837,336,cat_2,336
4838,862,cat_3,862
4839,45,cat_4,45
4840,8,cat_0,8
4841,863,cat_1,863
4842,284,cat_2,284
4843,455,cat_3,455
4844,219,cat_4,219
4845,13,cat_0,13
4846,23,cat_1,23
4847,396,cat_2,396
4848,368,cat_3,368
4849,785,cat_4,785
4850,718,cat_0,718
4851,231,cat_1,231
4852,814,cat_2,814
4853,745,cat_3,745
4854,777,cat_4,777
4855,711,cat_0,711
4856,368,cat_1,368
4857,697,cat_2,697
4858,328,cat_3,328
4859,146,cat_4,146
4860,97,cat_0,97
4861,209,cat_1,209
4862,511,cat_2,511
4863,2,cat_3,2
4864,676,cat_4,676
4865,761,cat_0,761
4866,551,cat_1,551
4867,505,cat_2,505
4868,874,cat_3,874
4869,205,cat_4,205
4870,518,cat_0,518
4871,23,cat_1,23
4872,193,cat_2,193
4873,267,cat_3,267
4874,788,cat_4,788
4875,880,cat_0,880
4876,238,cat_1,238
4877,841,cat_2,841
4878,83,cat_3,83
4879,874,cat_4,874
4880,756,cat_0,756
4881,28,cat_1,28
4882,702,cat_2,702
4883,933,cat_3,933
4884,807,cat_4,807
4885,372,cat_0,372
4886,904,cat_1,904
4887,725,cat_2,725
4888,211,cat_3,211
4889,404,cat_4,404
4890,802,cat_0,802
4891,465,cat_1,465
4892,198,cat_2,198
4893,652,cat_3,652
4894,225,cat_4,225
4895,765,cat_0,765
4896,880,cat_1,880
4897,751,cat_2,751
4898,370,cat_3,370
4899,535,cat_4,535
4900,884,cat_0,884
4901,450,cat_1,450
4902,375,cat_2,375
4903,233,cat_3,233
4904,171,cat_4,171
4905,768,cat_0,768
4906,206,cat_1,206
4907,624,cat_2,624
4908,63,cat_3,63
4909,891,cat_4,891
4910,214,cat_0,214
4911,149,cat_1,149
4912,794,cat_2,794
4913,681,cat_3,681
4914,185,cat_4,185
4915,516,cat_0,516
4916,60,cat_1,60
4917,182,cat_2,182
4918,173,cat_3,173
4919,507,cat_4,507
4920,705,cat_0,705
4921,26,cat_1,26
4922,100,cat_2,100
4923,971,cat_3,971
4924,253,cat_4,253
4925,666,cat_0,666
4926,792,cat_1,792
4927,470,cat_2,470
4928,251,cat_3,251
4929,691,cat_4,691
4930,736,cat_0,736
4931,876,cat_1,876
4932,130,cat_2,130
4933,218,cat_3,218
4934,750,cat_4,750
4935,589,cat_0,589
4936,54,cat_1,54
4937,102,cat_2,102
4938,832,cat_3,832
4939,794,cat_4,794
4940,470,cat_0,470
4941,405,cat_1,405
4942,352,cat_2,352
4943,294,cat_3,294
4944,359,cat_4,359
4945,180,cat_0,180
4946,454,cat_1,454
4947,199,cat_2,199
4948,525,cat_3,525
4949,68,cat_4,68
4950,487,cat_0,487
4951,684,cat_1,684
4952,558,cat_2,558
4953,338,cat_3,338
4954,717,cat_4,717
4955,785,cat_0,785
4956,493,cat_1,493
4957,951,cat_2,951
4958,438,cat_3,438
4959,609,cat_4,609
4960,202,cat_0,202
4961,658,cat_1,658
4962,177,cat_2,177
4963,828,cat_3,828
4964,394,cat_4,394
4965,248,cat_0,248
4966,662,cat_1,662
4967,69,cat_2,69
4968,326,cat_3,326
4969,524,cat_4,524
4970,91,cat_0,91
4971,910,cat_1,910
4972,387,cat_2,387
4973,70,cat_3,70
4974,638,cat_4,638
4975,432,cat_0,432
4976,850,cat_1,850
4977,538,cat_2,538
4978,814,cat_3,814
4979,254,cat_4,254
4980,400,cat_0,400
4981,784,cat_1,784
4982,144,cat_2,144
4983,177,cat_3,177
4984,466,cat_4,466
4985,160,cat_0,160
4986,216,cat_1,216
4987,235,cat_2,235
4988,177,cat_3,177
4989,988,cat_4,988
4990,926,cat_0,926
4991,616,cat_1,616
4992,43,cat_2,43
4993,378,cat_3,378
4994,567,cat_4,567
4995,75,cat_0,75
4996,301,cat_1,301
4997,265,cat_2,265
4998,781,cat_3,781
4999,780,cat_4,780
5000,607,cat_0,607
5001,18,cat_1,18
5002,342,cat_2,342
5003,216,cat_3,216
5004,709,cat_4,709
5005,319,cat_0,319
5006,110,cat_1,110
5007,630,cat_2,630
5008,942,cat_3,942
5009,382,cat_4,382
5010,36,cat_0,36
5011,279,cat_1,279
5012,517,cat_2,517
5013,848,cat_3,848
5014,52,cat_4,52
5015,514,cat_0,514
5016,946,cat_1,946
5017,587,cat_2,587
5018,437,cat_3,437
5019,247,cat_4,247
5020,805,cat_0,805
5021,96,cat_1,96
5022,476,cat_2,476
5023,966,cat_3,966
5024,521,cat_4,521
5025,166,cat_0,166
5026,110,cat_1,110
5027,342,cat_2,342
5028,975,cat_3,975
5029,529,cat_4,529
5030,807,cat_0,807
5031,373,cat_1,373
5032,163,cat_2,163
5033,223,cat_3,223
5034,258,cat_4,258
5035,222,cat_0,222
5036,110,cat_1,110
5037,916,cat_2,916
5038,580,cat_3,580
5039,938,cat_4,938
5040,914,cat_0,914
5041,544,cat_1,544
5042,968,cat_2,968
5043,448,cat_3,448
5044,805,cat_4,805
5045,433,cat_0,433
5046,320,cat_1,320
5047,363,cat_2,363
5048,631,cat_3,631
5049,403,cat_4,403
5050,756,cat_0,756
5051,253,cat_1,253
5052,996,cat_2,996
5053,907,cat_3,907
5054,651,cat_4,651
5055,647,cat_0,647
5056,444,cat_1,444
5057,932,cat_2,932
5058,25,cat_3,25
5059,654,cat_4,654
5060,21,cat_0,21
5061,691,cat_1,691
5062,159,cat_2,159
5063,20,cat_3,20
5064,109,cat_4,109
5065,160,cat_0,160
5066,372,cat_1,372
5067,248,cat_2,248
5068,214,cat_3,214
5069,321,cat_4,321
5070,907,cat_0,907
5071,810,cat_1,810
5072,849,cat_2,849
5073,927,cat_3,927
5074,792,cat_4,792
5075,136,cat_0,136
5076,126,cat_1,126
5077,749,cat_2,749
5078,992,cat_3,992
5079,11,cat_4,11
5080,633,cat_0,633
5081,94,cat_1,94
5082,208,cat_2,208
5083,23,cat_3,23
5084,103,cat_4,103
5085,381,cat_0,381
5086,407,cat_1,407
5087,500,cat_2,500
5088,254,cat_3,254
5089,375,cat_4,375
5090,12,cat_0,12
5091,743,cat_1,743
5092,620,cat_2,620
5093,845,cat_3,845
5094,934,cat_4,934
5095,646,cat_0,646
5096,426,cat_1,426
5097,479,cat_2,479
5098,432,cat_3,432
5099,595,cat_4,595
5100,737,cat_0,737
5101,699,cat_1,699
5102,744,cat_2,744
5103,398,cat_3,398
5104,57,cat_4,57
5105,487,cat_0,487
5106,792,cat_1,792
5107,537,cat_2,537
5108,47,cat_3,47
5109,147,cat_4,147
5110,39,cat_0,39
5111,221,cat_1,221
5112,660,cat_2,660
5113,912,cat_3,912
5114,358,cat_4,358
5115,370,cat_0,370
5116,692,cat_1,692
5117,712,cat_2,712
5118,387,cat_3,387
5119,901,cat_4,901
5120,256,cat_0,256
5121,484,cat_1,484
5122,923,cat_2,923
5123,371,cat_3,371
5124,989,cat_4,989
5125,845,cat_0,845
5126,254,cat_1,254
5127,921,cat_2,921
5128,862,cat_3,862
5129,431,cat_4,431
5130,442,cat_0,442
5131,137,cat_1,137
5132,205,cat_2,205
5133,853,cat_3,853
5134,751,cat_4,751
5135,799,cat_0,799
5136,810,cat_1,810
5137,642,cat_2,642
5138,810,cat_3,810
5139,128,cat_4,128
5140,504,cat_0,504
5141,491,cat_1,491
5142,148,cat_2,148
5143,259,cat_3,259
5144,511,cat_4,511
5145,237,cat_0,237
5146,240,cat_1,240
5147,627,cat_2,627
5148,647,cat_3,647
5149,672,cat_4,672
5150,56,cat_0,56
5151,908,cat_1,908
5152,945,cat_2,945
5153,553,cat_3,553
5154,854,cat_4,854
5155,427,cat_0,427
5156,244,cat_1,244
5157,813,cat_2,813
5158,959,cat_3,959
5159,509,cat_4,509
5160,35,cat_0,35
5161,87,cat_1,87
5162,260,cat_2,260
5163,842,cat_3,842
5164,336,cat_4,336
5165,108,cat_0,108
5166,14,cat_1,14
5167,770,cat_2,770
5168,130,cat_3,130
5169,297,cat_4,297
5170,125,cat_0,125
5171,938,cat_1,938
5172,388,cat_2,388
5173,810,cat_3,810
5174,197,cat_4,197
5175,622,cat_0,622
5176,173,cat_1,173
5177,719,cat_2,719
5178,116,cat_3,116
5179,255,cat_4,255
5180,909,cat_0,909
5181,614,cat_1,614
5182,844,cat_2,844
5183,758,cat_3,758
5184,125,cat_4,125
5185,633,cat_0,633
5186,222,cat_1,222
5187,49,cat_2,49
5188,390,cat_3,390
5189,642,cat_4,642
5190,530,cat_0,530
5191,38,cat_1,38
5192,267,cat_2,267
5193,75,cat_3,75
5194,48,cat_4,48
5195,673,cat_0,673
5196,291,cat_1,291
5197,384,cat_2,384
5198,511,cat_3,511
5199,124,cat_4,124
5200,570,cat_0,570
5201,76,cat_1,76
5202,320,cat_2,320
5203,371,cat_3,371
5204,646,cat_4,646
5205,859,cat_0,859
5206,306,cat_1,306
5207,281,cat_2,281
5208,670,cat_3,670
5209,317,cat_4,317
5210,505,cat_0,505
5211,40,cat_1,40
5212,334,cat_2,334
5213,842,cat_3,842
5214,573,cat_4,573
5215,800,cat_0,800
5216,721,cat_1,721
5217,493,cat_2,493
5218,559,cat_3,559
5219,409,cat_4,409
5220,470,cat_0,470
5221,301,cat_1,301
5222,899,cat_2,899
5223,52,cat_3,52
5224,726,cat_4,726
5225,273,cat_0,273
5226,652,cat_1,652
5227,290,cat_2,290
5228,271,cat_3,271
5229,51,cat_4,51
5230,502,cat_0,502
5231,771,cat_1,771
5232,835,cat_2,835
5233,762,cat_3,762
5234,734,cat_4,734
5235,959,cat_0,959
5236,515,cat_1,515
5237,528,cat_2,528
5238,407,cat_3,407
5239,100,cat_4,100
5240,780,cat_0,780
5241,220,cat_1,220
5242,226,cat_2,226
5243,148,cat_3,148
5244,216,cat_4,216
5245,855,cat_0,855
5246,372,cat_1,372
5247,740,cat_2,740
5248,294,cat_3,294
5249,731,cat_4,731
5250,200,cat_0,200
5251,34,cat_1,34
5252,913,cat_2,913
5253,209,cat_3,209
5254,498,cat_4,498
5255,43,cat_0,43
5256,629,cat_1,629
5257,880,cat_2,880
5258,275,cat_3,275
5259,189,cat_4,189
5260,488,cat_0,488
5261,707,cat_1,707
5262,992,cat_2,992
5263,967,cat_3,967
5264,636,cat_4,636
5265,974,cat_0,974
5266,299,cat_1,299
5267,275,cat_2,275
5268,448,cat_3,448
5269,426,cat_4,426
5270,297,cat_0,297
5271,407,cat_1,407
5272,974,cat_2,974
5273,101,cat_3,101
5274,905,cat_4,905
5275,593,cat_0,593
5276,583,cat_1,583
5277,640,cat_2,640
5278,133,cat_3,133
5279,502,cat_4,502
5280,847,cat_0,847
5281,497,cat_1,497
5282,298,cat_2,298
5283,61,cat_3,61
5284,24,cat_4,24
5285,310,cat_0,310
5286,501,cat_1,501
5287,357,cat_2,357
5288,654,cat_3,654
5289,249,cat_4,249
5290,643,cat_0,643
5291,399,cat_1,399
5292,370,cat_2,370
5293,836,cat_3,836
5294,476,cat_4,476
5295,573,cat_0,573
5296,647,cat_1,647
5297,486,cat_2,486
5298,987,cat_3,987
5299,575,cat_4,575
5300,399,cat_0,399
5301,783,cat_1,783
5302,902,cat_2,902
5303,123,cat_3,123
5304,215,cat_4,215
5305,631,cat_0,631
5306,693,cat_1,693
5307,551,cat_2,551
5308,184,cat_3,184
5309,102,cat_4,102
5310,288,cat_0,288
5311,722,cat_1,722
5312,694,cat_2,694
5313,560,cat_3,560
5314,826,cat_4,826
5315,556,cat_0,556
5316,27,cat_1,27
5317,914,cat_2,914
5318,925,cat_3,925
5319,158,cat_4,158
5320,101,cat_0,101
5321,727,cat_1,727
5322,983,cat_2,983
5323,760,cat_3,760
5324,58,cat_4,58
5325,200,cat_0,200
5326,216,cat_1,216
5327,903,cat_2,903
5328,171,cat_3,171
5329,23,cat_4,23
5330,313,cat_0,313
5331,567,cat_1,567
5332,141,cat_2,141
5333,802,cat_3,802
5334,469,cat_4,469
5335,867,cat_0,867
5336,515,cat_1,515
5337,869,cat_2,869
5338,878,cat_3,878
5339,784,cat_4,784
5340,383,cat_0,383
5341,577,cat_1,577
5342,794,cat_2,794
5343,672,cat_3,672
5344,991,cat_4,991
5345,779,cat_0,779
5346,886,cat_1,886
5347,483,cat_2,483
5348,969,cat_3,969
5349,565,cat_4,565
5350,873,cat_0,873
5351,549,cat_1,549
5352,725,cat_2,725
5353,429,cat_3,429
5354,329,cat_4,329
5355,58,cat_0,58
5356,674,cat_1,674
5357,833,cat_2,833
5358,349,cat_3,349
5359,818,cat_4,818
5360,205,cat_0,205
5361,417,cat_1,417
5362,761,cat_2,761
5363,654,cat_3,654
5364,500,cat_4,500
5365,570,cat_0,570
5366,375,cat_1,375
5367,641,cat_2,641
5368,994,cat_3,994
5369,214,cat_4,214
5370,974,cat_0,974
5371,462,cat_1,462
5372,172,cat_2,172
5373,487,cat_3,487
5374,910,cat_4,910
5375,757,cat_0,757
5376,743,cat_1,743
5377,2,cat_2,2
5378,480,cat_3,480
5379,303,cat_4,303
5380,571,cat_0,571
5381,399,cat_1,399
5382,633,cat_2,633
5383,714,cat_3,714
5384,928,cat_4,928
5385,640,cat_0,640
5386,188,cat_1,188
5387,706,cat_2,706
5388,723,cat_3,723
5389,680,cat_4,680
5390,31,cat_0,31
5391,277,cat_1,277
5392,679,cat_2,679
5393,961,cat_3,961
5394,729,cat_4,729
5395,190,cat_0,190
5396,808,cat_1,808
5397,935,cat_2,935
5398,982,cat_3,982
5399,882,cat_4,882
5400,775,cat_0,775
5401,601,cat_1,601
5402,816,cat_2,816
5403,756,cat_3,756
5404,353,cat_4,353
5405,324,cat_0,324
5406,143,cat_1,143
5407,567,cat_2,567
5408,760,cat_3,760
5409,790,cat_4,790
5410,526,cat_0,526
5411,381,cat_1,381
5412,316,cat_2,316
5413,525,cat_3,525
5414,108,cat_4,108
5415,377,cat_0,377
5416,579,cat_1,579
5417,828,cat_2,828
5418,707,cat_3,707
5419,242,cat_4,242
5420,386,cat_0,386
5421,290,cat_1,290
5422,398,cat_2,398
5423,746,cat_3,746
5424,424,cat_4,424
5425,762,cat_0,762
5426,144,cat_1,144
5427,257,cat_2,257
5428,598,cat_3,598
5429,524,cat_4,524
5430,282,cat_0,282
5431,884,cat_1,884
5432,990,cat_2,990
5433,559,cat_3,559
5434,358,cat_4,358
5435,503,cat_0,503
5436,369,cat_1,369
5437,72,cat_2,72
5438,742,cat_3,742
5439,24,cat_4,24
5440,750,cat_0,750
5441,141,cat_1,141
5442,454,cat_2,454
5443,75,cat_3,75
5444,987,cat_4,987
5445,166,cat_0,166
5446,487,cat_1,487
5447,362,cat_2,362
5448,852,cat_3,852
5449,254,cat_4,254
5450,33,cat_0,33
5451,581,cat_1,581
5452,677,cat_2,677
5453,917,cat_3,917
5454,39,cat_4,39
5455,618,cat_0,618
5456,779,cat_1,779
5457,164,cat_2,164
5458,889,cat_3,889
5459,818,cat_4,818
5460,888,cat_0,888
5461,479,cat_1,479
5462,602,cat_2,602
5463,506,cat_3,506
5464,607,cat_4,607
5465,174,cat_0,174
5466,350,cat_1,350
5467,947,cat_2,947
5468,915,cat_3,915
5469,605,cat_4,605
5470,770,cat_0,770
5471,850,cat_1,850
5472,881,cat_2,881
5473,853,cat_3,853
5474,417,cat_4,417
5475,837,cat_0,837
5476,994,cat_1,994
5477,377,cat_2,377
5478,347,cat_3,347
5479,372,cat_4,372
5480,722,cat_0,722
5481,355,cat_1,355
5482,15,cat_2,15
5483,55,cat_3,55
5484,440,cat_4,440
5485,937,cat_0,937
5486,849,cat_1,849
5487,472,cat_2,472
5488,430,cat_3,430
5489,582,cat_4,582
5490,91,cat_0,91
5491,85,cat_1,85
5492,429,cat_2,429
5493,95,cat_3,95
5494,773,cat_4,773
5495,965,cat_0,965
5496,402,cat_1,402
5497,964,cat_2,964
5498,8,cat_3,8
5499,54,cat_4,54
5500,674,cat_0,674
5501,659,cat_1,659
5502,52,cat_2,52
5503,128,cat_3,128
5504,354,cat_4,354
5505,384,cat_0,384
5506,133,cat_1,133
5507,147,cat_2,147
5508,417,cat_3,417
5509,360,cat_4,360
5510,581,cat_0,581
5511,309,cat_1,309
5512,787,cat_2,787
5513,188,cat_3,188
5514,18,cat_4,18
5515,280,cat_0,280
5516,290,cat_1,290
5517,431,cat_2,431
5518,873,cat_3,873
5519,625,cat_4,625
5520,113,cat_0,113
5521,385,cat_1,385
5522,181,cat_2,181
5523,400,cat_3,400
5524,562,cat_4,562
5525,308,cat_0,308
5526,817,cat_1,817
5527,975,cat_2,975
5528,953,cat_3,953
5529,681,cat_4,681
5530,814,cat_0,814
5531,657,cat_1,657
5532,229,cat_2,229
5533,952,cat_3,952
5534,669,cat_4,669
5535,106,cat_0,106
5536,614,cat_1,614
5537,80,cat_2,80
5538,250,cat_3,250
5539,129,cat_4,129
5540,60,cat_0,60
5541,788,cat_1,788
5542,232,cat_2,232
5543,251,cat_3,251
5544,907,cat_4,907
5545,590,cat_0,590
5546,725,cat_1,725
5547,826,cat_2,826
5548,386,cat_3,386
5549,415,cat_4,415
5550,514,cat_0,514
5551,552,cat_1,552
5552,110,cat_2,110
5553,461,cat_3,461
5554,152,cat_4,152
5555,9,cat_0,9
5556,319,cat_1,319
5557,253,cat_2,253
5558,120,cat_3,120
5559,529,cat_4,529
5560,580,cat_0,580
5561,40,cat_1,40
5562,658,cat_2,658
5563,671,cat_3,671
5564,210,cat_4,210
5565,926,cat_0,926
5566,150,cat_1,150
5567,963,cat_2,963
5568,209,cat_3,209
5569,62,cat_4,62
5570,921,cat_0,921
5571,66,cat_1,66
5572,227,cat_2,227
5573,60,cat_3,60
5574,158,cat_4,158
5575,393,cat_0,393
5576,366,cat_1,366
5577,203,cat_2,203
5578,671,cat_3,671
5579,323,cat_4,323
5580,866,cat_0,866
5581,823,cat_1,823
5582,980,cat_2,980
5583,161,cat_3,161
5584,802,cat_4,802
5585,163,cat_0,163
5586,690,cat_1,690
5587,88,cat_2,88
5588,209,cat_3,209
5589,250,cat_4,250
5590,873,cat_0,873
5591,599,cat_1,599
5592,600,cat_2,600
5593,789,cat_3,789
5594,5,cat_4,5
5595,594,cat_0,594
5596,598,cat_1,598
5597,13,cat_2,13
5598,475,cat_3,475
5599,745,cat_4,745
5600,428,cat_0,428
5601,794,cat_1,794
5602,808,cat_2,808
5603,994,cat_3,994
5604,73,cat_4,73
5605,158,cat_0,158
5606,79,cat_1,79
5607,563,cat_2,563
5608,11,cat_3,11
5609,410,cat_4,410
5610,630,cat_0,630
5611,632,cat_1,632
5612,976,cat_2,976
5613,189,cat_3,189
5614,355,cat_4,355
5615,517,cat_0,517
5616,780,cat_1,780
5617,842,cat_2,842
5618,13,cat_3,13
5619,867,cat_4,867
5620,15,cat_0,15
5621,723,cat_1,723
5622,15,cat_2,15
5623,701,cat_3,701
5624,512,cat_4,512
5625,526,cat_0,526
5626,573,cat_1,573
5627,57,cat_2,57
5628,961,cat_3,961
5629,573,cat_4,573
5630,38,cat_0,38
5631,447,cat_1,447
5632,143,cat_2,143
5633,710,cat_3,710
5634,549,cat_4,549
5635,529,cat_0,529
5636,690,cat_1,690
5637,962,cat_2,962
5638,940,cat_3,940
5639,295,cat_4,295
5640,531,cat_0,531
5641,266,cat_1,266
5642,899,cat_2,899
5643,787,cat_3,787
5644,625,cat_4,625
5645,223,cat_0,223
5646,99,cat_1,99
5647,74,cat_2,74
5648,782,cat_3,782
5649,954,cat_4,954
5650,375,cat_0,375
5651,865,cat_1,865
5652,379,cat_2,379
5653,360,cat_3,360
5654,273,cat_4,273
5655,655,cat_0,655
5656,311,cat_1,311
5657,970,cat_2,970
5658,719,cat_3,719
5659,672,cat_4,672
5660,441,cat_0,441
5661,164,cat_1,164
5662,941,cat_2,941
5663,97,cat_3,97
5664,38,cat_4,38
5665,772,cat_0,772
5666,331,cat_1,331
5667,144,cat_2,144
5668,508,cat_3,508
5669,688,cat_4,688
5670,811,cat_0,811
5671,225,cat_1,225
5672,67,cat_2,67
5673,350,cat_3,350
5674,732,cat_4,732
5675,384,cat_0,384
5676,741,cat_1,741
5677,260,cat_2,260
5678,730,cat_3,730
5679,197,cat_4,197
5680,366,cat_0,366
5681,688,cat_1,688
5682,615,cat_2,615
5683,749,cat_3,749
5684,894,cat_4,894
5685,2,cat_0,2
5686,391,cat_1,391
5687,585,cat_2,585
5688,610,cat_3,610
5689,137,cat_4,137
5690,506,cat_0,506
5691,530,cat_1,530
5692,157,cat_2,157
5693,318,cat_3,318
5694,415,cat_4,415
5695,311,cat_0,311
5696,363,cat_1,363
5697,816,cat_2,816
5698,378,cat_3,378
5699,463,cat_4,463
5700,733,cat_0,733
5701,14,cat_1,14
5702,581,cat_2,581
5703,991,cat_3,991
5704,315,cat_4,315
5705,571,cat_0,571
5706,369,cat_1,369
5707,595,cat_2,595
5708,356,cat_3,356
5709,676,cat_4,676
5710,577,cat_0,577
5711,199,cat_1,199
5712,129,cat_2,129
5713,127,cat_3,127
5714,365,cat_4,365
5715,975,cat_0,975
5716,45,cat_1,45
5717,346,cat_2,346
5718,869,cat_3,869
5719,356,cat_4,356
5720,166,cat_0,166
5721,490,cat_1,490
5722,317,cat_2,317
5723,650,cat_3,650
5724,436,cat_4,436
5725,156,cat_0,156
5726,330,cat_1,330
5727,66,cat_2,66
5728,577,cat_3,577
5729,864,cat_4,864
5730,643,cat_0,643
5731,529,cat_1,529
5732,298,cat_2,298
5733,688,cat_3,688
5734,563,cat_4,563
5735,391,cat_0,391
5736,338,cat_1,338
5737,884,cat_2,884
5738,294,cat_3,294
5739,1,cat_4,1
5740,547,cat_0,547
5741,146,cat_1,146
5742,952,cat_2,952
5743,898,cat_3,898
5744,362,cat_4,362
5745,590,cat_0,590
5746,385,cat_1,385
5747,482,cat_2,482
5748,612,cat_3,612
5749,667,cat_4,667
5750,183,cat_0,183
5751,581,cat_1,581
5752,798,cat_2,798
5753,579,cat_3,579
5754,984,cat_4,984
5755,235,cat_0,235
5756,399,cat_1,399
5757,839,cat_2,839
5758,755,cat_3,755
5759,520,cat_4,520
5760,629,cat_0,629
5761,188,cat_1,188
5762,842,cat_2,842
5763,736,cat_3,736
5764,290,cat_4,290
5765,705,cat_0,705
5766,565,cat_1,565
5767,787,cat_2,787
5768,96,cat_3,96
5769,609,cat_4,609
5770,335,cat_0,335
5771,779,cat_1,779
5772,154,cat_2,154
5773,310,cat_3,310
5774,882,cat_4,882
5775,577,cat_0,577
5776,286,cat_1,286
5777,534,cat_2,534
5778,283,cat_3,283
5779,865,cat_4,865
5780,574,cat_0,574
5781,197,cat_1,197
5782,260,cat_2,260
5783,398,cat_3,398
5784,34,cat_4,34
5785,84,cat_0,84
5786,167,cat_1,167
5787,892,cat_2,892
5788,577,cat_3,577
5789,905,cat_4,905
5790,884,cat_0,884
5791,345,cat_1,345
5792,84,cat_2,84
5793,324,cat_3,324
5794,27,cat_4,27
5795,276,cat_0,276
5796,203,cat_1,203
5797,58,cat_2,58
5798,547,cat_3,547
5799,143,cat_4,143
5800,218,cat_0,218
5801,130,cat_1,130
5802,535,cat_2,535
5803,79,cat_3,79
5804,755,cat_4,755
5805,166,cat_0,166
5806,962,cat_1,962
5807,664,cat_2,664
5808,214,cat_3,214
5809,974,cat_4,974
5810,633,cat_0,633
5811,878,cat_1,878
5812,708,cat_2,708
5813,962,cat_3,962
5814,345,cat_4,345
5815,127,cat_0,127
5816,685,cat_1,685
5817,944,cat_2,944
5818,165,cat_3,165
5819,957,cat_4,957
5820,141,cat_0,141
5821,232,cat_1,232
5822,18,cat_2,18
5823,192,cat_3,192
5824,518,cat_4,518
5825,461,cat_0,461
5826,519,cat_1,519
5827,598,cat_2,598
5828,623,cat_3,623
5829,348,cat_4,348
5830,273,cat_0,273
5831,118,cat_1,118
5832,6,cat_2,6
5833,537,cat_3,537
5834,195,cat_4,195
5835,4,cat_0,4
5836,342,cat_1,342
5837,619,cat_2,619
5838,261,cat_3,261
5839,226,cat_4,226
5840,163,cat_0,163
5841,755,cat_1,755
5842,406,cat_2,406
5843,571,cat_3,571
5844,361,cat_4,361
5845,259,cat_0,259
5846,542,cat_1,542
5847,798,cat_2,798
5848,552,cat_3,552
5849,428,cat_4,428
5850,818,cat_0,818
5851,423,cat_1,423
5852,963,cat_2,963
5853,631,cat_3,631
5854,36,cat_4,36
5855,711,cat_0,711
5856,687,cat_1,687
5857,180,cat_2,180
5858,860,cat_3,860
5859,169,cat_4,169
5860,399,cat_0,399
5861,427,cat_1,427
5862,283,cat_2,283
5863,361,cat_3,361
5864,281,cat_4,281
5865,690,cat_0,690
5866,22,cat_1,22
5867,486,cat_2,486
5868,201,cat_3,201
5869,446,cat_4,446
5870,969,cat_0,969
5871,704,cat_1,704
5872,961,cat_2,961
5873,27,cat_3,27
5874,767,cat_4,767
5875,541,cat_0,541
5876,343,cat_1,343
5877,558,cat_2,558
5878,545,cat_3,545
5879,336,cat_4,336
5880,910,cat_0,910
5881,398,cat_1,398
5882,304,cat_2,304
5883,778,cat_3,778
5884,791,cat_4,791
5885,223,cat_0,223
5886,627,cat_1,627
5887,629,cat_2,629
5888,108,cat_3,108
5889,541,cat_4,541
5890,175,cat_0,175
5891,400,cat_1,400
5892,243,cat_2,243
5893,220,cat_3,220
5894,572,cat_4,572
5895,333,cat_0,333
5896,433,cat_1,433
5897,28,cat_2,28
5898,802,cat_3,802
5899,605,cat_4,605
5900,121,cat_0,121
5901,988,cat_1,988
5902,649,cat_2,649
5903,71,cat_3,71
5904,774,cat_4,774
5905,56,cat_0,56
5906,952,cat_1,952
5907,652,cat_2,652
5908,840,cat_3,840
5909,598,cat_4,598
5910,563,cat_0,563
5911,390,cat_1,390
5912,339,cat_2,339
5913,263,cat_3,263
5914,248,cat_4,248
5915,87,cat_0,87
5916,347,cat_1,347
5917,663,cat_2,663
5918,821,cat_3,821
5919,31,cat_4,31
5920,403,cat_0,403
5921,783,cat_1,783
5922,838,cat_2,838
5923,606,cat_3,606
5924,629,cat_4,629
5925,707,cat_0,707
5926,568,cat_1,568
5927,168,cat_2,168
5928,852,cat_3,852
5929,923,cat_4,923
5930,248,cat_0,248
5931,829,cat_1,829
5932,791,cat_2,791
5933,73,cat_3,73
5934,517,cat_4,517
5935,596,cat_0,596
5936,15,cat_1,15
5937,372,cat_2,372
5938,850,cat_3,850
5939,600,cat_4,600
5940,409,cat_0,409
5941,423,cat_1,423
5942,455,cat_2,455
5943,921,cat_3,921
5944,392,cat_4,392
5945,186,cat_0,186
5946,58,cat_1,58
5947,683,cat_2,683
5948,200,cat_3,200
5949,335,cat_4,335
5950,188,cat_0,188
5951,129,cat_1,129
5952,348,cat_2,348
5953,266,cat_3,266
5954,914,cat_4,914
5955,120,cat_0,120
5956,996,cat_1,996
5957,458,cat_2,458
5958,273,cat_3,273
5959,143,cat_4,143
5960,145,cat_0,145
5961,624,cat_1,624
5962,830,cat_2,830
5963,250,cat_3,250
5964,354,cat_4,354
5965,404,cat_0,404
5966,793,cat_1,793
5967,189,cat_2,189
5968,540,cat_3,540
5969,26,cat_4,26
5970,972,cat_0,972
5971,502,cat_1,502
5972,362,cat_2,362
5973,363,cat_3,363
5974,51,cat_4,51
5975,90,cat_0,90
5976,751,cat_1,751
5977,383,cat_2,383
5978,846,cat_3,846
5979,788,cat_4,788
5980,278,cat_0,278
5981,607,cat_1,607
5982,7,cat_2,7
5983,548,cat_3,548
5984,932,cat_4,932
5985,739,cat_0,739
5986,789,cat_1,789
5987,352,cat_2,352
5988,161,cat_3,161
5989,123,cat_4,123
5990,262,cat_0,262
5991,373,cat_1,373
5992,525,cat_2,525
5993,434,cat_3,434
5994,807,cat_4,807
5995,146,cat_0,146
5996,370,cat_1,370
5997,895,cat_2,895
5998,957,cat_3,957
5999,125,cat_4,125
6000,272,cat_0,272
6001,625,cat_1,625
6002,912,cat_2,912
6003,773,cat_3,773
6004,305,cat_4,305
6005,748,cat_0,748
6006,372,cat_1,372
6007,410,cat_2,410
6008,724,cat_3,724
6009,816,cat_4,816
6010,185,cat_0,185
6011,765,cat_1,765
6012,450,cat_2,450
6013,790,cat_3,790
6014,617,cat_4,617
6015,419,cat_0,419
6016,716,cat_1,716
6017,555,cat_2,555
6018,460,cat_3,460
6019,759,cat_4,759
6020,782,cat_0,782
6021,782,cat_1,782
6022,676,cat_2,676
6023,348,cat_3,348
6024,851,cat_4,851
6025,895,cat_0,895
6026,479,cat_1,479
6027,199,cat_2,199
6028,201,cat_3,201
6029,753,cat_4,753
6030,332,cat_0,332
6031,319,cat_1,319
6032,313,cat_2,313
6033,252,cat_3,252
6034,752,cat_4,752
6035,443,cat_0,443
6036,951,cat_1,951
6037,218,cat_2,218
6038,174,cat_3,174
6039,218,cat_4,218
6040,216,cat_0,216
6041,358,cat_1,358
6042,783,cat_2,783
6043,8,cat_3,8
6044,238,cat_4,238
6045,64,cat_0,64
6046,68,cat_1,68
6047,168,cat_2,168
6048,582,cat_3,582
6049,766,cat_4,766
6050,312,cat_0,312
6051,65,cat_1,65
6052,552,cat_2,552
6053,653,cat_3,653
6054,672,cat_4,672
6055,354,cat_0,354
6056,89,cat_1,89
6057,149,cat_2,149
6058,754,cat_3,754
6059,977,cat_4,977
6060,340,cat_0,340
6061,98,cat_1,98
6062,328,cat_2,328
6063,203,cat_3,203
6064,545,cat_4,545
6065,39,cat_0,39
6066,536,cat_1,536
6067,805,cat_2,805
6068,692,cat_3,692
6069,530,cat_4,530
6070,645,cat_0,645
6071,389,cat_1,389
6072,707,cat_2,707
6073,600,cat_3,600
6074,295,cat_4,295
6075,467,cat_0,467
6076,157,cat_1,157
6077,872,cat_2,872
6078,799,cat_3,799
6079,644,cat_4,644
6080,399,cat_0,399
6081,368,cat_1,368
6082,481,cat_2,481
6083,537,cat_3,537
6084,870,cat_4,870
6085,464,cat_0,464
6086,126,cat_1,126
6087,330,cat_2,330
6088,973,cat_3,973
6089,173,cat_4,173
6090,214,cat_0,214
6091,828,cat_1,828
6092,871,cat_2,871
6093,628,cat_3,628
6094,275,cat_4,275
6095,947,cat_0,947
6096,590,cat_1,590
6097,218,cat_2,218
6098,661,cat_3,661
6099,658,cat_4,658
6100,541,cat_0,541
6101,388,cat_1,388
6102,780,cat_2,780
6103,791,cat_3,791
6104,709,cat_4,709
6105,458,cat_0,458
6106,961,cat_1,961
6107,876,cat_2,876
6108,277,cat_3,277
6109,705,cat_4,705
6110,543,cat_0,543
6111,889,cat_1,889
6112,164,cat_2,164
6113,836,cat_3,836
6114,331,cat_4,331
6115,174,cat_0,174
6116,417,cat_1,417
6117,683,cat_2,683
6118,29,cat_3,29
6119,895,cat_4,895
6120,553,cat_0,553
6121,710,cat_1,710
6122,749,cat_2,749
6123,76,cat_3,76
6124,916,cat_4,916
6125,344,cat_0,344
6126,730,cat_1,730
6127,273,cat_2,273
6128,354,cat_3,354
6129,930,cat_4,930
6130,460,cat_0,460
6131,629,cat_1,629
6132,706,cat_2,706
6133,891,cat_3,891
6134,95,cat_4,95
6135,22,cat_0,22
6136,944,cat_1,944
6137,342,cat_2,342
6138,826,cat_3,826
6139,259,cat_4,259
6140,948,cat_0,948
6141,514,cat_1,514
6142,144,cat_2,144
6143,294,cat_3,294
6144,706,cat_4,706
6145,419,cat_0,419
6146,539,cat_1,539
6147,806,cat_2,806
6148,97,cat_3,97
6149,73,cat_4,73
6150,447,cat_0,447
6151,993,cat_1,993
6152,714,cat_2,714
6153,391,cat_3,391
6154,979,cat_4,979
6155,122,cat_0,122
6156,474,cat_1,474
6157,417,cat_2,417
6158,925,cat_3,925
6159,443,cat_4,443
6160,167,cat_0,167
6161,933,cat_1,933
6162,571,cat_2,571
6163,705,cat_3,705
6164,438,cat_4,438
6165,706,cat_0,706
6166,600,cat_1,600
6167,5,cat_2,5
6168,851,cat_3,851
6169,424,cat_4,424
6170,276,cat_0,276
6171,320,cat_1,320
6172,130,cat_2,130
6173,256,cat_3,256
6174,659,cat_4,659
6175,851,cat_0,851
6176,567,cat_1,567
6177,433,cat_2,433
6178,156,cat_3,156
6179,699,cat_4,699
6180,741,cat_0,741
6181,328,cat_1,328
6182,163,cat_2,163
6183,41,cat_3,41
6184,980,cat_4,980
6185,178,cat_0,178
6186,683,cat_1,683
6187,615,cat_2,615
6188,174,cat_3,174
6189,610,cat_4,610
6190,651,cat_0,651
6191,800,cat_1,800
6192,338,cat_2,338
6193,813,cat_3,813
6194,195,cat_4,195
6195,604,cat_0,604
6196,836,cat_1,836
6197,175,cat_2,175
6198,349,cat_3,349
6199,433,cat_4,433
6200,828,cat_0,828
6201,604,cat_1,604
6202,80,cat_2,80
6203,942,cat_3,942
6204,847,cat_4,847
6205,598,cat_0,598
6206,184,cat_1,184
6207,645,cat_2,645
6208,892,cat_3,892
6209,261,cat_4,261
6210,274,cat_0,274
6211,756,cat_1,756
6212,451,cat_2,451
6213,960,cat_3,960
6214,518,cat_4,518
6215,70,cat_0,70
6216,788,cat_1,788
6217,944,cat_2,944
6218,678,cat_3,678
6219,538,cat_4,538
6220,244,cat_0,244
6221,251,cat_1,251
6222,830,cat_2,830
6223,855,cat_3,855
6224,313,cat_4,313
6225,656,cat_0,656
6226,723,cat_1,723
6227,546,cat_2,546
6228,86,cat_3,86
6229,152,cat_4,152
6230,989,cat_0,989
6231,960,cat_1,960
6232,11,cat_2,11
6233,484,cat_3,484
6234,861,cat_4,861
6235,641,cat_0,641
6236,906,cat_1,906
6237,150,cat_2,150
6238,519,cat_3,519
6239,847,cat_4,847
6240,58,cat_0,58
6241,741,cat_1,741
6242,124,cat_2,124
6243,213,cat_3,213
6244,105,cat_4,105
6245,988,cat_0,988
6246,324,cat_1,324
6247,993,cat_2,993
6248,423,cat_3,423
6249,23,cat_4,23
6250,293,cat_0,293
6251,389,cat_1,389
6252,877,cat_2,877
6253,550,cat_3,550
6254,889,cat_4,889
6255,976,cat_0,976
6256,162,cat_1,162
6257,389,cat_2,389
6258,57,cat_3,57
6259,496,cat_4,496
6260,50,cat_0,50
6261,167,cat_1,167
6262,346,cat_2,346
6263,390,cat_3,390
6264,744,cat_4,744
6265,901,cat_0,901
6266,416,cat_1,416
6267,314,cat_2,314
6268,174,cat_3,174
6269,486,cat_4,486
6270,285,cat_0,285
6271,179,cat_1,179
6272,850,cat_2,850
6273,605,cat_3,605
6274,399,cat_4,399
6275,552,cat_0,552
6276,394,cat_1,394
6277,886,cat_2,886
6278,444,cat_3,444
6279,230,cat_4,230
6280,317,cat_0,317
6281,524,cat_1,524
6282,269,cat_2,269
6283,551,cat_3,551
6284,371,cat_4,371
6285,239,cat_0,239
6286,598,cat_1,598
6287,306,cat_2,306
6288,436,cat_3,436
6289,371,cat_4,371
6290,352,cat_0,352
6291,237,cat_1,237
6292,576,cat_2,576
6293,172,cat_3,172
6294,33,cat_4,33
6295,402,cat_0,402
6296,569,cat_1,569
6297,153,cat_2,153
6298,937,cat_3,937
6299,105,cat_4,105
6300,512,cat_0,512
6301,149,cat_1,149
6302,851,cat_2,851
6303,525,cat_3,525
6304,663,cat_4,663
6305,760,cat_0,760
6306,301,cat_1,301
6307,26,cat_2,26
6308,720,cat_3,720
6309,614,cat_4,614
6310,182,cat_0,182
6311,623,cat_1,623
6312,118,cat_2,118
6313,373,cat_3,373
6314,258,cat_4,258
6315,575,cat_0,575
6316,816,cat_1,816
6317,176,cat_2,176
6318,729,cat_3,729
6319,130,cat_4,130
6320,71,cat_0,71
6321,345,cat_1,345
6322,469,cat_2,469
6323,546,cat_3,546
6324,898,cat_4,898
6325,148,cat_0,148
6326,791,cat_1,791
6327,75,cat_2,75
6328,857,cat_3,857
6329,195,cat_4,195
6330,928,cat_0,928
6331,216,cat_1,216
6332,4,cat_2,4
6333,132,cat_3,132
6334,818,cat_4,818
6335,692,cat_0,692
6336,654,cat_1,654
6337,105,cat_2,105
6338,815,cat_3,815
6339,789,cat_4,789
6340,286,cat_0,286
6341,46,cat_1,46
6342,263,cat_2,263
6343,399,cat_3,399
6344,324,cat_4,324
6345,871,cat_0,871
6346,243,cat_1,243
6347,19,cat_2,19
6348,600,cat_3,600
6349,206,cat_4,206
6350,511,cat_0,511
6351,540,cat_1,540
6352,315,cat_2,315
6353,844,cat_3,844
6354,316,cat_4,316
6355,256,cat_0,256
6356,502,cat_1,502
6357,460,cat_2,460
6358,114,cat_3,114
6359,670,cat_4,670
6360,875,cat_0,875
6361,177,cat_1,177
6362,522,cat_2,522
6363,300,cat_3,300
6364,118,cat_4,118
6365,521,cat_0,521
6366,624,cat_1,624
6367,47,cat_2,47
6368,46,cat_3,46
6369,572,cat_4,572
6370,992,cat_0,992
6371,56,cat_1,56
6372,758,cat_2,758
6373,929,cat_3,929
6374,676,cat_4,676
6375,307,cat_0,307
6376,684,cat_1,684
6377,48,cat_2,48
6378,880,cat_3,880
6379,910,cat_4,910
6380,857,cat_0,857
6381,412,cat_1,412
6382,652,cat_2,652
6383,204,cat_3,204
6384,934,cat_4,934
6385,740,cat_0,740
6386,968,cat_1,968
6387,269,cat_2,269
6388,6,cat_3,6
6389,234,cat_4,234
6390,910,cat_0,910
6391,623,cat_1,623
6392,714,cat_2,714
6393,93,cat_3,93
6394,458,cat_4,458
6395,447,cat_0,447
6396,966,cat_1,966
6397,130,cat_2,130
6398,997,cat_3,997
6399,926,cat_4,926
6400,737,cat_0,737
6401,90,cat_1,90
6402,783,cat_2,783
6403,519,cat_3,519
6404,460,cat_4,460
6405,497,cat_0,497
6406,146,cat_1,146
6407,178,cat_2,178
6408,82,cat_3,82
6409,108,cat_4,108
6410,342,cat_0,342
6411,86,cat_1,86
6412,517,cat_2,517
6413,81,cat_3,81
6414,711,cat_4,711
6415,463,cat_0,463
6416,113,cat_1,113
6417,69,cat_2,69
6418,457,cat_3,457
6419,290,cat_4,290
6420,497,cat_0,497
6421,903,cat_1,903
6422,617,cat_2,617
6423,725,cat_3,725
6424,667,cat_4,667
6425,368,cat_0,368
6426,846,cat_1,846
6427,252,cat_2,252
6428,989,cat_3,989
6429,373,cat_4,373
6430,870,cat_0,870
6431,76,cat_1,76
6432,440,cat_2,440
6433,901,cat_3,901
6434,37,cat_4,37
6435,220,cat_0,220
6436,295,cat_1,295
6437,854,cat_2,854
6438,822,cat_3,822
6439,568,cat_4,568
6440,567,cat_0,567
6441,35,cat_1,35
6442,513,cat_2,513
6443,249,cat_3,249
6444,567,cat_4,567
6445,980,cat_0,980
6446,131,cat_1,131
6447,37,cat_2,37
6448,776,cat_3,776
6449,435,cat_4,435
6450,984,cat_0,984
6451,591,cat_1,591
6452,440,cat_2,440
6453,865,cat_3,865
6454,69,cat_4,69
6455,959,cat_0,959
6456,384,cat_1,384
6457,303,cat_2,303
6458,708,cat_3,708
6459,362,cat_4,362
6460,8,cat_0,8
6461,653,cat_1,653
6462,575,cat_2,575
6463,533,cat_3,533
6464,284,cat_4,284
6465,378,cat_0,378
6466,255,cat_1,255
6467,534,cat_2,534
6468,465,cat_3,465
6469,15,cat_4,15
6470,141,cat_0,141
6471,857,cat_1,857
6472,316,cat_2,316
6473,930,cat_3,930
6474,30,cat_4,30
6475,486,cat_0,486
6476,430,cat_1,430
6477,643,cat_2,643
6478,462,cat_3,462
6479,984,cat_4,984
6480,217,cat_0,217
6481,839,cat_1,839
6482,810,cat_2,810
6483,224,cat_3,224
6484,842,cat_4,842
6485,609,cat_0,609
6486,450,cat_1,450
6487,262,cat_2,262
6488,157,cat_3,157
6489,239,cat_4,239
6490,328,cat_0,328
6491,406,cat_1,406
6492,385,cat_2,385
6493,517,cat_3,517
6494,420,cat_4,420
6495,592,cat_0,592
6496,81,cat_1,81
6497,543,cat_2,543
6498,75,cat_3,75
6499,301,cat_4,301
6500,676,cat_0,676
6501,80,cat_1,80
6502,747,cat_2,747
6503,344,cat_3,344
6504,515,cat_4,515
6505,582,cat_0,582
6506,746,cat_1,746
6507,916,cat_2,916
6508,436,cat_3,436
6509,850,cat_4,850
6510,859,cat_0,859
6511,705,cat_1,705
6512,316,cat_2,316
6513,859,cat_3,859
6514,50,cat_4,50
6515,138,cat_0,138
6516,649,cat_1,649
6517,116,cat_2,116
6518,611,cat_3,611
6519,359,cat_4,359
6520,563,cat_0,563
6521,158,cat_1,158
6522,862,cat_2,862
6523,904,cat_3,904
6524,564,cat_4,564
6525,750,cat_0,750
6526,714,cat_1,714
6527,384,cat_2,384
6528,231,cat_3,231
6529,18,cat_4,18
6530,926,cat_0,926
6531,957,cat_1,957
6532,778,cat_2,778
6533,660,cat_3,660
6534,555,cat_4,555
6535,525,cat_0,525
6536,638,cat_1,638
6537,505,cat_2,505
6538,772,cat_3,772
6539,19,cat_4,19
6540,603,cat_0,603
6541,326,cat_1,326
6542,779,cat_2,779
6543,604,cat_3,604
6544,425,cat_4,425
6545,593,cat_0,593
6546,807,cat_1,807
6547,394,cat_2,394
6548,4,cat_3,4
6549,738,cat_4,738
6550,751,cat_0,751
6551,725,cat_1,725
6552,465,cat_2,465
6553,639,cat_3,639
6554,181,cat_4,181
6555,683,cat_0,683
6556,44,cat_1,44
6557,768,cat_2,768
6558,306,cat_3,306
6559,632,cat_4,632
6560,815,cat_0,815
6561,584,cat_1,584
6562,993,cat_2,993
6563,766,cat_3,766
6564,362,cat_4,362
6565,775,cat_0,775
6566,158,cat_1,158
6567,847,cat_2,847
6568,516,cat_3,516
6569,309,cat_4,309
6570,783,cat_0,783
6571,673,cat_1,673
6572,172,cat_2,172
6573,530,cat_3,530
6574,499,cat_4,499
6575,953,cat_0,953
6576,782,cat_1,782
6577,811,cat_2,811
6578,236,cat_3,236
6579,356,cat_4,356
6580,102,cat_0,102
6581,915,cat_1,915
6582,581,cat_2,581
6583,129,cat_3,129
6584,913,cat_4,913
6585,933,cat_0,933
6586,136,cat_1,136
6587,301,cat_2,301
6588,951,cat_3,951
6589,535,cat_4,535
6590,310,cat_0,310
6591,1000,cat_1,1000
6592,496,cat_2,496
6593,195,cat_3,195
6594,381,cat_4,381
6595,476,cat_0,476
6596,146,cat_1,146
6597,196,cat_2,196
6598,800,cat_3,800
6599,164,cat_4,164
6600,660,cat_0,660
6601,694,cat_1,694
6602,530,cat_2,530
6603,897,cat_3,897
6604,829,cat_4,829
6605,560,cat_0,560
6606,623,cat_1,623
6607,203,cat_2,203
6608,436,cat_3,436
6609,774,cat_4,774
6610,766,cat_0,766
6611,872,cat_1,872
6612,957,cat_2,957
6613,340,cat_3,340
6614,890,cat_4,890
6615,435,cat_0,435
6616,804,cat_1,804
6617,698,cat_2,698
6618,282,cat_3,282
6619,382,cat_4,382
6620,998,cat_0,998
6621,347,cat_1,347
6622,237,cat_2,237
6623,605,cat_3,605
6624,108,cat_4,108
6625,416,cat_0,416
6626,665,cat_1,665
6627,515,cat_2,515
6628,24,cat_3,24
6629,713,cat_4,713
6630,100,cat_0,100
6631,942,cat_1,942
6632,846,cat_2,846
6633,813,cat_3,813
6634,224,cat_4,224
6635,234,cat_0,234
6636,850,cat_1,850
6637,347,cat_2,347
6638,703,cat_3,703
6639,535,cat_4,535
6640,8,cat_0,8
6641,765,cat_1,765
6642,449,cat_2,449
6643,85,cat_3,85
6644,738,cat_4,738
6645,709,cat_0,709
6646,918,cat_1,918
6647,973,cat_2,973
6648,151,cat_3,151
6649,486,cat_4,486
6650,393,cat_0,393
6651,175,cat_1,175
6652,592,cat_2,592
6653,322,cat_3,322
6654,406,cat_4,406
6655,44,cat_0,44
6656,521,cat_1,521
6657,136,cat_2,136
6658,226,cat_3,226
6659,319,cat_4,319
6660,217,cat_0,217
6661,210,cat_1,210
6662,269,cat_2,269
6663,332,cat_3,332
6664,495,cat_4,495
6665,714,cat_0,714
6666,855,cat_1,855
6667,884,cat_2,884
6668,359,cat_3,359
6669,326,cat_4,326
6670,143,cat_0,143
6671,310,cat_1,310
6672,703,cat_2,703
6673,65,cat_3,65
6674,779,cat_4,779
6675,163,cat_0,163
6676,168,cat_1,168
6677,510,cat_2,510
6678,425,cat_3,425
6679,687,cat_4,687
6680,238,cat_0,238
6681,416,cat_1,416
6682,173,cat_2,173
6683,481,cat_3,481
6684,830,cat_4,830
6685,241,cat_0,241
6686,43,cat_1,43
6687,160,cat_2,160
6688,372,cat_3,372
6689,486,cat_4,486
6690,829,cat_0,829
6691,249,cat_1,249
6692,195,cat_2,195
6693,262,cat_3,262
6694,603,cat_4,603
6695,76,cat_0,76
6696,903,cat_1,903
6697,236,cat_2,236
6698,968,cat_3,968
6699,626,cat_4,626
6700,470,cat_0,470
6701,215,cat_1,215
6702,5,cat_2,5
6703,627,cat_3,627
6704,789,cat_4,789
6705,756,cat_0,756
6706,95,cat_1,95
6707,863,cat_2,863
6708,391,cat_3,391
6709,539,cat_4,539
6710,497,cat_0,497
6711,202,cat_1,202
6712,577,cat_2,577
6713,888,cat_3,888
6714,597,cat_4,597
6715,407,cat_0,407
6716,197,cat_1,197
6717,202,cat_2,202
6718,416,cat_3,416
6719,116,cat_4,116
6720,751,cat_0,751
6721,296,cat_1,296
6722,65,cat_2,65
6723,952,cat_3,952
6724,581,cat_4,581
6725,989,cat_0,989
6726,332,cat_1,332
6727,154,cat_2,154
6728,821,cat_3,821
6729,95,cat_4,95
6730,904,cat_0,904
6731,775,cat_1,775
6732,188,cat_2,188
6733,626,cat_3,626
6734,716,cat_4,716
6735,79,cat_0,79
6736,355,cat_1,355
6737,642,cat_2,642
6738,277,cat_3,277
6739,819,cat_4,819
6740,44,cat_0,44
6741,139,cat_1,139
6742,294,cat_2,294
6743,595,cat_3,595
6744,683,cat_4,683
6745,106,cat_0,106
6746,45,cat_1,45
6747,515,cat_2,515
6748,85,cat_3,85
6749,441,cat_4,441
6750,175,cat_0,175
6751,43,cat_1,43
6752,866,cat_2,866
6753,376,cat_3,376
6754,293,cat_4,293
6755,794,cat_0,794
6756,730,cat_1,730
6757,334,cat_2,334
6758,386,cat_3,386
6759,583,cat_4,583
6760,688,cat_0,688
6761,306,cat_1,306
6762,858,cat_2,858
6763,209,cat_3,209
6764,344,cat_4,344
6765,988,cat_0,988
6766,181,cat_1,181
6767,864,cat_2,864
6768,634,cat_3,634
6769,670,cat_4,670
6770,395,cat_0,395
6771,344,cat_1,344
6772,15,cat_2,15
6773,537,cat_3,537
6774,319,cat_4,319
6775,100,cat_0,100
6776,149,cat_1,149
6777,601,cat_2,601
6778,359,cat_3,359
6779,310,cat_4,310
6780,141,cat_0,141
6781,632,cat_1,632
6782,767,cat_2,767
6783,858,cat_3,858
6784,140,cat_4,140
6785,142,cat_0,142
6786,638,cat_1,638
6787,120,cat_2,120
6788,733,cat_3,733
6789,522,cat_4,522
6790,319,cat_0,319
6791,797,cat_1,797
6792,259,cat_2,259
6793,109,cat_3,109
6794,587,cat_4,587
6795,229,cat_0,229
6796,970,cat_1,970
6797,737,cat_2,737
6798,618,cat_3,618
6799,732,cat_4,732
6800,865,cat_0,865
6801,591,cat_1,591
6802,269,cat_2,269
6803,948,cat_3,948
6804,104,cat_4,104
6805,612,cat_0,612
6806,749,cat_1,749
6807,441,cat_2,441
6808,40,cat_3,40
6809,161,cat_4,161
6810,824,cat_0,824
6811,771,cat_1,771
6812,272,cat_2,272
6813,745,cat_3,745
6814,941,cat_4,941
6815,886,cat_0,886
6816,863,cat_1,863
6817,61,cat_2,61
6818,824,cat_3,824
6819,995,cat_4,995
6820,213,cat_0,213
6821,221,cat_1,221
6822,662,cat_2,662
6823,392,cat_3,392
6824,996,cat_4,996
6825,349,cat_0,349
6826,185,cat_1,185
6827,774,cat_2,774
6828,659,cat_3,659
6829,771,cat_4,771
6830,280,cat_0,280
6831,768,cat_1,768
6832,784,cat_2,784
6833,368,cat_3,368
6834,591,cat_4,591
6835,366,cat_0,366
6836,392,cat_1,392
6837,514,cat_2,514
6838,56,cat_3,56
6839,632,cat_4,632
6840,227,cat_0,227
6841,992,cat_1,992
6842,894,cat_2,894
6843,709,cat_3,709
6844,185,cat_4,185
6845,28,cat_0,28
6846,688,cat_1,688
6847,568,cat_2,568
6848,95,cat_3,95
6849,388,cat_4,388
6850,382,cat_0,382
6851,542,cat_1,542
6852,787,cat_2,787
6853,197,cat_3,197
6854,207,cat_4,207
6855,899,cat_0,899
6856,931,cat_1,931
6857,968,cat_2,968
6858,837,cat_3,837
6859,346,cat_4,346
6860,710,cat_0,710
6861,419,cat_1,419
6862,905,cat_2,905
6863,240,cat_3,240
6864,809,cat_4,809
6865,293,cat_0,293
6866,307,cat_1,307
6867,691,cat_2,691
6868,465,cat_3,465
6869,118,cat_4,118
6870,612,cat_0,612
6871,147,cat_1,147
6872,78,cat_2,78
6873,458,cat_3,458
6874,404,cat_4,404
6875,382,cat_0,382
6876,322,cat_1,322
6877,798,cat_2,798
6878,29,cat_3,29
6879,897,cat_4,897
6880,833,cat_0,833
6881,545,cat_1,545
6882,665,cat_2,665
6883,58,cat_3,58
6884,252,cat_4,252
6885,680,cat_0,680
6886,278,cat_1,278
6887,946,cat_2,946
6888,269,cat_3,269
6889,223,cat_4,223
6890,66,cat_0,66
6891,545,cat_1,545
6892,371,cat_2,371
6893,621,cat_3,621
6894,568,cat_4,568
6895,655,cat_0,655
6896,366,cat_1,366
6897,872,cat_2,872
6898,253,cat_3,253
6899,153,cat_4,153
6900,192,cat_0,192
6901,542,cat_1,542
6902,866,cat_2,866
6903,88,cat_3,88
6904,499,cat_4,499
6905,461,cat_0,461
6906,277,cat_1,277
6907,722,cat_2,722
6908,756,cat_3,756
6909,819,cat_4,819
6910,500,cat_0,500
6911,471,cat_1,471
6912,734,cat_2,734
6913,341,cat_3,341
6914,602,cat_4,602
6915,418,cat_0,418
6916,343,cat_1,343
6917,788,cat_2,788
6918,890,cat_3,890
6919,695,cat_4,695
6920,546,cat_0,546
6921,243,cat_1,243
6922,529,cat_2,529
6923,363,cat_3,363
6924,218,cat_4,218
6925,125,cat_0,125
6926,448,cat_1,448
6927,100,cat_2,100
6928,616,cat_3,616
6929,30,cat_4,30
6930,325,cat_0,325
6931,895,cat_1,895
6932,272,cat_2,272
6933,593,cat_3,593
6934,569,cat_4,569
6935,418,cat_0,418
6936,508,cat_1,508
6937,999,cat_2,999
6938,300,cat_3,300
6939,525,cat_4,525
6940,411,cat_0,411
6941,895,cat_1,895
6942,472,cat_2,472
6943,126,cat_3,126
6944,813,cat_4,813
6945,378,cat_0,378
6946,902,cat_1,902
6947,355,cat_2,355
6948,694,cat_3,694
6949,918,cat_4,918
6950,671,cat_0,671
6951,106,cat_1,106
6952,581,cat_2,581
6953,391,cat_3,391
6954,416,cat_4,416
6955,119,cat_0,119
6956,29,cat_1,29
6957,72,cat_2,72
6958,537,cat_3,537
6959,43,cat_4,43
6960,798,cat_0,798
6961,972,cat_1,972
6962,52,cat_2,52
6963,502,cat_3,502
6964,424,cat_4,424
6965,160,cat_0,160
6966,970,cat_1,970
6967,455,cat_2,455
6968,122,cat_3,122
6969,372,cat_4,372
6970,755,cat_0,755
6971,293,cat_1,293
6972,318,cat_2,318
6973,175,cat_3,175
6974,813,cat_4,813
6975,203,cat_0,203
6976,653,cat_1,653
6977,243,cat_2,243
6978,166,cat_3,166
6979,380,cat_4,380
6980,617,cat_0,617
6981,890,cat_1,890
6982,561,cat_2,561
6983,212,cat_3,212
6984,24,cat_4,24
6985,46,cat_0,46
6986,1,cat_1,1
6987,314,cat_2,314
6988,461,cat_3,461
6989,353,cat_4,353
6990,130,cat_0,130
6991,207,cat_1,207
6992,441,cat_2,441
6993,897,cat_3,897
6994,436,cat_4,436
6995,652,cat_0,652
6996,670,cat_1,670
6997,840,cat_2,840
6998,670,cat_3,670
6999,908,cat_4,908
7000,787,cat_0,787
7001,944,cat_1,944
7002,24,cat_2,24
7003,679,cat_3,679
7004,785,cat_4,785
7005,249,cat_0,249
7006,91,cat_1,91
7007,773,cat_2,773
7008,870,cat_3,870
7009,549,cat_4,549
7010,591,cat_0,591
7011,788,cat_1,788
7012,135,cat_2,135
7013,422,cat_3,422
7014,653,cat_4,653
7015,194,cat_0,194
7016,313,cat_1,313
7017,103,cat_2,103
7018,479,cat_3,479
7019,287,cat_4,287
7020,200,cat_0,200
7021,743,cat_1,743
7022,382,cat_2,382
7023,47,cat_3,47
7024,121,cat_4,121
7025,579,cat_0,579
7026,28,cat_1,28
7027,763,cat_2,763
7028,489,cat_3,489
7029,48,cat_4,48
7030,266,cat_0,266
7031,572,cat_1,572
7032,805,cat_2,805
7033,325,cat_3,325
7034,610,cat_4,610
7035,870,cat_0,870
7036,312,cat_1,312
7037,966,cat_2,966
7038,592,cat_3,592
7039,684,cat_4,684
7040,252,cat_0,252
7041,335,cat_1,335
7042,333,cat_2,333
7043,283,cat_3,283
7044,593,cat_4,593
7045,527,cat_0,527
7046,175,cat_1,175
7047,331,cat_2,331
7048,547,cat_3,547
7049,455,cat_4,455
7050,852,cat_0,852
7051,364,cat_1,364
7052,980,cat_2,980
7053,260,cat_3,260
7054,18,cat_4,18
7055,887,cat_0,887
7056,204,cat_1,204
7057,13,cat_2,13
7058,151,cat_3,151
7059,728,cat_4,728
7060,858,cat_0,858
7061,572,cat_1,572
7062,74,cat_2,74
7063,34,cat_3,34
7064,94,cat_4,94
7065,561,cat_0,561
7066,532,cat_1,532
7067,398,cat_2,398
7068,915,cat_3,915
7069,423,cat_4,423
7070,346,cat_0,346
7071,427,cat_1,427
7072,736,cat_2,736
7073,628,cat_3,628
7074,613,cat_4,613
7075,383,cat_0,383
7076,482,cat_1,482
7077,274,cat_2,274
7078,394,cat_3,394
7079,821,cat_4,821
7080,367,cat_0,367
7081,279,cat_1,279
7082,70,cat_2,70
7083,829,cat_3,829
7084,714,cat_4,714
7085,977,cat_0,977
7086,458,cat_1,458
7087,578,cat_2,578
7088,641,cat_3,641
7089,469,cat_4,469
7090,687,cat_0,687
7091,8,cat_1,8
7092,334,cat_2,334
7093,255,cat_3,255
7094,661,cat_4,661
7095,681,cat_0,681
7096,307,cat_1,307
7097,690,cat_2,690
7098,441,cat_3,441
7099,247,cat_4,247
7100,649,cat_0,649
7101,988,cat_1,988
7102,171,cat_2,171
7103,131,cat_3,131
7104,186,cat_4,186
7105,270,cat_0,270
7106,578,cat_1,578
7107,876,cat_2,876
7108,170,cat_3,170
7109,722,cat_4,722
7110,151,cat_0,151
7111,292,cat_1,292
7112,702,cat_2,702
7113,578,cat_3,578
7114,795,cat_4,795
7115,728,cat_0,728
7116,384,cat_1,384
7117,976,cat_2,976
7118,471,cat_3,471
7119,764,cat_4,764
7120,574,cat_0,574
7121,432,cat_1,432
7122,175,cat_2,175
7123,806,cat_3,806
7124,640,cat_4,640
7125,99,cat_0,99
7126,274,cat_1,274
7127,151,cat_2,151
7128,372,cat_3,372
7129,617,cat_4,617
7130,514,cat_0,514
7131,701,cat_1,701
7132,834,cat_2,834
7133,638,cat_3,638
7134,288,cat_4,288
7135,762,cat_0,762
7136,595,cat_1,595
7137,118,cat_2,118
7138,285,cat_3,285
7139,674,cat_4,674
7140,378,cat_0,378
7141,749,cat_1,749
7142,758,cat_2,758
7143,800,cat_3,800
7144,653,cat_4,653
7145,693,cat_0,693
7146,981,cat_1,981
7147,439,cat_2,439
7148,777,cat_3,777
7149,434,cat_4,434
7150,346,cat_0,346
7151,595,cat_1,595
7152,734,cat_2,734
7153,838,cat_3,838
7154,720,cat_4,720
7155,163,cat_0,163
7156,280,cat_1,280
7157,49,cat_2,49
7158,194,cat_3,194
7159,674,cat_4,674
7160,417,cat_0,417
7161,803,cat_1,803
7162,530,cat_2,530
7163,196,cat_3,196
7164,16,cat_4,16
7165,469,cat_0,469
7166,877,cat_1,877
7167,157,cat_2,157
7168,697,cat_3,697
7169,793,cat_4,793
7170,276,cat_0,276
7171,424,cat_1,424
7172,413,cat_2,413
7173,916,cat_3,916
7174,784,cat_4,784
7175,505,cat_0,505
7176,992,cat_1,992
7177,136,cat_2,136
7178,149,cat_3,149
7179,130,cat_4,130
7180,785,cat_0,785
7181,474,cat_1,474
7182,860,cat_2,860
7183,920,cat_3,920
7184,104,cat_4,104
7185,496,cat_0,496
7186,990,cat_1,990
7187,788,cat_2,788
7188,118,cat_3,118
7189,126,cat_4,126
7190,185,cat_0,185
7191,984,cat_1,984
7192,601,cat_2,601
7193,556,cat_3,556
7194,912,cat_4,912
7195,125,cat_0,125
7196,151,cat_1,151
7197,207,cat_2,207
7198,662,cat_3,662
7199,854,cat_4,854
7200,931,cat_0,931
7201,684,cat_1,684
7202,434,cat_2,434
7203,266,cat_3,266
7204,786,cat_4,786
7205,182,cat_0,182
7206,99,cat_1,99
7207,52,cat_2,52
7208,843,cat_3,843
7209,419,cat_4,419
7210,321,cat_0,321
7211,921,cat_1,921
7212,108,cat_2,108
7213,663,cat_3,663
7214,881,cat_4,881
7215,288,cat_0,288
7216,287,cat_1,287
7217,56,cat_2,56
7218,560,cat_3,560
7219,213,cat_4,213
7220,200,cat_0,200
7221,297,cat_1,297
7222,539,cat_2,539
7223,51,cat_3,51
7224,710,cat_4,710
7225,195,cat_0,195
7226,90,cat_1,90
7227,63,cat_2,63
7228,830,cat_3,830
7229,566,cat_4,566
7230,523,cat_0,523
7231,283,cat_1,283
7232,924,cat_2,924
7233,2,cat_3,2
7234,356,cat_4,356
7235,686,cat_0,686
7236,773,cat_1,773
7237,8,cat_2,8
7238,91,cat_3,91
7239,786,cat_4,786
7240,962,cat_0,962
7241,513,cat_1,513
7242,518,cat_2,518
7243,44,cat_3,44
7244,725,cat_4,725
7245,580,cat_0,580
7246,353,cat_1,353
7247,614,cat_2,614
7248,786,cat_3,786
7249,905,cat_4,905
7250,943,cat_0,943
7251,95,cat_1,95
7252,568,cat_2,568
7253,93,cat_3,93
7254,21,cat_4,21
7255,945,cat_0,945
7256,852,cat_1,852
7257,59,cat_2,59
7258,350,cat_3,350
7259,771,cat_4,771
7260,467,cat_0,467
7261,683,cat_1,683
7262,116,cat_2,116
7263,668,cat_3,668
7264,984,cat_4,984
7265,496,cat_0,496
7266,14,cat_1,14
7267,188,cat_2,188
7268,122,cat_3,122
7269,43,cat_4,43
7270,385,cat_0,385
7271,717,cat_1,717
7272,595,cat_2,595
7273,306,cat_3,306
7274,127,cat_4,127
7275,886,cat_0,886
7276,819,cat_1,819
7277,565,cat_2,565
7278,106,cat_3,106
7279,140,cat_4,140
7280,707,cat_0,707
7281,288,cat_1,288
7282,856,cat_2,856
7283,229,cat_3,229
7284,756,cat_4,756
7285,767,cat_0,767
7286,922,cat_1,922
7287,660,cat_2,660
7288,62,cat_3,62
7289,251,cat_4,251
7290,63,cat_0,63
7291,593,cat_1,593
7292,237,cat_2,237
7293,575,cat_3,575
7294,539,cat_4,539
7295,308,cat_0,308
7296,176,cat_1,176
7297,591,cat_2,591
7298,388,cat_3,388
7299,407,cat_4,407
7300,430,cat_0,430
7301,321,cat_1,321
7302,85,cat_2,85
7303,351,cat_3,351
7304,340,cat_4,340
7305,577,cat_0,577
7306,113,cat_1,113
7307,302,cat_2,302
7308,614,cat_3,614
7309,673,cat_4,673
7310,623,cat_0,623
7311,292,cat_1,292
7312,945,cat_2,945
7313,203,cat_3,203
7314,518,cat_4,518
7315,432,cat_0,432
7316,964,cat_1,964
7317,54,cat_2,54
7318,462,cat_3,462
7319,238,cat_4,238
7320,615,cat_0,615
7321,684,cat_1,684
7322,507,cat_2,507
7323,399,cat_3,399
7324,379,cat_4,379
7325,236,cat_0,236
7326,535,cat_1,535
7327,381,cat_2,381
7328,111,cat_3,111
7329,349,cat_4,349
7330,637,cat_0,637
7331,571,cat_1,571
7332,991,cat_2,991
7333,745,cat_3,745
7334,831,cat_4,831
7335,404,cat_0,404
7336,529,cat_1,529
7337,221,cat_2,221
7338,826,cat_3,826
7339,893,cat_4,893
7340,195,cat_0,195
7341,834,cat_1,834
7342,487,cat_2,487
7343,189,cat_3,189
7344,319,cat_4,319
7345,467,cat_0,467
7346,725,cat_1,725
7347,434,cat_2,434
7348,913,cat_3,913
7349,295,cat_4,295
7350,173,cat_0,173
7351,877,cat_1,877
7352,876,cat_2,876
7353,306,cat_3,306
7354,224,cat_4,224
7355,995,cat_0,995
7356,748,cat_1,748
7357,83,cat_2,83
7358,32,cat_3,32
7359,197,cat_4,197
7360,258,cat_0,258
7361,68,cat_1,68
7362,684,cat_2,684
7363,358,cat_3,358
7364,591,cat_4,591
7365,357,cat_0,357
7366,389,cat_1,389
7367,661,cat_2,661
7368,671,cat_3,671
7369,34,cat_4,34
7370,277,cat_0,277
7371,896,cat_1,896
7372,575,cat_2,575
7373,727,cat_3,727
7374,640,cat_4,640
7375,664,cat_0,664
7376,20,cat_1,20
7377,126,cat_2,126
7378,246,cat_3,246
7379,897,cat_4,897
7380,70,cat_0,70
7381,557,cat_1,557
7382,729,cat_2,729
7383,727,cat_3,727
7384,708,cat_4,708
7385,615,cat_0,615
7386,223,cat_1,223
7387,814,cat_2,814
7388,598,cat_3,598
7389,556,cat_4,556
7390,218,cat_0,218
7391,706,cat_1,706
7392,36,cat_2,36
7393,400,cat_3,400
7394,234,cat_4,234
7395,870,cat_0,870
7396,305,cat_1,305
7397,213,cat_2,213
7398,819,cat_3,819
7399,941,cat_4,941
7400,601,cat_0,601
7401,935,cat_1,935
7402,873,cat_2,873
7403,887,cat_3,887
7404,905,cat_4,905
7405,274,cat_0,274
7406,978,cat_1,978
7407,555,cat_2,555
7408,634,cat_3,634
7409,662,cat_4,662
7410,854,cat_0,854
7411,711,cat_1,711
7412,384,cat_2,384
7413,16,cat_3,16
7414,128,cat_4,128
7415,129,cat_0,129
7416,903,cat_1,903
7417,35,cat_2,35
7418,579,cat_3,579
7419,448,cat_4,448
7420,620,cat_0,620
7421,82,cat_1,82
7422,481,cat_2,481
7423,576,cat_3,576
7424,384,cat_4,384
7425,986,cat_0,986
7426,878,cat_1,878
7427,373,cat_2,373
7428,510,cat_3,510
7429,343,cat_4,343
7430,436,cat_0,436
7431,220,cat_1,220
7432,953,cat_2,953
7433,974,cat_3,974
7434,437,cat_4,437
7435,234,cat_0,234
7436,634,cat_1,634
7437,95,cat_2,95
7438,481,cat_3,481
7439,631,cat_4,631
7440,721,cat_0,721
7441,223,cat_1,223
7442,371,cat_2,371
7443,212,cat_3,212
7444,162,cat_4,162
7445,923,cat_0,923
7446,264,cat_1,264
7447,598,cat_2,598
7448,907,cat_3,907
7449,269,cat_4,269
7450,96,cat_0,96
7451,211,cat_1,211
7452,398,cat_2,398
7453,837,cat_3,837
7454,794,cat_4,794
7455,49,cat_0,49
7456,547,cat_1,547
7457,412,cat_2,412
7458,936,cat_3,936
7459,138,cat_4,138
7460,213,cat_0,213
7461,882,cat_1,882
7462,869,cat_2,869
7463,571,cat_3,571
7464,533,cat_4,533
7465,555,cat_0,555
7466,839,cat_1,839
7467,49,cat_2,49
7468,191,cat_3,191
7469,547,cat_4,547
7470,436,cat_0,436
7471,500,cat_1,500
7472,175,cat_2,175
7473,326,cat_3,326
7474,766,cat_4,766
7475,180,cat_0,180
7476,938,cat_1,938
7477,714,cat_2,714
7478,484,cat_3,484
7479,149,cat_4,149
7480,70,cat_0,70
7481,346,cat_1,346
7482,437,cat_2,437
7483,677,cat_3,677
7484,164,cat_4,164
7485,124,cat_0,124
7486,674,cat_1,674
7487,33,cat_2,33
7488,679,cat_3,679
7489,304,cat_4,304
7490,30,cat_0,30
7491,405,cat_1,405
7492,248,cat_2,248
7493,119,cat_3,119
7494,419,cat_4,419
7495,434,cat_0,434
7496,887,cat_1,887
7497,434,cat_2,434
7498,797,cat_3,797
7499,127,cat_4,127
7500,957,cat_0,957
7501,715,cat_1,715
7502,24,cat_2,24
7503,880,cat_3,880
7504,558,cat_4,558
7505,442,cat_0,442
7506,384,cat_1,384
7507,669,cat_2,669
7508,128,cat_3,128
7509,326,cat_4,326
7510,89,cat_0,89
7511,767,cat_1,767
7512,773,cat_2,773
7513,335,cat_3,335
7514,176,cat_4,176
7515,576,cat_0,576
7516,724,cat_1,724
7517,68,cat_2,68
7518,491,cat_3,491
7519,297,cat_4,297
7520,826,cat_0,826
7521,703,cat_1,703
7522,138,cat_2,138
7523,625,cat_3,625
7524,984,cat_4,984
7525,321,cat_0,321
7526,484,cat_1,484
7527,523,cat_2,523
7528,740,cat_3,740
7529,834,cat_4,834
7530,961,cat_0,961
7531,18,cat_1,18
7532,112,cat_2,112
7533,591,cat_3,591
7534,649,cat_4,649
7535,65,cat_0,65
7536,919,cat_1,919
7537,897,cat_2,897
7538,777,cat_3,777
7539,425,cat_4,425
7540,319,cat_0,319
7541,174,cat_1,174
7542,545,cat_2,545
7543,809,cat_3,809
7544,478,cat_4,478
7545,261,cat_0,261
7546,948,cat_1,948
7547,338,cat_2,338
7548,686,cat_3,686
7549,342,cat_4,342
7550,485,cat_0,485
7551,423,cat_1,423
7552,537,cat_2,537
7553,28,cat_3,28
7554,873,cat_4,873
7555,614,cat_0,614
7556,2,cat_1,2
7557,722,cat_2,722
7558,146,cat_3,146
7559,734,cat_4,734
7560,110,cat_0,110
7561,265,cat_1,265
7562,767,cat_2,767
7563,442,cat_3,442
7564,38,cat_4,38
7565,953,cat_0,953
7566,482,cat_1,482
7567,510,cat_2,510
7568,634,cat_3,634
7569,391,cat_4,391
7570,476,cat_0,476
7571,538,cat_1,538
7572,105,cat_2,105
7573,443,cat_3,443
7574,274,cat_4,274
7575,289,cat_0,289
7576,590,cat_1,590
7577,133,cat_2,133
7578,568,cat_3,568
7579,842,cat_4,842
7580,611,cat_0,611
7581,363,cat_1,363
7582,143,cat_2,143
7583,218,cat_3,218
7584,59,cat_4,59
7585,586,cat_0,586
7586,258,cat_1,258
7587,740,cat_2,740
7588,466,cat_3,466
7589,579,cat_4,579
7590,373,cat_0,373
7591,996,cat_1,996
7592,189,cat_2,189
7593,606,cat_3,606
7594,402,cat_4,402
7595,463,cat_0,463
7596,495,cat_1,495
7597,956,cat_2,956
7598,977,cat_3,977
7599,182,cat_4,182
7600,651,cat_0,651
7601,581,cat_1,581
7602,969,cat_2,969
7603,541,cat_3,541
7604,981,cat_4,981
7605,451,cat_0,451
7606,114,cat_1,114
7607,419,cat_2,419
7608,66,cat_3,66
7609,335,cat_4,335
7610,277,cat_0,277
7611,753,cat_1,753
7612,363,cat_2,363
7613,450,cat_3,450
7614,298,cat_4,298
7615,593,cat_0,593
7616,525,cat_1,525
7617,587,cat_2,587
7618,186,cat_3,186
7619,104,cat_4,104
7620,849,cat_0,849
7621,758,cat_1,758
7622,419,cat_2,419
7623,691,cat_3,691
7624,358,cat_4,358
7625,146,cat_0,146
7626,401,cat_1,401
7627,750,cat_2,750
7628,701,cat_3,701
7629,376,cat_4,376
7630,432,cat_0,432
7631,789,cat_1,789
7632,97,cat_2,97
7633,711,cat_3,711
7634,282,cat_4,282
7635,787,cat_0,787
7636,226,cat_1,226
7637,9,cat_2,9
7638,654,cat_3,654
7639,438,cat_4,438
7640,524,cat_0,524
7641,138,cat_1,138
7642,735,cat_2,735
7643,703,cat_3,703
7644,984,cat_4,984
7645,146,cat_0,146
7646,479,cat_1,479
7647,830,cat_2,830
7648,686,cat_3,686
7649,397,cat_4,397
7650,92,cat_0,92
7651,950,cat_1,950
7652,699,cat_2,699
7653,663,cat_3,663
7654,457,cat_4,457
7655,978,cat_0,978
7656,148,cat_1,148
7657,61,cat_2,61
7658,234,cat_3,234
7659,258,cat_4,258
7660,144,cat_0,144
7661,970,cat_1,970
7662,718,cat_2,718
7663,48,cat_3,48
7664,402,cat_4,402
7665,701,cat_0,701
7666,43,cat_1,43
7667,172,cat_2,172
7668,351,cat_3,351
7669,41,cat_4,41
7670,491,cat_0,491
7671,806,cat_1,806
7672,345,cat_2,345
7673,332,cat_3,332
7674,935,cat_4,935
7675,699,cat_0,699
7676,117,cat_1,117
7677,367,cat_2,367
7678,536,cat_3,536
7679,111,cat_4,111
7680,180,cat_0,180
7681,97,cat_1,97
7682,494,cat_2,494
7683,43,cat_3,43
7684,292,cat_4,292
7685,13,cat_0,13
7686,192,cat_1,192
7687,16,cat_2,16
7688,1,cat_3,1
7689,739,cat_4,739
7690,422,cat_0,422
7691,718,cat_1,718
7692,214,cat_2,214
7693,968,cat_3,968
7694,810,cat_4,810
7695,615,cat_0,615
7696,863,cat_1,863
7697,777,cat_2,777
7698,295,cat_3,295
7699,645,cat_4,645
7700,443,cat_0,443
7701,394,cat_1,394
7702,173,cat_2,173
7703,867,cat_3,867
7704,45,cat_4,45
7705,568,cat_0,568
7706,313,cat_1,313
7707,315,cat_2,315
7708,576,cat_3,576
7709,431,cat_4,431
7710,40,cat_0,40
7711,813,cat_1,813
7712,162,cat_2,162
7713,20,cat_3,20
7714,973,cat_4,973
7715,191,cat_0,191
7716,1000,cat_1,1000
7717,739,cat_2,739
7718,16,cat_3,16
7719,525,cat_4,525
7720,261,cat_0,261
7721,570,cat_1,570
7722,165,cat_2,165
7723,478,cat_3,478
7724,361,cat_4,361
7725,352,cat_0,352
7726,92,cat_1,92
7727,424,cat_2,424
7728,150,cat_3,150
7729,757,cat_4,757
7730,415,cat_0,415
7731,566,cat_1,566
7732,400,cat_2,400
7733,170,cat_3,170
7734,595,cat_4,595
7735,225,cat_0,225
7736,737,cat_1,737
7737,941,cat_2,941
7738,769,cat_3,769
7739,903,cat_4,903
7740,156,cat_0,156
7741,572,cat_1,572
7742,17,cat_2,17
7743,561,cat_3,561
7744,619,cat_4,619
7745,281,cat_0,281
7746,974,cat_1,974
7747,576,cat_2,576
7748,957,cat_3,957
7749,374,cat_4,374
7750,418,cat_0,418
7751,513,cat_1,513
7752,502,cat_2,502
7753,870,cat_3,870
7754,428,cat_4,428
7755,224,cat_0,224
7756,882,cat_1,882
7757,304,cat_2,304
7758,429,cat_3,429
7759,380,cat_4,380
7760,487,cat_0,487
7761,446,cat_1,446
7762,841,cat_2,841
7763,48,cat_3,48
7764,476,cat_4,476
7765,786,cat_0,786
7766,206,cat_1,206
7767,327,cat_2,327
7768,437,cat_3,437
7769,619,cat_4,619
7770,888,cat_0,888
7771,803,cat_1,803
7772,111,cat_2,111
7773,918,cat_3,918
7774,952,cat_4,952
7775,187,cat_0,187
7776,603,cat_1,603
7777,216,cat_2,216
7778,514,cat_3,514
7779,78,cat_4,78
7780,157,cat_0,157
7781,96,cat_1,96
7782,543,cat_2,543
7783,219,cat_3,219
7784,530,cat_4,530
7785,598,cat_0,598
7786,980,cat_1,980
7787,938,cat_2,938
7788,365,cat_3,365
7789,527,cat_4,527
7790,650,cat_0,650
7791,22,cat_1,22
7792,991,cat_2,991
7793,968,cat_3,968
7794,152,cat_4,152
7795,210,cat_0,210
7796,239,cat_1,239
7797,926,cat_2,926
7798,23,cat_3,23
7799,605,cat_4,605
7800,367,cat_0,367
7801,747,cat_1,747
7802,60,cat_2,60
7803,624,cat_3,624
7804,464,cat_4,464
7805,136,cat_0,136
7806,726,cat_1,726
7807,446,cat_2,446
7808,870,cat_3,870
7809,673,cat_4,673
7810,536,cat_0,536
7811,448,cat_1,448
7812,706,cat_2,706
7813,444,cat_3,444
7814,314,cat_4,314
7815,917,cat_0,917
7816,622,cat_1,622
7817,57,cat_2,57
7818,115,cat_3,115
7819,801,cat_4,801
7820,135,cat_0,135
7821,906,cat_1,906
7822,526,cat_2,526
7823,505,cat_3,505
7824,347,cat_4,347
7825,374,cat_0,374
7826,362,cat_1,362
7827,328,cat_2,328
7828,503,cat_3,503
7829,455,cat_4,455
7830,630,cat_0,630
7831,349,cat_1,349
7832,450,cat_2,450
7833,711,cat_3,711
7834,914,cat_4,914
7835,692,cat_0,692
7836,666,cat_1,666
7837,89,cat_2,89
7838,179,cat_3,179
7839,751,cat_4,751
7840,315,cat_0,315
7841,684,cat_1,684
7842,669,cat_2,669
7843,958,cat_3,958
7844,363,cat_4,363
7845,488,cat_0,488
7846,520,cat_1,520
7847,97,cat_2,97
7848,258,cat_3,258
7849,582,cat_4,582
7850,723,cat_0,723
7851,43,cat_1,43
7852,354,cat_2,354
7853,216,cat_3,216
7854,971,cat_4,971
7855,375,cat_0,375
7856,285,cat_1,285
7857,946,cat_2,946
7858,889,cat_3,889
7859,785,cat_4,785
7860,443,cat_0,443
7861,472,cat_1,472
7862,498,cat_2,498
7863,998,cat_3,998
7864,821,cat_4,821
7865,693,cat_0,693
7866,364,cat_1,364
7867,839,cat_2,839
7868,290,cat_3,290
7869,362,cat_4,362
7870,207,cat_0,207
7871,529,cat_1,529
7872,677,cat_2,677
7873,358,cat_3,358
7874,921,cat_4,921
7875,281,cat_0,281
7876,907,cat_1,907
7877,104,cat_2,104
7878,935,cat_3,935
7879,82,cat_4,82
7880,774,cat_0,774
7881,317,cat_1,317
7882,908,cat_2,908
7883,867,cat_3,867
7884,887,cat_4,887
7885,890,cat_0,890
7886,819,cat_1,819
7887,318,cat_2,318
7888,118,cat_3,118
7889,474,cat_4,474
7890,520,cat_0,520
7891,369,cat_1,369
7892,183,cat_2,183
7893,24,cat_3,24
7894,304,cat_4,304
7895,392,cat_0,392
7896,573,cat_1,573
7897,436,cat_2,436
7898,630,cat_3,630
7899,423,cat_4,423
7900,378,cat_0,378
7901,815,cat_1,815
7902,456,cat_2,456
7903,175,cat_3,175
7904,956,cat_4,956
7905,618,cat_0,618
7906,402,cat_1,402
7907,17,cat_2,17
7908,43,cat_3,43
7909,393,cat_4,393
7910,787,cat_0,787
7911,4,cat_1,4
7912,664,cat_2,664
7913,557,cat_3,557
7914,157,cat_4,157
7915,822,cat_0,822
7916,782,cat_1,782
7917,100,cat_2,100
7918,395,cat_3,395
7919,78,cat_4,78
7920,343,cat_0,343
7921,767,cat_1,767
7922,554,cat_2,554
7923,243,cat_3,243
7924,106,cat_4,106
7925,933,cat_0,933
7926,73,cat_1,73
7927,31,cat_2,31
7928,208,cat_3,208
7929,393,cat_4,393
7930,62,cat_0,62
7931,428,cat_1,428
7932,98,cat_2,98
7933,396,cat_3,396
7934,109,cat_4,109
7935,42,cat_0,42
7936,196,cat_1,196
7937,988,cat_2,988
7938,794,cat_3,794
7939,170,cat_4,170
7940,35,cat_0,35
7941,616,cat_1,616
7942,133,cat_2,133
7943,672,cat_3,672
7944,610,cat_4,610
7945,87,cat_0,87
7946,947,cat_1,947
7947,247,cat_2,247
7948,586,cat_3,586
7949,248,cat_4,248
7950,80,cat_0,80
7951,229,cat_1,229
7952,573,cat_2,573
7953,75,cat_3,75
7954,301,cat_4,301
7955,787,cat_0,787
7956,370,cat_1,370
7957,529,cat_2,529
7958,257,cat_3,257
7959,445,cat_4,445
7960,315,cat_0,315
7961,931,cat_1,931
7962,878,cat_2,878
7963,961,cat_3,961
7964,787,cat_4,787
7965,975,cat_0,975
7966,769,cat_1,769
7967,85,cat_2,85
7968,579,cat_3,579
7969,821,cat_4,821
7970,841,cat_0,841
7971,706,cat_1,706
7972,473,cat_2,473
7973,662,cat_3,662
7974,107,cat_4,107
7975,135,cat_0,135
7976,148,cat_1,148
7977,467,cat_2,467
7978,510,cat_3,510
7979,400,cat_4,400
7980,27,cat_0,27
7981,560,cat_1,560
7982,160,cat_2,160
7983,817,cat_3,817
7984,10,cat_4,10
7985,637,cat_0,637
7986,196,cat_1,196
7987,799,cat_2,799
7988,567,cat_3,567
7989,923,cat_4,923
7990,514,cat_0,514
7991,983,cat_1,983
7992,104,cat_2,104
7993,268,cat_3,268
7994,606,cat_4,606
7995,855,cat_0,855
7996,475,cat_1,475
7997,874,cat_2,874
7998,322,cat_3,322
7999,631,cat_4,631
8000,890,cat_0,890
8001,701,cat_1,701
8002,323,cat_2,323
8003,382,cat_3,382
8004,760,cat_4,760
8005,195,cat_0,195
8006,579,cat_1,579
8007,295,cat_2,295
8008,826,cat_3,826
8009,89,cat_4,89
8010,651,cat_0,651
8011,985,cat_1,985
8012,275,cat_2,275
8013,276,cat_3,276
8014,629,cat_4,629
8015,450,cat_0,450
8016,3,cat_1,3
8017,808,cat_2,808
8018,115,cat_3,115
8019,966,cat_4,966
8020,437,cat_0,437
8021,697,cat_1,697
8022,253,cat_2,253
8023,281,cat_3,281
8024,811,cat_4,811
8025,211,cat_0,211
8026,894,cat_1,894
8027,573,cat_2,573
8028,287,cat_3,287
8029,482,cat_4,482
8030,652,cat_0,652
8031,87,cat_1,87
8032,986,cat_2,986
8033,296,cat_3,296
8034,421,cat_4,421
8035,16,cat_0,16
8036,103,cat_1,103
8037,735,cat_2,735
8038,769,cat_3,769
8039,903,cat_4,903
8040,485,cat_0,485
8041,36,cat_1,36
8042,235,cat_2,235
8043,580,cat_3,580
8044,560,cat_4,560
8045,405,cat_0,405
8046,901,cat_1,901
8047,191,cat_2,191
8048,655,cat_3,655
8049,113,cat_4,113
8050,164,cat_0,164
8051,789,cat_1,789
8052,790,cat_2,790
8053,422,cat_3,422
8054,27,cat_4,27
8055,974,cat_0,974
8056,992,cat_1,992
8057,572,cat_2,572
8058,609,cat_3,609
8059,496,cat_4,496
8060,931,cat_0,931
8061,763,cat_1,763
8062,399,cat_2,399
8063,381,cat_3,381
8064,593,cat_4,593
8065,650,cat_0,650
8066,881,cat_1,881
8067,873,cat_2,873
8068,756,cat_3,756
8069,800,cat_4,800
8070,774,cat_0,774
8071,445,cat_1,445
8072,971,cat_2,971
8073,930,cat_3,930
8074,943,cat_4,943
8075,455,cat_0,455
8076,917,cat_1,917
8077,182,cat_2,182
8078,594,cat_3,594
8079,620,cat_4,620
8080,876,cat_0,876
8081,507,cat_1,507
8082,512,cat_2,512
8083,75,cat_3,75
8084,41,cat_4,41
8085,109,cat_0,109
8086,80,cat_1,80
8087,683,cat_2,683
8088,202,cat_3,202
8089,215,cat_4,215
8090,888,cat_0,888
8091,375,cat_1,375
8092,276,cat_2,276
8093,807,cat_3,807
8094,790,cat_4,790
8095,595,cat_0,595
8096,264,cat_1,264
8097,230,cat_2,230
8098,452,cat_3,452
8099,418,cat_4,418
8100,69,cat_0,69
8101,284,cat_1,284
8102,301,cat_2,301
8103,560,cat_3,560
8104,112,cat_4,112
8105,794,cat_0,794
8106,451,cat_1,451
8107,886,cat_2,886
8108,496,cat_3,496
8109,977,cat_4,977
8110,31,cat_0,31
8111,700,cat_1,700
8112,341,cat_2,341
8113,694,cat_3,694
8114,498,cat_4,498
8115,730,cat_0,730
8116,151,cat_1,151
8117,129,cat_2,129
8118,183,cat_3,183
8119,774,cat_4,774
8120,554,cat_0,554
8121,917,cat_1,917
8122,25,cat_2,25
8123,128,cat_3,128
8124,247,cat_4,247
8125,436,cat_0,436
8126,910,cat_1,910
8127,839,cat_2,839
8128,169,cat_3,169
8129,903,cat_4,903
8130,313,cat_0,313
8131,251,cat_1,251
8132,647,cat_2,647
8133,771,cat_3,771
8134,480,cat_4,480
8135,503,cat_0,503
8136,267,cat_1,267
8137,805,cat_2,805
8138,555,cat_3,555
8139,722,cat_4,722
8140,865,cat_0,865
8141,136,cat_1,136
8142,325,cat_2,325
8143,689,cat_3,689
8144,596,cat_4,596
8145,718,cat_0,718
8146,512,cat_1,512
8147,608,cat_2,608
8148,330,cat_3,330
8149,220,cat_4,220
8150,803,cat_0,803
8151,437,cat_1,437
8152,765,cat_2,765
8153,990,cat_3,990
8154,59,cat_4,59
8155,347,cat_0,347
8156,663,cat_1,663
8157,40,cat_2,40
8158,619,cat_3,619
8159,444,cat_4,444
8160,729,cat_0,729
8161,578,cat_1,578
8162,999,cat_2,999
8163,681,cat_3,681
8164,154,cat_4,154
8165,691,cat_0,691
8166,275,cat_1,275
8167,937,cat_2,937
8168,339,cat_3,339
8169,210,cat_4,210
8170,302,cat_0,302
8171,412,cat_1,412
8172,772,cat_2,772
8173,199,cat_3,199
8174,203,cat_4,203
8175,452,cat_0,452
8176,910,cat_1,910
8177,920,cat_2,920
8178,635,cat_3,635
8179,196,cat_4,196
8180,28,cat_0,28
8181,754,cat_1,754
8182,36,cat_2,36
8183,903,cat_3,903
8184,934,cat_4,934
8185,811,cat_0,811
8186,370,cat_1,370
8187,543,cat_2,543
8188,825,cat_3,825
8189,443,cat_4,443
8190,456,cat_0,456
8191,804,cat_1,804
8192,681,cat_2,681
8193,287,cat_3,287
8194,714,cat_4,714
8195,268,cat_0,268
8196,17,cat_1,17
8197,109,cat_2,109
8198,251,cat_3,251
8199,309,cat_4,309
8200,555,cat_0,555
8201,99,cat_1,99
8202,679,cat_2,679
8203,952,cat_3,952
8204,321,cat_4,321
8205,732,cat_0,732
8206,477,cat_1,477
8207,99,cat_2,99
8208,809,cat_3,809
8209,382,cat_4,382
8210,614,cat_0,614
8211,893,cat_1,893
8212,184,cat_2,184
8213,915,cat_3,915
8214,39,cat_4,39
8215,668,cat_0,668
8216,641,cat_1,641
8217,883,cat_2,883
8218,43,cat_3,43
8219,642,cat_4,642
8220,31,cat_0,31
8221,882,cat_1,882
8222,126,cat_2,126
8223,826,cat_3,826
8224,861,cat_4,861
8225,55,cat_0,55
8226,253,cat_1,253
8227,34,cat_2,34
8228,340,cat_3,340
8229,323,cat_4,323
8230,127,cat_0,127
8231,923,cat_1,923
8232,815,cat_2,815
8233,950,cat_3,950
8234,614,cat_4,614
8235,831,cat_0,831
8236,776,cat_1,776
8237,664,cat_2,664
8238,470,cat_3,470
8239,561,cat_4,561
8240,385,cat_0,385
8241,887,cat_1,887
8242,571,cat_2,571
8243,611,cat_3,611
8244,984,cat_4,984
8245,848,cat_0,848
8246,394,cat_1,394
8247,694,cat_2,694
8248,709,cat_3,709
8249,801,cat_4,801
8250,116,cat_0,116
8251,122,cat_1,122
8252,215,cat_2,215
8253,145,cat_3,145
8254,884,cat_4,884
8255,918,cat_0,918
8256,776,cat_1,776
8257,485,cat_2,485
8258,744,cat_3,744
8259,876,cat_4,876
8260,47,cat_0,47
8261,555,cat_1,555
8262,206,cat_2,206
8263,753,cat_3,753
8264,123,cat_4,123
8265,391,cat_0,391
8266,174,cat_1,174
8267,305,cat_2,305
8268,401,cat_3,401
8269,308,cat_4,308
8270,294,cat_0,294
8271,452,cat_1,452
8272,913,cat_2,913
8273,862,cat_3,862
8274,883,cat_4,883
8275,94,cat_0,94
8276,446,cat_1,446
8277,704,cat_2,704
8278,709,cat_3,709
8279,274,cat_4,274
8280,185,cat_0,185
8281,311,cat_1,311
8282,408,cat_2,408
8283,293,cat_3,293
8284,686,cat_4,686
8285,567,cat_0,567
8286,452,cat_1,452
8287,95,cat_2,95
8288,503,cat_3,503
8289,550,cat_4,550
8290,489,cat_0,489
8291,883,cat_1,883
8292,409,cat_2,409
8293,570,cat_3,570
8294,397,cat_4,397
8295,635,cat_0,635
8296,457,cat_1,457
8297,46,cat_2,46
8298,186,cat_3,186
8299,634,cat_4,634
8300,842,cat_0,842
8301,1000,cat_1,1000
8302,173,cat_2,173
8303,263,cat_3,263
8304,463,cat_4,463
8305,431,cat_0,431
8306,826,cat_1,826
8307,363,cat_2,363
8308,950,cat_3,950
8309,714,cat_4,714
8310,444,cat_0,444
8311,862,cat_1,862
8312,303,cat_2,303
8313,628,cat_3,628
8314,834,cat_4,834
8315,760,cat_0,760
8316,313,cat_1,313
8317,918,cat_2,918
8318,76,cat_3,76
8319,839,cat_4,839
8320,190,cat_0,190
8321,604,cat_1,604
8322,5,cat_2,5
8323,197,cat_3,197
8324,941,cat_4,941
8325,522,cat_0,522
8326,809,cat_1,809
8327,963,cat_2,963
8328,407,cat_3,407
8329,959,cat_4,959
8330,634,cat_0,634
8331,186,cat_1,186
8332,888,cat_2,888
8333,973,cat_3,973
8334,506,cat_4,506
8335,510,cat_0,510
8336,879,cat_1,879
8337,209,cat_2,209
8338,290,cat_3,290
8339,314,cat_4,314
8340,434,cat_0,434
8341,628,cat_1,628
8342,846,cat_2,846
8343,228,cat_3,228
8344,351,cat_4,351
8345,167,cat_0,167
8346,324,cat_1,324
8347,241,cat_2,241
8348,250,cat_3,250
8349,3,cat_4,3
8350,297,cat_0,297
8351,135,cat_1,135
8352,515,cat_2,515
8353,179,cat_3,179
8354,948,cat_4,948
8355,425,cat_0,425
8356,481,cat_1,481
8357,148,cat_2,148
8358,388,cat_3,388
8359,901,cat_4,901
8360,377,cat_0,377
8361,69,cat_1,69
8362,925,cat_2,925
8363,4,cat_3,4
8364,335,cat_4,335
8365,220,cat_0,220
8366,256,cat_1,256
8367,419,cat_2,419
8368,878,cat_3,878
8369,342,cat_4,342
8370,971,cat_0,971
8371,929,cat_1,929
8372,104,cat_2,104
8373,566,cat_3,566
8374,501,cat_4,501
8375,259,cat_0,259
8376,264,cat_1,264
8377,574,cat_2,574
8378,487,cat_3,487
8379,788,cat_4,788
8380,504,cat_0,504
8381,436,cat_1,436
8382,285,cat_2,285
8383,757,cat_3,757
8384,785,cat_4,785
8385,69,cat_0,69
8386,476,cat_1,476
8387,579,cat_2,579
8388,806,cat_3,806
8389,3,cat_4,3
8390,723,cat_0,723
8391,257,cat_1,257
8392,231,cat_2,231
8393,612,cat_3,612
8394,640,cat_4,640
8395,111,cat_0,111
8396,184,cat_1,184
8397,860,cat_2,860
8398,613,cat_3,613
8399,137,cat_4,137
8400,966,cat_0,966
8401,113,cat_1,113
8402,276,cat_2,276
8403,498,cat_3,498
8404,657,cat_4,657
8405,111,cat_0,111
8406,96,cat_1,96
8407,42,cat_2,42
8408,770,cat_3,770
8409,801,cat_4,801
8410,250,cat_0,250
8411,477,cat_1,477
8412,392,cat_2,392
8413,631,cat_3,631
8414,238,cat_4,238
8415,746,cat_0,746
8416,524,cat_1,524
8417,137,cat_2,137
8418,487,cat_3,487
8419,534,cat_4,534
8420,679,cat_0,679
8421,666,cat_1,666
8422,944,cat_2,944
8423,141,cat_3,141
8424,29,cat_4,29
8425,791,cat_0,791
8426,338,cat_1,338
8427,505,cat_2,505
8428,647,cat_3,647
8429,954,cat_4,954
8430,974,cat_0,974
8431,941,cat_1,941
8432,81,cat_2,81
8433,842,cat_3,842
8434,442,cat_4,442
8435,339,cat_0,339
8436,603,cat_1,603
8437,366,cat_2,366
8438,382,cat_3,382
8439,775,cat_4,775
8440,121,cat_0,121
8441,686,cat_1,686
8442,407,cat_2,407
8443,321,cat_3,321
8444,6,cat_4,6
8445,349,cat_0,349
8446,280,cat_1,280
8447,868,cat_2,868
8448,549,cat_3,549
8449,165,cat_4,165
8450,583,cat_0,583
8451,179,cat_1,179
8452,669,cat_2,669
8453,900,cat_3,900
8454,323,cat_4,323
8455,882,cat_0,882
8456,29,cat_1,29
8457,240,cat_2,240
8458,419,cat_3,419
8459,971,cat_4,971
8460,444,cat_0,444
8461,498,cat_1,498
8462,508,cat_2,508
8463,548,cat_3,548
8464,1000,cat_4,1000
8465,886,cat_0,886
8466,161,cat_1,161
8467,367,cat_2,367
8468,828,cat_3,828
8469,990,cat_4,990
8470,547,cat_0,547
8471,886,cat_1,886
8472,683,cat_2,683
8473,232,cat_3,232
8474,215,cat_4,215
8475,402,cat_0,402
8476,88,cat_1,88
8477,564,cat_2,564
8478,646,cat_3,646
8479,236,cat_4,236
8480,465,cat_0,465
8481,751,cat_1,751
8482,307,cat_2,307
8483,626,cat_3,626
8484,131,cat_4,131
8485,521,cat_0,521
8486,346,cat_1,346
8487,370,cat_2,370
8488,900,cat_3,900
8489,510,cat_4,510
8490,185,cat_0,185
8491,160,cat_1,160
8492,570,cat_2,570
8493,741,cat_3,741
8494,302,cat_4,302
8495,35,cat_0,35
8496,167,cat_1,167
8497,896,cat_2,896
8498,786,cat_3,786
8499,80,cat_4,80
8500,81,cat_0,81
8501,354,cat_1,354
8502,811,cat_2,811
8503,480,cat_3,480
8504,901,cat_4,901
8505,454,cat_0,454
8506,697,cat_1,697
8507,916,cat_2,916
8508,453,cat_3,453
8509,988,cat_4,988
8510,76,cat_0,76
8511,760,cat_1,760
8512,763,cat_2,763
8513,131,cat_3,131
8514,12,cat_4,12
8515,895,cat_0,895
8516,623,cat_1,623
8517,705,cat_2,705
8518,716,cat_3,716
8519,572,cat_4,572
8520,647,cat_0,647
8521,215,cat_1,215
8522,190,cat_2,190
8523,150,cat_3,150
8524,468,cat_4,468
8525,23,cat_0,23
8526,145,cat_1,145
8527,101,cat_2,101
8528,535,cat_3,535
8529,255,cat_4,255
8530,397,cat_0,397
8531,873,cat_1,873
8532,134,cat_2,134
8533,210,cat_3,210
8534,488,cat_4,488
8535,181,cat_0,181
8536,133,cat_1,133
8537,578,cat_2,578
8538,491,cat_3,491
8539,726,cat_4,726
8540,713,cat_0,713
8541,891,cat_1,891
8542,230,cat_2,230
8543,197,cat_3,197
8544,277,cat_4,277
8545,270,cat_0,270
8546,225,cat_1,225
8547,288,cat_2,288
8548,686,cat_3,686
8549,845,cat_4,845
8550,39,cat_0,39
8551,578,cat_1,578
8552,479,cat_2,479
8553,680,cat_3,680
8554,226,cat_4,226
8555,549,cat_0,549
8556,176,cat_1,176
8557,61,cat_2,61
8558,823,cat_3,823
8559,871,cat_4,871
8560,573,cat_0,573
8561,376,cat_1,376
8562,687,cat_2,687
8563,394,cat_3,394
8564,377,cat_4,377
8565,804,cat_0,804
8566,963,cat_1,963
8567,257,cat_2,257
8568,142,cat_3,142
8569,804,cat_4,804
8570,532,cat_0,532
8571,913,cat_1,913
8572,368,cat_2,368
8573,235,cat_3,235
8574,333,cat_4,333
8575,126,cat_0,126
8576,269,cat_1,269
8577,214,cat_2,214
8578,765,cat_3,765
8579,851,cat_4,851
8580,663,cat_0,663
8581,848,cat_1,848
8582,200,cat_2,200
8583,215,cat_3,215
8584,988,cat_4,988
8585,346,cat_0,346
8586,418,cat_1,418
8587,495,cat_2,495
8588,123,cat_3,123
8589,867,cat_4,867
8590,564,cat_0,564
8591,203,cat_1,203
8592,660,cat_2,660
8593,196,cat_3,196
8594,217,cat_4,217
8595,39,cat_0,39
8596,791,cat_1,791
8597,52,cat_2,52
8598,635,cat_3,635
8599,985,cat_4,985
8600,183,cat_0,183
8601,573,cat_1,573
8602,214,cat_2,214
8603,146,cat_3,146
8604,479,cat_4,479
8605,663,cat_0,663
8606,292,cat_1,292
8607,104,cat_2,104
8608,911,cat_3,911
8609,499,cat_4,499
8610,566,cat_0,566
8611,339,cat_1,339
8612,799,cat_2,799
8613,533,cat_3,533
8614,498,cat_4,498
8615,763,cat_0,763
8616,433,cat_1,433
8617,152,cat_2,152
8618,343,cat_3,343
8619,444,cat_4,444
8620,185,cat_0,185
8621,127,cat_1,127
8622,442,cat_2,442
8623,92,cat_3,92
8624,775,cat_4,775
8625,754,cat_0,754
8626,271,cat_1,271
8627,226,cat_2,226
8628,553,cat_3,553
8629,212,cat_4,212
8630,432,cat_0,432
8631,271,cat_1,271
8632,572,cat_2,572
8633,915,cat_3,915
8634,94,cat_4,94
8635,467,cat_0,467
8636,434,cat_1,434
8637,39,cat_2,39
8638,46,cat_3,46
8639,776,cat_4,776
8640,172,cat_0,172
8641,539,cat_1,539
8642,807,cat_2,807
8643,874,cat_3,874
8644,458,cat_4,458
8645,94,cat_0,94
8646,308,cat_1,308
8647,295,cat_2,295
8648,684,cat_3,684
8649,613,cat_4,613
8650,120,cat_0,120
8651,408,cat_1,408
8652,608,cat_2,608
8653,215,cat_3,215
8654,721,cat_4,721
8655,96,cat_0,96
8656,304,cat_1,304
8657,631,cat_2,631
8658,529,cat_3,529
8659,502,cat_4,502
8660,670,cat_0,670
8661,473,cat_1,473
8662,705,cat_2,705
8663,582,cat_3,582
8664,748,cat_4,748
8665,801,cat_0,801
8666,141,cat_1,141
8667,861,cat_2,861
8668,583,cat_3,583
8669,924,cat_4,924
8670,63,cat_0,63
8671,537,cat_1,537
8672,811,cat_2,811
8673,511,cat_3,511
8674,53,cat_4,53
8675,595,cat_0,595
8676,510,cat_1,510
8677,703,cat_2,703
8678,691,cat_3,691
8679,680,cat_4,680
8680,604,cat_0,604
8681,292,cat_1,292
8682,277,cat_2,277
8683,55,cat_3,55
8684,645,cat_4,645
8685,97,cat_0,97
8686,380,cat_1,380
8687,579,cat_2,579
8688,267,cat_3,267
8689,978,cat_4,978
8690,123,cat_0,123
8691,35,cat_1,35
8692,187,cat_2,187
8693,48,cat_3,48
8694,393,cat_4,393
8695,359,cat_0,359
8696,665,cat_1,665
8697,965,cat_2,965
8698,666,cat_3,666
8699,738,cat_4,738
8700,162,cat_0,162
8701,442,cat_1,442
8702,211,cat_2,211
8703,437,cat_3,437
8704,458,cat_4,458
8705,280,cat_0,280
8706,960,cat_1,960
8707,159,cat_2,159
8708,434,cat_3,434
8709,679,cat_4,679
8710,173,cat_0,173
8711,925,cat_1,925
8712,353,cat_2,353
8713,870,cat_3,870
8714,625,cat_4,625
8715,799,cat_0,799
8716,373,cat_1,373
8717,523,cat_2,523
8718,677,cat_3,677
8719,68,cat_4,68
8720,112,cat_0,112
8721,216,cat_1,216
8722,369,cat_2,369
8723,158,cat_3,158
8724,433,cat_4,433
8725,221,cat_0,221
8726,357,cat_1,357
8727,19,cat_2,19
8728,585,cat_3,585
8729,203,cat_4,203
8730,604,cat_0,604
8731,986,cat_1,986
8732,230,cat_2,230
8733,244,cat_3,244
8734,540,cat_4,540
8735,1000,cat_0,1000
8736,50,cat_1,50
8737,160,cat_2,160
8738,8,cat_3,8
8739,197,cat_4,197
8740,903,cat_0,903
8741,115,cat_1,115
8742,814,cat_2,814
8743,293,cat_3,293
8744,175,cat_4,175
8745,670,cat_0,670
8746,939,cat_1,939
8747,857,cat_2,857
8748,26,cat_3,26
8749,783,cat_4,783
8750,753,cat_0,753
8751,599,cat_1,599
8752,76,cat_2,76
8753,964,cat_3,964
8754,522,cat_4,522
8755,794,cat_0,794
8756,348,cat_1,348
8757,562,cat_2,562
8758,972,cat_3,972
8759,840,cat_4,840
8760,820,cat_0,820
8761,271,cat_1,271
8762,156,cat_2,156
8763,308,cat_3,308
8764,228,cat_4,228
8765,63,cat_0,63
8766,337,cat_1,337
8767,720,cat_2,720
8768,733,cat_3,733
8769,311,cat_4,311
8770,574,cat_0,574
8771,466,cat_1,466
8772,716,cat_2,716
8773,242,cat_3,242
8774,684,cat_4,684
8775,203,cat_0,203
8776,67,cat_1,67
8777,697,cat_2,697
8778,646,cat_3,646
8779,793,cat_4,793
8780,743,cat_0,743
8781,152,cat_1,152
8782,386,cat_2,386
8783,231,cat_3,231
8784,228,cat_4,228
8785,266,cat_0,266
8786,185,cat_1,185
8787,295,cat_2,295
8788,71,cat_3,71
8789,521,cat_4,521
8790,585,cat_0,585
8791,568,cat_1,568
8792,913,cat_2,913
8793,535,cat_3,535
8794,368,cat_4,368
8795,95,cat_0,95
8796,150,cat_1,150
8797,500,cat_2,500
8798,352,cat_3,352
8799,693,cat_4,693
8800,453,cat_0,453
8801,44,cat_1,44
8802,277,cat_2,277
8803,159,cat_3,159
8804,571,cat_4,571
8805,353,cat_0,353
8806,426,cat_1,426
8807,44,cat_2,44
8808,64,cat_3,64
8809,595,cat_4,595
8810,549,cat_0,549
8811,1,cat_1,1
8812,678,cat_2,678
8813,209,cat_3,209
8814,383,cat_4,383
8815,930,cat_0,930
8816,261,cat_1,261
8817,51,cat_2,51
8818,956,cat_3,956
8819,498,cat_4,498
8820,825,cat_0,825
8821,703,cat_1,703
8822,96,cat_2,96
8823,649,cat_3,649
8824,634,cat_4,634
8825,966,cat_0,966
8826,684,cat_1,684
8827,373,cat_2,373
8828,650,cat_3,650
8829,910,cat_4,910
8830,37,cat_0,37
8831,431,cat_1,431
8832,457,cat_2,457
8833,216,cat_3,216
8834,922,cat_4,922
8835,111,cat_0,111
8836,797,cat_1,797
8837,873,cat_2,873
8838,228,cat_3,228
8839,861,cat_4,861
8840,367,cat_0,367
8841,605,cat_1,605
8842,706,cat_2,706
8843,544,cat_3,544
8844,248,cat_4,248
8845,716,cat_0,716
8846,657,cat_1,657
8847,676,cat_2,676
8848,737,cat_3,737
8849,184,cat_4,184
8850,478,cat_0,478
8851,245,cat_1,245
8852,956,cat_2,956
8853,669,cat_3,669
8854,53,cat_4,53
8855,293,cat_0,293
8856,592,cat_1,592
8857,9,cat_2,9
8858,718,cat_3,718
8859,451,cat_4,451
8860,491,cat_0,491
8861,895,cat_1,895
8862,284,cat_2,284
8863,39,cat_3,39
8864,994,cat_4,994
8865,503,cat_0,503
8866,779,cat_1,779
8867,440,cat_2,440
8868,266,cat_3,266
8869,599,cat_4,599
8870,95,cat_0,95
8871,525,cat_1,525
8872,392,cat_2,392
8873,714,cat_3,714
8874,152,cat_4,152
8875,969,cat_0,969
8876,920,cat_1,920
8877,146,cat_2,146
8878,212,cat_3,212
8879,840,cat_4,840
8880,478,cat_0,478
8881,719,cat_1,719
8882,965,cat_2,965
8883,358,cat_3,358
8884,460,cat_4,460
8885,629,cat_0,629
8886,530,cat_1,530
8887,360,cat_2,360
8888,134,cat_3,134
8889,562,cat_4,562
8890,314,cat_0,314
8891,321,cat_1,321
8892,585,cat_2,585
8893,967,cat_3,967
8894,287,cat_4,287
8895,950,cat_0,950
8896,171,cat_1,171
8897,917,cat_2,917
8898,530,cat_3,530
8899,314,cat_4,314
8900,186,cat_0,186
8901,384,cat_1,384
8902,961,cat_2,961
8903,619,cat_3,619
8904,6,cat_4,6
8905,536,cat_0,536
8906,319,cat_1,319
8907,412,cat_2,412
8908,573,cat_3,573
8909,582,cat_4,582
8910,753,cat_0,753
8911,80,cat_1,80
8912,301,cat_2,301
8913,571,cat_3,571
8914,565,cat_4,565
8915,634,cat_0,634
8916,796,cat_1,796
8917,9,cat_2,9
8918,831,cat_3,831
8919,121,cat_4,121
8920,415,cat_0,415
8921,487,cat_1,487
8922,229,cat_2,229
8923,668,cat_3,668
8924,454,cat_4,454
8925,359,cat_0,359
8926,383,cat_1,383
8927,997,cat_2,997
8928,981,cat_3,981
8929,942,cat_4,942
8930,337,cat_0,337
8931,648,cat_1,648
8932,262,cat_2,262
8933,852,cat_3,852
8934,933,cat_4,933
8935,32,cat_0,32
8936,66,cat_1,66
8937,866,cat_2,866
8938,181,cat_3,181
8939,898,cat_4,898
8940,421,cat_0,421
8941,871,cat_1,871
8942,472,cat_2,472
8943,131,cat_3,131
8944,902,cat_4,902
8945,836,cat_0,836
8946,435,cat_1,435
8947,701,cat_2,701
8948,780,cat_3,780
8949,134,cat_4,134
8950,353,cat_0,353
8951,503,cat_1,503
8952,322,cat_2,322
8953,513,cat_3,513
8954,769,cat_4,769
8955,38,cat_0,38
8956,548,cat_1,548
8957,377,cat_2,377
8958,816,cat_3,816
8959,159,cat_4,159
8960,597,cat_0,597
8961,179,cat_1,179
8962,267,cat_2,267
8963,759,cat_3,759
8964,437,cat_4,437
8965,328,cat_0,328
8966,776,cat_1,776
8967,690,cat_2,690
8968,57,cat_3,57
8969,752,cat_4,752
8970,766,cat_0,766
8971,650,cat_1,650
8972,603,cat_2,603
8973,365,cat_3,365
8974,400,cat_4,400
8975,262,cat_0,262
8976,894,cat_1,894
8977,31,cat_2,31
8978,22,cat_3,22
8979,281,cat_4,281
8980,237,cat_0,237
8981,206,cat_1,206
8982,78,cat_2,78
8983,811,cat_3,811
8984,559,cat_4,559
8985,720,cat_0,720
8986,267,cat_1,267
8987,425,cat_2,425
8988,781,cat_3,781
8989,4,cat_4,4
8990,536,cat_0,536
8991,657,cat_1,657
8992,474,cat_2,474
8993,29,cat_3,29
8994,905,cat_4,905
8995,344,cat_0,344
8996,487,cat_1,487
8997,103,cat_2,103
8998,76,cat_3,76
8999,542,cat_4,542
9000,557,cat_0,557
9001,879,cat_1,879
9002,365,cat_2,365
9003,49,cat_3,49
9004,513,cat_4,513
9005,668,cat_0,668
9006,343,cat_1,343
9007,462,cat_2,462
9008,844,cat_3,844
9009,883,cat_4,883
9010,301,cat_0,301
9011,685,cat_1,685
9012,852,cat_2,852
9013,343,cat_3,343
9014,530,cat_4,530
9015,958,cat_0,958
9016,354,cat_1,354
9017,606,cat_2,606
9018,885,cat_3,885
9019,418,cat_4,418
9020,535,cat_0,535
9021,873,cat_1,873
9022,411,cat_2,411
9023,352,cat_3,352
9024,353,cat_4,353
9025,583,cat_0,583
9026,455,cat_1,455
9027,295,cat_2,295
9028,874,cat_3,874
9029,385,cat_4,385
9030,258,cat_0,258
9031,42,cat_1,42
9032,489,cat_2,489
9033,72,cat_3,72
9034,739,cat_4,739
9035,89,cat_0,89
9036,16,cat_1,16
9037,346,cat_2,346
9038,944,cat_3,944
9039,13,cat_4,13
9040,574,cat_0,574
9041,860,cat_1,860
9042,872,cat_2,872
9043,632,cat_3,632
9044,476,cat_4,476
9045,560,cat_0,560
9046,915,cat_1,915
9047,412,cat_2,412
9048,471,cat_3,471
9049,8,cat_4,8
9050,993,cat_0,993
9051,80,cat_1,80
9052,926,cat_2,926
9053,227,cat_3,227
9054,691,cat_4,691
9055,56,cat_0,56
9056,373,cat_1,373
9057,377,cat_2,377
9058,737,cat_3,737
9059,494,cat_4,494
9060,625,cat_0,625
9061,609,cat_1,609
9062,207,cat_2,207
9063,261,cat_3,261
9064,282,cat_4,282
9065,459,cat_0,459
9066,360,cat_1,360
9067,702,cat_2,702
9068,706,cat_3,706
9069,66,cat_4,66
9070,218,cat_0,218
9071,652,cat_1,652
9072,585,cat_2,585
9073,30,cat_3,30
9074,756,cat_4,756
9075,297,cat_0,297
9076,825,cat_1,825
9077,575,cat_2,575
9078,929,cat_3,929
9079,169,cat_4,169
9080,666,cat_0,666
9081,418,cat_1,418
9082,979,cat_2,979
9083,600,cat_3,600
9084,883,cat_4,883
9085,1000,cat_0,1000
9086,51,cat_1,51
9087,344,cat_2,344
9088,251,cat_3,251
9089,877,cat_4,877
9090,582,cat_0,582
9091,569,cat_1,569
9092,510,cat_2,510
9093,734,cat_3,734
9094,93,cat_4,93
9095,398,cat_0,398
9096,803,cat_1,803
9097,330,cat_2,330
9098,23,cat_3,23
9099,136,cat_4,136
9100,445,cat_0,445
9101,686,cat_1,686
9102,354,cat_2,354
9103,964,cat_3,964
9104,897,cat_4,897
9105,696,cat_0,696
9106,763,cat_1,763
9107,256,cat_2,256
9108,840,cat_3,840
9109,403,cat_4,403
9110,820,cat_0,820
9111,110,cat_1,110
9112,397,cat_2,397
9113,165,cat_3,165
9114,773,cat_4,773
9115,217,cat_0,217
9116,901,cat_1,901
9117,453,cat_2,453
9118,98,cat_3,98
9119,406,cat_4,406
9120,377,cat_0,377
9121,809,cat_1,809
9122,529,cat_2,529
9123,205,cat_3,205
9124,25,cat_4,25
9125,42,cat_0,42
9126,193,cat_1,193
9127,852,cat_2,852
9128,544,cat_3,544
9129,513,cat_4,513
9130,413,cat_0,413
9131,852,cat_1,852
9132,399,cat_2,399
9133,600,cat_3,600
9134,148,cat_4,148
9135,876,cat_0,876
9136,41,cat_1,41
9137,484,cat_2,484
9138,477,cat_3,477
9139,257,cat_4,257
9140,475,cat_0,475
9141,731,cat_1,731
9142,208,cat_2,208
9143,137,cat_3,137
9144,894,cat_4,894
9145,928,cat_0,928
9146,426,cat_1,426
9147,492,cat_2,492
9148,797,cat_3,797
9149,142,cat_4,142
9150,900,cat_0,900
9151,365,cat_1,365
9152,177,cat_2,177
9153,254,cat_3,254
9154,401,cat_4,401
9155,65,cat_0,65
9156,449,cat_1,449
9157,194,cat_2,194
9158,5,cat_3,5
9159,947,cat_4,947
9160,684,cat_0,684
9161,948,cat_1,948
9162,715,cat_2,715
9163,527,cat_3,527
9164,800,cat_4,800
9165,328,cat_0,328
9166,303,cat_1,303
9167,641,cat_2,641
9168,649,cat_3,649
9169,440,cat_4,440
9170,469,cat_0,469
9171,540,cat_1,540
9172,95,cat_2,95
9173,961,cat_3,961
9174,733,cat_4,733
9175,861,cat_0,861
9176,343,cat_1,343
9177,263,cat_2,263
9178,981,cat_3,981
9179,744,cat_4,744
9180,801,cat_0,801
9181,397,cat_1,397
9182,133,cat_2,133
9183,232,cat_3,232
9184,99,cat_4,99
9185,767,cat_0,767
9186,889,cat_1,889
9187,142,cat_2,142
9188,515,cat_3,515
9189,285,cat_4,285
9190,355,cat_0,355
9191,454,cat_1,454
9192,549,cat_2,549
9193,556,cat_3,556
9194,248,cat_4,248
9195,58,cat_0,58
9196,964,cat_1,964
9197,770,cat_2,770
9198,493,cat_3,493
9199,497,cat_4,497
9200,536,cat_0,536
9201,338,cat_1,338
9202,891,cat_2,891
9203,838,cat_3,838
9204,570,cat_4,570
9205,491,cat_0,491
9206,725,cat_1,725
9207,454,cat_2,454
9208,441,cat_3,441
9209,148,cat_4,148
9210,280,cat_0,280
9211,968,cat_1,968
9212,413,cat_2,413
9213,198,cat_3,198
9214,49,cat_4,49
9215,968,cat_0,968
9216,539,cat_1,539
9217,305,cat_2,305
9218,303,cat_3,303
9219,473,cat_4,473
9220,334,cat_0,334
9221,121,cat_1,121
9222,712,cat_2,712
9223,133,cat_3,133
9224,546,cat_4,546
9225,29,cat_0,29
9226,266,cat_1,266
9227,627,cat_2,627
9228,731,cat_3,731
9229,938,cat_4,938
9230,868,cat_0,868
9231,18,cat_1,18
9232,924,cat_2,924
9233,381,cat_3,381
9234,633,cat_4,633
9235,255,cat_0,255
9236,293,cat_1,293
9237,464,cat_2,464
9238,391,cat_3,391
9239,981,cat_4,981
9240,43,cat_0,43
9241,934,cat_1,934
9242,836,cat_2,836
9243,940,cat_3,940
9244,601,cat_4,601
9245,966,cat_0,966
9246,198,cat_1,198
9247,243,cat_2,243
9248,55,cat_3,55
9249,953,cat_4,953
9250,400,cat_0,400
9251,757,cat_1,757
9252,561,cat_2,561
9253,142,cat_3,142
9254,104,cat_4,104
9255,483,cat_0,483
9256,182,cat_1,182
9257,987,cat_2,987
9258,768,cat_3,768
9259,42,cat_4,42
9260,665,cat_0,665
9261,477,cat_1,477
9262,356,cat_2,356
9263,480,cat_3,480
9264,9,cat_4,9
9265,756,cat_0,756
9266,659,cat_1,659
9267,41,cat_2,41
9268,117,cat_3,117
9269,720,cat_4,720
9270,172,cat_0,172
9271,489,cat_1,489
9272,637,cat_2,637
9273,669,cat_3,669
9274,34,cat_4,34
9275,966,cat_0,966
9276,114,cat_1,114
9277,471,cat_2,471
9278,307,cat_3,307
9279,345,cat_4,345
9280,24,cat_0,24
9281,558,cat_1,558
9282,10,cat_2,10
9283,744,cat_3,744
9284,143,cat_4,143
9285,855,cat_0,855
9286,792,cat_1,792
9287,286,cat_2,286
9288,660,cat_3,660
9289,283,cat_4,283
9290,193,cat_0,193
9291,819,cat_1,819
9292,347,cat_2,347
9293,85,cat_3,85
9294,910,cat_4,910
9295,905,cat_0,905
9296,435,cat_1,435
9297,535,cat_2,535
9298,509,cat_3,509
9299,75,cat_4,75
9300,731,cat_0,731
9301,41,cat_1,41
9302,397,cat_2,397
9303,667,cat_3,667
9304,207,cat_4,207
9305,267,cat_0,267
9306,660,cat_1,660
9307,102,cat_2,102
9308,188,cat_3,188
9309,133,cat_4,133
9310,522,cat_0,522
9311,699,cat_1,699
9312,210,cat_2,210
9313,985,cat_3,985
9314,22,cat_4,22
9315,177,cat_0,177
9316,861,cat_1,861
9317,743,cat_2,743
9318,575,cat_3,575
9319,883,cat_4,883
9320,576,cat_0,576
9321,181,cat_1,181
9322,736,cat_2,736
9323,490,cat_3,490
9324,583,cat_4,583
9325,283,cat_0,283
9326,343,cat_1,343
9327,988,cat_2,988
9328,664,cat_3,664
9329,259,cat_4,259
9330,700,cat_0,700
9331,264,cat_1,264
9332,870,cat_2,870
9333,831,cat_3,831
9334,790,cat_4,790
9335,354,cat_0,354
9336,341,cat_1,341
9337,619,cat_2,619
9338,27,cat_3,27
9339,239,cat_4,239
9340,155,cat_0,155
9341,198,cat_1,198
9342,247,cat_2,247
9343,692,cat_3,692
9344,470,cat_4,470
9345,379,cat_0,379
9346,391,cat_1,391
9347,597,cat_2,597
9348,34,cat_3,34
9349,453,cat_4,453
9350,169,cat_0,169
9351,42,cat_1,42
9352,12,cat_2,12
9353,553,cat_3,553
9354,929,cat_4,929
9355,24,cat_0,24
9356,814,cat_1,814
9357,863,cat_2,863
9358,102,cat_3,102
9359,831,cat_4,831
9360,25,cat_0,25
9361,126,cat_1,126
9362,14,cat_2,14
9363,220,cat_3,220
9364,403,cat_4,403
9365,149,cat_0,149
9366,338,cat_1,338
9367,403,cat_2,403
9368,46,cat_3,46
9369,665,cat_4,665
9370,970,cat_0,970
9371,860,cat_1,860
9372,339,cat_2,339
9373,735,cat_3,735
9374,629,cat_4,629
9375,570,cat_0,570
9376,127,cat_1,127
9377,652,cat_2,652
9378,933,cat_3,933
9379,370,cat_4,370
9380,237,cat_0,237
9381,853,cat_1,853
9382,886,cat_2,886
9383,122,cat_3,122
9384,980,cat_4,980
9385,984,cat_0,984
9386,142,cat_1,142
9387,234,cat_2,234
9388,322,cat_3,322
9389,323,cat_4,323
9390,104,cat_0,104
9391,284,cat_1,284
9392,479,cat_2,479
9393,512,cat_3,512
9394,716,cat_4,716
9395,810,cat_0,810
9396,771,cat_1,771
9397,655,cat_2,655
9398,639,cat_3,639
9399,737,cat_4,737
9400,93,cat_0,93
9401,684,cat_1,684
9402,360,cat_2,360
9403,75,cat_3,75
9404,920,cat_4,920
9405,199,cat_0,199
9406,791,cat_1,791
9407,452,cat_2,452
9408,469,cat_3,469
9409,132,cat_4,132
9410,329,cat_0,329
9411,159,cat_1,159
9412,696,cat_2,696
9413,491,cat_3,491
9414,942,cat_4,942
9415,295,cat_0,295
9416,117,cat_1,117
9417,151,cat_2,151
9418,155,cat_3,155
9419,257,cat_4,257
9420,625,cat_0,625
9421,41,cat_1,41
9422,463,cat_2,463
9423,127,cat_3,127
9424,818,cat_4,818
9425,745,cat_0,745
9426,597,cat_1,597
9427,29,cat_2,29
9428,721,cat_3,721
9429,361,cat_4,361
9430,949,cat_0,949
9431,34,cat_1,34
9432,881,cat_2,881
9433,645,cat_3,645
9434,866,cat_4,866
9435,504,cat_0,504
9436,306,cat_1,306
9437,686,cat_2,686
9438,501,cat_3,501
9439,393,cat_4,393
9440,829,cat_0,829
9441,262,cat_1,262
9442,617,cat_2,617
9443,538,cat_3,538
9444,904,cat_4,904
9445,979,cat_0,979
9446,239,cat_1,239
9447,128,cat_2,128
9448,435,cat_3,435
9449,120,cat_4,120
9450,73,cat_0,73
9451,12,cat_1,12
9452,845,cat_2,845
9453,512,cat_3,512
9454,598,cat_4,598
9455,147,cat_0,147
9456,285,cat_1,285
9457,698,cat_2,698
9458,4,cat_3,4
9459,996,cat_4,996
9460,365,cat_0,365
9461,308,cat_1,308
9462,145,cat_2,145
9463,937,cat_3,937
9464,178,cat_4,178
9465,903,cat_0,903
9466,870,cat_1,870
9467,497,cat_2,497
9468,310,cat_3,310
9469,752,cat_4,752
9470,323,cat_0,323
9471,759,cat_1,759
9472,433,cat_2,433
9473,377,cat_3,377
9474,933,cat_4,933
9475,818,cat_0,818
9476,672,cat_1,672
9477,265,cat_2,265
9478,358,cat_3,358
9479,81,cat_4,81
9480,487,cat_0,487
9481,411,cat_1,411
9482,258,cat_2,258
9483,185,cat_3,185
9484,65,cat_4,65
9485,535,cat_0,535
9486,635,cat_1,635
9487,1,cat_2,1
9488,19,cat_3,19
9489,712,cat_4,712
9490,649,cat_0,649
9491,32,cat_1,32
9492,170,cat_2,170
9493,427,cat_3,427
9494,902,cat_4,902
9495,733,cat_0,733
9496,12,cat_1,12
9497,324,cat_2,324
9498,244,cat_3,244
9499,232,cat_4,232
9500,359,cat_0,359
9501,931,cat_1,931
9502,955,cat_2,955
9503,553,cat_3,553
9504,973,cat_4,973
9505,65,cat_0,65
9506,330,cat_1,330
9507,372,cat_2,372
9508,532,cat_3,532
9509,398,cat_4,398
9510,759,cat_0,759
9511,68,cat_1,68
9512,848,cat_2,848
9513,74,cat_3,74
9514,354,cat_4,354
9515,62,cat_0,62
9516,278,cat_1,278
9517,490,cat_2,490
9518,549,cat_3,549
9519,571,cat_4,571
9520,382,cat_0,382
9521,433,cat_1,433
9522,851,cat_2,851
9523,8,cat_3,8
9524,529,cat_4,529
9525,932,cat_0,932
9526,668,cat_1,668
9527,563,cat_2,563
9528,98,cat_3,98
9529,457,cat_4,457
9530,644,cat_0,644
9531,113,cat_1,113
9532,58,cat_2,58
9533,199,cat_3,199
9534,878,cat_4,878
9535,641,cat_0,641
9536,319,cat_1,319
9537,930,cat_2,930
9538,813,cat_3,813
9539,637,cat_4,637
9540,324,cat_0,324
9541,545,cat_1,545
9542,754,cat_2,754
9543,918,cat_3,918
9544,875,cat_4,875
9545,701,cat_0,701
9546,823,cat_1,823
9547,643,cat_2,643
9548,35,cat_3,35
9549,528,cat_4,528
9550,203,cat_0,203
9551,941,cat_1,941
9552,857,cat_2,857
9553,476,cat_3,476
9554,826,cat_4,826
9555,675,cat_0,675
9556,69,cat_1,69
9557,150,cat_2,150
9558,916,cat_3,916
9559,266,cat_4,266
9560,226,cat_0,226
9561,784,cat_1,784
9562,761,cat_2,761
9563,806,cat_3,806
9564,784,cat_4,784
9565,590,cat_0,590
9566,263,cat_1,263
9567,21,cat_2,21
9568,379,cat_3,379
9569,866,cat_4,866
9570,714,cat_0,714
9571,704,cat_1,704
9572,553,cat_2,553
9573,914,cat_3,914
9574,150,cat_4,150
9575,342,cat_0,342
9576,225,cat_1,225
9577,710,cat_2,710
9578,633,cat_3,633
9579,537,cat_4,537
9580,43,cat_0,43
9581,631,cat_1,631
9582,149,cat_2,149
9583,886,cat_3,886
9584,303,cat_4,303
9585,326,cat_0,326
9586,986,cat_1,986
9587,677,cat_2,677
9588,514,cat_3,514
9589,653,cat_4,653
9590,927,cat_0,927
9591,988,cat_1,988
9592,410,cat_2,410
9593,337,cat_3,337
9594,387,cat_4,387
9595,711,cat_0,711
9596,673,cat_1,673
9597,889,cat_2,889
9598,276,cat_3,276
9599,543,cat_4,543
9600,149,cat_0,149
9601,264,cat_1,264
9602,513,cat_2,513
9603,883,cat_3,883
9604,199,cat_4,199
9605,236,cat_0,236
9606,144,cat_1,144
9607,367,cat_2,367
9608,868,cat_3,868
9609,705,cat_4,705
9610,825,cat_0,825
9611,27,cat_1,27
9612,732,cat_2,732
9613,452,cat_3,452
9614,972,cat_4,972
9615,217,cat_0,217
9616,528,cat_1,528
9617,590,cat_2,590
9618,936,cat_3,936
9619,533,cat_4,533
9620,228,cat_0,228
9621,377,cat_1,377
9622,975,cat_2,975
9623,291,cat_3,291
9624,542,cat_4,542
9625,127,cat_0,127
9626,429,cat_1,429
9627,772,cat_2,772
9628,712,cat_3,712
9629,126,cat_4,126
9630,554,cat_0,554
9631,397,cat_1,397
9632,276,cat_2,276
9633,839,cat_3,839
9634,878,cat_4,878
9635,793,cat_0,793
9636,512,cat_1,512
9637,945,cat_2,945
9638,332,cat_3,332
9639,875,cat_4,875
9640,397,cat_0,397
9641,705,cat_1,705
9642,528,cat_2,528
9643,6,cat_3,6
9644,627,cat_4,627
9645,674,cat_0,674
9646,45,cat_1,45
9647,462,cat_2,462
9648,555,cat_3,555
9649,457,cat_4,457
9650,637,cat_0,637
9651,636,cat_1,636
9652,691,cat_2,691
9653,24,cat_3,24
9654,66,cat_4,66
9655,461,cat_0,461
9656,822,cat_1,822
9657,903,cat_2,903
9658,31,cat_3,31
9659,917,cat_4,917
9660,170,cat_0,170
9661,140,cat_1,140
9662,427,cat_2,427
9663,999,cat_3,999
9664,918,cat_4,918
9665,977,cat_0,977
9666,987,cat_1,987
9667,493,cat_2,493
9668,308,cat_3,308
9669,435,cat_4,435
9670,573,cat_0,573
9671,800,cat_1,800
9672,924,cat_2,924
9673,280,cat_3,280
9674,582,cat_4,582
9675,413,cat_0,413
9676,719,cat_1,719
9677,194,cat_2,194
9678,193,cat_3,193
9679,334,cat_4,334
9680,310,cat_0,310
9681,921,cat_1,921
9682,605,cat_2,605
9683,985,cat_3,985
9684,171,cat_4,171
9685,847,cat_0,847
9686,636,cat_1,636
9687,304,cat_2,304
9688,523,cat_3,523
9689,371,cat_4,371
9690,735,cat_0,735
9691,421,cat_1,421
9692,633,cat_2,633
9693,64,cat_3,64
9694,456,cat_4,456
9695,287,cat_0,287
9696,179,cat_1,179
9697,176,cat_2,176
9698,559,cat_3,559
9699,598,cat_4,598
9700,351,cat_0,351
9701,39,cat_1,39
9702,64,cat_2,64
9703,438,cat_3,438
9704,183,cat_4,183
9705,394,cat_0,394
9706,499,cat_1,499
9707,925,cat_2,925
9708,788,cat_3,788
9709,212,cat_4,212
9710,431,cat_0,431
9711,69,cat_1,69
9712,655,cat_2,655
9713,189,cat_3,189
9714,185,cat_4,185
9715,648,cat_0,648
9716,297,cat_1,297
9717,541,cat_2,541
9718,405,cat_3,405
9719,92,cat_4,92
9720,43,cat_0,43
9721,172,cat_1,172
9722,325,cat_2,325
9723,684,cat_3,684
9724,381,cat_4,381
9725,527,cat_0,527
9726,198,cat_1,198
9727,203,cat_2,203
9728,220,cat_3,220
9729,584,cat_4,584
9730,140,cat_0,140
9731,555,cat_1,555
9732,773,cat_2,773
9733,778,cat_3,778
9734,32,cat_4,32
9735,848,cat_0,848
9736,185,cat_1,185
9737,395,cat_2,395
9738,281,cat_3,281
9739,468,cat_4,468
9740,953,cat_0,953
9741,177,cat_1,177
9742,784,cat_2,784
9743,926,cat_3,926
9744,587,cat_4,587
9745,845,cat_0,845
9746,132,cat_1,132
9747,988,cat_2,988
9748,413,cat_3,413
9749,60,cat_4,60
9750,499,cat_0,499
9751,636,cat_1,636
9752,589,cat_2,589
9753,228,cat_3,228
9754,564,cat_4,564
9755,740,cat_0,740
9756,634,cat_1,634
9757,468,cat_2,468
9758,767,cat_3,767
9759,269,cat_4,269
9760,859,cat_0,859
9761,552,cat_1,552
9762,997,cat_2,997
9763,975,cat_3,975
9764,380,cat_4,380
9765,248,cat_0,248
9766,917,cat_1,917
9767,314,cat_2,314
9768,93,cat_3,93
9769,38,cat_4,38
9770,361,cat_0,361
9771,674,cat_1,674
9772,473,cat_2,473
9773,803,cat_3,803
9774,230,cat_4,230
9775,691,cat_0,691
9776,259,cat_1,259
9777,966,cat_2,966
9778,525,cat_3,525
9779,212,cat_4,212
9780,457,cat_0,457
9781,215,cat_1,215
9782,795,cat_2,795
9783,993,cat_3,993
9784,192,cat_4,192
9785,321,cat_0,321
9786,143,cat_1,143
9787,420,cat_2,420
9788,667,cat_3,667
9789,213,cat_4,213
9790,777,cat_0,777
9791,377,cat_1,377
9792,416,cat_2,416
9793,479,cat_3,479
9794,875,cat_4,875
9795,276,cat_0,276
9796,292,cat_1,292
9797,692,cat_2,692
9798,394,cat_3,394
9799,843,cat_4,843
9800,898,cat_0,898
9801,361,cat_1,361
9802,493,cat_2,493
9803,591,cat_3,591
9804,617,cat_4,617
9805,409,cat_0,409
9806,627,cat_1,627
9807,132,cat_2,132
9808,666,cat_3,666
9809,271,cat_4,271
9810,645,cat_0,645
9811,115,cat_1,115
9812,574,cat_2,574
9813,831,cat_3,831
9814,149,cat_4,149
9815,773,cat_0,773
9816,33,cat_1,33
9817,828,cat_2,828
9818,987,cat_3,987
9819,351,cat_4,351
9820,597,cat_0,597
9821,894,cat_1,894
9822,112,cat_2,112
9823,373,cat_3,373
9824,575,cat_4,575
9825,532,cat_0,532
9826,556,cat_1,556
9827,111,cat_2,111
9828,60,cat_3,60
9829,58,cat_4,58
9830,978,cat_0,978
9831,12,cat_1,12
9832,143,cat_2,143
9833,432,cat_3,432
9834,313,cat_4,313
9835,941,cat_0,941
9836,65,cat_1,65
9837,522,cat_2,522
9838,207,cat_3,207
9839,92,cat_4,92
9840,364,cat_0,364
9841,73,cat_1,73
9842,338,cat_2,338
9843,31,cat_3,31
9844,367,cat_4,367
9845,620,cat_0,620
9846,520,cat_1,520
9847,412,cat_2,412
9848,220,cat_3,220
9849,393,cat_4,393
9850,817,cat_0,817
9851,233,cat_1,233
9852,646,cat_2,646
9853,275,cat_3,275
9854,974,cat_4,974
9855,983,cat_0,983
9856,472,cat_1,472
9857,183,cat_2,183
9858,702,cat_3,702
9859,248,cat_4,248
9860,575,cat_0,575
9861,762,cat_1,762
9862,674,cat_2,674
9863,964,cat_3,964
9864,244,cat_4,244
9865,662,cat_0,662
9866,877,cat_1,877
9867,854,cat_2,854
9868,920,cat_3,920
9869,721,cat_4,721
9870,376,cat_0,376
9871,995,cat_1,995
9872,847,cat_2,847
9873,338,cat_3,338
9874,73,cat_4,73
9875,501,cat_0,501
9876,124,cat_1,124
9877,922,cat_2,922
9878,91,cat_3,91
9879,681,cat_4,681
9880,453,cat_0,453
9881,478,cat_1,478
9882,357,cat_2,357
9883,956,cat_3,956
9884,218,cat_4,218
9885,768,cat_0,768
9886,563,cat_1,563
9887,676,cat_2,676
9888,206,cat_3,206
9889,405,cat_4,405
9890,168,cat_0,168
9891,488,cat_1,488
9892,604,cat_2,604
9893,685,cat_3,685
9894,85,cat_4,85
9895,946,cat_0,946
9896,485,cat_1,485
9897,597,cat_2,597
9898,974,cat_3,974
9899,273,cat_4,273
9900,86,cat_0,86
9901,679,cat_1,679
9902,179,cat_2,179
9903,782,cat_3,782
9904,437,cat_4,437
9905,609,cat_0,609
9906,961,cat_1,961
9907,440,cat_2,440
9908,908,cat_3,908
9909,233,cat_4,233
9910,287,cat_0,287
9911,472,cat_1,472
9912,516,cat_2,516
9913,586,cat_3,586
9914,919,cat_4,919
9915,597,cat_0,597
9916,121,cat_1,121
9917,849,cat_2,849
9918,494,cat_3,494
9919,892,cat_4,892
9920,493,cat_0,493
9921,612,cat_1,612
9922,5,cat_2,5
9923,961,cat_3,961
9924,483,cat_4,483
9925,487,cat_0,487
9926,239,cat_1,239
9927,319,cat_2,319
9928,452,cat_3,452
9929,425,cat_4,425
9930,730,cat_0,730
9931,604,cat_1,604
9932,131,cat_2,131
9933,831,cat_3,831
9934,889,cat_4,889
9935,926,cat_0,926
9936,491,cat_1,491
9937,171,cat_2,171
9938,756,cat_3,756
9939,38,cat_4,38
9940,53,cat_0,53
9941,722,cat_1,722
9942,807,cat_2,807
9943,691,cat_3,691
9944,312,cat_4,312
9945,415,cat_0,415
9946,783,cat_1,783
9947,641,cat_2,641
9948,948,cat_3,948
9949,568,cat_4,568
9950,119,cat_0,119
9951,548,cat_1,548
9952,122,cat_2,122
9953,555,cat_3,555
9954,802,cat_4,802
9955,805,cat_0,805
9956,814,cat_1,814
9957,2,cat_2,2
9958,74,cat_3,74
9959,125,cat_4,125
9960,390,cat_0,390
9961,311,cat_1,311
9962,427,cat_2,427
9963,293,cat_3,293
9964,861,cat_4,861
9965,698,cat_0,698
9966,99,cat_1,99
9967,492,cat_2,492
9968,92,cat_3,92
9969,419,cat_4,419
9970,854,cat_0,854
9971,567,cat_1,567
9972,440,cat_2,440
9973,479,cat_3,479
9974,262,cat_4,262
9975,365,cat_0,365
9976,995,cat_1,995
9977,669,cat_2,669
9978,371,cat_3,371
9979,993,cat_4,993
9980,600,cat_0,600
9981,761,cat_1,761
9982,195,cat_2,195
9983,236,cat_3,236
9984,466,cat_4,466
9985,506,cat_0,506
9986,838,cat_1,838
9987,940,cat_2,940
9988,882,cat_3,882
9989,735,cat_4,735
9990,190,cat_0,190
9991,915,cat_1,915
9992,124,cat_2,124
9993,860,cat_3,860
9994,923,cat_4,923
9995,977,cat_0,977
9996,901,cat_1,901
9997,858,cat_2,858
9998,29,cat_3,29
9999,496,cat_4,496
10000,887,cat_0,887
10001,255,cat_1,255
10002,36,cat_2,36
10003,830,cat_3,830
10004,868,cat_4,868
10005,66,cat_0,66
10006,746,cat_1,746
10007,645,cat_2,645
10008,575,cat_3,575
10009,595,cat_4,595
10010,517,cat_0,517
10011,162,cat_1,162
10012,47,cat_2,47
10013,629,cat_3,629
10014,560,cat_4,560
10015,234,cat_0,234
10016,560,cat_1,560
10017,260,cat_2,260
10018,840,cat_3,840
10019,324,cat_4,324
10020,269,cat_0,269
10021,4,cat_1,4
10022,447,cat_2,447
10023,805,cat_3,805
10024,225,cat_4,225
10025,169,cat_0,169
10026,644,cat_1,644
10027,529,cat_2,529
10028,494,cat_3,494
10029,198,cat_4,198
10030,229,cat_0,229
10031,841,cat_1,841
10032,277,cat_2,277
10033,45,cat_3,45
10034,550,cat_4,550
10035,918,cat_0,918
10036,121,cat_1,121
10037,538,cat_2,538
10038,792,cat_3,792
10039,197,cat_4,197
10040,694,cat_0,694
10041,922,cat_1,922
10042,745,cat_2,745
10043,165,cat_3,165
10044,804,cat_4,804
10045,538,cat_0,538
10046,933,cat_1,933
10047,316,cat_2,316
10048,131,cat_3,131
10049,700,cat_4,700
10050,613,cat_0,613
10051,427,cat_1,427
10052,637,cat_2,637
10053,630,cat_3,630
10054,208,cat_4,208
10055,171,cat_0,171
10056,32,cat_1,32
10057,103,cat_2,103
10058,602,cat_3,602
10059,498,cat_4,498
10060,659,cat_0,659
10061,907,cat_1,907
10062,437,cat_2,437
10063,96,cat_3,96
10064,416,cat_4,416
10065,103,cat_0,103
10066,647,cat_1,647
10067,668,cat_2,668
10068,547,cat_3,547
10069,109,cat_4,109
10070,697,cat_0,697
10071,67,cat_1,67
10072,993,cat_2,993
10073,86,cat_3,86
10074,411,cat_4,411
10075,808,cat_0,808
10076,677,cat_1,677
10077,488,cat_2,488
10078,874,cat_3,874
10079,49,cat_4,49
10080,74,cat_0,74
10081,170,cat_1,170
10082,138,cat_2,138
10083,54,cat_3,54
10084,461,cat_4,461
10085,962,cat_0,962
10086,877,cat_1,877
10087,690,cat_2,690
10088,229,cat_3,229
10089,485,cat_4,485
10090,3,cat_0,3
10091,782,cat_1,782
10092,896,cat_2,896
10093,606,cat_3,606
10094,581,cat_4,581
10095,103,cat_0,103
10096,839,cat_1,839
10097,561,cat_2,561
10098,467,cat_3,467
10099,96,cat_4,96
10100,465,cat_0,465
10101,869,cat_1,869
10102,934,cat_2,934
10103,437,cat_3,437
10104,487,cat_4,487
10105,557,cat_0,557
10106,392,cat_1,392
10107,558,cat_2,558
10108,920,cat_3,920
10109,545,cat_4,545
10110,94,cat_0,94
10111,946,cat_1,946
10112,103,cat_2,103
10113,24,cat_3,24
10114,93,cat_4,93
10115,993,cat_0,993
10116,290,cat_1,290
10117,392,cat_2,392
10118,503,cat_3,503
10119,506,cat_4,506
10120,34,cat_0,34
10121,862,cat_1,862
10122,177,cat_2,177
10123,740,cat_3,740
10124,28,cat_4,28
10125,982,cat_0,982
10126,280,cat_1,280
10127,900,cat_2,900
10128,984,cat_3,984
10129,918,cat_4,918
10130,66,cat_0,66
10131,313,cat_1,313
10132,729,cat_2,729
10133,427,cat_3,427
10134,259,cat_4,259
10135,830,cat_0,830
10136,343,cat_1,343
10137,125,cat_2,125
10138,43,cat_3,43
10139,644,cat_4,644
10140,257,cat_0,257
10141,23,cat_1,23
10142,401,cat_2,401
10143,347,cat_3,347
10144,920,cat_4,920
10145,881,cat_0,881
10146,204,cat_1,204
10147,616,cat_2,616
10148,975,cat_3,975
10149,84,cat_4,84
10150,617,cat_0,617
10151,591,cat_1,591
10152,835,cat_2,835
10153,309,cat_3,309
10154,419,cat_4,419
10155,440,cat_0,440
10156,145,cat_1,145
10157,828,cat_2,828
10158,127,cat_3,127
10159,851,cat_4,851
10160,111,cat_0,111
10161,721,cat_1,721
10162,307,cat_2,307
10163,941,cat_3,941
10164,371,cat_4,371
10165,776,cat_0,776
10166,740,cat_1,740
10167,96,cat_2,96
10168,716,cat_3,716
10169,444,cat_4,444
10170,319,cat_0,319
10171,931,cat_1,931
10172,178,cat_2,178
10173,622,cat_3,622
10174,35,cat_4,35
10175,585,cat_0,585
10176,60,cat_1,60
10177,1,cat_2,1
10178,562,cat_3,562
10179,840,cat_4,840
10180,174,cat_0,174
10181,551,cat_1,551
10182,32,cat_2,32
10183,155,cat_3,155
10184,207,cat_4,207
10185,222,cat_0,222
10186,960,cat_1,960
10187,544,cat_2,544
10188,122,cat_3,122
10189,355,cat_4,355
10190,10,cat_0,10
10191,325,cat_1,325
10192,711,cat_2,711
10193,198,cat_3,198
10194,162,cat_4,162
10195,185,cat_0,185
10196,852,cat_1,852
10197,868,cat_2,868
10198,182,cat_3,182
10199,832,cat_4,832
10200,778,cat_0,778
10201,959,cat_1,959
10202,941,cat_2,941
10203,706,cat_3,706
10204,827,cat_4,827
10205,406,cat_0,406
10206,986,cat_1,986
10207,662,cat_2,662
10208,903,cat_3,903
10209,89,cat_4,89
10210,897,cat_0,897
10211,619,cat_1,619
10212,614,cat_2,614
10213,346,cat_3,346
10214,417,cat_4,417
10215,857,cat_0,857
10216,481,cat_1,481
10217,360,cat_2,360
10218,27,cat_3,27
10219,265,cat_4,265
10220,23,cat_0,23
10221,892,cat_1,892
10222,468,cat_2,468
10223,858,cat_3,858
10224,678,cat_4,678
10225,709,cat_0,709
10226,552,cat_1,552
10227,830,cat_2,830
10228,549,cat_3,549
10229,735,cat_4,735
10230,502,cat_0,502
10231,241,cat_1,241
10232,125,cat_2,125
10233,811,cat_3,811
10234,763,cat_4,763
10235,36,cat_0,36
10236,836,cat_1,836
10237,999,cat_2,999
10238,174,cat_3,174
10239,533,cat_4,533
10240,706,cat_0,706
10241,606,cat_1,606
10242,674,cat_2,674
10243,345,cat_3,345
10244,340,cat_4,340
10245,945,cat_0,945
10246,539,cat_1,539
10247,571,cat_2,571
10248,358,cat_3,358
10249,562,cat_4,562
10250,111,cat_0,111
10251,973,cat_1,973
10252,892,cat_2,892
10253,230,cat_3,230
10254,9,cat_4,9
10255,545,cat_0,545
10256,796,cat_1,796
10257,700,cat_2,700
10258,670,cat_3,670
10259,44,cat_4,44
10260,837,cat_0,837
10261,189,cat_1,189
10262,483,cat_2,483
10263,363,cat_3,363
10264,52,cat_4,52
10265,294,cat_0,294
10266,87,cat_1,87
10267,326,cat_2,326
10268,240,cat_3,240
10269,830,cat_4,830
10270,424,cat_0,424
10271,507,cat_1,507
10272,128,cat_2,128
10273,815,cat_3,815
10274,259,cat_4,259
10275,741,cat_0,741
10276,655,cat_1,655
10277,31,cat_2,31
10278,477,cat_3,477
10279,496,cat_4,496
10280,184,cat_0,184
10281,427,cat_1,427
10282,500,cat_2,500
10283,91,cat_3,91
10284,487,cat_4,487
10285,983,cat_0,983
10286,859,cat_1,859
10287,579,cat_2,579
10288,866,cat_3,866
10289,446,cat_4,446
10290,807,cat_0,807
10291,507,cat_1,507
10292,120,cat_2,120
10293,810,cat_3,810
10294,139,cat_4,139
10295,662,cat_0,662
10296,694,cat_1,694
10297,942,cat_2,942
10298,1000,cat_3,1000
10299,132,cat_4,132
10300,779,cat_0,779
10301,949,cat_1,949
10302,482,cat_2,482
10303,559,cat_3,559
10304,454,cat_4,454
10305,10,cat_0,10
10306,192,cat_1,192
10307,156,cat_2,156
10308,409,cat_3,409
10309,847,cat_4,847
10310,812,cat_0,812
10311,309,cat_1,309
10312,598,cat_2,598
10313,118,cat_3,118
10314,462,cat_4,462
10315,368,cat_0,368
10316,754,cat_1,754
10317,362,cat_2,362
10318,959,cat_3,959
10319,25,cat_4,25
10320,306,cat_0,306
10321,513,cat_1,513
10322,76,cat_2,76
10323,280,cat_3,280
10324,949,cat_4,949
10325,246,cat_0,246
10326,836,cat_1,836
10327,429,cat_2,429
10328,336,cat_3,336
10329,346,cat_4,346
10330,134,cat_0,134
10331,999,cat_1,999
10332,856,cat_2,856
10333,310,cat_3,310
10334,279,cat_4,279
10335,259,cat_0,259
10336,695,cat_1,695
10337,190,cat_2,190
10338,596,cat_3,596
10339,413,cat_4,413
10340,458,cat_0,458
10341,188,cat_1,188
10342,788,cat_2,788
10343,897,cat_3,897
10344,461,cat_4,461
10345,957,cat_0,957
10346,246,cat_1,246
10347,656,cat_2,656
10348,46,cat_3,46
10349,985,cat_4,985
10350,492,cat_0,492
10351,178,cat_1,178
10352,456,cat_2,456
10353,626,cat_3,626
10354,322,cat_4,322
10355,422,cat_0,422
10356,350,cat_1,350
10357,571,cat_2,571
10358,47,cat_3,47
10359,558,cat_4,558
10360,639,cat_0,639
10361,851,cat_1,851
10362,391,cat_2,391
10363,111,cat_3,111
10364,84,cat_4,84
10365,927,cat_0,927
10366,44,cat_1,44
10367,936,cat_2,936
10368,815,cat_3,815
10369,272,cat_4,272
10370,440,cat_0,440
10371,464,cat_1,464
10372,625,cat_2,625
10373,878,cat_3,878
10374,753,cat_4,753
10375,147,cat_0,147
10376,522,cat_1,522
10377,450,cat_2,450
10378,52,cat_3,52
10379,640,cat_4,640
10380,364,cat_0,364
10381,873,cat_1,873
10382,477,cat_2,477
10383,224,cat_3,224
10384,762,cat_4,762
10385,416,cat_0,416
10386,475,cat_1,475
10387,673,cat_2,673
10388,619,cat_3,619
10389,958,cat_4,958
10390,209,cat_0,209
10391,978,cat_1,978
10392,903,cat_2,903
10393,250,cat_3,250
10394,891,cat_4,891
10395,393,cat_0,393
10396,276,cat_1,276
10397,93,cat_2,93
10398,195,cat_3,195
10399,88,cat_4,88
10400,898,cat_0,898
10401,712,cat_1,712
10402,634,cat_2,634
10403,24,cat_3,24
10404,898,cat_4,898
10405,98,cat_0,98
10406,804,cat_1,804
10407,318,cat_2,318
10408,890,cat_3,890
10409,863,cat_4,863
10410,76,cat_0,76
10411,783,cat_1,783
10412,964,cat_2,964
10413,91,cat_3,91
10414,323,cat_4,323
10415,379,cat_0,379
10416,482,cat_1,482
10417,565,cat_2,565
10418,548,cat_3,548
10419,259,cat_4,259
10420,594,cat_0,594
10421,318,cat_1,318
10422,343,cat_2,343
10423,442,cat_3,442
10424,600,cat_4,600
10425,108,cat_0,108
10426,525,cat_1,525
10427,583,cat_2,583
10428,79,cat_3,79
10429,129,cat_4,129
10430,515,cat_0,515
10431,562,cat_1,562
10432,309,cat_2,309
10433,342,cat_3,342
10434,234,cat_4,234
10435,587,cat_0,587
10436,971,cat_1,971
10437,616,cat_2,616
10438,688,cat_3,688
10439,834,cat_4,834
10440,793,cat_0,793
10441,801,cat_1,801
10442,556,cat_2,556
10443,343,cat_3,343
10444,160,cat_4,160
10445,44,cat_0,44
10446,75,cat_1,75
10447,821,cat_2,821
10448,429,cat_3,429
10449,858,cat_4,858
10450,787,cat_0,787
10451,292,cat_1,292
10452,507,cat_2,507
10453,288,cat_3,288
10454,79,cat_4,79
10455,330,cat_0,330
10456,328,cat_1,328
10457,82,cat_2,82
10458,365,cat_3,365
10459,277,cat_4,277
10460,675,cat_0,675
10461,527,cat_1,527
10462,313,cat_2,313
10463,501,cat_3,501
10464,113,cat_4,113
10465,753,cat_0,753
10466,57,cat_1,57
10467,125,cat_2,125
10468,716,cat_3,716
10469,373,cat_4,373
10470,77,cat_0,77
10471,126,cat_1,126
10472,174,cat_2,174
10473,502,cat_3,502
10474,766,cat_4,766
10475,642,cat_0,642
10476,97,cat_1,97
10477,62,cat_2,62
10478,538,cat_3,538
10479,113,cat_4,113
10480,82,cat_0,82
10481,134,cat_1,134
10482,436,cat_2,436
10483,147,cat_3,147
10484,10,cat_4,10
10485,642,cat_0,642
10486,324,cat_1,324
10487,386,cat_2,386
10488,412,cat_3,412
10489,564,cat_4,564
10490,361,cat_0,361
10491,806,cat_1,806
10492,893,cat_2,893
10493,635,cat_3,635
10494,751,cat_4,751
10495,657,cat_0,657
10496,499,cat_1,499
10497,480,cat_2,480
10498,152,cat_3,152
10499,551,cat_4,551
10500,693,cat_0,693
10501,810,cat_1,810
10502,693,cat_2,693
10503,74,cat_3,74
10504,70,cat_4,70
10505,198,cat_0,198
10506,406,cat_1,406
10507,263,cat_2,263
10508,656,cat_3,656
10509,711,cat_4,711
10510,87,cat_0,87
10511,341,cat_1,341
10512,982,cat_2,982
10513,866,cat_3,866
10514,932,cat_4,932
10515,374,cat_0,374
10516,143,cat_1,143
10517,442,cat_2,442
10518,125,cat_3,125
10519,696,cat_4,696
10520,707,cat_0,707
10521,757,cat_1,757
10522,304,cat_2,304
10523,330,cat_3,330
10524,923,cat_4,923
10525,985,cat_0,985
10526,608,cat_1,608
10527,632,cat_2,632
10528,990,cat_3,990
10529,141,cat_4,141
10530,437,cat_0,437
10531,662,cat_1,662
10532,551,cat_2,551
10533,905,cat_3,905
10534,857,cat_4,857
10535,440,cat_0,440
10536,717,cat_1,717
10537,234,cat_2,234
10538,662,cat_3,662
10539,413,cat_4,413
10540,614,cat_0,614
10541,69,cat_1,69
10542,31,cat_2,31
10543,948,cat_3,948
10544,575,cat_4,575
10545,140,cat_0,140
10546,802,cat_1,802
10547,883,cat_2,883
10548,685,cat_3,685
10549,213,cat_4,213
10550,45,cat_0,45
10551,234,cat_1,234
10552,282,cat_2,282
10553,474,cat_3,474
10554,459,cat_4,459
10555,376,cat_0,376
10556,356,cat_1,356
10557,257,cat_2,257
10558,527,cat_3,527
10559,987,cat_4,987
10560,562,cat_0,562
10561,283,cat_1,283
10562,400,cat_2,400
10563,573,cat_3,573
10564,753,cat_4,753
10565,631,cat_0,631
10566,738,cat_1,738
10567,857,cat_2,857
10568,238,cat_3,238
10569,283,cat_4,283
10570,708,cat_0,708
10571,200,cat_1,200
10572,900,cat_2,900
10573,158,cat_3,158
10574,177,cat_4,177
10575,70,cat_0,70
10576,938,cat_1,938
10577,618,cat_2,618
10578,567,cat_3,567
10579,965,cat_4,965
10580,694,cat_0,694
10581,604,cat_1,604
10582,111,cat_2,111
10583,435,cat_3,435
10584,588,cat_4,588
10585,639,cat_0,639
10586,57,cat_1,57
10587,995,cat_2,995
10588,360,cat_3,360
10589,116,cat_4,116
10590,73,cat_0,73
10591,29,cat_1,29
10592,965,cat_2,965
10593,381,cat_3,381
10594,295,cat_4,295
10595,177,cat_0,177
10596,100,cat_1,100
10597,56,cat_2,56
10598,398,cat_3,398
10599,468,cat_4,468
10600,357,cat_0,357
10601,114,cat_1,114
10602,365,cat_2,365
10603,469,cat_3,469
10604,595,cat_4,595
10605,643,cat_0,643
10606,456,cat_1,456
10607,406,cat_2,406
10608,535,cat_3,535
10609,229,cat_4,229
10610,249,cat_0,249
10611,306,cat_1,306
10612,465,cat_2,465
10613,678,cat_3,678
10614,994,cat_4,994
10615,103,cat_0,103
10616,648,cat_1,648
10617,551,cat_2,551
10618,293,cat_3,293
10619,550,cat_4,550
10620,129,cat_0,129
10621,561,cat_1,561
10622,505,cat_2,505
10623,783,cat_3,783
10624,586,cat_4,586
10625,902,cat_0,902
10626,173,cat_1,173
10627,598,cat_2,598
10628,205,cat_3,205
10629,303,cat_4,303
10630,30,cat_0,30
10631,197,cat_1,197
10632,920,cat_2,920
10633,625,cat_3,625
10634,501,cat_4,501
10635,148,cat_0,148
10636,637,cat_1,637
10637,476,cat_2,476
10638,167,cat_3,167
10639,270,cat_4,270
10640,425,cat_0,425
10641,128,cat_1,128
10642,552,cat_2,552
10643,449,cat_3,449
10644,545,cat_4,545
10645,414,cat_0,414
10646,592,cat_1,592
10647,796,cat_2,796
10648,569,cat_3,569
10649,367,cat_4,367
10650,987,cat_0,987
10651,915,cat_1,915
10652,85,cat_2,85
10653,505,cat_3,505
10654,721,cat_4,721
10655,276,cat_0,276
10656,22,cat_1,22
10657,950,cat_2,950
10658,320,cat_3,320
10659,607,cat_4,607
10660,626,cat_0,626
10661,376,cat_1,376
10662,492,cat_2,492
10663,66,cat_3,66
10664,421,cat_4,421
10665,5,cat_0,5
10666,520,cat_1,520
10667,91,cat_2,91
10668,791,cat_3,791
10669,504,cat_4,504
10670,986,cat_0,986
10671,584,cat_1,584
10672,85,cat_2,85
10673,998,cat_3,998
10674,464,cat_4,464
10675,120,cat_0,120
10676,184,cat_1,184
10677,393,cat_2,393
10678,716,cat_3,716
10679,114,cat_4,114
10680,225,cat_0,225
10681,806,cat_1,806
10682,483,cat_2,483
10683,38,cat_3,38
10684,717,cat_4,717
10685,295,cat_0,295
10686,522,cat_1,522
10687,886,cat_2,886
10688,633,cat_3,633
10689,52,cat_4,52
10690,217,cat_0,217
10691,323,cat_1,323
10692,60,cat_2,60
10693,196,cat_3,196
10694,593,cat_4,593
10695,221,cat_0,221
10696,262,cat_1,262
10697,700,cat_2,700
10698,283,cat_3,283
10699,945,cat_4,945
10700,531,cat_0,531
10701,869,cat_1,869
10702,26,cat_2,26
10703,394,cat_3,394
10704,352,cat_4,352
10705,230,cat_0,230
10706,786,cat_1,786
10707,497,cat_2,497
10708,552,cat_3,552
10709,930,cat_4,930
10710,470,cat_0,470
10711,419,cat_1,419
10712,10,cat_2,10
10713,33,cat_3,33
10714,363,cat_4,363
10715,964,cat_0,964
10716,583,cat_1,583
10717,408,cat_2,408
10718,734,cat_3,734
10719,761,cat_4,761
10720,169,cat_0,169
10721,429,cat_1,429
10722,529,cat_2,529
10723,674,cat_3,674
10724,105,cat_4,105
10725,802,cat_0,802
10726,532,cat_1,532
10727,867,cat_2,867
10728,176,cat_3,176
10729,274,cat_4,274
10730,812,cat_0,812
10731,967,cat_1,967
10732,52,cat_2,52
10733,497,cat_3,497
10734,888,cat_4,888
10735,904,cat_0,904
10736,931,cat_1,931
10737,803,cat_2,803
10738,919,cat_3,919
10739,975,cat_4,975
10740,404,cat_0,404
10741,607,cat_1,607
10742,420,cat_2,420
10743,342,cat_3,342
10744,456,cat_4,456
10745,969,cat_0,969
10746,401,cat_1,401
10747,783,cat_2,783
10748,589,cat_3,589
10749,87,cat_4,87
10750,100,cat_0,100
10751,530,cat_1,530
10752,848,cat_2,848
10753,120,cat_3,120
10754,167,cat_4,167
10755,163,cat_0,163
10756,650,cat_1,650
10757,51,cat_2,51
10758,305,cat_3,305
10759,638,cat_4,638
10760,733,cat_0,733
10761,305,cat_1,305
10762,813,cat_2,813
10763,726,cat_3,726
10764,335,cat_4,335
10765,223,cat_0,223
10766,80,cat_1,80
10767,308,cat_2,308
10768,738,cat_3,738
10769,868,cat_4,868
10770,366,cat_0,366
10771,404,cat_1,404
10772,318,cat_2,318
10773,681,cat_3,681
10774,957,cat_4,957
10775,948,cat_0,948
10776,20,cat_1,20
10777,776,cat_2,776
10778,257,cat_3,257
10779,348,cat_4,348
10780,722,cat_0,722
10781,38,cat_1,38
10782,196,cat_2,196
10783,539,cat_3,539
10784,868,cat_4,868
10785,23,cat_0,23
10786,852,cat_1,852
10787,138,cat_2,138
10788,991,cat_3,991
10789,75,cat_4,75
10790,696,cat_0,696
10791,317,cat_1,317
10792,442,cat_2,442
10793,263,cat_3,263
10794,928,cat_4,928
10795,765,cat_0,765
10796,355,cat_1,355
10797,377,cat_2,377
10798,347,cat_3,347
10799,589,cat_4,589
10800,642,cat_0,642
10801,38,cat_1,38
10802,519,cat_2,519
10803,231,cat_3,231
10804,293,cat_4,293
10805,654,cat_0,654
10806,265,cat_1,265
10807,543,cat_2,543
10808,719,cat_3,719
10809,12,cat_4,12
10810,947,cat_0,947
10811,939,cat_1,939
10812,125,cat_2,125
10813,551,cat_3,551
10814,405,cat_4,405
10815,973,cat_0,973
10816,764,cat_1,764
10817,924,cat_2,924
10818,255,cat_3,255
10819,560,cat_4,560
10820,400,cat_0,400
10821,934,cat_1,934
10822,348,cat_2,348
10823,166,cat_3,166
10824,274,cat_4,274
10825,592,cat_0,592
10826,662,cat_1,662
10827,751,cat_2,751
10828,218,cat_3,218
10829,855,cat_4,855
10830,337,cat_0,337
10831,251,cat_1,251
10832,522,cat_2,522
10833,342,cat_3,342
10834,905,cat_4,905
10835,423,cat_0,423
10836,31,cat_1,31
10837,204,cat_2,204
10838,400,cat_3,400
10839,165,cat_4,165
10840,934,cat_0,934
10841,315,cat_1,315
10842,460,cat_2,460
10843,665,cat_3,665
10844,418,cat_4,418
10845,222,cat_0,222
10846,27,cat_1,27
10847,846,cat_2,846
10848,431,cat_3,431
10849,164,cat_4,164
10850,165,cat_0,165
10851,191,cat_1,191
10852,34,cat_2,34
10853,384,cat_3,384
10854,637,cat_4,637
10855,291,cat_0,291
10856,795,cat_1,795
10857,85,cat_2,85
10858,299,cat_3,299
10859,757,cat_4,757
10860,869,cat_0,869
10861,160,cat_1,160
10862,184,cat_2,184
10863,513,cat_3,513
10864,374,cat_4,374
10865,908,cat_0,908
10866,242,cat_1,242
10867,992,cat_2,992
10868,945,cat_3,945
10869,61,cat_4,61
10870,53,cat_0,53
10871,919,cat_1,919
10872,472,cat_2,472
10873,856,cat_3,856
10874,286,cat_4,286
10875,787,cat_0,787
10876,407,cat_1,407
10877,618,cat_2,618
10878,19,cat_3,19
10879,932,cat_4,932
10880,211,cat_0,211
10881,776,cat_1,776
10882,83,cat_2,83
10883,965,cat_3,965
10884,62,cat_4,62
10885,546,cat_0,546
10886,551,cat_1,551
10887,15,cat_2,15
10888,229,cat_3,229
10889,473,cat_4,473
10890,710,cat_0,710
10891,230,cat_1,230
10892,239,cat_2,239
10893,734,cat_3,734
10894,857,cat_4,857
10895,250,cat_0,250
10896,645,cat_1,645
10897,985,cat_2,985
10898,154,cat_3,154
10899,373,cat_4,373
10900,599,cat_0,599
10901,1,cat_1,1
10902,238,cat_2,238
10903,176,cat_3,176
10904,626,cat_4,626
10905,753,cat_0,753
10906,597,cat_1,597
10907,648,cat_2,648
10908,808,cat_3,808
10909,997,cat_4,997
10910,777,cat_0,777
10911,878,cat_1,878
10912,139,cat_2,139
10913,60,cat_3,60
10914,282,cat_4,282
10915,556,cat_0,556
10916,938,cat_1,938
10917,620,cat_2,620
10918,295,cat_3,295
10919,468,cat_4,468
10920,67,cat_0,67
10921,684,cat_1,684
10922,604,cat_2,604
10923,667,cat_3,667
10924,810,cat_4,810
10925,73,cat_0,73
10926,705,cat_1,705
10927,524,cat_2,524
10928,244,cat_3,244
10929,788,cat_4,788
10930,330,cat_0,330
10931,943,cat_1,943
10932,296,cat_2,296
10933,204,cat_3,204
10934,665,cat_4,665
10935,79,cat_0,79
10936,457,cat_1,457
10937,323,cat_2,323
10938,37,cat_3,37
10939,249,cat_4,249
10940,427,cat_0,427
10941,428,cat_1,428
10942,766,cat_2,766
10943,53,cat_3,53
10944,125,cat_4,125
10945,810,cat_0,810
10946,419,cat_1,419
10947,168,cat_2,168
10948,53,cat_3,53
10949,734,cat_4,734
10950,399,cat_0,399
10951,297,cat_1,297
10952,263,cat_2,263
10953,222,cat_3,222
10954,209,cat_4,209
10955,876,cat_0,876
10956,140,cat_1,140
10957,496,cat_2,496
10958,731,cat_3,731
10959,45,cat_4,45
10960,968,cat_0,968
10961,778,cat_1,778
10962,843,cat_2,843
10963,720,cat_3,720
10964,463,cat_4,463
10965,587,cat_0,587
10966,731,cat_1,731
10967,466,cat_2,466
10968,705,cat_3,705
10969,690,cat_4,690
10970,393,cat_0,393
10971,752,cat_1,752
10972,276,cat_2,276
10973,550,cat_3,550
10974,28,cat_4,28
10975,304,cat_0,304
10976,475,cat_1,475
10977,35,cat_2,35
10978,868,cat_3,868
10979,796,cat_4,796
10980,561,cat_0,561
10981,215,cat_1,215
10982,934,cat_2,934
10983,877,cat_3,877
10984,258,cat_4,258
10985,786,cat_0,786
10986,238,cat_1,238
10987,264,cat_2,264
10988,134,cat_3,134
10989,405,cat_4,405
10990,543,cat_0,543
10991,969,cat_1,969
10992,664,cat_2,664
10993,687,cat_3,687
10994,838,cat_4,838
10995,841,cat_0,841
10996,454,cat_1,454
10997,789,cat_2,789
10998,628,cat_3,628
10999,972,cat_4,972
11000,930,cat_0,930
11001,997,cat_1,997
11002,827,cat_2,827
11003,603,cat_3,603
11004,628,cat_4,628
11005,509,cat_0,509
11006,192,cat_1,192
11007,936,cat_2,936
11008,496,cat_3,496
11009,536,cat_4,536
11010,633,cat_0,633
11011,480,cat_1,480
11012,145,cat_2,145
11013,835,cat_3,835
11014,491,cat_4,491
11015,875,cat_0,875
11016,205,cat_1,205
11017,269,cat_2,269
11018,354,cat_3,354
11019,728,cat_4,728
11020,203,cat_0,203
11021,449,cat_1,449
11022,407,cat_2,407
11023,189,cat_3,189
11024,481,cat_4,481
11025,694,cat_0,694
11026,335,cat_1,335
11027,923,cat_2,923
11028,314,cat_3,314
11029,353,cat_4,353
11030,148,cat_0,148
11031,788,cat_1,788
11032,84,cat_2,84
11033,389,cat_3,389
11034,113,cat_4,113
11035,778,cat_0,778
11036,698,cat_1,698
11037,667,cat_2,667
11038,705,cat_3,705
11039,261,cat_4,261
11040,490,cat_0,490
11041,526,cat_1,526
11042,507,cat_2,507
11043,926,cat_3,926
11044,748,cat_4,748
11045,550,cat_0,550
11046,386,cat_1,386
11047,504,cat_2,504
11048,262,cat_3,262
11049,325,cat_4,325
11050,156,cat_0,156
11051,750,cat_1,750
11052,46,cat_2,46
11053,837,cat_3,837
11054,330,cat_4,330
11055,745,cat_0,745
11056,601,cat_1,601
11057,913,cat_2,913
11058,170,cat_3,170
11059,331,cat_4,331
11060,858,cat_0,858
11061,124,cat_1,124
11062,623,cat_2,623
11063,53,cat_3,53
11064,436,cat_4,436
11065,50,cat_0,50
11066,499,cat_1,499
11067,223,cat_2,223
11068,321,cat_3,321
11069,488,cat_4,488
11070,593,cat_0,593
11071,440,cat_1,440
11072,998,cat_2,998
11073,107,cat_3,107
11074,119,cat_4,119
11075,659,cat_0,659
11076,942,cat_1,942
11077,890,cat_2,890
11078,778,cat_3,778
11079,297,cat_4,297
11080,986,cat_0,986
11081,514,cat_1,514
11082,451,cat_2,451
11083,604,cat_3,604
11084,885,cat_4,885
11085,325,cat_0,325
11086,33,cat_1,33
11087,115,cat_2,115
11088,430,cat_3,430
11089,19,cat_4,19
11090,405,cat_0,405
11091,826,cat_1,826
11092,307,cat_2,307
11093,598,cat_3,598
11094,827,cat_4,827
11095,481,cat_0,481
11096,610,cat_1,610
11097,576,cat_2,576
11098,624,cat_3,624
11099,465,cat_4,465
11100,525,cat_0,525
11101,976,cat_1,976
11102,518,cat_2,518
11103,626,cat_3,626
11104,932,cat_4,932
11105,766,cat_0,766
11106,11,cat_1,11
11107,511,cat_2,511
11108,405,cat_3,405
11109,235,cat_4,235
11110,347,cat_0,347
11111,295,cat_1,295
11112,480,cat_2,480
11113,741,cat_3,741
11114,14,cat_4,14
11115,732,cat_0,732
11116,215,cat_1,215
11117,761,cat_2,761
11118,694,cat_3,694
11119,61,cat_4,61
11120,652,cat_0,652
11121,558,cat_1,558
11122,114,cat_2,114
11123,938,cat_3,938
11124,600,cat_4,600
11125,224,cat_0,224
11126,883,cat_1,883
11127,347,cat_2,347
11128,172,cat_3,172
11129,565,cat_4,565
11130,36,cat_0,36
11131,863,cat_1,863
11132,700,cat_2,700
11133,603,cat_3,603
11134,640,cat_4,640
11135,52,cat_0,52
11136,535,cat_1,535
11137,283,cat_2,283
11138,863,cat_3,863
11139,616,cat_4,616
11140,956,cat_0,956
11141,285,cat_1,285
11142,161,cat_2,161
11143,618,cat_3,618
11144,946,cat_4,946
11145,974,cat_0,974
11146,809,cat_1,809
11147,27,cat_2,27
11148,98,cat_3,98
11149,157,cat_4,157
11150,644,cat_0,644
11151,400,cat_1,400
11152,416,cat_2,416
11153,161,cat_3,161
11154,907,cat_4,907
11155,170,cat_0,170
11156,396,cat_1,396
11157,443,cat_2,443
11158,708,cat_3,708
11159,74,cat_4,74
11160,681,cat_0,681
11161,254,cat_1,254
11162,550,cat_2,550
11163,655,cat_3,655
11164,10,cat_4,10
11165,41,cat_0,41
11166,916,cat_1,916
11167,245,cat_2,245
11168,239,cat_3,239
11169,537,cat_4,537
11170,744,cat_0,744
11171,27,cat_1,27
11172,292,cat_2,292
11173,704,cat_3,704
11174,981,cat_4,981
11175,559,cat_0,559
11176,422,cat_1,422
11177,657,cat_2,657
11178,946,cat_3,946
11179,669,cat_4,669
11180,681,cat_0,681
11181,999,cat_1,999
11182,175,cat_2,175
11183,69,cat_3,69
11184,285,cat_4,285
11185,709,cat_0,709
11186,28,cat_1,28
11187,721,cat_2,721
11188,885,cat_3,885
11189,693,cat_4,693
11190,574,cat_0,574
11191,999,cat_1,999
11192,90,cat_2,90
11193,827,cat_3,827
11194,669,cat_4,669
11195,379,cat_0,379
11196,62,cat_1,62
11197,375,cat_2,375
11198,393,cat_3,393
11199,570,cat_4,570
11200,585,cat_0,585
11201,877,cat_1,877
11202,562,cat_2,562
11203,949,cat_3,949
11204,329,cat_4,329
11205,807,cat_0,807
11206,180,cat_1,180
11207,710,cat_2,710
11208,381,cat_3,381
11209,112,cat_4,112
11210,674,cat_0,674
11211,172,cat_1,172
11212,232,cat_2,232
11213,55,cat_3,55
11214,172,cat_4,172
11215,918,cat_0,918
11216,271,cat_1,271
11217,624,cat_2,624
11218,531,cat_3,531
11219,896,cat_4,896
11220,339,cat_0,339
11221,348,cat_1,348
11222,482,cat_2,482
11223,470,cat_3,470
11224,538,cat_4,538
11225,452,cat_0,452
11226,788,cat_1,788
11227,345,cat_2,345
11228,824,cat_3,824
11229,358,cat_4,358
11230,495,cat_0,495
11231,619,cat_1,619
11232,109,cat_2,109
11233,482,cat_3,482
11234,988,cat_4,988
11235,852,cat_0,852
11236,711,cat_1,711
11237,370,cat_2,370
11238,322,cat_3,322
11239,344,cat_4,344
11240,408,cat_0,408
11241,547,cat_1,547
11242,708,cat_2,708
11243,628,cat_3,628
11244,298,cat_4,298
11245,757,cat_0,757
11246,995,cat_1,995
11247,809,cat_2,809
11248,64,cat_3,64
11249,760,cat_4,760
11250,696,cat_0,696
11251,69,cat_1,69
11252,940,cat_2,940
11253,747,cat_3,747
11254,364,cat_4,364
11255,736,cat_0,736
11256,628,cat_1,628
11257,473,cat_2,473
11258,68,cat_3,68
11259,101,cat_4,101
11260,506,cat_0,506
11261,853,cat_1,853
11262,685,cat_2,685
11263,80,cat_3,80
11264,547,cat_4,547
11265,575,cat_0,575
11266,712,cat_1,712
11267,587,cat_2,587
11268,64,cat_3,64
11269,647,cat_4,647
11270,623,cat_0,623
11271,703,cat_1,703
11272,374,cat_2,374
11273,974,cat_3,974
11274,515,cat_4,515
11275,585,cat_0,585
11276,901,cat_1,901
11277,466,cat_2,466
11278,711,cat_3,711
11279,507,cat_4,507
11280,120,cat_0,120
11281,700,cat_1,700
11282,634,cat_2,634
11283,195,cat_3,195
11284,759,cat_4,759
11285,49,cat_0,49
11286,341,cat_1,341
11287,937,cat_2,937
11288,834,cat_3,834
11289,453,cat_4,453
11290,568,cat_0,568
11291,927,cat_1,927
11292,932,cat_2,932
11293,323,cat_3,323
11294,499,cat_4,499
11295,924,cat_0,924
11296,105,cat_1,105
11297,451,cat_2,451
11298,988,cat_3,988
11299,59,cat_4,59
11300,645,cat_0,645
11301,750,cat_1,750
11302,887,cat_2,887
11303,155,cat_3,155
11304,996,cat_4,996
11305,847,cat_0,847
11306,120,cat_1,120
11307,821,cat_2,821
11308,667,cat_3,667
11309,944,cat_4,944
11310,131,cat_0,131
11311,187,cat_1,187
11312,419,cat_2,419
11313,440,cat_3,440
11314,991,cat_4,991
11315,404,cat_0,404
11316,712,cat_1,712
11317,277,cat_2,277
11318,217,cat_3,217
11319,887,cat_4,887
11320,511,cat_0,511
11321,291,cat_1,291
11322,494,cat_2,494
11323,263,cat_3,263
11324,235,cat_4,235
11325,698,cat_0,698
11326,827,cat_1,827
11327,286,cat_2,286
11328,552,cat_3,552
11329,728,cat_4,728
11330,949,cat_0,949
11331,609,cat_1,609
11332,680,cat_2,680
11333,406,cat_3,406
11334,707,cat_4,707
11335,74,cat_0,74
11336,949,cat_1,949
11337,531,cat_2,531
11338,658,cat_3,658
11339,330,cat_4,330
11340,818,cat_0,818
11341,791,cat_1,791
11342,772,cat_2,772
11343,117,cat_3,117
11344,43,cat_4,43
11345,479,cat_0,479
11346,673,cat_1,673
11347,179,cat_2,179
11348,22,cat_3,22
11349,729,cat_4,729
11350,345,cat_0,345
11351,233,cat_1,233
11352,403,cat_2,403
11353,119,cat_3,119
11354,65,cat_4,65
11355,48,cat_0,48
11356,51,cat_1,51
11357,498,cat_2,498
11358,102,cat_3,102
11359,470,cat_4,470
11360,887,cat_0,887
11361,51,cat_1,51
11362,440,cat_2,440
11363,770,cat_3,770
11364,222,cat_4,222
11365,981,cat_0,981
11366,105,cat_1,105
11367,638,cat_2,638
11368,42,cat_3,42
11369,343,cat_4,343
11370,387,cat_0,387
11371,437,cat_1,437
11372,233,cat_2,233
11373,528,cat_3,528
11374,815,cat_4,815
11375,804,cat_0,804
11376,897,cat_1,897
11377,301,cat_2,301
11378,801,cat_3,801
11379,403,cat_4,403
11380,935,cat_0,935
11381,796,cat_1,796
11382,946,cat_2,946
11383,58,cat_3,58
11384,962,cat_4,962
11385,630,cat_0,630
11386,691,cat_1,691
11387,207,cat_2,207
11388,426,cat_3,426
11389,319,cat_4,319
11390,700,cat_0,700
11391,884,cat_1,884
11392,666,cat_2,666
11393,628,cat_3,628
11394,814,cat_4,814
11395,752,cat_0,752
11396,727,cat_1,727
11397,577,cat_2,577
11398,613,cat_3,613
11399,437,cat_4,437
11400,428,cat_0,428
11401,81,cat_1,81
11402,220,cat_2,220
11403,559,cat_3,559
11404,841,cat_4,841
11405,197,cat_0,197
11406,465,cat_1,465
11407,194,cat_2,194
11408,709,cat_3,709
11409,257,cat_4,257
11410,184,cat_0,184
11411,782,cat_1,782
11412,1,cat_2,1
11413,743,cat_3,743
11414,685,cat_4,685
11415,830,cat_0,830
11416,8,cat_1,8
11417,322,cat_2,322
11418,193,cat_3,193
11419,846,cat_4,846
11420,621,cat_0,621
11421,495,cat_1,495
11422,346,cat_2,346
11423,905,cat_3,905
11424,438,cat_4,438
11425,982,cat_0,982
11426,261,cat_1,261
11427,178,cat_2,178
11428,18,cat_3,18
11429,69,cat_4,69
11430,426,cat_0,426
11431,824,cat_1,824
11432,756,cat_2,756
11433,783,cat_3,783
11434,191,cat_4,191
11435,733,cat_0,733
11436,482,cat_1,482
11437,172,cat_2,172
11438,528,cat_3,528
11439,887,cat_4,887
11440,398,cat_0,398
11441,156,cat_1,156
11442,810,cat_2,810
11443,949,cat_3,949
11444,549,cat_4,549
11445,221,cat_0,221
11446,438,cat_1,438
11447,31,cat_2,31
11448,293,cat_3,293
11449,104,cat_4,104
11450,188,cat_0,188
11451,624,cat_1,624
11452,75,cat_2,75
11453,188,cat_3,188
11454,384,cat_4,384
11455,115,cat_0,115
11456,648,cat_1,648
11457,653,cat_2,653
11458,808,cat_3,808
11459,498,cat_4,498
11460,741,cat_0,741
11461,920,cat_1,920
11462,244,cat_2,244
11463,744,cat_3,744
11464,301,cat_4,301
11465,316,cat_0,316
11466,767,cat_1,767
11467,424,cat_2,424
11468,960,cat_3,960
11469,458,cat_4,458
11470,924,cat_0,924
11471,971,cat_1,971
11472,136,cat_2,136
11473,363,cat_3,363
11474,676,cat_4,676
11475,378,cat_0,378
11476,550,cat_1,550
11477,408,cat_2,408
11478,951,cat_3,951
11479,850,cat_4,850
11480,957,cat_0,957
11481,316,cat_1,316
11482,735,cat_2,735
11483,103,cat_3,103
11484,184,cat_4,184
11485,272,cat_0,272
11486,644,cat_1,644
11487,272,cat_2,272
11488,288,cat_3,288
11489,421,cat_4,421
11490,317,cat_0,317
11491,67,cat_1,67
11492,839,cat_2,839
11493,822,cat_3,822
11494,21,cat_4,21
11495,943,cat_0,943
11496,438,cat_1,438
11497,803,cat_2,803
11498,751,cat_3,751
11499,485,cat_4,485
11500,809,cat_0,809
11501,123,cat_1,123
11502,565,cat_2,565
11503,553,cat_3,553
11504,290,cat_4,290
11505,109,cat_0,109
11506,215,cat_1,215
11507,698,cat_2,698
11508,976,cat_3,976
11509,335,cat_4,335
11510,888,cat_0,888
11511,966,cat_1,966
11512,99,cat_2,99
11513,583,cat_3,583
11514,741,cat_4,741
11515,203,cat_0,203
11516,746,cat_1,746
11517,406,cat_2,406
11518,468,cat_3,468
11519,261,cat_4,261
11520,727,cat_0,727
11521,232,cat_1,232
11522,227,cat_2,227
11523,695,cat_3,695
11524,728,cat_4,728
11525,387,cat_0,387
11526,715,cat_1,715
11527,984,cat_2,984
11528,451,cat_3,451
11529,160,cat_4,160
11530,848,cat_0,848
11531,633,cat_1,633
11532,849,cat_2,849
11533,691,cat_3,691
11534,230,cat_4,230
11535,306,cat_0,306
11536,573,cat_1,573
11537,937,cat_2,937
11538,88,cat_3,88
11539,546,cat_4,546
11540,169,cat_0,169
11541,790,cat_1,790
11542,591,cat_2,591
11543,992,cat_3,992
11544,355,cat_4,355
11545,48,cat_0,48
11546,439,cat_1,439
11547,680,cat_2,680
11548,894,cat_3,894
11549,279,cat_4,279
11550,981,cat_0,981
11551,66,cat_1,66
11552,244,cat_2,244
11553,718,cat_3,718
11554,730,cat_4,730
11555,693,cat_0,693
11556,255,cat_1,255
11557,952,cat_2,952
11558,172,cat_3,172
11559,509,cat_4,509
11560,631,cat_0,631
11561,631,cat_1,631
11562,327,cat_2,327
11563,593,cat_3,593
11564,334,cat_4,334
11565,234,cat_0,234
11566,458,cat_1,458
11567,3,cat_2,3
11568,158,cat_3,158
11569,461,cat_4,461
11570,923,cat_0,923
11571,217,cat_1,217
11572,270,cat_2,270
11573,780,cat_3,780
11574,211,cat_4,211
11575,343,cat_0,343
11576,715,cat_1,715
11577,710,cat_2,710
11578,940,cat_3,940
11579,540,cat_4,540
11580,506,cat_0,506
11581,367,cat_1,367
11582,551,cat_2,551
11583,481,cat_3,481
11584,104,cat_4,104
11585,1,cat_0,1
11586,524,cat_1,524
11587,587,cat_2,587
11588,17,cat_3,17
11589,949,cat_4,949
11590,929,cat_0,929
11591,252,cat_1,252
11592,330,cat_2,330
11593,204,cat_3,204
11594,421,cat_4,421
11595,464,cat_0,464
11596,813,cat_1,813
11597,466,cat_2,466
11598,742,cat_3,742
11599,88,cat_4,88
11600,221,cat_0,221
11601,163,cat_1,163
11602,260,cat_2,260
11603,677,cat_3,677
11604,566,cat_4,566
11605,939,cat_0,939
11606,406,cat_1,406
11607,53,cat_2,53
11608,980,cat_3,980
11609,23,cat_4,23
11610,889,cat_0,889
11611,22,cat_1,22
11612,954,cat_2,954
11613,422,cat_3,422
11614,131,cat_4,131
11615,359,cat_0,359
11616,722,cat_1,722
11617,328,cat_2,328
11618,680,cat_3,680
11619,713,cat_4,713
11620,443,cat_0,443
11621,106,cat_1,106
11622,582,cat_2,582
11623,394,cat_3,394
11624,556,cat_4,556
11625,345,cat_0,345
11626,756,cat_1,756
11627,646,cat_2,646
11628,277,cat_3,277
11629,511,cat_4,511
11630,187,cat_0,187
11631,199,cat_1,199
11632,449,cat_2,449
11633,902,cat_3,902
11634,516,cat_4,516
11635,90,cat_0,90
11636,459,cat_1,459
11637,441,cat_2,441
11638,807,cat_3,807
11639,68,cat_4,68
11640,818,cat_0,818
11641,274,cat_1,274
11642,588,cat_2,588
11643,227,cat_3,227
11644,795,cat_4,795
11645,916,cat_0,916
11646,805,cat_1,805
11647,368,cat_2,368
11648,46,cat_3,46
11649,435,cat_4,435
11650,609,cat_0,609
11651,89,cat_1,89
11652,421,cat_2,421
11653,363,cat_3,363
11654,62,cat_4,62
11655,793,cat_0,793
11656,376,cat_1,376
11657,445,cat_2,445
11658,722,cat_3,722
11659,160,cat_4,160
11660,696,cat_0,696
11661,246,cat_1,246
11662,451,cat_2,451
11663,947,cat_3,947
11664,770,cat_4,770
11665,986,cat_0,986
11666,942,cat_1,942
11667,750,cat_2,750
11668,58,cat_3,58
11669,861,cat_4,861
11670,129,cat_0,129
11671,27,cat_1,27
11672,467,cat_2,467
11673,516,cat_3,516
11674,188,cat_4,188
11675,45,cat_0,45
11676,360,cat_1,360
11677,286,cat_2,286
11678,948,cat_3,948
11679,644,cat_4,644
11680,117,cat_0,117
11681,513,cat_1,513
11682,839,cat_2,839
11683,363,cat_3,363
11684,972,cat_4,972
11685,558,cat_0,558
11686,648,cat_1,648
11687,204,cat_2,204
11688,719,cat_3,719
11689,964,cat_4,964
11690,375,cat_0,375
11691,553,cat_1,553
11692,359,cat_2,359
11693,336,cat_3,336
11694,324,cat_4,324
11695,163,cat_0,163
11696,265,cat_1,265
11697,247,cat_2,247
11698,502,cat_3,502
11699,253,cat_4,253
11700,170,cat_0,170
11701,820,cat_1,820
11702,131,cat_2,131
11703,97,cat_3,97
11704,230,cat_4,230
11705,83,cat_0,83
11706,615,cat_1,615
11707,466,cat_2,466
11708,494,cat_3,494
11709,829,cat_4,829
11710,317,cat_0,317
11711,210,cat_1,210
11712,493,cat_2,493
11713,530,cat_3,530
11714,965,cat_4,965
11715,152,cat_0,152
11716,898,cat_1,898
11717,66,cat_2,66
11718,63,cat_3,63
11719,2,cat_4,2
11720,868,cat_0,868
11721,701,cat_1,701
11722,508,cat_2,508
11723,324,cat_3,324
11724,205,cat_4,205
11725,550,cat_0,550
11726,625,cat_1,625
11727,620,cat_2,620
11728,276,cat_3,276
11729,873,cat_4,873
11730,937,cat_0,937
11731,872,cat_1,872
11732,182,cat_2,182
11733,875,cat_3,875
11734,749,cat_4,749
11735,876,cat_0,876
11736,741,cat_1,741
11737,406,cat_2,406
11738,342,cat_3,342
11739,61,cat_4,61
11740,830,cat_0,830
11741,206,cat_1,206
11742,333,cat_2,333
11743,559,cat_3,559
11744,588,cat_4,588
11745,669,cat_0,669
11746,622,cat_1,622
11747,825,cat_2,825
11748,498,cat_3,498
11749,534,cat_4,534
11750,434,cat_0,434
11751,896,cat_1,896
11752,980,cat_2,980
11753,207,cat_3,207
11754,954,cat_4,954
11755,749,cat_0,749
11756,631,cat_1,631
11757,355,cat_2,355
11758,241,cat_3,241
11759,114,cat_4,114
11760,200,cat_0,200
11761,633,cat_1,633
11762,316,cat_2,316
11763,849,cat_3,849
11764,485,cat_4,485
11765,997,cat_0,997
11766,586,cat_1,586
11767,406,cat_2,406
11768,664,cat_3,664
11769,554,cat_4,554
11770,880,cat_0,880
11771,53,cat_1,53
11772,16,cat_2,16
11773,788,cat_3,788
11774,152,cat_4,152
11775,216,cat_0,216
11776,842,cat_1,842
11777,929,cat_2,929
11778,437,cat_3,437
11779,698,cat_4,698
11780,901,cat_0,901
11781,537,cat_1,537
11782,428,cat_2,428
11783,479,cat_3,479
11784,166,cat_4,166
11785,277,cat_0,277
11786,69,cat_1,69
11787,478,cat_2,478
11788,67,cat_3,67
11789,519,cat_4,519
11790,550,cat_0,550
11791,197,cat_1,197
11792,443,cat_2,443
11793,377,cat_3,377
11794,957,cat_4,957
11795,460,cat_0,460
11796,346,cat_1,346
11797,419,cat_2,419
11798,788,cat_3,788
11799,108,cat_4,108
11800,691,cat_0,691
11801,614,cat_1,614
11802,455,cat_2,455
11803,62,cat_3,62
11804,121,cat_4,121
11805,89,cat_0,89
11806,743,cat_1,743
11807,733,cat_2,733
11808,977,cat_3,977
11809,491,cat_4,491
11810,845,cat_0,845
11811,342,cat_1,342
11812,396,cat_2,396
11813,34,cat_3,34
11814,249,cat_4,249
11815,639,cat_0,639
11816,821,cat_1,821
11817,99,cat_2,99
11818,146,cat_3,146
11819,225,cat_4,225
11820,769,cat_0,769
11821,290,cat_1,290
11822,973,cat_2,973
11823,745,cat_3,745
11824,747,cat_4,747
11825,894,cat_0,894
11826,386,cat_1,386
11827,227,cat_2,227
11828,341,cat_3,341
11829,828,cat_4,828
11830,382,cat_0,382
11831,457,cat_1,457
11832,433,cat_2,433
11833,914,cat_3,914
11834,310,cat_4,310
11835,916,cat_0,916
11836,640,cat_1,640
11837,431,cat_2,431
11838,628,cat_3,628
11839,720,cat_4,720
11840,445,cat_0,445
11841,224,cat_1,224
11842,957,cat_2,957
11843,294,cat_3,294
11844,932,cat_4,932
11845,486,cat_0,486
11846,720,cat_1,720
11847,612,cat_2,612
11848,875,cat_3,875
11849,868,cat_4,868
11850,54,cat_0,54
11851,92,cat_1,92
11852,77,cat_2,77
11853,108,cat_3,108
11854,488,cat_4,488
11855,802,cat_0,802
11856,246,cat_1,246
11857,427,cat_2,427
11858,966,cat_3,966
11859,934,cat_4,934
11860,669,cat_0,669
11861,625,cat_1,625
11862,967,cat_2,967
11863,138,cat_3,138
11864,563,cat_4,563
11865,402,cat_0,402
11866,752,cat_1,752
11867,289,cat_2,289
11868,371,cat_3,371
11869,441,cat_4,441
11870,242,cat_0,242
11871,472,cat_1,472
11872,83,cat_2,83
11873,591,cat_3,591
11874,822,cat_4,822
11875,202,cat_0,202
11876,227,cat_1,227
11877,742,cat_2,742
11878,915,cat_3,915
11879,221,cat_4,221
11880,168,cat_0,168
11881,341,cat_1,341
11882,737,cat_2,737
11883,65,cat_3,65
11884,360,cat_4,360
11885,192,cat_0,192
11886,210,cat_1,210
11887,509,cat_2,509
11888,864,cat_3,864
11889,770,cat_4,770
11890,551,cat_0,551
11891,508,cat_1,508
11892,927,cat_2,927
11893,124,cat_3,124
11894,517,cat_4,517
11895,598,cat_0,598
11896,346,cat_1,346
11897,243,cat_2,243
11898,141,cat_3,141
11899,46,cat_4,46
11900,993,cat_0,993
11901,132,cat_1,132
11902,886,cat_2,886
11903,759,cat_3,759
11904,348,cat_4,348
11905,906,cat_0,906
11906,841,cat_1,841
11907,562,cat_2,562
11908,200,cat_3,200
11909,450,cat_4,450
11910,197,cat_0,197
11911,310,cat_1,310
11912,766,cat_2,766
11913,627,cat_3,627
11914,476,cat_4,476
11915,448,cat_0,448
11916,491,cat_1,491
11917,111,cat_2,111
11918,2,cat_3,2
11919,912,cat_4,912
11920,937,cat_0,937
11921,196,cat_1,196
11922,25,cat_2,25
11923,788,cat_3,788
11924,367,cat_4,367
11925,692,cat_0,692
11926,139,cat_1,139
11927,471,cat_2,471
11928,512,cat_3,512
11929,841,cat_4,841
11930,353,cat_0,353
11931,957,cat_1,957
11932,630,cat_2,630
11933,157,cat_3,157
11934,983,cat_4,983
11935,894,cat_0,894
11936,884,cat_1,884
11937,842,cat_2,842
11938,221,cat_3,221
11939,383,cat_4,383
11940,4,cat_0,4
11941,252,cat_1,252
11942,888,cat_2,888
11943,399,cat_3,399
11944,403,cat_4,403
11945,84,cat_0,84
11946,732,cat_1,732
11947,946,cat_2,946
11948,813,cat_3,813
11949,452,cat_4,452
11950,270,cat_0,270
11951,763,cat_1,763
11952,154,cat_2,154
11953,465,cat_3,465
11954,47,cat_4,47
11955,257,cat_0,257
11956,346,cat_1,346
11957,997,cat_2,997
11958,86,cat_3,86
11959,127,cat_4,127
11960,775,cat_0,775
11961,156,cat_1,156
11962,39,cat_2,39
11963,790,cat_3,790
11964,884,cat_4,884
11965,431,cat_0,431
11966,11,cat_1,11
11967,534,cat_2,534
11968,123,cat_3,123
11969,273,cat_4,273
11970,648,cat_0,648
11971,776,cat_1,776
11972,427,cat_2,427
11973,656,cat_3,656
11974,468,cat_4,468
11975,913,cat_0,913
11976,577,cat_1,577
11977,577,cat_2,577
11978,917,cat_3,917
11979,283,cat_4,283
11980,224,cat_0,224
11981,688,cat_1,688
11982,225,cat_2,225
11983,312,cat_3,312
11984,942,cat_4,942
11985,878,cat_0,878
11986,28,cat_1,28
11987,804,cat_2,804
11988,191,cat_3,191
11989,782,cat_4,782
11990,359,cat_0,359
11991,167,cat_1,167
11992,274,cat_2,274
11993,529,cat_3,529
11994,647,cat_4,647
11995,30,cat_0,30
11996,421,cat_1,421
11997,358,cat_2,358
11998,131,cat_3,131
11999,410,cat_4,410
12000,807,cat_0,807
12001,678,cat_1,678
12002,458,cat_2,458
12003,405,cat_3,405
12004,930,cat_4,930
12005,757,cat_0,757
12006,484,cat_1,484
12007,142,cat_2,142
12008,792,cat_3,792
12009,315,cat_4,315
12010,907,cat_0,907
12011,568,cat_1,568
12012,540,cat_2,540
12013,368,cat_3,368
12014,267,cat_4,267
12015,727,cat_0,727
12016,241,cat_1,241
12017,506,cat_2,506
12018,156,cat_3,156
12019,94,cat_4,94
12020,511,cat_0,511
12021,691,cat_1,691
12022,629,cat_2,629
12023,410,cat_3,410
12024,162,cat_4,162
12025,931,cat_0,931
12026,320,cat_1,320
12027,352,cat_2,352
12028,181,cat_3,181
12029,827,cat_4,827
12030,513,cat_0,513
12031,477,cat_1,477
12032,253,cat_2,253
12033,709,cat_3,709
12034,401,cat_4,401
12035,157,cat_0,157
12036,957,cat_1,957
12037,28,cat_2,28
12038,132,cat_3,132
12039,127,cat_4,127
12040,67,cat_0,67
12041,291,cat_1,291
12042,264,cat_2,264
12043,524,cat_3,524
12044,895,cat_4,895
12045,750,cat_0,750
12046,530,cat_1,530
12047,369,cat_2,369
12048,337,cat_3,337
12049,880,cat_4,880
12050,903,cat_0,903
12051,841,cat_1,841
12052,510,cat_2,510
12053,184,cat_3,184
12054,625,cat_4,625
12055,495,cat_0,495
12056,21,cat_1,21
12057,367,cat_2,367
12058,106,cat_3,106
12059,295,cat_4,295
12060,88,cat_0,88
12061,121,cat_1,121
12062,788,cat_2,788
12063,73,cat_3,73
12064,842,cat_4,842
12065,71,cat_0,71
12066,96,cat_1,96
12067,343,cat_2,343
12068,160,cat_3,160
12069,516,cat_4,516
12070,416,cat_0,416
12071,288,cat_1,288
12072,568,cat_2,568
12073,498,cat_3,498
12074,562,cat_4,562
12075,893,cat_0,893
12076,826,cat_1,826
12077,945,cat_2,945
12078,234,cat_3,234
12079,635,cat_4,635
12080,23,cat_0,23
12081,785,cat_1,785
12082,890,cat_2,890
12083,464,cat_3,464
12084,929,cat_4,929
12085,93,cat_0,93
12086,654,cat_1,654
12087,667,cat_2,667
12088,274,cat_3,274
12089,547,cat_4,547
12090,928,cat_0,928
12091,311,cat_1,311
12092,929,cat_2,929
12093,318,cat_3,318
12094,963,cat_4,963
12095,81,cat_0,81
12096,240,cat_1,240
12097,112,cat_2,112
12098,29,cat_3,29
12099,752,cat_4,752
12100,103,cat_0,103
12101,744,cat_1,744
12102,306,cat_2,306
12103,701,cat_3,701
12104,722,cat_4,722
12105,724,cat_0,724
12106,119,cat_1,119
12107,857,cat_2,857
12108,11,cat_3,11
12109,901,cat_4,901
12110,842,cat_0,842
12111,258,cat_1,258
12112,666,cat_2,666
12113,705,cat_3,705
12114,116,cat_4,116
12115,690,cat_0,690
12116,451,cat_1,451
12117,574,cat_2,574
12118,325,cat_3,325
12119,693,cat_4,693
12120,92,cat_0,92
12121,933,cat_1,933
12122,866,cat_2,866
12123,431,cat_3,431
12124,806,cat_4,806
12125,182,cat_0,182
12126,126,cat_1,126
12127,50,cat_2,50
12128,688,cat_3,688
12129,994,cat_4,994
12130,277,cat_0,277
12131,685,cat_1,685
12132,721,cat_2,721
12133,117,cat_3,117
12134,80,cat_4,80
12135,495,cat_0,495
12136,684,cat_1,684
12137,902,cat_2,902
12138,6,cat_3,6
12139,188,cat_4,188
12140,589,cat_0,589
12141,176,cat_1,176
12142,66,cat_2,66
12143,259,cat_3,259
12144,187,cat_4,187
12145,318,cat_0,318
12146,35,cat_1,35
12147,221,cat_2,221
12148,743,cat_3,743
12149,381,cat_4,381
12150,913,cat_0,913
12151,939,cat_1,939
12152,71,cat_2,71
12153,890,cat_3,890
12154,629,cat_4,629
12155,683,cat_0,683
12156,757,cat_1,757
12157,873,cat_2,873
12158,530,cat_3,530
12159,339,cat_4,339
12160,577,cat_0,577
12161,43,cat_1,43
12162,987,cat_2,987
12163,840,cat_3,840
12164,780,cat_4,780
12165,865,cat_0,865
12166,523,cat_1,523
12167,502,cat_2,502
12168,92,cat_3,92
12169,842,cat_4,842
12170,634,cat_0,634
12171,4,cat_1,4
12172,872,cat_2,872
12173,501,cat_3,501
12174,183,cat_4,183
12175,806,cat_0,806
12176,521,cat_1,521
12177,362,cat_2,362
12178,482,cat_3,482
12179,552,cat_4,552
12180,405,cat_0,405
12181,175,cat_1,175
12182,540,cat_2,540
12183,997,cat_3,997
12184,852,cat_4,852
12185,564,cat_0,564
12186,805,cat_1,805
12187,609,cat_2,609
12188,113,cat_3,113
12189,741,cat_4,741
12190,551,cat_0,551
12191,844,cat_1,844
12192,488,cat_2,488
12193,351,cat_3,351
12194,894,cat_4,894
12195,808,cat_0,808
12196,46,cat_1,46
12197,75,cat_2,75
12198,800,cat_3,800
12199,785,cat_4,785
12200,649,cat_0,649
12201,844,cat_1,844
12202,104,cat_2,104
12203,193,cat_3,193
12204,133,cat_4,133
12205,31,cat_0,31
12206,112,cat_1,112
12207,410,cat_2,410
12208,684,cat_3,684
12209,697,cat_4,697
12210,433,cat_0,433
12211,381,cat_1,381
12212,618,cat_2,618
12213,198,cat_3,198
12214,421,cat_4,421
12215,406,cat_0,406
12216,72,cat_1,72
12217,507,cat_2,507
12218,965,cat_3,965
12219,618,cat_4,618
12220,912,cat_0,912
12221,885,cat_1,885
12222,160,cat_2,160
12223,654,cat_3,654
12224,509,cat_4,509
12225,668,cat_0,668
12226,739,cat_1,739
12227,448,cat_2,448
12228,266,cat_3,266
12229,944,cat_4,944
12230,476,cat_0,476
12231,229,cat_1,229
12232,367,cat_2,367
12233,188,cat_3,188
12234,727,cat_4,727
12235,604,cat_0,604
12236,402,cat_1,402
12237,973,cat_2,973
12238,726,cat_3,726
12239,2,cat_4,2
12240,222,cat_0,222
12241,984,cat_1,984
12242,122,cat_2,122
12243,634,cat_3,634
12244,984,cat_4,984
12245,24,cat_0,24
12246,287,cat_1,287
12247,235,cat_2,235
12248,694,cat_3,694
12249,218,cat_4,218
12250,456,cat_0,456
12251,178,cat_1,178
12252,905,cat_2,905
12253,921,cat_3,921
12254,441,cat_4,441
12255,403,cat_0,403
12256,7,cat_1,7
12257,647,cat_2,647
12258,388,cat_3,388
12259,243,cat_4,243
12260,91,cat_0,91
12261,715,cat_1,715
12262,728,cat_2,728
12263,877,cat_3,877
12264,717,cat_4,717
12265,873,cat_0,873
12266,181,cat_1,181
12267,665,cat_2,665
12268,198,cat_3,198
12269,93,cat_4,93
12270,799,cat_0,799
12271,795,cat_1,795
12272,311,cat_2,311
12273,651,cat_3,651
12274,616,cat_4,616
12275,111,cat_0,111
12276,360,cat_1,360
12277,803,cat_2,803
12278,726,cat_3,726
12279,207,cat_4,207
12280,547,cat_0,547
12281,701,cat_1,701
12282,651,cat_2,651
12283,675,cat_3,675
12284,875,cat_4,875
12285,344,cat_0,344
12286,196,cat_1,196
12287,907,cat_2,907
12288,710,cat_3,710
12289,336,cat_4,336
12290,761,cat_0,761
12291,584,cat_1,584
12292,516,cat_2,516
12293,647,cat_3,647
12294,635,cat_4,635
12295,698,cat_0,698
12296,743,cat_1,743
12297,755,cat_2,755
12298,59,cat_3,59
12299,749,cat_4,749
12300,982,cat_0,982
12301,401,cat_1,401
12302,847,cat_2,847
12303,476,cat_3,476
12304,299,cat_4,299
12305,903,cat_0,903
12306,868,cat_1,868
12307,970,cat_2,970
12308,539,cat_3,539
12309,583,cat_4,583
12310,739,cat_0,739
12311,180,cat_1,180
12312,962,cat_2,962
12313,124,cat_3,124
12314,422,cat_4,422
12315,541,cat_0,541
12316,63,cat_1,63
12317,221,cat_2,221
12318,595,cat_3,595
12319,781,cat_4,781
12320,105,cat_0,105
12321,189,cat_1,189
12322,203,cat_2,203
12323,868,cat_3,868
12324,908,cat_4,908
12325,823,cat_0,823
12326,336,cat_1,336
12327,499,cat_2,499
12328,582,cat_3,582
12329,238,cat_4,238
12330,964,cat_0,964
12331,610,cat_1,610
12332,159,cat_2,159
12333,899,cat_3,899
12334,701,cat_4,701
12335,386,cat_0,386
12336,889,cat_1,889
12337,80,cat_2,80
12338,790,cat_3,790
12339,689,cat_4,689
12340,228,cat_0,228
12341,932,cat_1,932
12342,347,cat_2,347
12343,872,cat_3,872
12344,163,cat_4,163
12345,397,cat_0,397
12346,166,cat_1,166
12347,13,cat_2,13
12348,599,cat_3,599
12349,874,cat_4,874
12350,97,cat_0,97
12351,908,cat_1,908
12352,302,cat_2,302
12353,252,cat_3,252
12354,132,cat_4,132
12355,628,cat_0,628
12356,105,cat_1,105
12357,745,cat_2,745
12358,173,cat_3,173
12359,738,cat_4,738
12360,174,cat_0,174
12361,462,cat_1,462
12362,978,cat_2,978
12363,771,cat_3,771
12364,272,cat_4,272
12365,894,cat_0,894
12366,50,cat_1,50
12367,476,cat_2,476
12368,21,cat_3,21
12369,986,cat_4,986
12370,653,cat_0,653
12371,677,cat_1,677
12372,702,cat_2,702
12373,280,cat_3,280
12374,963,cat_4,963
12375,214,cat_0,214
12376,854,cat_1,854
12377,781,cat_2,781
12378,105,cat_3,105
12379,623,cat_4,623
12380,708,cat_0,708
12381,350,cat_1,350
12382,781,cat_2,781
12383,293,cat_3,293
12384,905,cat_4,905
12385,62,cat_0,62
12386,469,cat_1,469
12387,374,cat_2,374
12388,114,cat_3,114
12389,728,cat_4,728
12390,359,cat_0,359
12391,809,cat_1,809
12392,875,cat_2,875
12393,254,cat_3,254
12394,79,cat_4,79
12395,88,cat_0,88
12396,925,cat_1,925
12397,767,cat_2,767
12398,889,cat_3,889
12399,206,cat_4,206
12400,486,cat_0,486
12401,489,cat_1,489
12402,736,cat_2,736
12403,367,cat_3,367
12404,400,cat_4,400
12405,581,cat_0,581
12406,927,cat_1,927
12407,90,cat_2,90
12408,226,cat_3,226
12409,312,cat_4,312
12410,845,cat_0,845
12411,250,cat_1,250
12412,900,cat_2,900
12413,62,cat_3,62
12414,340,cat_4,340
12415,165,cat_0,165
12416,264,cat_1,264
12417,884,cat_2,884
12418,459,cat_3,459
12419,509,cat_4,509
12420,238,cat_0,238
12421,245,cat_1,245
12422,886,cat_2,886
12423,609,cat_3,609
12424,382,cat_4,382
12425,275,cat_0,275
12426,919,cat_1,919
12427,713,cat_2,713
12428,226,cat_3,226
12429,670,cat_4,670
12430,47,cat_0,47
12431,416,cat_1,416
12432,872,cat_2,872
12433,721,cat_3,721
12434,408,cat_4,408
12435,185,cat_0,185
12436,539,cat_1,539
12437,533,cat_2,533
12438,402,cat_3,402
12439,534,cat_4,534
12440,408,cat_0,408
12441,182,cat_1,182
12442,360,cat_2,360
12443,867,cat_3,867
12444,867,cat_4,867
12445,66,cat_0,66
12446,377,cat_1,377
12447,564,cat_2,564
12448,732,cat_3,732
12449,458,cat_4,458
12450,324,cat_0,324
12451,261,cat_1,261
12452,505,cat_2,505
12453,949,cat_3,949
12454,834,cat_4,834
12455,985,cat_0,985
12456,904,cat_1,904
12457,731,cat_2,731
12458,558,cat_3,558
12459,127,cat_4,127
12460,865,cat_0,865
12461,619,cat_1,619
12462,898,cat_2,898
12463,453,cat_3,453
12464,733,cat_4,733
12465,386,cat_0,386
12466,3,cat_1,3
12467,70,cat_2,70
12468,963,cat_3,963
12469,787,cat_4,787
12470,6,cat_0,6
12471,448,cat_1,448
12472,523,cat_2,523
12473,484,cat_3,484
12474,605,cat_4,605
12475,859,cat_0,859
12476,545,cat_1,545
12477,630,cat_2,630
12478,374,cat_3,374
12479,709,cat_4,709
12480,559,cat_0,559
12481,436,cat_1,436
12482,444,cat_2,444
12483,849,cat_3,849
12484,797,cat_4,797
12485,408,cat_0,408
12486,99,cat_1,99
12487,867,cat_2,867
12488,486,cat_3,486
12489,447,cat_4,447
12490,482,cat_0,482
12491,355,cat_1,355
12492,700,cat_2,700
12493,236,cat_3,236
12494,262,cat_4,262
12495,689,cat_0,689
12496,661,cat_1,661
12497,104,cat_2,104
12498,228,cat_3,228
12499,149,cat_4,149
12500,20,cat_0,20
12501,707,cat_1,707
12502,348,cat_2,348
12503,769,cat_3,769
12504,649,cat_4,649
12505,193,cat_0,193
12506,99,cat_1,99
12507,263,cat_2,263
12508,558,cat_3,558
12509,818,cat_4,818
12510,201,cat_0,201
12511,610,cat_1,610
12512,377,cat_2,377
12513,907,cat_3,907
12514,61,cat_4,61
12515,829,cat_0,829
12516,298,cat_1,298
12517,593,cat_2,593
12518,768,cat_3,768
12519,248,cat_4,248
12520,106,cat_0,106
12521,935,cat_1,935
12522,505,cat_2,505
12523,726,cat_3,726
12524,951,cat_4,951
12525,365,cat_0,365
12526,606,cat_1,606
12527,406,cat_2,406
12528,373,cat_3,373
12529,304,cat_4,304
12530,173,cat_0,173
12531,592,cat_1,592
12532,386,cat_2,386
12533,558,cat_3,558
12534,220,cat_4,220
12535,321,cat_0,321
12536,824,cat_1,824
12537,585,cat_2,585
12538,807,cat_3,807
12539,634,cat_4,634
12540,324,cat_0,324
12541,502,cat_1,502
12542,706,cat_2,706
12543,933,cat_3,933
12544,688,cat_4,688
12545,137,cat_0,137
12546,296,cat_1,296
12547,594,cat_2,594
12548,746,cat_3,746
12549,754,cat_4,754
12550,952,cat_0,952
12551,759,cat_1,759
12552,142,cat_2,142
12553,386,cat_3,386
12554,40,cat_4,40
12555,653,cat_0,653
12556,334,cat_1,334
12557,980,cat_2,980
12558,798,cat_3,798
12559,388,cat_4,388
12560,238,cat_0,238
12561,93,cat_1,93
12562,739,cat_2,739
12563,786,cat_3,786
12564,213,cat_4,213
12565,351,cat_0,351
12566,504,cat_1,504
12567,367,cat_2,367
12568,127,cat_3,127
12569,148,cat_4,148
12570,68,cat_0,68
12571,605,cat_1,605
12572,145,cat_2,145
12573,577,cat_3,577
12574,328,cat_4,328
12575,610,cat_0,610
12576,236,cat_1,236
12577,824,cat_2,824
12578,779,cat_3,779
12579,295,cat_4,295
12580,447,cat_0,447
12581,348,cat_1,348
12582,698,cat_2,698
12583,559,cat_3,559
12584,934,cat_4,934
12585,51,cat_0,51
12586,234,cat_1,234
12587,998,cat_2,998
12588,293,cat_3,293
12589,738,cat_4,738
12590,343,cat_0,343
12591,686,cat_1,686
12592,1000,cat_2,1000
12593,379,cat_3,379
12594,586,cat_4,586
12595,231,cat_0,231
12596,159,cat_1,159
12597,155,cat_2,155
12598,334,cat_3,334
12599,576,cat_4,576
12600,998,cat_0,998
12601,338,cat_1,338
12602,295,cat_2,295
12603,334,cat_3,334
12604,511,cat_4,511
12605,750,cat_0,750
12606,73,cat_1,73
12607,921,cat_2,921
12608,623,cat_3,623
12609,197,cat_4,197
12610,15,cat_0,15
12611,161,cat_1,161
12612,733,cat_2,733
12613,654,cat_3,654
12614,695,cat_4,695
12615,421,cat_0,421
12616,779,cat_1,779
12617,668,cat_2,668
12618,484,cat_3,484
12619,692,cat_4,692
12620,225,cat_0,225
12621,248,cat_1,248
12622,641,cat_2,641
12623,441,cat_3,441
12624,258,cat_4,258
12625,489,cat_0,489
12626,600,cat_1,600
12627,92,cat_2,92
12628,752,cat_3,752
12629,249,cat_4,249
12630,748,cat_0,748
12631,744,cat_1,744
12632,161,cat_2,161
12633,729,cat_3,729
12634,507,cat_4,507
12635,421,cat_0,421
12636,767,cat_1,767
12637,217,cat_2,217
12638,513,cat_3,513
12639,829,cat_4,829
12640,933,cat_0,933
12641,531,cat_1,531
12642,757,cat_2,757
12643,398,cat_3,398
12644,405,cat_4,405
12645,823,cat_0,823
12646,458,cat_1,458
12647,333,cat_2,333
12648,681,cat_3,681
12649,501,cat_4,501
12650,158,cat_0,158
12651,624,cat_1,624
12652,126,cat_2,126
12653,257,cat_3,257
12654,228,cat_4,228
12655,614,cat_0,614
12656,465,cat_1,465
12657,454,cat_2,454
12658,634,cat_3,634
12659,811,cat_4,811
12660,753,cat_0,753
12661,394,cat_1,394
12662,946,cat_2,946
12663,164,cat_3,164
12664,149,cat_4,149
12665,70,cat_0,70
12666,154,cat_1,154
12667,469,cat_2,469
12668,179,cat_3,179
12669,586,cat_4,586
12670,653,cat_0,653
12671,84,cat_1,84
12672,286,cat_2,286
12673,440,cat_3,440
12674,305,cat_4,305
12675,310,cat_0,310
12676,448,cat_1,448
12677,62,cat_2,62
12678,628,cat_3,628
12679,384,cat_4,384
12680,458,cat_0,458
12681,283,cat_1,283
12682,343,cat_2,343
12683,560,cat_3,560
12684,627,cat_4,627
12685,310,cat_0,310
12686,282,cat_1,282
12687,717,cat_2,717
12688,240,cat_3,240
12689,962,cat_4,962
12690,269,cat_0,269
12691,487,cat_1,487
12692,375,cat_2,375
12693,607,cat_3,607
12694,488,cat_4,488
12695,305,cat_0,305
12696,495,cat_1,495
12697,491,cat_2,491
12698,956,cat_3,956
12699,141,cat_4,141
12700,782,cat_0,782
12701,72,cat_1,72
12702,77,cat_2,77
12703,675,cat_3,675
12704,16,cat_4,16
12705,860,cat_0,860
12706,138,cat_1,138
12707,84,cat_2,84
12708,696,cat_3,696
12709,153,cat_4,153
12710,951,cat_0,951
12711,847,cat_1,847
12712,587,cat_2,587
12713,935,cat_3,935
12714,684,cat_4,684
12715,374,cat_0,374
12716,720,cat_1,720
12717,735,cat_2,735
12718,570,cat_3,570
12719,540,cat_4,540
12720,307,cat_0,307
12721,436,cat_1,436
12722,385,cat_2,385
12723,161,cat_3,161
12724,29,cat_4,29
12725,312,cat_0,312
12726,80,cat_1,80
12727,743,cat_2,743
12728,349,cat_3,349
12729,272,cat_4,272
12730,359,cat_0,359
12731,367,cat_1,367
12732,470,cat_2,470
12733,752,cat_3,752
12734,971,cat_4,971
12735,233,cat_0,233
12736,723,cat_1,723
12737,583,cat_2,583
12738,88,cat_3,88
12739,125,cat_4,125
12740,891,cat_0,891
12741,619,cat_1,619
12742,269,cat_2,269
12743,187,cat_3,187
12744,371,cat_4,371
12745,777,cat_0,777
12746,396,cat_1,396
12747,912,cat_2,912
12748,589,cat_3,589
12749,812,cat_4,812
12750,336,cat_0,336
12751,833,cat_1,833
12752,455,cat_2,455
12753,838,cat_3,838
12754,413,cat_4,413
12755,125,cat_0,125
12756,795,cat_1,795
12757,525,cat_2,525
12758,830,cat_3,830
12759,76,cat_4,76
12760,765,cat_0,765
12761,897,cat_1,897
12762,473,cat_2,473
12763,807,cat_3,807
12764,503,cat_4,503
12765,607,cat_0,607
12766,23,cat_1,23
12767,851,cat_2,851
12768,909,cat_3,909
12769,696,cat_4,696
12770,819,cat_0,819
12771,743,cat_1,743
12772,210,cat_2,210
12773,2,cat_3,2
12774,60,cat_4,60
12775,233,cat_0,233
12776,971,cat_1,971
12777,824,cat_2,824
12778,156,cat_3,156
12779,447,cat_4,447
12780,295,cat_0,295
12781,220,cat_1,220
12782,924,cat_2,924
12783,555,cat_3,555
12784,625,cat_4,625
12785,538,cat_0,538
12786,557,cat_1,557
12787,970,cat_2,970
12788,635,cat_3,635
12789,733,cat_4,733
12790,193,cat_0,193
12791,944,cat_1,944
12792,489,cat_2,489
12793,241,cat_3,241
12794,270,cat_4,270
12795,163,cat_0,163
12796,891,cat_1,891
12797,465,cat_2,465
12798,980,cat_3,980
12799,435,cat_4,435
12800,155,cat_0,155
12801,233,cat_1,233
12802,386,cat_2,386
12803,287,cat_3,287
12804,378,cat_4,378
12805,863,cat_0,863
12806,811,cat_1,811
12807,397,cat_2,397
12808,477,cat_3,477
12809,65,cat_4,65
12810,639,cat_0,639
12811,647,cat_1,647
12812,292,cat_2,292
12813,441,cat_3,441
12814,589,cat_4,589
12815,540,cat_0,540
12816,78,cat_1,78
12817,369,cat_2,369
12818,102,cat_3,102
12819,465,cat_4,465
12820,603,cat_0,603
12821,466,cat_1,466
12822,161,cat_2,161
12823,920,cat_3,920
12824,464,cat_4,464
12825,477,cat_0,477
12826,434,cat_1,434
12827,310,cat_2,310
12828,960,cat_3,960
12829,126,cat_4,126
12830,330,cat_0,330
12831,607,cat_1,607
12832,932,cat_2,932
12833,308,cat_3,308
12834,959,cat_4,959
12835,461,cat_0,461
12836,443,cat_1,443
12837,645,cat_2,645
12838,507,cat_3,507
12839,129,cat_4,129
12840,687,cat_0,687
12841,335,cat_1,335
12842,552,cat_2,552
12843,921,cat_3,921
12844,707,cat_4,707
12845,965,cat_0,965
12846,509,cat_1,509
12847,753,cat_2,753
12848,123,cat_3,123
12849,96,cat_4,96
12850,76,cat_0,76
12851,543,cat_1,543
12852,807,cat_2,807
12853,140,cat_3,140
12854,213,cat_4,213
12855,634,cat_0,634
12856,720,cat_1,720
12857,881,cat_2,881
12858,765,cat_3,765
12859,272,cat_4,272
12860,771,cat_0,771
12861,265,cat_1,265
12862,248,cat_2,248
12863,81,cat_3,81
12864,687,cat_4,687
12865,903,cat_0,903
12866,367,cat_1,367
12867,702,cat_2,702
12868,767,cat_3,767
12869,936,cat_4,936
12870,600,cat_0,600
12871,668,cat_1,668
12872,152,cat_2,152
12873,641,cat_3,641
12874,816,cat_4,816
12875,565,cat_0,565
12876,505,cat_1,505
12877,993,cat_2,993
12878,385,cat_3,385
12879,321,cat_4,321
12880,544,cat_0,544
12881,477,cat_1,477
12882,56,cat_2,56
12883,867,cat_3,867
12884,536,cat_4,536
12885,423,cat_0,423
12886,643,cat_1,643
12887,678,cat_2,678
12888,553,cat_3,553
12889,343,cat_4,343
12890,26,cat_0,26
12891,115,cat_1,115
12892,362,cat_2,362
12893,255,cat_3,255
12894,284,cat_4,284
12895,519,cat_0,519
12896,855,cat_1,855
12897,711,cat_2,711
12898,308,cat_3,308
12899,965,cat_4,965
12900,398,cat_0,398
12901,591,cat_1,591
12902,538,cat_2,538
12903,707,cat_3,707
12904,438,cat_4,438
12905,143,cat_0,143
12906,136,cat_1,136
12907,250,cat_2,250
12908,551,cat_3,551
12909,19,cat_4,19
12910,416,cat_0,416
12911,708,cat_1,708
12912,391,cat_2,391
12913,330,cat_3,330
12914,121,cat_4,121
12915,815,cat_0,815
12916,990,cat_1,990
12917,473,cat_2,473
12918,202,cat_3,202
12919,208,cat_4,208
12920,417,cat_0,417
12921,42,cat_1,42
12922,271,cat_2,271
12923,662,cat_3,662
12924,518,cat_4,518
12925,332,cat_0,332
12926,167,cat_1,167
12927,562,cat_2,562
12928,957,cat_3,957
12929,877,cat_4,877
12930,85,cat_0,85
12931,845,cat_1,845
12932,930,cat_2,930
12933,127,cat_3,127
12934,748,cat_4,748
12935,758,cat_0,758
12936,269,cat_1,269
12937,550,cat_2,550
12938,57,cat_3,57
12939,949,cat_4,949
12940,555,cat_0,555
12941,326,cat_1,326
12942,242,cat_2,242
12943,434,cat_3,434
12944,532,cat_4,532
12945,376,cat_0,376
12946,789,cat_1,789
12947,820,cat_2,820
12948,740,cat_3,740
12949,351,cat_4,351
12950,251,cat_0,251
12951,645,cat_1,645
12952,654,cat_2,654
12953,477,cat_3,477
12954,818,cat_4,818
12955,789,cat_0,789
12956,94,cat_1,94
12957,531,cat_2,531
12958,816,cat_3,816
12959,401,cat_4,401
12960,601,cat_0,601
12961,882,cat_1,882
12962,945,cat_2,945
12963,23,cat_3,23
12964,876,cat_4,876
12965,340,cat_0,340
12966,219,cat_1,219
12967,784,cat_2,784
12968,857,cat_3,857
12969,150,cat_4,150
12970,221,cat_0,221
12971,773,cat_1,773
12972,492,cat_2,492
12973,376,cat_3,376
12974,641,cat_4,641
12975,977,cat_0,977
12976,642,cat_1,642
12977,485,cat_2,485
12978,798,cat_3,798
12979,247,cat_4,247
12980,622,cat_0,622
12981,142,cat_1,142
12982,653,cat_2,653
12983,256,cat_3,256
12984,746,cat_4,746
12985,117,cat_0,117
12986,616,cat_1,616
12987,290,cat_2,290
12988,633,cat_3,633
12989,141,cat_4,141
12990,501,cat_0,501
12991,35,cat_1,35
12992,596,cat_2,596
12993,335,cat_3,335
12994,152,cat_4,152
12995,899,cat_0,899
12996,71,cat_1,71
12997,93,cat_2,93
12998,983,cat_3,983
12999,555,cat_4,555
13000,261,cat_0,261
13001,107,cat_1,107
13002,270,cat_2,270
13003,650,cat_3,650
13004,555,cat_4,555
13005,82,cat_0,82
13006,403,cat_1,403
13007,436,cat_2,436
13008,28,cat_3,28
13009,869,cat_4,869
13010,594,cat_0,594
13011,938,cat_1,938
13012,325,cat_2,325
13013,163,cat_3,163
13014,597,cat_4,597
13015,929,cat_0,929
13016,359,cat_1,359
13017,980,cat_2,980
13018,294,cat_3,294
13019,404,cat_4,404
13020,593,cat_0,593
13021,472,cat_1,472
13022,881,cat_2,881
13023,56,cat_3,56
13024,697,cat_4,697
13025,520,cat_0,520
13026,490,cat_1,490
13027,263,cat_2,263
13028,835,cat_3,835
13029,16,cat_4,16
13030,353,cat_0,353
13031,479,cat_1,479
13032,965,cat_2,965
13033,981,cat_3,981
13034,643,cat_4,643
13035,395,cat_0,395
13036,705,cat_1,705
13037,572,cat_2,572
13038,898,cat_3,898
13039,764,cat_4,764
13040,464,cat_0,464
13041,624,cat_1,624
13042,300,cat_2,300
13043,74,cat_3,74
13044,90,cat_4,90
13045,15,cat_0,15
13046,172,cat_1,172
13047,934,cat_2,934
13048,232,cat_3,232
13049,449,cat_4,449
13050,930,cat_0,930
13051,785,cat_1,785
13052,691,cat_2,691
13053,755,cat_3,755
13054,951,cat_4,951
13055,166,cat_0,166
13056,913,cat_1,913
13057,835,cat_2,835
13058,489,cat_3,489
13059,706,cat_4,706
13060,351,cat_0,351
13061,621,cat_1,621
13062,191,cat_2,191
13063,991,cat_3,991
13064,745,cat_4,745
13065,588,cat_0,588
13066,811,cat_1,811
13067,127,cat_2,127
13068,970,cat_3,970
13069,764,cat_4,764
13070,464,cat_0,464
13071,570,cat_1,570
13072,312,cat_2,312
13073,770,cat_3,770
13074,162,cat_4,162
13075,81,cat_0,81
13076,531,cat_1,531
13077,678,cat_2,678
13078,386,cat_3,386
13079,454,cat_4,454
13080,262,cat_0,262
13081,739,cat_1,739
13082,954,cat_2,954
13083,913,cat_3,913
13084,623,cat_4,623
13085,107,cat_0,107
13086,944,cat_1,944
13087,844,cat_2,844
13088,738,cat_3,738
13089,372,cat_4,372
13090,650,cat_0,650
13091,865,cat_1,865
13092,636,cat_2,636
13093,861,cat_3,861
13094,227,cat_4,227
13095,648,cat_0,648
13096,784,cat_1,784
13097,678,cat_2,678
13098,423,cat_3,423
13099,923,cat_4,923
13100,351,cat_0,351
13101,625,cat_1,625
13102,751,cat_2,751
13103,921,cat_3,921
13104,198,cat_4,198
13105,336,cat_0,336
13106,560,cat_1,560
13107,417,cat_2,417
13108,321,cat_3,321
13109,58,cat_4,58
13110,16,cat_0,16
13111,811,cat_1,811
13112,601,cat_2,601
13113,131,cat_3,131
13114,497,cat_4,497
13115,720,cat_0,720
13116,318,cat_1,318
13117,271,cat_2,271
13118,522,cat_3,522
13119,279,cat_4,279
13120,180,cat_0,180
13121,698,cat_1,698
13122,475,cat_2,475
13123,805,cat_3,805
13124,552,cat_4,552
13125,889,cat_0,889
13126,870,cat_1,870
13127,414,cat_2,414
13128,591,cat_3,591
13129,905,cat_4,905
13130,630,cat_0,630
13131,244,cat_1,244
13132,370,cat_2,370
13133,257,cat_3,257
13134,382,cat_4,382
13135,697,cat_0,697
13136,786,cat_1,786
13137,974,cat_2,974
13138,769,cat_3,769
13139,431,cat_4,431
13140,565,cat_0,565
13141,502,cat_1,502
13142,744,cat_2,744
13143,778,cat_3,778
13144,793,cat_4,793
13145,80,cat_0,80
13146,31,cat_1,31
13147,671,cat_2,671
13148,488,cat_3,488
13149,649,cat_4,649
13150,968,cat_0,968
13151,576,cat_1,576
13152,709,cat_2,709
13153,908,cat_3,908
13154,547,cat_4,547
13155,381,cat_0,381
13156,697,cat_1,697
13157,743,cat_2,743
13158,113,cat_3,113
13159,313,cat_4,313
13160,454,cat_0,454
13161,167,cat_1,167
13162,232,cat_2,232
13163,43,cat_3,43
13164,946,cat_4,946
13165,346,cat_0,346
13166,953,cat_1,953
13167,853,cat_2,853
13168,621,cat_3,621
13169,889,cat_4,889
13170,492,cat_0,492
13171,406,cat_1,406
13172,689,cat_2,689
13173,853,cat_3,853
13174,20,cat_4,20
13175,473,cat_0,473
13176,880,cat_1,880
13177,128,cat_2,128
13178,99,cat_3,99
13179,266,cat_4,266
13180,543,cat_0,543
13181,594,cat_1,594
13182,173,cat_2,173
13183,56,cat_3,56
13184,212,cat_4,212
13185,127,cat_0,127
13186,524,cat_1,524
13187,771,cat_2,771
13188,38,cat_3,38
13189,249,cat_4,249
13190,781,cat_0,781
13191,839,cat_1,839
13192,412,cat_2,412
13193,730,cat_3,730
13194,469,cat_4,469
13195,964,cat_0,964
13196,383,cat_1,383
13197,880,cat_2,880
13198,498,cat_3,498
13199,301,cat_4,301
13200,278,cat_0,278
13201,968,cat_1,968
13202,601,cat_2,601
13203,177,cat_3,177
13204,461,cat_4,461
13205,669,cat_0,669
13206,324,cat_1,324
13207,519,cat_2,519
13208,380,cat_3,380
13209,713,cat_4,713
13210,668,cat_0,668
13211,667,cat_1,667
13212,222,cat_2,222
13213,140,cat_3,140
13214,637,cat_4,637
13215,90,cat_0,90
13216,482,cat_1,482
13217,293,cat_2,293
13218,169,cat_3,169
13219,882,cat_4,882
13220,747,cat_0,747
13221,696,cat_1,696
13222,366,cat_2,366
13223,491,cat_3,491
13224,576,cat_4,576
13225,815,cat_0,815
13226,746,cat_1,746
13227,328,cat_2,328
13228,826,cat_3,826
13229,260,cat_4,260
13230,773,cat_0,773
13231,125,cat_1,125
13232,698,cat_2,698
13233,610,cat_3,610
13234,157,cat_4,157
13235,49,cat_0,49
13236,551,cat_1,551
13237,931,cat_2,931
13238,591,cat_3,591
13239,802,cat_4,802
13240,698,cat_0,698
13241,861,cat_1,861
13242,580,cat_2,580
13243,238,cat_3,238
13244,487,cat_4,487
13245,252,cat_0,252
13246,171,cat_1,171
13247,273,cat_2,273
13248,989,cat_3,989
13249,482,cat_4,482
13250,963,cat_0,963
13251,158,cat_1,158
13252,909,cat_2,909
13253,934,cat_3,934
13254,204,cat_4,204
13255,990,cat_0,990
13256,566,cat_1,566
13257,715,cat_2,715
13258,128,cat_3,128
13259,620,cat_4,620
13260,361,cat_0,361
13261,686,cat_1,686
13262,387,cat_2,387
13263,327,cat_3,327
13264,721,cat_4,721
13265,583,cat_0,583
13266,309,cat_1,309
13267,212,cat_2,212
13268,391,cat_3,391
13269,69,cat_4,69
13270,476,cat_0,476
13271,421,cat_1,421
13272,496,cat_2,496
13273,267,cat_3,267
13274,525,cat_4,525
13275,841,cat_0,841
13276,198,cat_1,198
13277,219,cat_2,219
13278,463,cat_3,463
13279,651,cat_4,651
13280,725,cat_0,725
13281,608,cat_1,608
13282,647,cat_2,647
13283,260,cat_3,260
13284,496,cat_4,496
13285,968,cat_0,968
13286,87,cat_1,87
13287,829,cat_2,829
13288,451,cat_3,451
13289,792,cat_4,792
13290,169,cat_0,169
13291,769,cat_1,769
13292,33,cat_2,33
13293,278,cat_3,278
13294,864,cat_4,864
13295,962,cat_0,962
13296,778,cat_1,778
13297,510,cat_2,510
13298,562,cat_3,562
13299,677,cat_4,677
13300,591,cat_0,591
13301,865,cat_1,865
13302,539,cat_2,539
13303,68,cat_3,68
13304,736,cat_4,736
13305,671,cat_0,671
13306,494,cat_1,494
13307,682,cat_2,682
13308,14,cat_3,14
13309,840,cat_4,840
13310,154,cat_0,154
13311,547,cat_1,547
13312,911,cat_2,911
13313,728,cat_3,728
13314,236,cat_4,236
13315,145,cat_0,145
13316,768,cat_1,768
13317,774,cat_2,774
13318,689,cat_3,689
13319,404,cat_4,404
13320,123,cat_0,123
13321,281,cat_1,281
13322,374,cat_2,374
13323,955,cat_3,955
13324,614,cat_4,614
13325,799,cat_0,799
13326,509,cat_1,509
13327,243,cat_2,243
13328,923,cat_3,923
13329,917,cat_4,917
13330,672,cat_0,672
13331,127,cat_1,127
13332,121,cat_2,121
13333,239,cat_3,239
13334,161,cat_4,161
13335,961,cat_0,961
13336,839,cat_1,839
13337,261,cat_2,261
13338,834,cat_3,834
13339,488,cat_4,488
13340,436,cat_0,436
13341,238,cat_1,238
13342,70,cat_2,70
13343,866,cat_3,866
13344,614,cat_4,614
13345,785,cat_0,785
13346,46,cat_1,46
13347,455,cat_2,455
13348,678,cat_3,678
13349,978,cat_4,978
13350,772,cat_0,772
13351,220,cat_1,220
13352,272,cat_2,272
13353,402,cat_3,402
13354,429,cat_4,429
13355,556,cat_0,556
13356,438,cat_1,438
13357,139,cat_2,139
13358,374,cat_3,374
13359,864,cat_4,864
13360,357,cat_0,357
13361,613,cat_1,613
13362,688,cat_2,688
13363,922,cat_3,922
13364,698,cat_4,698
13365,653,cat_0,653
13366,233,cat_1,233
13367,422,cat_2,422
13368,744,cat_3,744
13369,347,cat_4,347
13370,396,cat_0,396
13371,910,cat_1,910
13372,785,cat_2,785
13373,564,cat_3,564
13374,860,cat_4,860
13375,595,cat_0,595
13376,225,cat_1,225
13377,800,cat_2,800
13378,447,cat_3,447
13379,744,cat_4,744
13380,955,cat_0,955
13381,484,cat_1,484
13382,286,cat_2,286
13383,627,cat_3,627
13384,708,cat_4,708
13385,82,cat_0,82
13386,138,cat_1,138
13387,362,cat_2,362
13388,247,cat_3,247
13389,901,cat_4,901
13390,210,cat_0,210
13391,922,cat_1,922
13392,759,cat_2,759
13393,794,cat_3,794
13394,790,cat_4,790
13395,695,cat_0,695
13396,303,cat_1,303
13397,878,cat_2,878
13398,4,cat_3,4
13399,399,cat_4,399
13400,796,cat_0,796
13401,337,cat_1,337
13402,862,cat_2,862
13403,598,cat_3,598
13404,859,cat_4,859
13405,469,cat_0,469
13406,189,cat_1,189
13407,607,cat_2,607
13408,267,cat_3,267
13409,658,cat_4,658
13410,554,cat_0,554
13411,780,cat_1,780
13412,255,cat_2,255
13413,512,cat_3,512
13414,153,cat_4,153
13415,303,cat_0,303
13416,408,cat_1,408
13417,616,cat_2,616
13418,384,cat_3,384
13419,1,cat_4,1
13420,30,cat_0,30
13421,978,cat_1,978
13422,990,cat_2,990
13423,976,cat_3,976
13424,295,cat_4,295
13425,326,cat_0,326
13426,259,cat_1,259
13427,489,cat_2,489
13428,434,cat_3,434
13429,115,cat_4,115
13430,762,cat_0,762
13431,626,cat_1,626
13432,276,cat_2,276
13433,331,cat_3,331
13434,521,cat_4,521
13435,285,cat_0,285
13436,114,cat_1,114
13437,156,cat_2,156
13438,962,cat_3,962
13439,761,cat_4,761
13440,142,cat_0,142
13441,868,cat_1,868
13442,446,cat_2,446
13443,165,cat_3,165
13444,325,cat_4,325
13445,514,cat_0,514
13446,365,cat_1,365
13447,44,cat_2,44
13448,465,cat_3,465
13449,261,cat_4,261
13450,97,cat_0,97
13451,250,cat_1,250
13452,445,cat_2,445
13453,715,cat_3,715
13454,155,cat_4,155
13455,76,cat_0,76
13456,327,cat_1,327
13457,866,cat_2,866
13458,644,cat_3,644
13459,91,cat_4,91
13460,278,cat_0,278
13461,151,cat_1,151
13462,678,cat_2,678
13463,900,cat_3,900
13464,243,cat_4,243
13465,112,cat_0,112
13466,241,cat_1,241
13467,165,cat_2,165
13468,110,cat_3,110
13469,702,cat_4,702
13470,643,cat_0,643
13471,694,cat_1,694
13472,581,cat_2,581
13473,25,cat_3,25
13474,426,cat_4,426
13475,8,cat_0,8
13476,187,cat_1,187
13477,596,cat_2,596
13478,458,cat_3,458
13479,804,cat_4,804
13480,921,cat_0,921
13481,805,cat_1,805
13482,182,cat_2,182
13483,194,cat_3,194
13484,12,cat_4,12
13485,505,cat_0,505
13486,5,cat_1,5
13487,579,cat_2,579
13488,771,cat_3,771
13489,592,cat_4,592
13490,986,cat_0,986
13491,533,cat_1,533
13492,54,cat_2,54
13493,877,cat_3,877
13494,1,cat_4,1
13495,529,cat_0,529
13496,267,cat_1,267
13497,475,cat_2,475
13498,322,cat_3,322
13499,404,cat_4,404
13500,644,cat_0,644
13501,929,cat_1,929
13502,706,cat_2,706
13503,287,cat_3,287
13504,556,cat_4,556
13505,101,cat_0,101
13506,85,cat_1,85
13507,244,cat_2,244
13508,180,cat_3,180
13509,358,cat_4,358
13510,895,cat_0,895
13511,922,cat_1,922
13512,321,cat_2,321
13513,540,cat_3,540
13514,927,cat_4,927
13515,966,cat_0,966
13516,619,cat_1,619
13517,919,cat_2,919
13518,167,cat_3,167
13519,942,cat_4,942
13520,771,cat_0,771
13521,387,cat_1,387
13522,406,cat_2,406
13523,10,cat_3,10
13524,828,cat_4,828
13525,74,cat_0,74
13526,648,cat_1,648
13527,235,cat_2,235
13528,608,cat_3,608
13529,463,cat_4,463
13530,828,cat_0,828
13531,194,cat_1,194
13532,306,cat_2,306
13533,166,cat_3,166
13534,992,cat_4,992
13535,800,cat_0,800
13536,961,cat_1,961
13537,861,cat_2,861
13538,522,cat_3,522
13539,514,cat_4,514
13540,275,cat_0,275
13541,386,cat_1,386
13542,933,cat_2,933
13543,302,cat_3,302
13544,634,cat_4,634
13545,593,cat_0,593
13546,602,cat_1,602
13547,977,cat_2,977
13548,680,cat_3,680
13549,398,cat_4,398
13550,654,cat_0,654
13551,499,cat_1,499
13552,703,cat_2,703
13553,203,cat_3,203
13554,471,cat_4,471
13555,929,cat_0,929
13556,878,cat_1,878
13557,380,cat_2,380
13558,514,cat_3,514
13559,65,cat_4,65
13560,663,cat_0,663
13561,251,cat_1,251
13562,58,cat_2,58
13563,83,cat_3,83
13564,313,cat_4,313
13565,204,cat_0,204
13566,716,cat_1,716
13567,558,cat_2,558
13568,539,cat_3,539
13569,559,cat_4,559
13570,449,cat_0,449
13571,520,cat_1,520
13572,265,cat_2,265
13573,69,cat_3,69
13574,816,cat_4,816
13575,845,cat_0,845
13576,727,cat_1,727
13577,552,cat_2,552
13578,562,cat_3,562
13579,943,cat_4,943
13580,734,cat_0,734
13581,446,cat_1,446
13582,218,cat_2,218
13583,288,cat_3,288
13584,222,cat_4,222
13585,769,cat_0,769
13586,469,cat_1,469
13587,122,cat_2,122
13588,648,cat_3,648
13589,147,cat_4,147
13590,260,cat_0,260
13591,889,cat_1,889
13592,931,cat_2,931
13593,53,cat_3,53
13594,52,cat_4,52
13595,708,cat_0,708
13596,834,cat_1,834
13597,28,cat_2,28
13598,923,cat_3,923
13599,426,cat_4,426
13600,552,cat_0,552
13601,708,cat_1,708
13602,551,cat_2,551
13603,400,cat_3,400
13604,383,cat_4,383
13605,213,cat_0,213
13606,271,cat_1,271
13607,730,cat_2,730
13608,641,cat_3,641
13609,521,cat_4,521
13610,579,cat_0,579
13611,813,cat_1,813
13612,684,cat_2,684
13613,214,cat_3,214
13614,128,cat_4,128
13615,331,cat_0,331
13616,297,cat_1,297
13617,933,cat_2,933
13618,96,cat_3,96
13619,454,cat_4,454
13620,765,cat_0,765
13621,758,cat_1,758
13622,989,cat_2,989
13623,48,cat_3,48
13624,595,cat_4,595
13625,392,cat_0,392
13626,54,cat_1,54
13627,926,cat_2,926
13628,772,cat_3,772
13629,817,cat_4,817
13630,863,cat_0,863
13631,771,cat_1,771
13632,197,cat_2,197
13633,858,cat_3,858
13634,704,cat_4,704
13635,210,cat_0,210
13636,355,cat_1,355
13637,826,cat_2,826
13638,288,cat_3,288
13639,747,cat_4,747
13640,616,cat_0,616
13641,507,cat_1,507
13642,711,cat_2,711
13643,359,cat_3,359
13644,304,cat_4,304
13645,306,cat_0,306
13646,201,cat_1,201
13647,390,cat_2,390
13648,678,cat_3,678
13649,401,cat_4,401
13650,1000,cat_0,1000
13651,452,cat_1,452
13652,423,cat_2,423
13653,207,cat_3,207
13654,757,cat_4,757
13655,966,cat_0,966
13656,7,cat_1,7
13657,821,cat_2,821
13658,800,cat_3,800
13659,643,cat_4,643
13660,344,cat_0,344
13661,221,cat_1,221
13662,650,cat_2,650
13663,925,cat_3,925
13664,192,cat_4,192
13665,600,cat_0,600
13666,805,cat_1,805
13667,565,cat_2,565
13668,16,cat_3,16
13669,380,cat_4,380
13670,623,cat_0,623
13671,526,cat_1,526
13672,627,cat_2,627
13673,335,cat_3,335
13674,321,cat_4,321
13675,165,cat_0,165
13676,366,cat_1,366
13677,613,cat_2,613
13678,735,cat_3,735
13679,581,cat_4,581
13680,490,cat_0,490
13681,390,cat_1,390
13682,31,cat_2,31
13683,355,cat_3,355
13684,158,cat_4,158
13685,981,cat_0,981
13686,17,cat_1,17
13687,553,cat_2,553
13688,775,cat_3,775
13689,261,cat_4,261
13690,220,cat_0,220
13691,281,cat_1,281
13692,520,cat_2,520
13693,598,cat_3,598
13694,902,cat_4,902
13695,267,cat_0,267
13696,115,cat_1,115
13697,294,cat_2,294
13698,523,cat_3,523
13699,748,cat_4,748
13700,994,cat_0,994
13701,375,cat_1,375
13702,460,cat_2,460
13703,231,cat_3,231
13704,305,cat_4,305
13705,436,cat_0,436
13706,203,cat_1,203
13707,992,cat_2,992
13708,783,cat_3,783
13709,23,cat_4,23
13710,192,cat_0,192
13711,801,cat_1,801
13712,783,cat_2,783
13713,498,cat_3,498
13714,386,cat_4,386
13715,309,cat_0,309
13716,868,cat_1,868
13717,256,cat_2,256
13718,612,cat_3,612
13719,691,cat_4,691
13720,201,cat_0,201
13721,668,cat_1,668
13722,197,cat_2,197
13723,103,cat_3,103
13724,186,cat_4,186
13725,876,cat_0,876
13726,776,cat_1,776
13727,216,cat_2,216
13728,769,cat_3,769
13729,17,cat_4,17
13730,372,cat_0,372
13731,523,cat_1,523
13732,148,cat_2,148
13733,157,cat_3,157
13734,981,cat_4,981
13735,464,cat_0,464
13736,500,cat_1,500
13737,202,cat_2,202
13738,338,cat_3,338
13739,33,cat_4,33
13740,857,cat_0,857
13741,837,cat_1,837
13742,313,cat_2,313
13743,110,cat_3,110
13744,635,cat_4,635
13745,928,cat_0,928
13746,210,cat_1,210
13747,243,cat_2,243
13748,901,cat_3,901
13749,679,cat_4,679
13750,848,cat_0,848
13751,595,cat_1,595
13752,155,cat_2,155
13753,488,cat_3,488
13754,683,cat_4,683
13755,62,cat_0,62
13756,245,cat_1,245
13757,100,cat_2,100
13758,333,cat_3,333
13759,80,cat_4,80
13760,205,cat_0,205
13761,63,cat_1,63
13762,713,cat_2,713
13763,621,cat_3,621
13764,93,cat_4,93
13765,972,cat_0,972
13766,820,cat_1,820
13767,332,cat_2,332
13768,327,cat_3,327
13769,938,cat_4,938
13770,2,cat_0,2
13771,295,cat_1,295
13772,33,cat_2,33
13773,839,cat_3,839
13774,855,cat_4,855
13775,347,cat_0,347
13776,673,cat_1,673
13777,991,cat_2,991
13778,499,cat_3,499
13779,260,cat_4,260
13780,472,cat_0,472
13781,813,cat_1,813
13782,710,cat_2,710
13783,744,cat_3,744
13784,372,cat_4,372
13785,234,cat_0,234
13786,590,cat_1,590
13787,630,cat_2,630
13788,234,cat_3,234
13789,651,cat_4,651
13790,592,cat_0,592
13791,235,cat_1,235
13792,32,cat_2,32
13793,398,cat_3,398
13794,988,cat_4,988
13795,155,cat_0,155
13796,465,cat_1,465
13797,450,cat_2,450
13798,749,cat_3,749
13799,400,cat_4,400
13800,474,cat_0,474
13801,202,cat_1,202
13802,604,cat_2,604
13803,403,cat_3,403
13804,142,cat_4,142
13805,348,cat_0,348
13806,775,cat_1,775
13807,145,cat_2,145
13808,337,cat_3,337
13809,115,cat_4,115
13810,625,cat_0,625
13811,126,cat_1,126
13812,206,cat_2,206
13813,688,cat_3,688
13814,654,cat_4,654
13815,228,cat_0,228
13816,343,cat_1,343
13817,930,cat_2,930
13818,77,cat_3,77
13819,366,cat_4,366
13820,638,cat_0,638
13821,403,cat_1,403
13822,343,cat_2,343
13823,832,cat_3,832
13824,238,cat_4,238
13825,872,cat_0,872
13826,606,cat_1,606
13827,122,cat_2,122
13828,760,cat_3,760
13829,324,cat_4,324
13830,693,cat_0,693
13831,434,cat_1,434
13832,393,cat_2,393
13833,432,cat_3,432
13834,994,cat_4,994
13835,54,cat_0,54
13836,540,cat_1,540
13837,628,cat_2,628
13838,768,cat_3,768
13839,244,cat_4,244
13840,902,cat_0,902
13841,695,cat_1,695
13842,330,cat_2,330
13843,339,cat_3,339
13844,564,cat_4,564
13845,885,cat_0,885
13846,419,cat_1,419
13847,204,cat_2,204
13848,761,cat_3,761
13849,863,cat_4,863
13850,225,cat_0,225
13851,524,cat_1,524
13852,939,cat_2,939
13853,683,cat_3,683
13854,460,cat_4,460
13855,437,cat_0,437
13856,424,cat_1,424
13857,929,cat_2,929
13858,462,cat_3,462
13859,294,cat_4,294
13860,117,cat_0,117
13861,175,cat_1,175
13862,221,cat_2,221
13863,613,cat_3,613
13864,828,cat_4,828
13865,365,cat_0,365
13866,836,cat_1,836
13867,996,cat_2,996
13868,251,cat_3,251
13869,368,cat_4,368
13870,293,cat_0,293
13871,446,cat_1,446
13872,78,cat_2,78
13873,898,cat_3,898
13874,79,cat_4,79
13875,653,cat_0,653
13876,836,cat_1,836
13877,189,cat_2,189
13878,767,cat_3,767
13879,45,cat_4,45
13880,282,cat_0,282
13881,212,cat_1,212
13882,278,cat_2,278
13883,802,cat_3,802
13884,405,cat_4,405
13885,906,cat_0,906
13886,79,cat_1,79
13887,925,cat_2,925
13888,730,cat_3,730
13889,944,cat_4,944
13890,191,cat_0,191
13891,636,cat_1,636
13892,383,cat_2,383
13893,50,cat_3,50
13894,887,cat_4,887
13895,426,cat_0,426
13896,219,cat_1,219
13897,856,cat_2,856
13898,205,cat_3,205
13899,374,cat_4,374
13900,995,cat_0,995
13901,969,cat_1,969
13902,121,cat_2,121
13903,329,cat_3,329
13904,617,cat_4,617
13905,346,cat_0,346
13906,174,cat_1,174
13907,995,cat_2,995
13908,101,cat_3,101
13909,386,cat_4,386
13910,55,cat_0,55
13911,904,cat_1,904
13912,924,cat_2,924
13913,979,cat_3,979
13914,381,cat_4,381
13915,350,cat_0,350
13916,217,cat_1,217
13917,670,cat_2,670
13918,882,cat_3,882
13919,840,cat_4,840
13920,829,cat_0,829
13921,951,cat_1,951
13922,89,cat_2,89
13923,817,cat_3,817
13924,660,cat_4,660
13925,727,cat_0,727
13926,257,cat_1,257
13927,200,cat_2,200
13928,961,cat_3,961
13929,559,cat_4,559
13930,103,cat_0,103
13931,166,cat_1,166
13932,461,cat_2,461
13933,582,cat_3,582
13934,11,cat_4,11
13935,55,cat_0,55
13936,354,cat_1,354
13937,506,cat_2,506
13938,196,cat_3,196
13939,297,cat_4,297
13940,517,cat_0,517
13941,97,cat_1,97
13942,847,cat_2,847
13943,468,cat_3,468
13944,14,cat_4,14
13945,906,cat_0,906
13946,898,cat_1,898
13947,715,cat_2,715
13948,135,cat_3,135
13949,609,cat_4,609
13950,225,cat_0,225
13951,449,cat_1,449
13952,119,cat_2,119
13953,504,cat_3,504
13954,434,cat_4,434
13955,359,cat_0,359
13956,492,cat_1,492
13957,263,cat_2,263
13958,964,cat_3,964
13959,816,cat_4,816
13960,397,cat_0,397
13961,646,cat_1,646
13962,529,cat_2,529
13963,320,cat_3,320
13964,476,cat_4,476
13965,641,cat_0,641
13966,693,cat_1,693
13967,644,cat_2,644
13968,457,cat_3,457
13969,232,cat_4,232
13970,795,cat_0,795
13971,391,cat_1,391
13972,213,cat_2,213
13973,226,cat_3,226
13974,347,cat_4,347
13975,481,cat_0,481
13976,441,cat_1,441
13977,808,cat_2,808
13978,35,cat_3,35
13979,114,cat_4,114
13980,570,cat_0,570
13981,850,cat_1,850
13982,73,cat_2,73
13983,922,cat_3,922
13984,531,cat_4,531
13985,574,cat_0,574
13986,712,cat_1,712
13987,787,cat_2,787
13988,233,cat_3,233
13989,158,cat_4,158
13990,745,cat_0,745
13991,422,cat_1,422
13992,720,cat_2,720
13993,517,cat_3,517
13994,621,cat_4,621
13995,217,cat_0,217
13996,622,cat_1,622
13997,628,cat_2,628
13998,787,cat_3,787
13999,768,cat_4,768
14000,209,cat_0,209
14001,757,cat_1,757
14002,805,cat_2,805
14003,748,cat_3,748
14004,275,cat_4,275
14005,427,cat_0,427
14006,331,cat_1,331
14007,353,cat_2,353
14008,660,cat_3,660
14009,640,cat_4,640
14010,609,cat_0,609
14011,929,cat_1,929
14012,778,cat_2,778
14013,325,cat_3,325
14014,92,cat_4,92
14015,975,cat_0,975
14016,552,cat_1,552
14017,100,cat_2,100
14018,958,cat_3,958
14019,469,cat_4,469
14020,46,cat_0,46
14021,764,cat_1,764
14022,811,cat_2,811
14023,340,cat_3,340
14024,64,cat_4,64
14025,153,cat_0,153
14026,987,cat_1,987
14027,534,cat_2,534
14028,684,cat_3,684
14029,35,cat_4,35
14030,105,cat_0,105
14031,13,cat_1,13
14032,676,cat_2,676
14033,214,cat_3,214
14034,552,cat_4,552
14035,369,cat_0,369
14036,790,cat_1,790
14037,484,cat_2,484
14038,513,cat_3,513
14039,450,cat_4,450
14040,431,cat_0,431
14041,338,cat_1,338
14042,361,cat_2,361
14043,927,cat_3,927
14044,349,cat_4,349
14045,972,cat_0,972
14046,112,cat_1,112
14047,161,cat_2,161
14048,290,cat_3,290
14049,464,cat_4,464
14050,96,cat_0,96
14051,798,cat_1,798
14052,472,cat_2,472
14053,682,cat_3,682
14054,349,cat_4,349
14055,713,cat_0,713
14056,804,cat_1,804
14057,704,cat_2,704
14058,18,cat_3,18
14059,703,cat_4,703
14060,450,cat_0,450
14061,833,cat_1,833
14062,495,cat_2,495
14063,352,cat_3,352
14064,595,cat_4,595
14065,85,cat_0,85
14066,383,cat_1,383
14067,121,cat_2,121
14068,870,cat_3,870
14069,664,cat_4,664
14070,572,cat_0,572
14071,905,cat_1,905
14072,340,cat_2,340
14073,834,cat_3,834
14074,509,cat_4,509
14075,669,cat_0,669
14076,29,cat_1,29
14077,37,cat_2,37
14078,292,cat_3,292
14079,451,cat_4,451
14080,639,cat_0,639
14081,311,cat_1,311
14082,99,cat_2,99
14083,926,cat_3,926
14084,165,cat_4,165
14085,169,cat_0,169
14086,633,cat_1,633
14087,403,cat_2,403
14088,520,cat_3,520
14089,674,cat_4,674
14090,785,cat_0,785
14091,79,cat_1,79
14092,559,cat_2,559
14093,202,cat_3,202
14094,393,cat_4,393
14095,940,cat_0,940
14096,646,cat_1,646
14097,82,cat_2,82
14098,3,cat_3,3
14099,657,cat_4,657
14100,672,cat_0,672
14101,635,cat_1,635
14102,442,cat_2,442
14103,136,cat_3,136
14104,547,cat_4,547
14105,305,cat_0,305
14106,960,cat_1,960
14107,16,cat_2,16
14108,618,cat_3,618
14109,410,cat_4,410
14110,100,cat_0,100
14111,576,cat_1,576
14112,113,cat_2,113
14113,326,cat_3,326
14114,113,cat_4,113
14115,770,cat_0,770
14116,138,cat_1,138
14117,149,cat_2,149
14118,556,cat_3,556
14119,943,cat_4,943
14120,61,cat_0,61
14121,568,cat_1,568
14122,936,cat_2,936
14123,1,cat_3,1
14124,277,cat_4,277
14125,510,cat_0,510
14126,749,cat_1,749
14127,400,cat_2,400
14128,775,cat_3,775
14129,837,cat_4,837
14130,573,cat_0,573
14131,150,cat_1,150
14132,851,cat_2,851
14133,214,cat_3,214
14134,816,cat_4,816
14135,699,cat_0,699
14136,160,cat_1,160
14137,658,cat_2,658
14138,578,cat_3,578
14139,819,cat_4,819
14140,533,cat_0,533
14141,258,cat_1,258
14142,697,cat_2,697
14143,95,cat_3,95
14144,285,cat_4,285
14145,239,cat_0,239
14146,808,cat_1,808
14147,803,cat_2,803
14148,399,cat_3,399
14149,398,cat_4,398
14150,937,cat_0,937
14151,255,cat_1,255
14152,571,cat_2,571
14153,128,cat_3,128
14154,418,cat_4,418
14155,755,cat_0,755
14156,22,cat_1,22
14157,33,cat_2,33
14158,435,cat_3,435
14159,607,cat_4,607
14160,963,cat_0,963
14161,456,cat_1,456
14162,761,cat_2,761
14163,59,cat_3,59
14164,932,cat_4,932
14165,296,cat_0,296
14166,265,cat_1,265
14167,472,cat_2,472
14168,93,cat_3,93
14169,799,cat_4,799
14170,14,cat_0,14
14171,181,cat_1,181
14172,50,cat_2,50
14173,322,cat_3,322
14174,821,cat_4,821
14175,342,cat_0,342
14176,340,cat_1,340
14177,667,cat_2,667
14178,911,cat_3,911
14179,13,cat_4,13
14180,349,cat_0,349
14181,552,cat_1,552
14182,369,cat_2,369
14183,139,cat_3,139
14184,874,cat_4,874
14185,968,cat_0,968
14186,659,cat_1,659
14187,669,cat_2,669
14188,56,cat_3,56
14189,506,cat_4,506
14190,730,cat_0,730
14191,987,cat_1,987
14192,13,cat_2,13
14193,624,cat_3,624
14194,907,cat_4,907
14195,423,cat_0,423
14196,564,cat_1,564
14197,934,cat_2,934
14198,707,cat_3,707
14199,737,cat_4,737
14200,630,cat_0,630
14201,983,cat_1,983
14202,266,cat_2,266
14203,417,cat_3,417
14204,890,cat_4,890
14205,227,cat_0,227
14206,899,cat_1,899
14207,104,cat_2,104
14208,830,cat_3,830
14209,288,cat_4,288
14210,222,cat_0,222
14211,337,cat_1,337
14212,922,cat_2,922
14213,258,cat_3,258
14214,535,cat_4,535
14215,234,cat_0,234
14216,904,cat_1,904
14217,474,cat_2,474
14218,452,cat_3,452
14219,408,cat_4,408
14220,274,cat_0,274
14221,32,cat_1,32
14222,431,cat_2,431
14223,942,cat_3,942
14224,338,cat_4,338
14225,658,cat_0,658
14226,982,cat_1,982
14227,853,cat_2,853
14228,125,cat_3,125
14229,800,cat_4,800
14230,795,cat_0,795
14231,748,cat_1,748
14232,989,cat_2,989
14233,714,cat_3,714
14234,785,cat_4,785
14235,417,cat_0,417
14236,743,cat_1,743
14237,705,cat_2,705
14238,331,cat_3,331
14239,780,cat_4,780
14240,909,cat_0,909
14241,77,cat_1,77
14242,23,cat_2,23
14243,596,cat_3,596
14244,312,cat_4,312
14245,187,cat_0,187
14246,487,cat_1,487
14247,181,cat_2,181
14248,701,cat_3,701
14249,558,cat_4,558
14250,619,cat_0,619
14251,379,cat_1,379
14252,532,cat_2,532
14253,82,cat_3,82
14254,608,cat_4,608
14255,807,cat_0,807
14256,43,cat_1,43
14257,602,cat_2,602
14258,814,cat_3,814
14259,780,cat_4,780
14260,763,cat_0,763
14261,100,cat_1,100
14262,466,cat_2,466
14263,422,cat_3,422
14264,642,cat_4,642
14265,469,cat_0,469
14266,399,cat_1,399
14267,361,cat_2,361
14268,559,cat_3,559
14269,817,cat_4,817
14270,821,cat_0,821
14271,529,cat_1,529
14272,182,cat_2,182
14273,713,cat_3,713
14274,996,cat_4,996
14275,106,cat_0,106
14276,252,cat_1,252
14277,782,cat_2,782
14278,64,cat_3,64
14279,90,cat_4,90
14280,458,cat_0,458
14281,908,cat_1,908
14282,719,cat_2,719
14283,95,cat_3,95
14284,322,cat_4,322
14285,226,cat_0,226
14286,315,cat_1,315
14287,615,cat_2,615
14288,855,cat_3,855
14289,799,cat_4,799
14290,346,cat_0,346
14291,393,cat_1,393
14292,921,cat_2,921
14293,567,cat_3,567
14294,308,cat_4,308
14295,219,cat_0,219
14296,283,cat_1,283
14297,330,cat_2,330
14298,854,cat_3,854
14299,418,cat_4,418
14300,487,cat_0,487
14301,806,cat_1,806
14302,610,cat_2,610
14303,980,cat_3,980
14304,114,cat_4,114
14305,968,cat_0,968
14306,117,cat_1,117
14307,390,cat_2,390
14308,20,cat_3,20
14309,696,cat_4,696
14310,226,cat_0,226
14311,521,cat_1,521
14312,279,cat_2,279
14313,303,cat_3,303
14314,572,cat_4,572
14315,902,cat_0,902
14316,845,cat_1,845
14317,626,cat_2,626
14318,734,cat_3,734
14319,3,cat_4,3
14320,951,cat_0,951
14321,56,cat_1,56
14322,117,cat_2,117
14323,756,cat_3,756
14324,372,cat_4,372
14325,189,cat_0,189
14326,439,cat_1,439
14327,845,cat_2,845
14328,792,cat_3,792
14329,923,cat_4,923
14330,61,cat_0,61
14331,340,cat_1,340
14332,817,cat_2,817
14333,937,cat_3,937
14334,1000,cat_4,1000
14335,540,cat_0,540
14336,819,cat_1,819
14337,965,cat_2,965
14338,657,cat_3,657
14339,856,cat_4,856
14340,344,cat_0,344
14341,443,cat_1,443
14342,107,cat_2,107
14343,261,cat_3,261
14344,955,cat_4,955
14345,420,cat_0,420
14346,481,cat_1,481
14347,957,cat_2,957
14348,800,cat_3,800
14349,794,cat_4,794
14350,196,cat_0,196
14351,148,cat_1,148
14352,476,cat_2,476
14353,104,cat_3,104
14354,993,cat_4,993
14355,357,cat_0,357
14356,473,cat_1,473
14357,318,cat_2,318
14358,606,cat_3,606
14359,536,cat_4,536
14360,18,cat_0,18
14361,204,cat_1,204
14362,640,cat_2,640
14363,45,cat_3,45
14364,806,cat_4,806
14365,712,cat_0,712
14366,880,cat_1,880
14367,458,cat_2,458
14368,708,cat_3,708
14369,406,cat_4,406
14370,385,cat_0,385
14371,633,cat_1,633
14372,107,cat_2,107
14373,75,cat_3,75
14374,582,cat_4,582
14375,797,cat_0,797
14376,927,cat_1,927
14377,128,cat_2,128
14378,943,cat_3,943
14379,312,cat_4,312
14380,284,cat_0,284
14381,221,cat_1,221
14382,260,cat_2,260
14383,965,cat_3,965
14384,388,cat_4,388
14385,475,cat_0,475
14386,22,cat_1,22
14387,597,cat_2,597
14388,225,cat_3,225
14389,421,cat_4,421
14390,687,cat_0,687
14391,228,cat_1,228
14392,992,cat_2,992
14393,819,cat_3,819
14394,470,cat_4,470
14395,932,cat_0,932
14396,687,cat_1,687
14397,810,cat_2,810
14398,838,cat_3,838
14399,885,cat_4,885
14400,734,cat_0,734
14401,693,cat_1,693
14402,564,cat_2,564
14403,552,cat_3,552
14404,705,cat_4,705
14405,499,cat_0,499
14406,915,cat_1,915
14407,581,cat_2,581
14408,366,cat_3,366
14409,772,cat_4,772
14410,926,cat_0,926
14411,817,cat_1,817
14412,608,cat_2,608
14413,442,cat_3,442
14414,987,cat_4,987
14415,520,cat_0,520
14416,220,cat_1,220
14417,969,cat_2,969
14418,172,cat_3,172
14419,604,cat_4,604
14420,738,cat_0,738
14421,757,cat_1,757
14422,508,cat_2,508
14423,409,cat_3,409
14424,802,cat_4,802
14425,954,cat_0,954
14426,342,cat_1,342
14427,783,cat_2,783
14428,420,cat_3,420
14429,869,cat_4,869
14430,469,cat_0,469
14431,89,cat_1,89
14432,290,cat_2,290
14433,803,cat_3,803
14434,152,cat_4,152
14435,148,cat_0,148
14436,385,cat_1,385
14437,606,cat_2,606
14438,744,cat_3,744
14439,101,cat_4,101
14440,723,cat_0,723
14441,79,cat_1,79
14442,362,cat_2,362
14443,405,cat_3,405
14444,832,cat_4,832
14445,791,cat_0,791
14446,496,cat_1,496
14447,603,cat_2,603
14448,493,cat_3,493
14449,6,cat_4,6
14450,664,cat_0,664
14451,665,cat_1,665
14452,901,cat_2,901
14453,527,cat_3,527
14454,239,cat_4,239
14455,198,cat_0,198
14456,873,cat_1,873
14457,313,cat_2,313
14458,952,cat_3,952
14459,893,cat_4,893
14460,700,cat_0,700
14461,344,cat_1,344
14462,941,cat_2,941
14463,724,cat_3,724
14464,933,cat_4,933
14465,303,cat_0,303
14466,998,cat_1,998
14467,446,cat_2,446
14468,502,cat_3,502
14469,832,cat_4,832
14470,202,cat_0,202
14471,552,cat_1,552
14472,859,cat_2,859
14473,392,cat_3,392
14474,380,cat_4,380
14475,525,cat_0,525
14476,725,cat_1,725
14477,676,cat_2,676
14478,786,cat_3,786
14479,382,cat_4,382
14480,38,cat_0,38
14481,172,cat_1,172
14482,628,cat_2,628
14483,582,cat_3,582
14484,183,cat_4,183
14485,640,cat_0,640
14486,370,cat_1,370
14487,642,cat_2,642
14488,348,cat_3,348
14489,528,cat_4,528
14490,199,cat_0,199
14491,525,cat_1,525
14492,259,cat_2,259
14493,992,cat_3,992
14494,372,cat_4,372
14495,70,cat_0,70
14496,179,cat_1,179
14497,962,cat_2,962
14498,502,cat_3,502
14499,175,cat_4,175
14500,702,cat_0,702
14501,405,cat_1,405
14502,261,cat_2,261
14503,318,cat_3,318
14504,695,cat_4,695
14505,425,cat_0,425
14506,265,cat_1,265
14507,90,cat_2,90
14508,218,cat_3,218
14509,716,cat_4,716
14510,377,cat_0,377
14511,654,cat_1,654
14512,823,cat_2,823
14513,816,cat_3,816
14514,854,cat_4,854
14515,471,cat_0,471
14516,765,cat_1,765
14517,628,cat_2,628
14518,345,cat_3,345
14519,619,cat_4,619
14520,367,cat_0,367
14521,271,cat_1,271
14522,431,cat_2,431
14523,975,cat_3,975
14524,264,cat_4,264
14525,908,cat_0,908
14526,335,cat_1,335
14527,143,cat_2,143
14528,45,cat_3,45
14529,923,cat_4,923
14530,799,cat_0,799
14531,860,cat_1,860
14532,101,cat_2,101
14533,304,cat_3,304
14534,316,cat_4,316
14535,730,cat_0,730
14536,233,cat_1,233
14537,718,cat_2,718
14538,785,cat_3,785
14539,605,cat_4,605
14540,779,cat_0,779
14541,338,cat_1,338
14542,764,cat_2,764
14543,1000,cat_3,1000
14544,484,cat_4,484
14545,724,cat_0,724
14546,49,cat_1,49
14547,928,cat_2,928
14548,131,cat_3,131
14549,891,cat_4,891
14550,633,cat_0,633
14551,105,cat_1,105
14552,768,cat_2,768
14553,347,cat_3,347
14554,396,cat_4,396
14555,85,cat_0,85
14556,139,cat_1,139
14557,536,cat_2,536
14558,129,cat_3,129
14559,964,cat_4,964
14560,682,cat_0,682
14561,781,cat_1,781
14562,56,cat_2,56
14563,263,cat_3,263
14564,714,cat_4,714
14565,608,cat_0,608
14566,501,cat_1,501
14567,318,cat_2,318
14568,103,cat_3,103
14569,724,cat_4,724
14570,459,cat_0,459
14571,872,cat_1,872
14572,381,cat_2,381
14573,621,cat_3,621
14574,821,cat_4,821
14575,666,cat_0,666
14576,370,cat_1,370
14577,444,cat_2,444
14578,198,cat_3,198
14579,408,cat_4,408
14580,807,cat_0,807
14581,229,cat_1,229
14582,821,cat_2,821
14583,215,cat_3,215
14584,215,cat_4,215
14585,619,cat_0,619
14586,188,cat_1,188
14587,399,cat_2,399
14588,740,cat_3,740
14589,138,cat_4,138
14590,997,cat_0,997
14591,630,cat_1,630
14592,939,cat_2,939
14593,31,cat_3,31
14594,188,cat_4,188
14595,104,cat_0,104
14596,303,cat_1,303
14597,694,cat_2,694
14598,985,cat_3,985
14599,471,cat_4,471
14600,683,cat_0,683
14601,376,cat_1,376
14602,441,cat_2,441
14603,596,cat_3,596
14604,327,cat_4,327
14605,115,cat_0,115
14606,743,cat_1,743
14607,840,cat_2,840
14608,832,cat_3,832
14609,992,cat_4,992
14610,805,cat_0,805
14611,637,cat_1,637
14612,346,cat_2,346
14613,209,cat_3,209
14614,168,cat_4,168
14615,846,cat_0,846
14616,358,cat_1,358
14617,865,cat_2,865
14618,396,cat_3,396
14619,280,cat_4,280
14620,347,cat_0,347
14621,783,cat_1,783
14622,273,cat_2,273
14623,625,cat_3,625
14624,553,cat_4,553
14625,746,cat_0,746
14626,380,cat_1,380
14627,38,cat_2,38
14628,499,cat_3,499
14629,914,cat_4,914
14630,300,cat_0,300
14631,616,cat_1,616
14632,594,cat_2,594
14633,117,cat_3,117
14634,634,cat_4,634
14635,721,cat_0,721
14636,249,cat_1,249
14637,575,cat_2,575
14638,530,cat_3,530
14639,82,cat_4,82
14640,345,cat_0,345
14641,661,cat_1,661
14642,824,cat_2,824
14643,480,cat_3,480
14644,59,cat_4,59
14645,130,cat_0,130
14646,373,cat_1,373
14647,282,cat_2,282
14648,474,cat_3,474
14649,248,cat_4,248
14650,442,cat_0,442
14651,181,cat_1,181
14652,415,cat_2,415
14653,981,cat_3,981
14654,512,cat_4,512
14655,34,cat_0,34
14656,338,cat_1,338
14657,43,cat_2,43
14658,9,cat_3,9
14659,70,cat_4,70
14660,514,cat_0,514
14661,948,cat_1,948
14662,450,cat_2,450
14663,716,cat_3,716
14664,700,cat_4,700
14665,595,cat_0,595
14666,776,cat_1,776
14667,181,cat_2,181
14668,901,cat_3,901
14669,666,cat_4,666
14670,324,cat_0,324
14671,77,cat_1,77
14672,402,cat_2,402
14673,402,cat_3,402
14674,889,cat_4,889
14675,311,cat_0,311
14676,98,cat_1,98
14677,263,cat_2,263
14678,106,cat_3,106
14679,988,cat_4,988
14680,433,cat_0,433
14681,451,cat_1,451
14682,665,cat_2,665
14683,447,cat_3,447
14684,769,cat_4,769
14685,863,cat_0,863
14686,755,cat_1,755
14687,801,cat_2,801
14688,552,cat_3,552
14689,87,cat_4,87
14690,879,cat_0,879
14691,134,cat_1,134
14692,537,cat_2,537
14693,606,cat_3,606
14694,427,cat_4,427
14695,265,cat_0,265
14696,174,cat_1,174
14697,647,cat_2,647
14698,429,cat_3,429
14699,779,cat_4,779
14700,758,cat_0,758
14701,402,cat_1,402
14702,112,cat_2,112
14703,183,cat_3,183
14704,469,cat_4,469
14705,51,cat_0,51
14706,718,cat_1,718
14707,830,cat_2,830
14708,704,cat_3,704
14709,465,cat_4,465
14710,992,cat_0,992
14711,444,cat_1,444
14712,228,cat_2,228
14713,977,cat_3,977
14714,733,cat_4,733
14715,246,cat_0,246
14716,399,cat_1,399
14717,366,cat_2,366
14718,646,cat_3,646
14719,904,cat_4,904
14720,240,cat_0,240
14721,235,cat_1,235
14722,376,cat_2,376
14723,31,cat_3,31
14724,936,cat_4,936
14725,494,cat_0,494
14726,489,cat_1,489
14727,820,cat_2,820
14728,322,cat_3,322
14729,567,cat_4,567
14730,728,cat_0,728
14731,808,cat_1,808
14732,728,cat_2,728
14733,251,cat_3,251
14734,622,cat_4,622
14735,45,cat_0,45
14736,100,cat_1,100
14737,170,cat_2,170
14738,708,cat_3,708
14739,25,cat_4,25
14740,823,cat_0,823
14741,677,cat_1,677
14742,705,cat_2,705
14743,928,cat_3,928
14744,773,cat_4,773
14745,166,cat_0,166
14746,503,cat_1,503
14747,811,cat_2,811
14748,17,cat_3,17
14749,828,cat_4,828
14750,333,cat_0,333
14751,461,cat_1,461
14752,788,cat_2,788
14753,103,cat_3,103
14754,804,cat_4,804
14755,389,cat_0,389
14756,147,cat_1,147
14757,413,cat_2,413
14758,153,cat_3,153
14759,647,cat_4,647
14760,498,cat_0,498
14761,148,cat_1,148
14762,130,cat_2,130
14763,495,cat_3,495
14764,206,cat_4,206
14765,71,cat_0,71
14766,439,cat_1,439
14767,309,cat_2,309
14768,611,cat_3,611
14769,2,cat_4,2
14770,479,cat_0,479
14771,435,cat_1,435
14772,819,cat_2,819
14773,542,cat_3,542
14774,6,cat_4,6
14775,779,cat_0,779
14776,268,cat_1,268
14777,592,cat_2,592
14778,777,cat_3,777
14779,519,cat_4,519
14780,605,cat_0,605
14781,598,cat_1,598
14782,591,cat_2,591
14783,237,cat_3,237
14784,692,cat_4,692
14785,227,cat_0,227
14786,915,cat_1,915
14787,690,cat_2,690
14788,76,cat_3,76
14789,425,cat_4,425
14790,632,cat_0,632
14791,32,cat_1,32
14792,57,cat_2,57
14793,490,cat_3,490
14794,91,cat_4,91
14795,287,cat_0,287
14796,300,cat_1,300
14797,798,cat_2,798
14798,2,cat_3,2
14799,358,cat_4,358
14800,407,cat_0,407
14801,194,cat_1,194
14802,354,cat_2,354
14803,599,cat_3,599
14804,328,cat_4,328
14805,719,cat_0,719
14806,621,cat_1,621
14807,132,cat_2,132
14808,452,cat_3,452
14809,787,cat_4,787
14810,89,cat_0,89
14811,740,cat_1,740
14812,348,cat_2,348
14813,523,cat_3,523
14814,160,cat_4,160
14815,853,cat_0,853
14816,28,cat_1,28
14817,446,cat_2,446
14818,155,cat_3,155
14819,585,cat_4,585
14820,18,cat_0,18
14821,957,cat_1,957
14822,178,cat_2,178
14823,813,cat_3,813
14824,514,cat_4,514
14825,162,cat_0,162
14826,439,cat_1,439
14827,89,cat_2,89
14828,895,cat_3,895
14829,144,cat_4,144
14830,377,cat_0,377
14831,684,cat_1,684
14832,776,cat_2,776
14833,373,cat_3,373
14834,296,cat_4,296
14835,360,cat_0,360
14836,952,cat_1,952
14837,814,cat_2,814
14838,433,cat_3,433
14839,928,cat_4,928
14840,270,cat_0,270
14841,125,cat_1,125
14842,207,cat_2,207
14843,282,cat_3,282
14844,458,cat_4,458
14845,970,cat_0,970
14846,585,cat_1,585
14847,621,cat_2,621
14848,344,cat_3,344
14849,569,cat_4,569
14850,8,cat_0,8
14851,12,cat_1,12
14852,318,cat_2,318
14853,431,cat_3,431
14854,732,cat_4,732
14855,312,cat_0,312
14856,726,cat_1,726
14857,267,cat_2,267
14858,440,cat_3,440
14859,766,cat_4,766
14860,822,cat_0,822
14861,820,cat_1,820
14862,321,cat_2,321
14863,915,cat_3,915
14864,891,cat_4,891
14865,964,cat_0,964
14866,677,cat_1,677
14867,253,cat_2,253
14868,700,cat_3,700
14869,594,cat_4,594
14870,612,cat_0,612
14871,200,cat_1,200
14872,273,cat_2,273
14873,469,cat_3,469
14874,344,cat_4,344
14875,609,cat_0,609
14876,473,cat_1,473
14877,400,cat_2,400
14878,977,cat_3,977
14879,203,cat_4,203
14880,509,cat_0,509
14881,140,cat_1,140
14882,920,cat_2,920
14883,323,cat_3,323
14884,305,cat_4,305
14885,327,cat_0,327
14886,918,cat_1,918
14887,129,cat_2,129
14888,736,cat_3,736
14889,251,cat_4,251
14890,592,cat_0,592
14891,978,cat_1,978
14892,384,cat_2,384
14893,13,cat_3,13
14894,334,cat_4,334
14895,960,cat_0,960
14896,516,cat_1,516
14897,248,cat_2,248
14898,376,cat_3,376
14899,242,cat_4,242
14900,418,cat_0,418
14901,868,cat_1,868
14902,276,cat_2,276
14903,53,cat_3,53
14904,684,cat_4,684
14905,123,cat_0,123
14906,904,cat_1,904
14907,228,cat_2,228
14908,537,cat_3,537
14909,676,cat_4,676
14910,86,cat_0,86
14911,709,cat_1,709
14912,803,cat_2,803
14913,215,cat_3,215
14914,758,cat_4,758
14915,926,cat_0,926
14916,665,cat_1,665
14917,156,cat_2,156
14918,996,cat_3,996
14919,663,cat_4,663
14920,762,cat_0,762
14921,643,cat_1,643
14922,158,cat_2,158
14923,309,cat_3,309
14924,192,cat_4,192
14925,731,cat_0,731
14926,722,cat_1,722
14927,338,cat_2,338
14928,338,cat_3,338
14929,466,cat_4,466
14930,735,cat_0,735
14931,682,cat_1,682
14932,636,cat_2,636
14933,982,cat_3,982
14934,43,cat_4,43
14935,95,cat_0,95
14936,643,cat_1,643
14937,994,cat_2,994
14938,447,cat_3,447
14939,582,cat_4,582
14940,686,cat_0,686
14941,153,cat_1,153
14942,561,cat_2,561
14943,542,cat_3,542
14944,440,cat_4,440
14945,630,cat_0,630
14946,430,cat_1,430
14947,460,cat_2,460
14948,879,cat_3,879
14949,285,cat_4,285
14950,832,cat_0,832
14951,740,cat_1,740
14952,933,cat_2,933
14953,30,cat_3,30
14954,959,cat_4,959
14955,524,cat_0,524
14956,292,cat_1,292
14957,823,cat_2,823
14958,550,cat_3,550
14959,83,cat_4,83
14960,186,cat_0,186
14961,339,cat_1,339
14962,51,cat_2,51
14963,971,cat_3,971
14964,73,cat_4,73
14965,480,cat_0,480
14966,161,cat_1,161
14967,709,cat_2,709
14968,988,cat_3,988
14969,127,cat_4,127
14970,747,cat_0,747
14971,742,cat_1,742
14972,744,cat_2,744
14973,826,cat_3,826
14974,84,cat_4,84
14975,114,cat_0,114
14976,659,cat_1,659
14977,346,cat_2,346
14978,289,cat_3,289
14979,502,cat_4,502
14980,362,cat_0,362
14981,175,cat_1,175
14982,718,cat_2,718
14983,959,cat_3,959
14984,485,cat_4,485
14985,634,cat_0,634
14986,763,cat_1,763
14987,222,cat_2,222
14988,454,cat_3,454
14989,734,cat_4,734
14990,202,cat_0,202
14991,547,cat_1,547
14992,798,cat_2,798
14993,89,cat_3,89
14994,696,cat_4,696
14995,947,cat_0,947
14996,572,cat_1,572
14997,460,cat_2,460
14998,131,cat_3,131
14999,711,cat_4,711
15000,755,cat_0,755
15001,690,cat_1,690
15002,459,cat_2,459
15003,596,cat_3,596
15004,457,cat_4,457
15005,979,cat_0,979
15006,116,cat_1,116
15007,1000,cat_2,1000
15008,252,cat_3,252
15009,142,cat_4,142
15010,914,cat_0,914
15011,401,cat_1,401
15012,90,cat_2,90
15013,90,cat_3,90
15014,724,cat_4,724
15015,582,cat_0,582
15016,666,cat_1,666
15017,420,cat_2,420
15018,83,cat_3,83
15019,19,cat_4,19
15020,80,cat_0,80
15021,614,cat_1,614
15022,566,cat_2,566
15023,340,cat_3,340
15024,16,cat_4,16
15025,109,cat_0,109
15026,561,cat_1,561
15027,999,cat_2,999
15028,303,cat_3,303
15029,819,cat_4,819
15030,101,cat_0,101
15031,247,cat_1,247
15032,782,cat_2,782
15033,145,cat_3,145
15034,239,cat_4,239
15035,226,cat_0,226
15036,403,cat_1,403
15037,549,cat_2,549
15038,714,cat_3,714
15039,875,cat_4,875
15040,348,cat_0,348
15041,407,cat_1,407
15042,437,cat_2,437
15043,727,cat_3,727
15044,524,cat_4,524
15045,266,cat_0,266
15046,15,cat_1,15
15047,836,cat_2,836
15048,500,cat_3,500
15049,175,cat_4,175
15050,119,cat_0,119
15051,775,cat_1,775
15052,592,cat_2,592
15053,332,cat_3,332
15054,379,cat_4,379
15055,696,cat_0,696
15056,915,cat_1,915
15057,550,cat_2,550
15058,698,cat_3,698
15059,266,cat_4,266
15060,371,cat_0,371
15061,464,cat_1,464
15062,195,cat_2,195
15063,755,cat_3,755
15064,628,cat_4,628
15065,634,cat_0,634
15066,638,cat_1,638
15067,508,cat_2,508
15068,715,cat_3,715
15069,270,cat_4,270
15070,105,cat_0,105
15071,421,cat_1,421
15072,361,cat_2,361
15073,264,cat_3,264
15074,66,cat_4,66
15075,833,cat_0,833
15076,409,cat_1,409
15077,966,cat_2,966
15078,212,cat_3,212
15079,828,cat_4,828
15080,853,cat_0,853
15081,242,cat_1,242
15082,444,cat_2,444
15083,738,cat_3,738
15084,272,cat_4,272
15085,744,cat_0,744
15086,793,cat_1,793
15087,964,cat_2,964
15088,451,cat_3,451
15089,246,cat_4,246
15090,65,cat_0,65
15091,459,cat_1,459
15092,28,cat_2,28
15093,44,cat_3,44
15094,606,cat_4,606
15095,794,cat_0,794
15096,566,cat_1,566
15097,592,cat_2,592
15098,353,cat_3,353
15099,829,cat_4,829
15100,491,cat_0,491
15101,916,cat_1,916
15102,67,cat_2,67
15103,17,cat_3,17
15104,187,cat_4,187
15105,39,cat_0,39
15106,197,cat_1,197
15107,89,cat_2,89
15108,379,cat_3,379
15109,198,cat_4,198
15110,633,cat_0,633
15111,80,cat_1,80
15112,152,cat_2,152
15113,372,cat_3,372
15114,893,cat_4,893
15115,250,cat_0,250
15116,576,cat_1,576
15117,302,cat_2,302
15118,485,cat_3,485
15119,542,cat_4,542
15120,883,cat_0,883
15121,154,cat_1,154
15122,504,cat_2,504
15123,234,cat_3,234
15124,986,cat_4,986
15125,879,cat_0,879
15126,751,cat_1,751
15127,535,cat_2,535
15128,519,cat_3,519
15129,83,cat_4,83
15130,313,cat_0,313
15131,133,cat_1,133
15132,97,cat_2,97
15133,478,cat_3,478
15134,193,cat_4,193
15135,112,cat_0,112
15136,579,cat_1,579
15137,386,cat_2,386
15138,650,cat_3,650
15139,45,cat_4,45
15140,514,cat_0,514
15141,828,cat_1,828
15142,379,cat_2,379
15143,569,cat_3,569
15144,469,cat_4,469
15145,781,cat_0,781
15146,425,cat_1,425
15147,536,cat_2,536
15148,861,cat_3,861
15149,130,cat_4,130
15150,196,cat_0,196
15151,482,cat_1,482
15152,737,cat_2,737
15153,817,cat_3,817
15154,942,cat_4,942
15155,658,cat_0,658
15156,350,cat_1,350
15157,233,cat_2,233
15158,395,cat_3,395
15159,276,cat_4,276
15160,420,cat_0,420
15161,171,cat_1,171
15162,718,cat_2,718
15163,564,cat_3,564
15164,230,cat_4,230
15165,977,cat_0,977
15166,352,cat_1,352
15167,195,cat_2,195
15168,958,cat_3,958
15169,858,cat_4,858
15170,258,cat_0,258
15171,258,cat_1,258
15172,788,cat_2,788
15173,929,cat_3,929
15174,735,cat_4,735
15175,218,cat_0,218
15176,528,cat_1,528
15177,952,cat_2,952
15178,993,cat_3,993
15179,322,cat_4,322
15180,289,cat_0,289
15181,539,cat_1,539
15182,581,cat_2,581
15183,877,cat_3,877
15184,170,cat_4,170
15185,50,cat_0,50
15186,666,cat_1,666
15187,589,cat_2,589
15188,400,cat_3,400
15189,421,cat_4,421
15190,330,cat_0,330
15191,639,cat_1,639
15192,123,cat_2,123
15193,275,cat_3,275
15194,788,cat_4,788
15195,51,cat_0,51
15196,113,cat_1,113
15197,258,cat_2,258
15198,575,cat_3,575
15199,12,cat_4,12
15200,355,cat_0,355
15201,817,cat_1,817
15202,95,cat_2,95
15203,742,cat_3,742
15204,543,cat_4,543
15205,785,cat_0,785
15206,354,cat_1,354
15207,441,cat_2,441
15208,302,cat_3,302
15209,752,cat_4,752
15210,858,cat_0,858
15211,342,cat_1,342
15212,569,cat_2,569
15213,357,cat_3,357
15214,423,cat_4,423
15215,468,cat_0,468
15216,385,cat_1,385
15217,380,cat_2,380
15218,211,cat_3,211
15219,913,cat_4,913
15220,134,cat_0,134
15221,597,cat_1,597
15222,648,cat_2,648
15223,969,cat_3,969
15224,387,cat_4,387
15225,801,cat_0,801
15226,585,cat_1,585
15227,914,cat_2,914
15228,931,cat_3,931
15229,416,cat_4,416
15230,73,cat_0,73
15231,817,cat_1,817
15232,650,cat_2,650
15233,224,cat_3,224
15234,110,cat_4,110
15235,822,cat_0,822
15236,636,cat_1,636
15237,142,cat_2,142
15238,834,cat_3,834
15239,829,cat_4,829
15240,484,cat_0,484
15241,447,cat_1,447
15242,999,cat_2,999
15243,830,cat_3,830
15244,506,cat_4,506
15245,894,cat_0,894
15246,451,cat_1,451
15247,267,cat_2,267
15248,8,cat_3,8
15249,480,cat_4,480
15250,544,cat_0,544
15251,1,cat_1,1
15252,783,cat_2,783
15253,909,cat_3,909
15254,490,cat_4,490
15255,66,cat_0,66
15256,454,cat_1,454
15257,642,cat_2,642
15258,826,cat_3,826
15259,680,cat_4,680
15260,367,cat_0,367
15261,840,cat_1,840
15262,663,cat_2,663
15263,180,cat_3,180
15264,934,cat_4,934
15265,146,cat_0,146
15266,896,cat_1,896
15267,376,cat_2,376
15268,426,cat_3,426
15269,105,cat_4,105
15270,628,cat_0,628
15271,801,cat_1,801
15272,295,cat_2,295
15273,443,cat_3,443
15274,271,cat_4,271
15275,115,cat_0,115
15276,436,cat_1,436
15277,151,cat_2,151
15278,784,cat_3,784
15279,639,cat_4,639
15280,262,cat_0,262
15281,301,cat_1,301
15282,387,cat_2,387
15283,417,cat_3,417
15284,348,cat_4,348
15285,946,cat_0,946
15286,221,cat_1,221
15287,271,cat_2,271
15288,477,cat_3,477
15289,294,cat_4,294
15290,129,cat_0,129
15291,739,cat_1,739
15292,644,cat_2,644
15293,100,cat_3,100
15294,770,cat_4,770
15295,204,cat_0,204
15296,617,cat_1,617
15297,655,cat_2,655
15298,566,cat_3,566
15299,294,cat_4,294
15300,291,cat_0,291
15301,674,cat_1,674
15302,428,cat_2,428
15303,181,cat_3,181
15304,702,cat_4,702
15305,752,cat_0,752
15306,147,cat_1,147
15307,872,cat_2,872
15308,594,cat_3,594
15309,635,cat_4,635
15310,873,cat_0,873
15311,250,cat_1,250
15312,237,cat_2,237
15313,768,cat_3,768
15314,756,cat_4,756
15315,452,cat_0,452
15316,776,cat_1,776
15317,807,cat_2,807
15318,803,cat_3,803
15319,79,cat_4,79
15320,489,cat_0,489
15321,377,cat_1,377
15322,768,cat_2,768
15323,235,cat_3,235
15324,357,cat_4,357
15325,706,cat_0,706
15326,741,cat_1,741
15327,777,cat_2,777
15328,224,cat_3,224
15329,516,cat_4,516
15330,144,cat_0,144
15331,741,cat_1,741
15332,343,cat_2,343
15333,760,cat_3,760
15334,565,cat_4,565
15335,708,cat_0,708
15336,10,cat_1,10
15337,439,cat_2,439
15338,340,cat_3,340
15339,986,cat_4,986
15340,674,cat_0,674
15341,17,cat_1,17
15342,83,cat_2,83
15343,407,cat_3,407
15344,615,cat_4,615
15345,835,cat_0,835
15346,369,cat_1,369
15347,734,cat_2,734
15348,209,cat_3,209
15349,583,cat_4,583
15350,966,cat_0,966
15351,172,cat_1,172
15352,422,cat_2,422
15353,157,cat_3,157
15354,362,cat_4,362
15355,794,cat_0,794
15356,675,cat_1,675
15357,463,cat_2,463
15358,400,cat_3,400
15359,285,cat_4,285
15360,98,cat_0,98
15361,845,cat_1,845
15362,283,cat_2,283
15363,311,cat_3,311
15364,63,cat_4,63
15365,56,cat_0,56
15366,551,cat_1,551
15367,208,cat_2,208
15368,426,cat_3,426
15369,542,cat_4,542
15370,461,cat_0,461
15371,55,cat_1,55
15372,816,cat_2,816
15373,416,cat_3,416
15374,780,cat_4,780
15375,203,cat_0,203
15376,760,cat_1,760
15377,820,cat_2,820
15378,145,cat_3,145
15379,391,cat_4,391
15380,665,cat_0,665
15381,316,cat_1,316
15382,203,cat_2,203
15383,994,cat_3,994
15384,383,cat_4,383
15385,931,cat_0,931
15386,939,cat_1,939
15387,292,cat_2,292
15388,229,cat_3,229
15389,790,cat_4,790
15390,410,cat_0,410
15391,223,cat_1,223
15392,814,cat_2,814
15393,675,cat_3,675
15394,760,cat_4,760
15395,604,cat_0,604
15396,728,cat_1,728
15397,951,cat_2,951
15398,911,cat_3,911
15399,659,cat_4,659
15400,793,cat_0,793
15401,280,cat_1,280
15402,558,cat_2,558
15403,696,cat_3,696
15404,961,cat_4,961
15405,739,cat_0,739
15406,766,cat_1,766
15407,271,cat_2,271
15408,368,cat_3,368
15409,113,cat_4,113
15410,68,cat_0,68
15411,739,cat_1,739
15412,803,cat_2,803
15413,486,cat_3,486
15414,391,cat_4,391
15415,437,cat_0,437
15416,741,cat_1,741
15417,39,cat_2,39
15418,744,cat_3,744
15419,287,cat_4,287
15420,409,cat_0,409
15421,494,cat_1,494
15422,429,cat_2,429
15423,994,cat_3,994
15424,72,cat_4,72
15425,354,cat_0,354
15426,448,cat_1,448
15427,206,cat_2,206
15428,520,cat_3,520
15429,951,cat_4,951
15430,244,cat_0,244
15431,484,cat_1,484
15432,837,cat_2,837
15433,31,cat_3,31
15434,174,cat_4,174
15435,61,cat_0,61
15436,80,cat_1,80
15437,674,cat_2,674
15438,512,cat_3,512
15439,995,cat_4,995
15440,801,cat_0,801
15441,580,cat_1,580
15442,299,cat_2,299
15443,593,cat_3,593
15444,489,cat_4,489
15445,897,cat_0,897
15446,604,cat_1,604
15447,155,cat_2,155
15448,75,cat_3,75
15449,583,cat_4,583
15450,472,cat_0,472
15451,688,cat_1,688
15452,238,cat_2,238
15453,462,cat_3,462
15454,299,cat_4,299
15455,111,cat_0,111
15456,114,cat_1,114
15457,116,cat_2,116
15458,639,cat_3,639
15459,814,cat_4,814
15460,670,cat_0,670
15461,528,cat_1,528
15462,619,cat_2,619
15463,629,cat_3,629
15464,76,cat_4,76
15465,994,cat_0,994
15466,1,cat_1,1
15467,109,cat_2,109
15468,43,cat_3,43
15469,472,cat_4,472
15470,573,cat_0,573
15471,183,cat_1,183
15472,769,cat_2,769
15473,194,cat_3,194
15474,406,cat_4,406
15475,573,cat_0,573
15476,774,cat_1,774
15477,741,cat_2,741
15478,462,cat_3,462
15479,487,cat_4,487
15480,792,cat_0,792
15481,134,cat_1,134
15482,189,cat_2,189
15483,17,cat_3,17
15484,849,cat_4,849
15485,247,cat_0,247
15486,904,cat_1,904
15487,582,cat_2,582
15488,68,cat_3,68
15489,620,cat_4,620
15490,244,cat_0,244
15491,615,cat_1,615
15492,989,cat_2,989
15493,75,cat_3,75
15494,360,cat_4,360
15495,570,cat_0,570
15496,125,cat_1,125
15497,287,cat_2,287
15498,60,cat_3,60
15499,258,cat_4,258
15500,376,cat_0,376
15501,761,cat_1,761
15502,729,cat_2,729
15503,846,cat_3,846
15504,748,cat_4,748
15505,55,cat_0,55
15506,188,cat_1,188
15507,588,cat_2,588
15508,646,cat_3,646
15509,663,cat_4,663
15510,114,cat_0,114
15511,549,cat_1,549
15512,971,cat_2,971
15513,116,cat_3,116
15514,798,cat_4,798
15515,230,cat_0,230
15516,507,cat_1,507
15517,677,cat_2,677
15518,187,cat_3,187
15519,643,cat_4,643
15520,116,cat_0,116
15521,866,cat_1,866
15522,692,cat_2,692
15523,71,cat_3,71
15524,588,cat_4,588
15525,589,cat_0,589
15526,187,cat_1,187
15527,506,cat_2,506
15528,231,cat_3,231
15529,41,cat_4,41
15530,348,cat_0,348
15531,886,cat_1,886
15532,497,cat_2,497
15533,244,cat_3,244
15534,442,cat_4,442
15535,768,cat_0,768
15536,657,cat_1,657
15537,222,cat_2,222
15538,412,cat_3,412
15539,312,cat_4,312
15540,909,cat_0,909
15541,66,cat_1,66
15542,574,cat_2,574
15543,244,cat_3,244
15544,576,cat_4,576
15545,960,cat_0,960
15546,959,cat_1,959
15547,1,cat_2,1
15548,840,cat_3,840
15549,670,cat_4,670
15550,725,cat_0,725
15551,105,cat_1,105
15552,720,cat_2,720
15553,906,cat_3,906
15554,11,cat_4,11
15555,693,cat_0,693
15556,290,cat_1,290
15557,732,cat_2,732
15558,535,cat_3,535
15559,823,cat_4,823
15560,717,cat_0,717
15561,509,cat_1,509
15562,593,cat_2,593
15563,329,cat_3,329
15564,368,cat_4,368
15565,741,cat_0,741
15566,671,cat_1,671
15567,686,cat_2,686
15568,234,cat_3,234
15569,357,cat_4,357
15570,486,cat_0,486
15571,364,cat_1,364
15572,185,cat_2,185
15573,906,cat_3,906
15574,885,cat_4,885
15575,710,cat_0,710
15576,833,cat_1,833
15577,729,cat_2,729
15578,508,cat_3,508
15579,469,cat_4,469
15580,903,cat_0,903
15581,758,cat_1,758
15582,450,cat_2,450
15583,58,cat_3,58
15584,484,cat_4,484
15585,558,cat_0,558
15586,233,cat_1,233
15587,1000,cat_2,1000
15588,933,cat_3,933
15589,783,cat_4,783
15590,1,cat_0,1
15591,664,cat_1,664
15592,561,cat_2,561
15593,571,cat_3,571
15594,85,cat_4,85
15595,575,cat_0,575
15596,532,cat_1,532
15597,586,cat_2,586
15598,312,cat_3,312
15599,36,cat_4,36
15600,666,cat_0,666
15601,12,cat_1,12
15602,376,cat_2,376
15603,112,cat_3,112
15604,938,cat_4,938
15605,647,cat_0,647
15606,99,cat_1,99
15607,101,cat_2,101
15608,528,cat_3,528
15609,328,cat_4,328
15610,147,cat_0,147
15611,80,cat_1,80
15612,933,cat_2,933
15613,730,cat_3,730
15614,192,cat_4,192
15615,559,cat_0,559
15616,134,cat_1,134
15617,733,cat_2,733
15618,89,cat_3,89
15619,618,cat_4,618
15620,190,cat_0,190
15621,739,cat_1,739
15622,99,cat_2,99
15623,868,cat_3,868
15624,520,cat_4,520
15625,100,cat_0,100
15626,821,cat_1,821
15627,761,cat_2,761
15628,57,cat_3,57
15629,684,cat_4,684
15630,721,cat_0,721
15631,515,cat_1,515
15632,79,cat_2,79
15633,804,cat_3,804
15634,493,cat_4,493
15635,275,cat_0,275
15636,512,cat_1,512
15637,276,cat_2,276
15638,276,cat_3,276
15639,835,cat_4,835
15640,341,cat_0,341
15641,583,cat_1,583
15642,82,cat_2,82
15643,68,cat_3,68
15644,425,cat_4,425
15645,840,cat_0,840
15646,526,cat_1,526
15647,208,cat_2,208
15648,34,cat_3,34
15649,423,cat_4,423
15650,473,cat_0,473
15651,290,cat_1,290
15652,942,cat_2,942
15653,248,cat_3,248
15654,814,cat_4,814
15655,284,cat_0,284
15656,312,cat_1,312
15657,32,cat_2,32
15658,605,cat_3,605
15659,377,cat_4,377
15660,889,cat_0,889
15661,476,cat_1,476
15662,791,cat_2,791
15663,630,cat_3,630
15664,678,cat_4,678
15665,174,cat_0,174
15666,290,cat_1,290
15667,91,cat_2,91
15668,267,cat_3,267
15669,92,cat_4,92
15670,867,cat_0,867
15671,381,cat_1,381
15672,309,cat_2,309
15673,974,cat_3,974
15674,313,cat_4,313
15675,428,cat_0,428
15676,45,cat_1,45
15677,119,cat_2,119
15678,453,cat_3,453
15679,6,cat_4,6
15680,598,cat_0,598
15681,92,cat_1,92
15682,500,cat_2,500
15683,829,cat_3,829
15684,32,cat_4,32
15685,496,cat_0,496
15686,653,cat_1,653
15687,148,cat_2,148
15688,852,cat_3,852
15689,633,cat_4,633
15690,179,cat_0,179
15691,759,cat_1,759
15692,653,cat_2,653
15693,390,cat_3,390
15694,391,cat_4,391
15695,233,cat_0,233
15696,758,cat_1,758
15697,550,cat_2,550
15698,288,cat_3,288
15699,250,cat_4,250
15700,348,cat_0,348
15701,651,cat_1,651
15702,93,cat_2,93
15703,401,cat_3,401
15704,983,cat_4,983
15705,470,cat_0,470
15706,783,cat_1,783
15707,91,cat_2,91
15708,688,cat_3,688
15709,321,cat_4,321
15710,391,cat_0,391
15711,634,cat_1,634
15712,582,cat_2,582
15713,187,cat_3,187
15714,595,cat_4,595
15715,971,cat_0,971
15716,891,cat_1,891
15717,37,cat_2,37
15718,516,cat_3,516
15719,904,cat_4,904
15720,685,cat_0,685
15721,53,cat_1,53
15722,777,cat_2,777
15723,158,cat_3,158
15724,472,cat_4,472
15725,525,cat_0,525
15726,915,cat_1,915
15727,825,cat_2,825
15728,937,cat_3,937
15729,990,cat_4,990
15730,337,cat_0,337
15731,583,cat_1,583
15732,126,cat_2,126
15733,975,cat_3,975
15734,505,cat_4,505
15735,597,cat_0,597
15736,167,cat_1,167
15737,214,cat_2,214
15738,572,cat_3,572
15739,784,cat_4,784
15740,360,cat_0,360
15741,679,cat_1,679
15742,453,cat_2,453
15743,366,cat_3,366
15744,381,cat_4,381
15745,456,cat_0,456
15746,941,cat_1,941
15747,386,cat_2,386
15748,793,cat_3,793
15749,488,cat_4,488
15750,457,cat_0,457
15751,256,cat_1,256
15752,905,cat_2,905
15753,849,cat_3,849
15754,629,cat_4,629
15755,274,cat_0,274
15756,47,cat_1,47
15757,217,cat_2,217
15758,544,cat_3,544
15759,946,cat_4,946
15760,806,cat_0,806
15761,223,cat_1,223
15762,427,cat_2,427
15763,805,cat_3,805
15764,561,cat_4,561
15765,203,cat_0,203
15766,180,cat_1,180
15767,405,cat_2,405
15768,419,cat_3,419
15769,561,cat_4,561
15770,902,cat_0,902
15771,684,cat_1,684
15772,7,cat_2,7
15773,977,cat_3,977
15774,763,cat_4,763
15775,367,cat_0,367
15776,175,cat_1,175
15777,708,cat_2,708
15778,12,cat_3,12
15779,146,cat_4,146
15780,764,cat_0,764
15781,996,cat_1,996
15782,594,cat_2,594
15783,539,cat_3,539
15784,856,cat_4,856
15785,300,cat_0,300
15786,674,cat_1,674
15787,20,cat_2,20
15788,789,cat_3,789
15789,838,cat_4,838
15790,669,cat_0,669
15791,623,cat_1,623
15792,587,cat_2,587
15793,33,cat_3,33
15794,294,cat_4,294
15795,814,cat_0,814
15796,474,cat_1,474
15797,686,cat_2,686
15798,289,cat_3,289
15799,549,cat_4,549
15800,589,cat_0,589
15801,774,cat_1,774
15802,970,cat_2,970
15803,364,cat_3,364
15804,576,cat_4,576
15805,252,cat_0,252
15806,155,cat_1,155
15807,392,cat_2,392
15808,251,cat_3,251
15809,911,cat_4,911
15810,619,cat_0,619
15811,804,cat_1,804
15812,388,cat_2,388
15813,963,cat_3,963
15814,959,cat_4,959
15815,704,cat_0,704
15816,440,cat_1,440
15817,821,cat_2,821
15818,263,cat_3,263
15819,867,cat_4,867
15820,257,cat_0,257
15821,33,cat_1,33
15822,453,cat_2,453
15823,935,cat_3,935
15824,162,cat_4,162
15825,339,cat_0,339
15826,849,cat_1,849
15827,310,cat_2,310
15828,535,cat_3,535
15829,176,cat_4,176
15830,676,cat_0,676
15831,916,cat_1,916
15832,44,cat_2,44
15833,218,cat_3,218
15834,981,cat_4,981
15835,706,cat_0,706
15836,127,cat_1,127
15837,53,cat_2,53
15838,300,cat_3,300
15839,295,cat_4,295
15840,373,cat_0,373
15841,270,cat_1,270
15842,342,cat_2,342
15843,256,cat_3,256
15844,602,cat_4,602
15845,235,cat_0,235
15846,54,cat_1,54
15847,470,cat_2,470
15848,70,cat_3,70
15849,156,cat_4,156
15850,225,cat_0,225
15851,887,cat_1,887
15852,776,cat_2,776
15853,315,cat_3,315
15854,833,cat_4,833
15855,946,cat_0,946
15856,445,cat_1,445
15857,959,cat_2,959
15858,966,cat_3,966
15859,787,cat_4,787
15860,175,cat_0,175
15861,743,cat_1,743
15862,599,cat_2,599
15863,996,cat_3,996
15864,529,cat_4,529
15865,472,cat_0,472
15866,5,cat_1,5
15867,976,cat_2,976
15868,791,cat_3,791
15869,173,cat_4,173
15870,630,cat_0,630
15871,455,cat_1,455
15872,278,cat_2,278
15873,400,cat_3,400
15874,111,cat_4,111
15875,279,cat_0,279
15876,41,cat_1,41
15877,128,cat_2,128
15878,6,cat_3,6
15879,821,cat_4,821
15880,180,cat_0,180
15881,406,cat_1,406
15882,259,cat_2,259
15883,320,cat_3,320
15884,537,cat_4,537
15885,646,cat_0,646
15886,228,cat_1,228
15887,405,cat_2,405
15888,148,cat_3,148
15889,615,cat_4,615
15890,78,cat_0,78
15891,393,cat_1,393
15892,15,cat_2,15
15893,169,cat_3,169
15894,203,cat_4,203
15895,375,cat_0,375
15896,167,cat_1,167
15897,406,cat_2,406
15898,587,cat_3,587
15899,754,cat_4,754
15900,457,cat_0,457
15901,290,cat_1,290
15902,724,cat_2,724
15903,178,cat_3,178
15904,75,cat_4,75
15905,67,cat_0,67
15906,400,cat_1,400
15907,720,cat_2,720
15908,207,cat_3,207
15909,169,cat_4,169
15910,203,cat_0,203
15911,605,cat_1,605
15912,562,cat_2,562
15913,75,cat_3,75
15914,541,cat_4,541
15915,510,cat_0,510
15916,186,cat_1,186
15917,814,cat_2,814
15918,443,cat_3,443
15919,229,cat_4,229
15920,642,cat_0,642
15921,288,cat_1,288
15922,403,cat_2,403
15923,606,cat_3,606
15924,858,cat_4,858
15925,655,cat_0,655
15926,978,cat_1,978
15927,250,cat_2,250
15928,299,cat_3,299
15929,286,cat_4,286
15930,86,cat_0,86
15931,443,cat_1,443
15932,974,cat_2,974
15933,872,cat_3,872
15934,78,cat_4,78
15935,902,cat_0,902
15936,401,cat_1,401
15937,699,cat_2,699
15938,189,cat_3,189
15939,121,cat_4,121
15940,997,cat_0,997
15941,771,cat_1,771
15942,776,cat_2,776
15943,117,cat_3,117
15944,98,cat_4,98
15945,788,cat_0,788
15946,257,cat_1,257
15947,35,cat_2,35
15948,855,cat_3,855
15949,902,cat_4,902
15950,326,cat_0,326
15951,109,cat_1,109
15952,955,cat_2,955
15953,34,cat_3,34
15954,428,cat_4,428
15955,826,cat_0,826
15956,497,cat_1,497
15957,675,cat_2,675
15958,615,cat_3,615
15959,332,cat_4,332
15960,276,cat_0,276
15961,165,cat_1,165
15962,338,cat_2,338
15963,494,cat_3,494
15964,101,cat_4,101
15965,309,cat_0,309
15966,778,cat_1,778
15967,832,cat_2,832
15968,924,cat_3,924
15969,354,cat_4,354
15970,440,cat_0,440
15971,501,cat_1,501
15972,644,cat_2,644
15973,837,cat_3,837
15974,365,cat_4,365
15975,788,cat_0,788
15976,939,cat_1,939
15977,430,cat_2,430
15978,929,cat_3,929
15979,982,cat_4,982
15980,440,cat_0,440
15981,734,cat_1,734
15982,365,cat_2,365
15983,23,cat_3,23
15984,802,cat_4,802
15985,969,cat_0,969
15986,37,cat_1,37
15987,905,cat_2,905
15988,940,cat_3,940
15989,341,cat_4,341
15990,267,cat_0,267
15991,780,cat_1,780
15992,333,cat_2,333
15993,390,cat_3,390
15994,822,cat_4,822
15995,648,cat_0,648
15996,416,cat_1,416
15997,367,cat_2,367
15998,742,cat_3,742
15999,23,cat_4,23
16000,588,cat_0,588
16001,241,cat_1,241
16002,853,cat_2,853
16003,941,cat_3,941
16004,82,cat_4,82
16005,94,cat_0,94
16006,720,cat_1,720
16007,379,cat_2,379
16008,514,cat_3,514
16009,283,cat_4,283
16010,908,cat_0,908
16011,10,cat_1,10
16012,529,cat_2,529
16013,526,cat_3,526
16014,530,cat_4,530
16015,655,cat_0,655
16016,535,cat_1,535
16017,465,cat_2,465
16018,372,cat_3,372
16019,289,cat_4,289
16020,659,cat_0,659
16021,476,cat_1,476
16022,326,cat_2,326
16023,322,cat_3,322
16024,759,cat_4,759
16025,380,cat_0,380
16026,903,cat_1,903
16027,601,cat_2,601
16028,275,cat_3,275
16029,569,cat_4,569
16030,383,cat_0,383
16031,71,cat_1,71
16032,918,cat_2,918
16033,672,cat_3,672
16034,579,cat_4,579
16035,164,cat_0,164
16036,728,cat_1,728
16037,616,cat_2,616
16038,900,cat_3,900
16039,337,cat_4,337
16040,810,cat_0,810
16041,896,cat_1,896
16042,135,cat_2,135
16043,102,cat_3,102
16044,645,cat_4,645
16045,926,cat_0,926
16046,679,cat_1,679
16047,492,cat_2,492
16048,243,cat_3,243
16049,262,cat_4,262
16050,522,cat_0,522
16051,268,cat_1,268
16052,617,cat_2,617
16053,905,cat_3,905
16054,417,cat_4,417
16055,668,cat_0,668
16056,390,cat_1,390
16057,128,cat_2,128
16058,883,cat_3,883
16059,870,cat_4,870
16060,654,cat_0,654
16061,776,cat_1,776
16062,195,cat_2,195
16063,846,cat_3,846
16064,269,cat_4,269
16065,50,cat_0,50
16066,503,cat_1,503
16067,167,cat_2,167
16068,754,cat_3,754
16069,862,cat_4,862
16070,298,cat_0,298
16071,579,cat_1,579
16072,643,cat_2,643
16073,975,cat_3,975
16074,55,cat_4,55
16075,361,cat_0,361
16076,349,cat_1,349
16077,771,cat_2,771
16078,205,cat_3,205
16079,404,cat_4,404
16080,172,cat_0,172
16081,276,cat_1,276
16082,991,cat_2,991
16083,575,cat_3,575
16084,744,cat_4,744
16085,141,cat_0,141
16086,657,cat_1,657
16087,16,cat_2,16
16088,711,cat_3,711
16089,289,cat_4,289
16090,339,cat_0,339
16091,544,cat_1,544
16092,930,cat_2,930
16093,996,cat_3,996
16094,84,cat_4,84
16095,270,cat_0,270
16096,609,cat_1,609
16097,410,cat_2,410
16098,317,cat_3,317
16099,648,cat_4,648
16100,729,cat_0,729
16101,429,cat_1,429
16102,426,cat_2,426
16103,566,cat_3,566
16104,401,cat_4,401
16105,993,cat_0,993
16106,639,cat_1,639
16107,967,cat_2,967
16108,874,cat_3,874
16109,263,cat_4,263
16110,150,cat_0,150
16111,469,cat_1,469
16112,390,cat_2,390
16113,730,cat_3,730
16114,552,cat_4,552
16115,865,cat_0,865
16116,103,cat_1,103
16117,521,cat_2,521
16118,853,cat_3,853
16119,796,cat_4,796
16120,626,cat_0,626
16121,695,cat_1,695
16122,205,cat_2,205
16123,905,cat_3,905
16124,825,cat_4,825
16125,142,cat_0,142
16126,75,cat_1,75
16127,477,cat_2,477
16128,636,cat_3,636
16129,843,cat_4,843
16130,753,cat_0,753
16131,139,cat_1,139
16132,616,cat_2,616
16133,222,cat_3,222
16134,853,cat_4,853
16135,714,cat_0,714
16136,321,cat_1,321
16137,679,cat_2,679
16138,127,cat_3,127
16139,797,cat_4,797
16140,388,cat_0,388
16141,559,cat_1,559
16142,297,cat_2,297
16143,492,cat_3,492
16144,494,cat_4,494
16145,347,cat_0,347
16146,455,cat_1,455
16147,136,cat_2,136
16148,933,cat_3,933
16149,374,cat_4,374
16150,530,cat_0,530
16151,781,cat_1,781
16152,970,cat_2,970
16153,298,cat_3,298
16154,330,cat_4,330
16155,789,cat_0,789
16156,465,cat_1,465
16157,169,cat_2,169
16158,162,cat_3,162
16159,889,cat_4,889
16160,904,cat_0,904
16161,403,cat_1,403
16162,596,cat_2,596
16163,644,cat_3,644
16164,37,cat_4,37
16165,600,cat_0,600
16166,136,cat_1,136
16167,862,cat_2,862
16168,35,cat_3,35
16169,504,cat_4,504
16170,227,cat_0,227
16171,349,cat_1,349
16172,833,cat_2,833
16173,184,cat_3,184
16174,751,cat_4,751
16175,823,cat_0,823
16176,400,cat_1,400
16177,794,cat_2,794
16178,785,cat_3,785
16179,919,cat_4,919
16180,18,cat_0,18
16181,785,cat_1,785
16182,592,cat_2,592
16183,348,cat_3,348
16184,536,cat_4,536
16185,191,cat_0,191
16186,81,cat_1,81
16187,312,cat_2,312
16188,940,cat_3,940
16189,430,cat_4,430
16190,324,cat_0,324
16191,660,cat_1,660
16192,49,cat_2,49
16193,378,cat_3,378
16194,676,cat_4,676
16195,216,cat_0,216
16196,633,cat_1,633
16197,113,cat_2,113
16198,184,cat_3,184
16199,307,cat_4,307
16200,411,cat_0,411
16201,652,cat_1,652
16202,334,cat_2,334
16203,760,cat_3,760
16204,789,cat_4,789
16205,54,cat_0,54
16206,462,cat_1,462
16207,514,cat_2,514
16208,814,cat_3,814
16209,109,cat_4,109
16210,911,cat_0,911
16211,780,cat_1,780
16212,489,cat_2,489
16213,297,cat_3,297
16214,524,cat_4,524
16215,199,cat_0,199
16216,489,cat_1,489
16217,408,cat_2,408
16218,16,cat_3,16
16219,850,cat_4,850
16220,247,cat_0,247
16221,356,cat_1,356
16222,365,cat_2,365
16223,147,cat_3,147
16224,1,cat_4,1
16225,819,cat_0,819
16226,180,cat_1,180
16227,321,cat_2,321
16228,378,cat_3,378
16229,290,cat_4,290
16230,603,cat_0,603
16231,35,cat_1,35
16232,374,cat_2,374
16233,745,cat_3,745
16234,576,cat_4,576
16235,428,cat_0,428
16236,111,cat_1,111
16237,311,cat_2,311
16238,21,cat_3,21
16239,308,cat_4,308
16240,122,cat_0,122
16241,439,cat_1,439
16242,342,cat_2,342
16243,969,cat_3,969
16244,503,cat_4,503
16245,295,cat_0,295
16246,898,cat_1,898
16247,82,cat_2,82
16248,384,cat_3,384
16249,711,cat_4,711
16250,480,cat_0,480
16251,402,cat_1,402
16252,908,cat_2,908
16253,904,cat_3,904
16254,118,cat_4,118
16255,712,cat_0,712
16256,111,cat_1,111
16257,827,cat_2,827
16258,657,cat_3,657
16259,70,cat_4,70
16260,480,cat_0,480
16261,606,cat_1,606
16262,907,cat_2,907
16263,503,cat_3,503
16264,200,cat_4,200
16265,551,cat_0,551
16266,307,cat_1,307
16267,14,cat_2,14
16268,855,cat_3,855
16269,218,cat_4,218
16270,112,cat_0,112
16271,588,cat_1,588
16272,597,cat_2,597
16273,62,cat_3,62
16274,832,cat_4,832
16275,323,cat_0,323
16276,362,cat_1,362
16277,830,cat_2,830
16278,671,cat_3,671
16279,319,cat_4,319
16280,813,cat_0,813
16281,333,cat_1,333
16282,779,cat_2,779
16283,539,cat_3,539
16284,695,cat_4,695
16285,208,cat_0,208
16286,293,cat_1,293
16287,421,cat_2,421
16288,814,cat_3,814
16289,999,cat_4,999
16290,209,cat_0,209
16291,214,cat_1,214
16292,400,cat_2,400
16293,739,cat_3,739
16294,904,cat_4,904
16295,234,cat_0,234
16296,366,cat_1,366
16297,755,cat_2,755
16298,95,cat_3,95
16299,776,cat_4,776
16300,450,cat_0,450
16301,738,cat_1,738
16302,437,cat_2,437
16303,924,cat_3,924
16304,248,cat_4,248
16305,42,cat_0,42
16306,940,cat_1,940
16307,81,cat_2,81
16308,663,cat_3,663
16309,37,cat_4,37
16310,214,cat_0,214
16311,372,cat_1,372
16312,542,cat_2,542
16313,137,cat_3,137
16314,714,cat_4,714
16315,54,cat_0,54
16316,918,cat_1,918
16317,760,cat_2,760
16318,295,cat_3,295
16319,216,cat_4,216
16320,415,cat_0,415
16321,583,cat_1,583
16322,211,cat_2,211
16323,635,cat_3,635
16324,824,cat_4,824
16325,136,cat_0,136
16326,863,cat_1,863
16327,610,cat_2,610
16328,912,cat_3,912
16329,466,cat_4,466
16330,574,cat_0,574
16331,733,cat_1,733
16332,565,cat_2,565
16333,570,cat_3,570
16334,887,cat_4,887
16335,598,cat_0,598
16336,441,cat_1,441
16337,284,cat_2,284
16338,794,cat_3,794
16339,427,cat_4,427
16340,244,cat_0,244
16341,664,cat_1,664
16342,225,cat_2,225
16343,804,cat_3,804
16344,113,cat_4,113
16345,811,cat_0,811
16346,725,cat_1,725
16347,479,cat_2,479
16348,609,cat_3,609
16349,852,cat_4,852
16350,447,cat_0,447
16351,596,cat_1,596
16352,979,cat_2,979
16353,87,cat_3,87
16354,346,cat_4,346
16355,906,cat_0,906
16356,41,cat_1,41
16357,28,cat_2,28
16358,792,cat_3,792
16359,337,cat_4,337
16360,998,cat_0,998
16361,82,cat_1,82
16362,470,cat_2,470
16363,969,cat_3,969
16364,851,cat_4,851
16365,303,cat_0,303
16366,533,cat_1,533
16367,980,cat_2,980
16368,538,cat_3,538
16369,418,cat_4,418
16370,835,cat_0,835
16371,530,cat_1,530
16372,994,cat_2,994
16373,326,cat_3,326
16374,147,cat_4,147
16375,309,cat_0,309
16376,439,cat_1,439
16377,81,cat_2,81
16378,251,cat_3,251
16379,952,cat_4,952
16380,622,cat_0,622
16381,621,cat_1,621
16382,219,cat_2,219
16383,883,cat_3,883
16384,340,cat_4,340
16385,896,cat_0,896
16386,293,cat_1,293
16387,10,cat_2,10
16388,427,cat_3,427
16389,777,cat_4,777
16390,120,cat_0,120
16391,940,cat_1,940
16392,506,cat_2,506
16393,469,cat_3,469
16394,946,cat_4,946
16395,910,cat_0,910
16396,28,cat_1,28
16397,531,cat_2,531
16398,697,cat_3,697
16399,642,cat_4,642
16400,76,cat_0,76
16401,301,cat_1,301
16402,808,cat_2,808
16403,523,cat_3,523
16404,876,cat_4,876
16405,365,cat_0,365
16406,977,cat_1,977
16407,379,cat_2,379
16408,498,cat_3,498
16409,853,cat_4,853
16410,280,cat_0,280
16411,124,cat_1,124
16412,944,cat_2,944
16413,597,cat_3,597
16414,311,cat_4,311
16415,239,cat_0,239
16416,183,cat_1,183
16417,904,cat_2,904
16418,407,cat_3,407
16419,295,cat_4,295
16420,690,cat_0,690
16421,131,cat_1,131
16422,320,cat_2,320
16423,235,cat_3,235
16424,629,cat_4,629
16425,267,cat_0,267
16426,5,cat_1,5
16427,547,cat_2,547
16428,526,cat_3,526
16429,432,cat_4,432
16430,111,cat_0,111
16431,330,cat_1,330
16432,99,cat_2,99
16433,237,cat_3,237
16434,990,cat_4,990
16435,690,cat_0,690
16436,647,cat_1,647
16437,509,cat_2,509
16438,224,cat_3,224
16439,181,cat_4,181
16440,356,cat_0,356
16441,403,cat_1,403
16442,443,cat_2,443
16443,25,cat_3,25
16444,613,cat_4,613
16445,940,cat_0,940
16446,855,cat_1,855
16447,9,cat_2,9
16448,424,cat_3,424
16449,828,cat_4,828
16450,532,cat_0,532
16451,236,cat_1,236
16452,901,cat_2,901
16453,607,cat_3,607
16454,446,cat_4,446
16455,513,cat_0,513
16456,171,cat_1,171
16457,726,cat_2,726
16458,350,cat_3,350
16459,373,cat_4,373
16460,300,cat_0,300
16461,301,cat_1,301
16462,435,cat_2,435
16463,701,cat_3,701
16464,327,cat_4,327
16465,262,cat_0,262
16466,100,cat_1,100
16467,220,cat_2,220
16468,512,cat_3,512
16469,174,cat_4,174
16470,15,cat_0,15
16471,99,cat_1,99
16472,255,cat_2,255
16473,860,cat_3,860
16474,703,cat_4,703
16475,810,cat_0,810
16476,742,cat_1,742
16477,835,cat_2,835
16478,947,cat_3,947
16479,41,cat_4,41
16480,585,cat_0,585
16481,287,cat_1,287
16482,741,cat_2,741
16483,280,cat_3,280
16484,111,cat_4,111
16485,399,cat_0,399
16486,265,cat_1,265
16487,473,cat_2,473
16488,174,cat_3,174
16489,625,cat_4,625
16490,575,cat_0,575
16491,361,cat_1,361
16492,375,cat_2,375
16493,426,cat_3,426
16494,697,cat_4,697
16495,297,cat_0,297
16496,522,cat_1,522
16497,162,cat_2,162
16498,679,cat_3,679
16499,75,cat_4,75
16500,886,cat_0,886
16501,764,cat_1,764
16502,352,cat_2,352
16503,488,cat_3,488
16504,744,cat_4,744
16505,480,cat_0,480
16506,474,cat_1,474
16507,296,cat_2,296
16508,622,cat_3,622
16509,158,cat_4,158
16510,326,cat_0,326
16511,915,cat_1,915
16512,241,cat_2,241
16513,547,cat_3,547
16514,578,cat_4,578
16515,118,cat_0,118
16516,746,cat_1,746
16517,445,cat_2,445
16518,973,cat_3,973
16519,606,cat_4,606
16520,558,cat_0,558
16521,853,cat_1,853
16522,913,cat_2,913
16523,475,cat_3,475
16524,442,cat_4,442
16525,244,cat_0,244
16526,851,cat_1,851
16527,884,cat_2,884
16528,631,cat_3,631
16529,651,cat_4,651
16530,564,cat_0,564
16531,662,cat_1,662
16532,273,cat_2,273
16533,492,cat_3,492
16534,614,cat_4,614
16535,242,cat_0,242
16536,252,cat_1,252
16537,975,cat_2,975
16538,139,cat_3,139
16539,46,cat_4,46
16540,692,cat_0,692
16541,919,cat_1,919
16542,299,cat_2,299
16543,928,cat_3,928
16544,673,cat_4,673
16545,621,cat_0,621
16546,898,cat_1,898
16547,524,cat_2,524
16548,834,cat_3,834
16549,778,cat_4,778
16550,582,cat_0,582
16551,535,cat_1,535
16552,683,cat_2,683
16553,461,cat_3,461
16554,157,cat_4,157
16555,332,cat_0,332
16556,937,cat_1,937
16557,421,cat_2,421
16558,719,cat_3,719
16559,585,cat_4,585
16560,682,cat_0,682
16561,483,cat_1,483
16562,871,cat_2,871
16563,498,cat_3,498
16564,522,cat_4,522
16565,178,cat_0,178
16566,270,cat_1,270
16567,767,cat_2,767
16568,586,cat_3,586
16569,380,cat_4,380
16570,909,cat_0,909
16571,855,cat_1,855
16572,877,cat_2,877
16573,569,cat_3,569
16574,506,cat_4,506
16575,391,cat_0,391
16576,821,cat_1,821
16577,710,cat_2,710
16578,437,cat_3,437
16579,300,cat_4,300
16580,409,cat_0,409
16581,659,cat_1,659
16582,616,cat_2,616
16583,855,cat_3,855
16584,404,cat_4,404
16585,787,cat_0,787
16586,327,cat_1,327
16587,167,cat_2,167
16588,160,cat_3,160
16589,738,cat_4,738
16590,939,cat_0,939
16591,758,cat_1,758
16592,703,cat_2,703
16593,573,cat_3,573
16594,505,cat_4,505
16595,738,cat_0,738
16596,608,cat_1,608
16597,322,cat_2,322
16598,804,cat_3,804
16599,458,cat_4,458
16600,125,cat_0,125
16601,364,cat_1,364
16602,197,cat_2,197
16603,357,cat_3,357
16604,447,cat_4,447
16605,597,cat_0,597
16606,17,cat_1,17
16607,711,cat_2,711
16608,29,cat_3,29
16609,802,cat_4,802
16610,926,cat_0,926
16611,625,cat_1,625
16612,452,cat_2,452
16613,411,cat_3,411
16614,760,cat_4,760
16615,938,cat_0,938
16616,115,cat_1,115
16617,990,cat_2,990
16618,54,cat_3,54
16619,920,cat_4,920
16620,856,cat_0,856
16621,362,cat_1,362
16622,715,cat_2,715
16623,628,cat_3,628
16624,514,cat_4,514
16625,681,cat_0,681
16626,437,cat_1,437
16627,133,cat_2,133
16628,345,cat_3,345
16629,681,cat_4,681
16630,90,cat_0,90
16631,282,cat_1,282
16632,339,cat_2,339
16633,751,cat_3,751
16634,98,cat_4,98
16635,419,cat_0,419
16636,799,cat_1,799
16637,60,cat_2,60
16638,355,cat_3,355
16639,370,cat_4,370
16640,412,cat_0,412
16641,847,cat_1,847
16642,80,cat_2,80
16643,924,cat_3,924
16644,251,cat_4,251
16645,87,cat_0,87
16646,486,cat_1,486
16647,361,cat_2,361
16648,635,cat_3,635
16649,820,cat_4,820
16650,190,cat_0,190
16651,58,cat_1,58
16652,557,cat_2,557
16653,96,cat_3,96
16654,78,cat_4,78
16655,478,cat_0,478
16656,119,cat_1,119
16657,625,cat_2,625
16658,15,cat_3,15
16659,587,cat_4,587
16660,200,cat_0,200
16661,166,cat_1,166
16662,215,cat_2,215
16663,474,cat_3,474
16664,847,cat_4,847
16665,471,cat_0,471
16666,144,cat_1,144
16667,853,cat_2,853
16668,228,cat_3,228
16669,822,cat_4,822
16670,219,cat_0,219
16671,677,cat_1,677
16672,866,cat_2,866
16673,143,cat_3,143
16674,788,cat_4,788
16675,652,cat_0,652
16676,322,cat_1,322
16677,588,cat_2,588
16678,419,cat_3,419
16679,220,cat_4,220
16680,386,cat_0,386
16681,679,cat_1,679
16682,303,cat_2,303
16683,662,cat_3,662
16684,132,cat_4,132
16685,493,cat_0,493
16686,533,cat_1,533
16687,718,cat_2,718
16688,525,cat_3,525
16689,238,cat_4,238
16690,69,cat_0,69
16691,234,cat_1,234
16692,928,cat_2,928
16693,970,cat_3,970
16694,144,cat_4,144
16695,651,cat_0,651
16696,106,cat_1,106
16697,960,cat_2,960
16698,254,cat_3,254
16699,825,cat_4,825
16700,348,cat_0,348
16701,933,cat_1,933
16702,241,cat_2,241
16703,130,cat_3,130
16704,713,cat_4,713
16705,593,cat_0,593
16706,218,cat_1,218
16707,615,cat_2,615
16708,967,cat_3,967
16709,129,cat_4,129
16710,4,cat_0,4
16711,187,cat_1,187
16712,197,cat_2,197
16713,134,cat_3,134
16714,966,cat_4,966
16715,434,cat_0,434
16716,352,cat_1,352
16717,413,cat_2,413
16718,803,cat_3,803
16719,850,cat_4,850
16720,696,cat_0,696
16721,749,cat_1,749
16722,969,cat_2,969
16723,875,cat_3,875
16724,81,cat_4,81
16725,298,cat_0,298
16726,12,cat_1,12
16727,735,cat_2,735
16728,82,cat_3,82
16729,424,cat_4,424
16730,232,cat_0,232
16731,382,cat_1,382
16732,414,cat_2,414
16733,940,cat_3,940
16734,877,cat_4,877
16735,135,cat_0,135
16736,878,cat_1,878
16737,855,cat_2,855
16738,567,cat_3,567
16739,459,cat_4,459
16740,343,cat_0,343
16741,631,cat_1,631
16742,812,cat_2,812
16743,708,cat_3,708
16744,436,cat_4,436
16745,855,cat_0,855
16746,990,cat_1,990
16747,559,cat_2,559
16748,929,cat_3,929
16749,233,cat_4,233
16750,378,cat_0,378
16751,251,cat_1,251
16752,675,cat_2,675
16753,299,cat_3,299
16754,859,cat_4,859
16755,566,cat_0,566
16756,41,cat_1,41
16757,621,cat_2,621
16758,444,cat_3,444
16759,215,cat_4,215
16760,756,cat_0,756
16761,104,cat_1,104
16762,796,cat_2,796
16763,505,cat_3,505
16764,43,cat_4,43
16765,828,cat_0,828
16766,431,cat_1,431
16767,63,cat_2,63
16768,127,cat_3,127
16769,296,cat_4,296
16770,736,cat_0,736
16771,223,cat_1,223
16772,832,cat_2,832
16773,291,cat_3,291
16774,147,cat_4,147
16775,258,cat_0,258
16776,294,cat_1,294
16777,597,cat_2,597
16778,315,cat_3,315
16779,368,cat_4,368
16780,575,cat_0,575
16781,493,cat_1,493
16782,317,cat_2,317
16783,597,cat_3,597
16784,67,cat_4,67
16785,285,cat_0,285
16786,698,cat_1,698
16787,996,cat_2,996
16788,59,cat_3,59
16789,24,cat_4,24
16790,571,cat_0,571
16791,889,cat_1,889
16792,84,cat_2,84
16793,702,cat_3,702
16794,39,cat_4,39
16795,568,cat_0,568
16796,232,cat_1,232
16797,911,cat_2,911
16798,941,cat_3,941
16799,550,cat_4,550
16800,838,cat_0,838
16801,657,cat_1,657
16802,715,cat_2,715
16803,410,cat_3,410
16804,756,cat_4,756
16805,511,cat_0,511
16806,494,cat_1,494
16807,48,cat_2,48
16808,243,cat_3,243
16809,874,cat_4,874
16810,764,cat_0,764
16811,737,cat_1,737
16812,43,cat_2,43
16813,26,cat_3,26
16814,509,cat_4,509
16815,53,cat_0,53
16816,498,cat_1,498
16817,351,cat_2,351
16818,117,cat_3,117
16819,685,cat_4,685
16820,190,cat_0,190
16821,17,cat_1,17
16822,804,cat_2,804
16823,779,cat_3,779
16824,231,cat_4,231
16825,272,cat_0,272
16826,244,cat_1,244
16827,17,cat_2,17
16828,167,cat_3,167
16829,792,cat_4,792
16830,337,cat_0,337
16831,566,cat_1,566
16832,891,cat_2,891
16833,344,cat_3,344
16834,124,cat_4,124
16835,511,cat_0,511
16836,556,cat_1,556
16837,435,cat_2,435
16838,315,cat_3,315
16839,415,cat_4,415
16840,968,cat_0,968
16841,446,cat_1,446
16842,853,cat_2,853
16843,536,cat_3,536
16844,873,cat_4,873
16845,199,cat_0,199
16846,357,cat_1,357
16847,503,cat_2,503
16848,539,cat_3,539
16849,5,cat_4,5
16850,55,cat_0,55
16851,421,cat_1,421
16852,167,cat_2,167
16853,549,cat_3,549
16854,496,cat_4,496
16855,580,cat_0,580
16856,974,cat_1,974
16857,226,cat_2,226
16858,143,cat_3,143
16859,401,cat_4,401
16860,176,cat_0,176
16861,673,cat_1,673
16862,737,cat_2,737
16863,597,cat_3,597
16864,93,cat_4,93
16865,214,cat_0,214
16866,39,cat_1,39
16867,268,cat_2,268
16868,400,cat_3,400
16869,247,cat_4,247
16870,305,cat_0,305
16871,616,cat_1,616
16872,426,cat_2,426
16873,427,cat_3,427
16874,225,cat_4,225
16875,850,cat_0,850
16876,415,cat_1,415
16877,802,cat_2,802
16878,682,cat_3,682
16879,574,cat_4,574
16880,445,cat_0,445
16881,882,cat_1,882
16882,676,cat_2,676
16883,892,cat_3,892
16884,653,cat_4,653
16885,797,cat_0,797
16886,684,cat_1,684
16887,259,cat_2,259
16888,582,cat_3,582
16889,463,cat_4,463
16890,93,cat_0,93
16891,390,cat_1,390
16892,31,cat_2,31
16893,679,cat_3,679
16894,188,cat_4,188
16895,265,cat_0,265
16896,956,cat_1,956
16897,162,cat_2,162
16898,218,cat_3,218
16899,592,cat_4,592
16900,626,cat_0,626
16901,889,cat_1,889
16902,784,cat_2,784
16903,504,cat_3,504
16904,284,cat_4,284
16905,259,cat_0,259
16906,287,cat_1,287
16907,635,cat_2,635
16908,916,cat_3,916
16909,90,cat_4,90
16910,375,cat_0,375
16911,952,cat_1,952
16912,22,cat_2,22
16913,679,cat_3,679
16914,482,cat_4,482
16915,241,cat_0,241
16916,538,cat_1,538
16917,203,cat_2,203
16918,849,cat_3,849
16919,978,cat_4,978
16920,302,cat_0,302
16921,233,cat_1,233
16922,456,cat_2,456
16923,37,cat_3,37
16924,410,cat_4,410
16925,766,cat_0,766
16926,518,cat_1,518
16927,326,cat_2,326
16928,453,cat_3,453
16929,834,cat_4,834
16930,76,cat_0,76
16931,202,cat_1,202
16932,486,cat_2,486
16933,762,cat_3,762
16934,152,cat_4,152
16935,245,cat_0,245
16936,369,cat_1,369
16937,306,cat_2,306
16938,21,cat_3,21
16939,440,cat_4,440
16940,619,cat_0,619
16941,121,cat_1,121
16942,554,cat_2,554
16943,72,cat_3,72
16944,697,cat_4,697
16945,380,cat_0,380
16946,378,cat_1,378
16947,274,cat_2,274
16948,474,cat_3,474
16949,925,cat_4,925
16950,590,cat_0,590
16951,208,cat_1,208
16952,701,cat_2,701
16953,930,cat_3,930
16954,647,cat_4,647
16955,840,cat_0,840
16956,528,cat_1,528
16957,25,cat_2,25
16958,578,cat_3,578
16959,450,cat_4,450
16960,429,cat_0,429
16961,895,cat_1,895
16962,104,cat_2,104
16963,734,cat_3,734
16964,465,cat_4,465
16965,805,cat_0,805
16966,130,cat_1,130
16967,860,cat_2,860
16968,907,cat_3,907
16969,740,cat_4,740
16970,503,cat_0,503
16971,450,cat_1,450
16972,578,cat_2,578
16973,985,cat_3,985
16974,785,cat_4,785
16975,801,cat_0,801
16976,206,cat_1,206
16977,842,cat_2,842
16978,305,cat_3,305
16979,551,cat_4,551
16980,126,cat_0,126
16981,832,cat_1,832
16982,305,cat_2,305
16983,574,cat_3,574
16984,790,cat_4,790
16985,946,cat_0,946
16986,548,cat_1,548
16987,230,cat_2,230
16988,575,cat_3,575
16989,586,cat_4,586
16990,970,cat_0,970
16991,765,cat_1,765
16992,844,cat_2,844
16993,62,cat_3,62
16994,315,cat_4,315
16995,304,cat_0,304
16996,468,cat_1,468
16997,483,cat_2,483
16998,307,cat_3,307
16999,445,cat_4,445
17000,628,cat_0,628
17001,683,cat_1,683
17002,605,cat_2,605
17003,13,cat_3,13
17004,311,cat_4,311
17005,898,cat_0,898
17006,517,cat_1,517
17007,135,cat_2,135
17008,621,cat_3,621
17009,544,cat_4,544
17010,269,cat_0,269
17011,897,cat_1,897
17012,755,cat_2,755
17013,727,cat_3,727
17014,151,cat_4,151
17015,617,cat_0,617
17016,245,cat_1,245
17017,423,cat_2,423
17018,816,cat_3,816
17019,914,cat_4,914
17020,418,cat_0,418
17021,582,cat_1,582
17022,459,cat_2,459
17023,824,cat_3,824
17024,266,cat_4,266
17025,232,cat_0,232
17026,697,cat_1,697
17027,921,cat_2,921
17028,92,cat_3,92
17029,459,cat_4,459
17030,624,cat_0,624
17031,782,cat_1,782
17032,563,cat_2,563
17033,584,cat_3,584
17034,805,cat_4,805
17035,230,cat_0,230
17036,382,cat_1,382
17037,896,cat_2,896
17038,359,cat_3,359
17039,362,cat_4,362
17040,355,cat_0,355
17041,314,cat_1,314
17042,139,cat_2,139
17043,817,cat_3,817
17044,743,cat_4,743
17045,936,cat_0,936
17046,149,cat_1,149
17047,876,cat_2,876
17048,36,cat_3,36
17049,782,cat_4,782
17050,805,cat_0,805
17051,296,cat_1,296
17052,455,cat_2,455
17053,411,cat_3,411
17054,601,cat_4,601
17055,52,cat_0,52
17056,662,cat_1,662
17057,811,cat_2,811
17058,79,cat_3,79
17059,459,cat_4,459
17060,882,cat_0,882
17061,627,cat_1,627
17062,755,cat_2,755
17063,842,cat_3,842
17064,103,cat_4,103
17065,337,cat_0,337
17066,410,cat_1,410
17067,683,cat_2,683
17068,706,cat_3,706
17069,63,cat_4,63
17070,18,cat_0,18
17071,375,cat_1,375
17072,471,cat_2,471
17073,448,cat_3,448
17074,144,cat_4,144
17075,542,cat_0,542
17076,956,cat_1,956
17077,722,cat_2,722
17078,626,cat_3,626
17079,476,cat_4,476
17080,951,cat_0,951
17081,498,cat_1,498
17082,637,cat_2,637
17083,131,cat_3,131
17084,409,cat_4,409
17085,765,cat_0,765
17086,34,cat_1,34
17087,270,cat_2,270
17088,80,cat_3,80
17089,187,cat_4,187
17090,750,cat_0,750
17091,312,cat_1,312
17092,215,cat_2,215
17093,788,cat_3,788
17094,796,cat_4,796
17095,304,cat_0,304
17096,350,cat_1,350
17097,855,cat_2,855
17098,239,cat_3,239
17099,870,cat_4,870
17100,946,cat_0,946
17101,828,cat_1,828
17102,295,cat_2,295
17103,951,cat_3,951
17104,421,cat_4,421
17105,301,cat_0,301
17106,294,cat_1,294
17107,15,cat_2,15
17108,330,cat_3,330
17109,509,cat_4,509
17110,186,cat_0,186
17111,733,cat_1,733
17112,778,cat_2,778
17113,833,cat_3,833
17114,831,cat_4,831
17115,735,cat_0,735
17116,965,cat_1,965
17117,823,cat_2,823
17118,788,cat_3,788
17119,670,cat_4,670
17120,243,cat_0,243
17121,356,cat_1,356
17122,420,cat_2,420
17123,821,cat_3,821
17124,950,cat_4,950
17125,947,cat_0,947
17126,818,cat_1,818
17127,296,cat_2,296
17128,941,cat_3,941
17129,594,cat_4,594
17130,991,cat_0,991
17131,605,cat_1,605
17132,259,cat_2,259
17133,184,cat_3,184
17134,169,cat_4,169
17135,841,cat_0,841
17136,442,cat_1,442
17137,344,cat_2,344
17138,128,cat_3,128
17139,179,cat_4,179
17140,785,cat_0,785
17141,707,cat_1,707
17142,432,cat_2,432
17143,713,cat_3,713
17144,323,cat_4,323
17145,678,cat_0,678
17146,573,cat_1,573
17147,185,cat_2,185
17148,435,cat_3,435
17149,692,cat_4,692
17150,81,cat_0,81
17151,436,cat_1,436
17152,903,cat_2,903
17153,465,cat_3,465
17154,699,cat_4,699
17155,803,cat_0,803
17156,719,cat_1,719
17157,102,cat_2,102
17158,940,cat_3,940
17159,514,cat_4,514
17160,614,cat_0,614
17161,132,cat_1,132
17162,375,cat_2,375
17163,963,cat_3,963
17164,775,cat_4,775
17165,726,cat_0,726
17166,720,cat_1,720
17167,507,cat_2,507
17168,37,cat_3,37
17169,727,cat_4,727
17170,352,cat_0,352
17171,22,cat_1,22
17172,60,cat_2,60
17173,206,cat_3,206
17174,172,cat_4,172
17175,35,cat_0,35
17176,532,cat_1,532
17177,32,cat_2,32
17178,496,cat_3,496
17179,30,cat_4,30
17180,21,cat_0,21
17181,356,cat_1,356
17182,747,cat_2,747
17183,77,cat_3,77
17184,560,cat_4,560
17185,509,cat_0,509
17186,796,cat_1,796
17187,601,cat_2,601
17188,198,cat_3,198
17189,381,cat_4,381
17190,111,cat_0,111
17191,995,cat_1,995
17192,354,cat_2,354
17193,942,cat_3,942
17194,820,cat_4,820
17195,921,cat_0,921
17196,320,cat_1,320
17197,687,cat_2,687
17198,986,cat_3,986
17199,703,cat_4,703
17200,995,cat_0,995
17201,789,cat_1,789
17202,37,cat_2,37
17203,341,cat_3,341
17204,445,cat_4,445
17205,682,cat_0,682
17206,160,cat_1,160
17207,830,cat_2,830
17208,576,cat_3,576
17209,803,cat_4,803
17210,865,cat_0,865
17211,699,cat_1,699
17212,151,cat_2,151
17213,485,cat_3,485
17214,819,cat_4,819
17215,220,cat_0,220
17216,615,cat_1,615
17217,266,cat_2,266
17218,530,cat_3,530
17219,465,cat_4,465
17220,441,cat_0,441
17221,236,cat_1,236
17222,55,cat_2,55
17223,745,cat_3,745
17224,286,cat_4,286
17225,441,cat_0,441
17226,418,cat_1,418
17227,521,cat_2,521
17228,640,cat_3,640
17229,502,cat_4,502
17230,447,cat_0,447
17231,939,cat_1,939
17232,356,cat_2,356
17233,88,cat_3,88
17234,294,cat_4,294
17235,934,cat_0,934
17236,191,cat_1,191
17237,419,cat_2,419
17238,289,cat_3,289
17239,441,cat_4,441
17240,838,cat_0,838
17241,784,cat_1,784
17242,957,cat_2,957
17243,642,cat_3,642
17244,320,cat_4,320
17245,190,cat_0,190
17246,830,cat_1,830
17247,846,cat_2,846
17248,649,cat_3,649
17249,129,cat_4,129
17250,849,cat_0,849
17251,225,cat_1,225
17252,910,cat_2,910
17253,41,cat_3,41
17254,141,cat_4,141
17255,174,cat_0,174
17256,412,cat_1,412
17257,598,cat_2,598
17258,994,cat_3,994
17259,175,cat_4,175
17260,612,cat_0,612
17261,881,cat_1,881
17262,326,cat_2,326
17263,492,cat_3,492
17264,135,cat_4,135
17265,317,cat_0,317
17266,146,cat_1,146
17267,863,cat_2,863
17268,588,cat_3,588
17269,507,cat_4,507
17270,267,cat_0,267
17271,498,cat_1,498
17272,597,cat_2,597
17273,930,cat_3,930
17274,451,cat_4,451
17275,32,cat_0,32
17276,441,cat_1,441
17277,957,cat_2,957
17278,561,cat_3,561
17279,221,cat_4,221
17280,61,cat_0,61
17281,376,cat_1,376
17282,334,cat_2,334
17283,901,cat_3,901
17284,233,cat_4,233
17285,463,cat_0,463
17286,72,cat_1,72
17287,68,cat_2,68
17288,204,cat_3,204
17289,399,cat_4,399
17290,741,cat_0,741
17291,971,cat_1,971
17292,237,cat_2,237
17293,61,cat_3,61
17294,321,cat_4,321
17295,355,cat_0,355
17296,531,cat_1,531
17297,697,cat_2,697
17298,165,cat_3,165
17299,888,cat_4,888
17300,762,cat_0,762
17301,903,cat_1,903
17302,925,cat_2,925
17303,586,cat_3,586
17304,547,cat_4,547
17305,978,cat_0,978
17306,495,cat_1,495
17307,977,cat_2,977
17308,129,cat_3,129
17309,728,cat_4,728
17310,164,cat_0,164
17311,47,cat_1,47
17312,986,cat_2,986
17313,127,cat_3,127
17314,152,cat_4,152
17315,880,cat_0,880
17316,94,cat_1,94
17317,828,cat_2,828
17318,439,cat_3,439
17319,115,cat_4,115
17320,514,cat_0,514
17321,605,cat_1,605
17322,607,cat_2,607
17323,995,cat_3,995
17324,749,cat_4,749
17325,492,cat_0,492
17326,494,cat_1,494
17327,68,cat_2,68
17328,477,cat_3,477
17329,424,cat_4,424
17330,228,cat_0,228
17331,72,cat_1,72
17332,976,cat_2,976
17333,410,cat_3,410
17334,935,cat_4,935
17335,800,cat_0,800
17336,507,cat_1,507
17337,30,cat_2,30
17338,288,cat_3,288
17339,914,cat_4,914
17340,548,cat_0,548
17341,545,cat_1,545
17342,828,cat_2,828
17343,797,cat_3,797
17344,47,cat_4,47
17345,331,cat_0,331
17346,414,cat_1,414
17347,741,cat_2,741
17348,777,cat_3,777
17349,858,cat_4,858
17350,970,cat_0,970
17351,526,cat_1,526
17352,434,cat_2,434
17353,734,cat_3,734
17354,290,cat_4,290
17355,548,cat_0,548
17356,22,cat_1,22
17357,994,cat_2,994
17358,457,cat_3,457
17359,365,cat_4,365
17360,113,cat_0,113
17361,91,cat_1,91
17362,835,cat_2,835
17363,330,cat_3,330
17364,337,cat_4,337
17365,111,cat_0,111
17366,75,cat_1,75
17367,531,cat_2,531
17368,245,cat_3,245
17369,207,cat_4,207
17370,423,cat_0,423
17371,215,cat_1,215
17372,405,cat_2,405
17373,811,cat_3,811
17374,51,cat_4,51
17375,369,cat_0,369
17376,807,cat_1,807
17377,48,cat_2,48
17378,673,cat_3,673
17379,649,cat_4,649
17380,503,cat_0,503
17381,738,cat_1,738
17382,762,cat_2,762
17383,57,cat_3,57
17384,444,cat_4,444
17385,68,cat_0,68
17386,903,cat_1,903
17387,425,cat_2,425
17388,391,cat_3,391
17389,889,cat_4,889
17390,623,cat_0,623
17391,73,cat_1,73
17392,269,cat_2,269
17393,502,cat_3,502
17394,832,cat_4,832
17395,740,cat_0,740
17396,391,cat_1,391
17397,267,cat_2,267
17398,328,cat_3,328
17399,62,cat_4,62
17400,278,cat_0,278
17401,469,cat_1,469
17402,27,cat_2,27
17403,153,cat_3,153
17404,165,cat_4,165
17405,339,cat_0,339
17406,340,cat_1,340
17407,393,cat_2,393
17408,422,cat_3,422
17409,220,cat_4,220
17410,418,cat_0,418
17411,399,cat_1,399
17412,977,cat_2,977
17413,721,cat_3,721
17414,926,cat_4,926
17415,747,cat_0,747
17416,282,cat_1,282
17417,879,cat_2,879
17418,345,cat_3,345
17419,549,cat_4,549
17420,507,cat_0,507
17421,657,cat_1,657
17422,3,cat_2,3
17423,972,cat_3,972
17424,230,cat_4,230
17425,404,cat_0,404
17426,661,cat_1,661
17427,217,cat_2,217
17428,348,cat_3,348
17429,493,cat_4,493
17430,749,cat_0,749
17431,123,cat_1,123
17432,857,cat_2,857
17433,434,cat_3,434
17434,928,cat_4,928
17435,517,cat_0,517
17436,967,cat_1,967
17437,622,cat_2,622
17438,674,cat_3,674
17439,78,cat_4,78
17440,620,cat_0,620
17441,359,cat_1,359
17442,345,cat_2,345
17443,377,cat_3,377
17444,144,cat_4,144
17445,473,cat_0,473
17446,322,cat_1,322
17447,888,cat_2,888
17448,280,cat_3,280
17449,188,cat_4,188
17450,605,cat_0,605
17451,400,cat_1,400
17452,535,cat_2,535
17453,552,cat_3,552
17454,785,cat_4,785
17455,946,cat_0,946
17456,495,cat_1,495
17457,861,cat_2,861
17458,152,cat_3,152
17459,924,cat_4,924
17460,553,cat_0,553
17461,534,cat_1,534
17462,800,cat_2,800
17463,299,cat_3,299
17464,343,cat_4,343
17465,292,cat_0,292
17466,10,cat_1,10
17467,810,cat_2,810
17468,271,cat_3,271
17469,979,cat_4,979
17470,194,cat_0,194
17471,308,cat_1,308
17472,52,cat_2,52
17473,464,cat_3,464
17474,835,cat_4,835
17475,869,cat_0,869
17476,311,cat_1,311
17477,357,cat_2,357
17478,396,cat_3,396
17479,537,cat_4,537
17480,113,cat_0,113
17481,244,cat_1,244
17482,494,cat_2,494
17483,120,cat_3,120
17484,150,cat_4,150
17485,774,cat_0,774
17486,599,cat_1,599
17487,606,cat_2,606
17488,558,cat_3,558
17489,231,cat_4,231
17490,177,cat_0,177
17491,299,cat_1,299
17492,299,cat_2,299
17493,753,cat_3,753
17494,669,cat_4,669
17495,501,cat_0,501
17496,278,cat_1,278
17497,969,cat_2,969
17498,34,cat_3,34
17499,834,cat_4,834
17500,489,cat_0,489
17501,217,cat_1,217
17502,92,cat_2,92
17503,992,cat_3,992
17504,947,cat_4,947
17505,81,cat_0,81
17506,211,cat_1,211
17507,866,cat_2,866
17508,43,cat_3,43
17509,199,cat_4,199
17510,235,cat_0,235
17511,915,cat_1,915
17512,704,cat_2,704
17513,876,cat_3,876
17514,180,cat_4,180
17515,228,cat_0,228
17516,40,cat_1,40
17517,30,cat_2,30
17518,142,cat_3,142
17519,424,cat_4,424
17520,108,cat_0,108
17521,577,cat_1,577
17522,109,cat_2,109
17523,991,cat_3,991
17524,203,cat_4,203
17525,286,cat_0,286
17526,790,cat_1,790
17527,377,cat_2,377
17528,113,cat_3,113
17529,210,cat_4,210
17530,903,cat_0,903
17531,761,cat_1,761
17532,963,cat_2,963
17533,600,cat_3,600
17534,877,cat_4,877
17535,725,cat_0,725
17536,521,cat_1,521
17537,720,cat_2,720
17538,408,cat_3,408
17539,822,cat_4,822
17540,405,cat_0,405
17541,378,cat_1,378
17542,478,cat_2,478
17543,688,cat_3,688
17544,719,cat_4,719
17545,424,cat_0,424
17546,540,cat_1,540
17547,361,cat_2,361
17548,529,cat_3,529
17549,140,cat_4,140
17550,136,cat_0,136
17551,993,cat_1,993
17552,555,cat_2,555
17553,241,cat_3,241
17554,648,cat_4,648
17555,694,cat_0,694
17556,600,cat_1,600
17557,172,cat_2,172
17558,160,cat_3,160
17559,224,cat_4,224
17560,654,cat_0,654
17561,548,cat_1,548
17562,460,cat_2,460
17563,743,cat_3,743
17564,369,cat_4,369
17565,565,cat_0,565
17566,427,cat_1,427
17567,591,cat_2,591
17568,213,cat_3,213
17569,891,cat_4,891
17570,424,cat_0,424
17571,970,cat_1,970
17572,900,cat_2,900
17573,226,cat_3,226
17574,578,cat_4,578
17575,154,cat_0,154
17576,170,cat_1,170
17577,534,cat_2,534
17578,950,cat_3,950
17579,735,cat_4,735
17580,474,cat_0,474
17581,870,cat_1,870
17582,177,cat_2,177
17583,510,cat_3,510
17584,867,cat_4,867
17585,299,cat_0,299
17586,423,cat_1,423
17587,449,cat_2,449
17588,625,cat_3,625
17589,287,cat_4,287
17590,804,cat_0,804
17591,765,cat_1,765
17592,300,cat_2,300
17593,761,cat_3,761
17594,765,cat_4,765
17595,931,cat_0,931
17596,169,cat_1,169
17597,932,cat_2,932
17598,158,cat_3,158
17599,229,cat_4,229
17600,350,cat_0,350
17601,862,cat_1,862
17602,860,cat_2,860
17603,894,cat_3,894
17604,471,cat_4,471
17605,852,cat_0,852
17606,84,cat_1,84
17607,509,cat_2,509
17608,694,cat_3,694
17609,487,cat_4,487
17610,860,cat_0,860
17611,570,cat_1,570
17612,428,cat_2,428
17613,592,cat_3,592
17614,994,cat_4,994
17615,590,cat_0,590
17616,581,cat_1,581
17617,788,cat_2,788
17618,984,cat_3,984
17619,77,cat_4,77
17620,570,cat_0,570
17621,502,cat_1,502
17622,811,cat_2,811
17623,884,cat_3,884
17624,932,cat_4,932
17625,243,cat_0,243
17626,216,cat_1,216
17627,51,cat_2,51
17628,345,cat_3,345
17629,786,cat_4,786
17630,665,cat_0,665
17631,601,cat_1,601
17632,366,cat_2,366
17633,12,cat_3,12
17634,725,cat_4,725
17635,261,cat_0,261
17636,77,cat_1,77
17637,808,cat_2,808
17638,573,cat_3,573
17639,636,cat_4,636
17640,801,cat_0,801
17641,1000,cat_1,1000
17642,630,cat_2,630
17643,114,cat_3,114
17644,977,cat_4,977
17645,962,cat_0,962
17646,909,cat_1,909
17647,777,cat_2,777
17648,911,cat_3,911
17649,2,cat_4,2
17650,37,cat_0,37
17651,486,cat_1,486
17652,480,cat_2,480
17653,24,cat_3,24
17654,957,cat_4,957
17655,415,cat_0,415
17656,628,cat_1,628
17657,524,cat_2,524
17658,565,cat_3,565
17659,672,cat_4,672
17660,704,cat_0,704
17661,33,cat_1,33
17662,629,cat_2,629
17663,360,cat_3,360
17664,794,cat_4,794
17665,991,cat_0,991
17666,684,cat_1,684
17667,329,cat_2,329
17668,295,cat_3,295
17669,553,cat_4,553
17670,100,cat_0,100
17671,659,cat_1,659
17672,342,cat_2,342
17673,212,cat_3,212
17674,622,cat_4,622
17675,814,cat_0,814
17676,919,cat_1,919
17677,794,cat_2,794
17678,413,cat_3,413
17679,390,cat_4,390
17680,667,cat_0,667
17681,937,cat_1,937
17682,961,cat_2,961
17683,521,cat_3,521
17684,351,cat_4,351
17685,143,cat_0,143
17686,425,cat_1,425
17687,258,cat_2,258
17688,922,cat_3,922
17689,566,cat_4,566
17690,765,cat_0,765
17691,879,cat_1,879
17692,230,cat_2,230
17693,73,cat_3,73
17694,207,cat_4,207
17695,640,cat_0,640
17696,423,cat_1,423
17697,860,cat_2,860
17698,81,cat_3,81
17699,103,cat_4,103
17700,628,cat_0,628
17701,657,cat_1,657
17702,183,cat_2,183
17703,149,cat_3,149
17704,588,cat_4,588
17705,128,cat_0,128
17706,567,cat_1,567
17707,314,cat_2,314
17708,324,cat_3,324
17709,358,cat_4,358
17710,163,cat_0,163
17711,614,cat_1,614
17712,828,cat_2,828
17713,713,cat_3,713
17714,627,cat_4,627
17715,963,cat_0,963
17716,995,cat_1,995
17717,500,cat_2,500
17718,4,cat_3,4
17719,811,cat_4,811
17720,349,cat_0,349
17721,742,cat_1,742
17722,34,cat_2,34
17723,467,cat_3,467
17724,710,cat_4,710
17725,344,cat_0,344
17726,343,cat_1,343
17727,774,cat_2,774
17728,544,cat_3,544
17729,687,cat_4,687
17730,503,cat_0,503
17731,67,cat_1,67
17732,825,cat_2,825
17733,702,cat_3,702
17734,189,cat_4,189
17735,270,cat_0,270
17736,136,cat_1,136
17737,346,cat_2,346
17738,322,cat_3,322
17739,560,cat_4,560
17740,542,cat_0,542
17741,55,cat_1,55
17742,730,cat_2,730
17743,919,cat_3,919
17744,814,cat_4,814
17745,769,cat_0,769
17746,876,cat_1,876
17747,156,cat_2,156
17748,159,cat_3,159
17749,923,cat_4,923
17750,311,cat_0,311
17751,840,cat_1,840
17752,298,cat_2,298
17753,460,cat_3,460
17754,430,cat_4,430
17755,1,cat_0,1
17756,945,cat_1,945
17757,679,cat_2,679
17758,756,cat_3,756
17759,221,cat_4,221
17760,199,cat_0,199
17761,35,cat_1,35
17762,112,cat_2,112
17763,589,cat_3,589
17764,812,cat_4,812
17765,660,cat_0,660
17766,518,cat_1,518
17767,53,cat_2,53
17768,817,cat_3,817
17769,549,cat_4,549
17770,876,cat_0,876
17771,569,cat_1,569
17772,851,cat_2,851
17773,918,cat_3,918
17774,698,cat_4,698
17775,42,cat_0,42
17776,504,cat_1,504
17777,117,cat_2,117
17778,98,cat_3,98
17779,956,cat_4,956
17780,135,cat_0,135
17781,443,cat_1,443
17782,831,cat_2,831
17783,233,cat_3,233
17784,258,cat_4,258
17785,170,cat_0,170
17786,336,cat_1,336
17787,534,cat_2,534
17788,84,cat_3,84
17789,390,cat_4,390
17790,396,cat_0,396
17791,353,cat_1,353
17792,605,cat_2,605
17793,425,cat_3,425
17794,124,cat_4,124
17795,370,cat_0,370
17796,463,cat_1,463
17797,805,cat_2,805
17798,848,cat_3,848
17799,663,cat_4,663
17800,562,cat_0,562
17801,725,cat_1,725
17802,666,cat_2,666
17803,368,cat_3,368
17804,204,cat_4,204
17805,331,cat_0,331
17806,260,cat_1,260
17807,115,cat_2,115
17808,597,cat_3,597
17809,226,cat_4,226
17810,303,cat_0,303
17811,152,cat_1,152
17812,8,cat_2,8
17813,71,cat_3,71
17814,146,cat_4,146
17815,999,cat_0,999
17816,559,cat_1,559
17817,522,cat_2,522
17818,106,cat_3,106
17819,65,cat_4,65
17820,139,cat_0,139
17821,934,cat_1,934
17822,352,cat_2,352
17823,350,cat_3,350
17824,174,cat_4,174
17825,136,cat_0,136
17826,668,cat_1,668
17827,717,cat_2,717
17828,770,cat_3,770
17829,223,cat_4,223
17830,237,cat_0,237
17831,168,cat_1,168
17832,905,cat_2,905
17833,167,cat_3,167
17834,449,cat_4,449
17835,326,cat_0,326
17836,65,cat_1,65
17837,14,cat_2,14
17838,462,cat_3,462
17839,419,cat_4,419
17840,628,cat_0,628
17841,207,cat_1,207
17842,558,cat_2,558
17843,546,cat_3,546
17844,382,cat_4,382
17845,523,cat_0,523
17846,850,cat_1,850
17847,124,cat_2,124
17848,893,cat_3,893
17849,426,cat_4,426
17850,592,cat_0,592
17851,996,cat_1,996
17852,168,cat_2,168
17853,649,cat_3,649
17854,903,cat_4,903
17855,610,cat_0,610
17856,353,cat_1,353
17857,870,cat_2,870
17858,758,cat_3,758
17859,85,cat_4,85
17860,503,cat_0,503
17861,773,cat_1,773
17862,35,cat_2,35
17863,840,cat_3,840
17864,930,cat_4,930
17865,565,cat_0,565
17866,860,cat_1,860
17867,846,cat_2,846
17868,662,cat_3,662
17869,140,cat_4,140
17870,822,cat_0,822
17871,736,cat_1,736
17872,953,cat_2,953
17873,111,cat_3,111
17874,103,cat_4,103
17875,362,cat_0,362
17876,701,cat_1,701
17877,672,cat_2,672
17878,745,cat_3,745
17879,356,cat_4,356
17880,677,cat_0,677
17881,958,cat_1,958
17882,687,cat_2,687
17883,955,cat_3,955
17884,107,cat_4,107
17885,483,cat_0,483
17886,667,cat_1,667
17887,638,cat_2,638
17888,33,cat_3,33
17889,693,cat_4,693
17890,698,cat_0,698
17891,66,cat_1,66
17892,827,cat_2,827
17893,37,cat_3,37
17894,423,cat_4,423
17895,473,cat_0,473
17896,568,cat_1,568
17897,965,cat_2,965
17898,458,cat_3,458
17899,449,cat_4,449
17900,448,cat_0,448
17901,947,cat_1,947
17902,316,cat_2,316
17903,208,cat_3,208
17904,73,cat_4,73
17905,171,cat_0,171
17906,611,cat_1,611
17907,903,cat_2,903
17908,496,cat_3,496
17909,748,cat_4,748
17910,487,cat_0,487
17911,816,cat_1,816
17912,745,cat_2,745
17913,431,cat_3,431
17914,211,cat_4,211
17915,743,cat_0,743
17916,957,cat_1,957
17917,720,cat_2,720
17918,697,cat_3,697
17919,190,cat_4,190
17920,302,cat_0,302
17921,917,cat_1,917
17922,119,cat_2,119
17923,727,cat_3,727
17924,694,cat_4,694
17925,634,cat_0,634
17926,363,cat_1,363
17927,46,cat_2,46
17928,460,cat_3,460
17929,192,cat_4,192
17930,464,cat_0,464
17931,425,cat_1,425
17932,736,cat_2,736
17933,608,cat_3,608
17934,955,cat_4,955
17935,680,cat_0,680
17936,82,cat_1,82
17937,637,cat_2,637
17938,518,cat_3,518
17939,706,cat_4,706
17940,266,cat_0,266
17941,554,cat_1,554
17942,421,cat_2,421
17943,704,cat_3,704
17944,720,cat_4,720
17945,354,cat_0,354
17946,896,cat_1,896
17947,710,cat_2,710
17948,98,cat_3,98
17949,625,cat_4,625
17950,617,cat_0,617
17951,522,cat_1,522
17952,820,cat_2,820
17953,366,cat_3,366
17954,766,cat_4,766
17955,415,cat_0,415
17956,558,cat_1,558
17957,83,cat_2,83
17958,136,cat_3,136
17959,501,cat_4,501
17960,661,cat_0,661
17961,239,cat_1,239
17962,93,cat_2,93
17963,909,cat_3,909
17964,473,cat_4,473
17965,711,cat_0,711
17966,782,cat_1,782
17967,607,cat_2,607
17968,946,cat_3,946
17969,468,cat_4,468
17970,826,cat_0,826
17971,842,cat_1,842
17972,751,cat_2,751
17973,239,cat_3,239
17974,835,cat_4,835
17975,577,cat_0,577
17976,789,cat_1,789
17977,584,cat_2,584
17978,586,cat_3,586
17979,247,cat_4,247
17980,304,cat_0,304
17981,331,cat_1,331
17982,780,cat_2,780
17983,7,cat_3,7
17984,614,cat_4,614
17985,221,cat_0,221
17986,712,cat_1,712
17987,8,cat_2,8
17988,44,cat_3,44
17989,819,cat_4,819
17990,214,cat_0,214
17991,344,cat_1,344
17992,692,cat_2,692
17993,732,cat_3,732
17994,569,cat_4,569
17995,354,cat_0,354
17996,687,cat_1,687
17997,738,cat_2,738
17998,818,cat_3,818
17999,509,cat_4,509
18000,725,cat_0,725
18001,495,cat_1,495
18002,892,cat_2,892
18003,579,cat_3,579
18004,585,cat_4,585
18005,754,cat_0,754
18006,162,cat_1,162
18007,955,cat_2,955
18008,733,cat_3,733
18009,215,cat_4,215
18010,455,cat_0,455
18011,359,cat_1,359
18012,94,cat_2,94
18013,399,cat_3,399
18014,898,cat_4,898
18015,133,cat_0,133
18016,437,cat_1,437
18017,506,cat_2,506
18018,738,cat_3,738
18019,257,cat_4,257
18020,172,cat_0,172
18021,384,cat_1,384
18022,950,cat_2,950
18023,722,cat_3,722
18024,554,cat_4,554
18025,336,cat_0,336
18026,561,cat_1,561
18027,482,cat_2,482
18028,921,cat_3,921
18029,471,cat_4,471
18030,658,cat_0,658
18031,528,cat_1,528
18032,179,cat_2,179
18033,550,cat_3,550
18034,492,cat_4,492
18035,56,cat_0,56
18036,17,cat_1,17
18037,455,cat_2,455
18038,367,cat_3,367
18039,803,cat_4,803
18040,853,cat_0,853
18041,248,cat_1,248
18042,675,cat_2,675
18043,200,cat_3,200
18044,245,cat_4,245
18045,203,cat_0,203
18046,798,cat_1,798
18047,253,cat_2,253
18048,881,cat_3,881
18049,150,cat_4,150
18050,839,cat_0,839
18051,935,cat_1,935
18052,13,cat_2,13
18053,60,cat_3,60
18054,966,cat_4,966
18055,424,cat_0,424
18056,857,cat_1,857
18057,427,cat_2,427
18058,322,cat_3,322
18059,318,cat_4,318
18060,336,cat_0,336
18061,498,cat_1,498
18062,621,cat_2,621
18063,136,cat_3,136
18064,168,cat_4,168
18065,186,cat_0,186
18066,600,cat_1,600
18067,82,cat_2,82
18068,391,cat_3,391
18069,218,cat_4,218
18070,444,cat_0,444
18071,718,cat_1,718
18072,103,cat_2,103
18073,812,cat_3,812
18074,96,cat_4,96
18075,422,cat_0,422
18076,294,cat_1,294
18077,421,cat_2,421
18078,543,cat_3,543
18079,261,cat_4,261
18080,1,cat_0,1
18081,685,cat_1,685
18082,939,cat_2,939
18083,710,cat_3,710
18084,193,cat_4,193
18085,520,cat_0,520
18086,692,cat_1,692
18087,17,cat_2,17
18088,512,cat_3,512
18089,482,cat_4,482
18090,923,cat_0,923
18091,305,cat_1,305
18092,240,cat_2,240
18093,255,cat_3,255
18094,440,cat_4,440
18095,73,cat_0,73
18096,411,cat_1,411
18097,373,cat_2,373
18098,454,cat_3,454
18099,82,cat_4,82
18100,460,cat_0,460
18101,428,cat_1,428
18102,564,cat_2,564
18103,922,cat_3,922
18104,655,cat_4,655
18105,523,cat_0,523
18106,172,cat_1,172
18107,20,cat_2,20
18108,304,cat_3,304
18109,321,cat_4,321
18110,81,cat_0,81
18111,287,cat_1,287
18112,723,cat_2,723
18113,307,cat_3,307
18114,430,cat_4,430
18115,63,cat_0,63
18116,188,cat_1,188
18117,287,cat_2,287
18118,609,cat_3,609
18119,543,cat_4,543
18120,547,cat_0,547
18121,669,cat_1,669
18122,820,cat_2,820
18123,633,cat_3,633
18124,849,cat_4,849
18125,502,cat_0,502
18126,130,cat_1,130
18127,656,cat_2,656
18128,141,cat_3,141
18129,37,cat_4,37
18130,128,cat_0,128
18131,548,cat_1,548
18132,997,cat_2,997
18133,72,cat_3,72
18134,164,cat_4,164
18135,61,cat_0,61
18136,465,cat_1,465
18137,870,cat_2,870
18138,604,cat_3,604
18139,549,cat_4,549
18140,914,cat_0,914
18141,628,cat_1,628
18142,402,cat_2,402
18143,533,cat_3,533
18144,535,cat_4,535
18145,305,cat_0,305
18146,404,cat_1,404
18147,612,cat_2,612
18148,494,cat_3,494
18149,318,cat_4,318
18150,312,cat_0,312
18151,187,cat_1,187
18152,401,cat_2,401
18153,694,cat_3,694
18154,603,cat_4,603
18155,397,cat_0,397
18156,959,cat_1,959
18157,32,cat_2,32
18158,774,cat_3,774
18159,665,cat_4,665
18160,285,cat_0,285
18161,323,cat_1,323
18162,461,cat_2,461
18163,187,cat_3,187
18164,598,cat_4,598
18165,867,cat_0,867
18166,273,cat_1,273
18167,755,cat_2,755
18168,930,cat_3,930
18169,638,cat_4,638
18170,326,cat_0,326
18171,143,cat_1,143
18172,101,cat_2,101
18173,91,cat_3,91
18174,106,cat_4,106
18175,103,cat_0,103
18176,209,cat_1,209
18177,238,cat_2,238
18178,156,cat_3,156
18179,953,cat_4,953
18180,98,cat_0,98
18181,902,cat_1,902
18182,693,cat_2,693
18183,933,cat_3,933
18184,653,cat_4,653
18185,809,cat_0,809
18186,89,cat_1,89
18187,860,cat_2,860
18188,563,cat_3,563
18189,971,cat_4,971
18190,370,cat_0,370
18191,775,cat_1,775
18192,159,cat_2,159
18193,875,cat_3,875
18194,646,cat_4,646
18195,50,cat_0,50
18196,213,cat_1,213
18197,21,cat_2,21
18198,175,cat_3,175
18199,127,cat_4,127
18200,180,cat_0,180
18201,910,cat_1,910
18202,74,cat_2,74
18203,143,cat_3,143
18204,622,cat_4,622
18205,682,cat_0,682
18206,929,cat_1,929
18207,795,cat_2,795
18208,878,cat_3,878
18209,202,cat_4,202
18210,242,cat_0,242
18211,385,cat_1,385
18212,22,cat_2,22
18213,502,cat_3,502
18214,621,cat_4,621
18215,915,cat_0,915
18216,974,cat_1,974
18217,548,cat_2,548
18218,497,cat_3,497
18219,164,cat_4,164
18220,319,cat_0,319
18221,46,cat_1,46
18222,186,cat_2,186
18223,932,cat_3,932
18224,56,cat_4,56
18225,37,cat_0,37
18226,557,cat_1,557
18227,780,cat_2,780
18228,823,cat_3,823
18229,905,cat_4,905
18230,813,cat_0,813
18231,877,cat_1,877
18232,276,cat_2,276
18233,405,cat_3,405
18234,60,cat_4,60
18235,682,cat_0,682
18236,673,cat_1,673
18237,50,cat_2,50
18238,937,cat_3,937
18239,703,cat_4,703
18240,332,cat_0,332
18241,355,cat_1,355
18242,296,cat_2,296
18243,915,cat_3,915
18244,421,cat_4,421
18245,751,cat_0,751
18246,874,cat_1,874
18247,364,cat_2,364
18248,159,cat_3,159
18249,70,cat_4,70
18250,333,cat_0,333
18251,410,cat_1,410
18252,939,cat_2,939
18253,330,cat_3,330
18254,169,cat_4,169
18255,702,cat_0,702
18256,199,cat_1,199
18257,304,cat_2,304
18258,557,cat_3,557
18259,294,cat_4,294
18260,711,cat_0,711
18261,129,cat_1,129
18262,490,cat_2,490
18263,229,cat_3,229
18264,898,cat_4,898
18265,314,cat_0,314
18266,614,cat_1,614
18267,231,cat_2,231
18268,138,cat_3,138
18269,399,cat_4,399
18270,206,cat_0,206
18271,586,cat_1,586
18272,382,cat_2,382
18273,810,cat_3,810
18274,103,cat_4,103
18275,844,cat_0,844
18276,790,cat_1,790
18277,213,cat_2,213
18278,668,cat_3,668
18279,953,cat_4,953
18280,13,cat_0,13
18281,631,cat_1,631
18282,970,cat_2,970
18283,636,cat_3,636
18284,520,cat_4,520
18285,491,cat_0,491
18286,200,cat_1,200
18287,445,cat_2,445
18288,734,cat_3,734
18289,758,cat_4,758
18290,654,cat_0,654
18291,446,cat_1,446
18292,600,cat_2,600
18293,190,cat_3,190
18294,672,cat_4,672
18295,637,cat_0,637
18296,38,cat_1,38
18297,488,cat_2,488
18298,129,cat_3,129
18299,677,cat_4,677
18300,369,cat_0,369
18301,233,cat_1,233
18302,232,cat_2,232
18303,251,cat_3,251
18304,395,cat_4,395
18305,735,cat_0,735
18306,428,cat_1,428
18307,371,cat_2,371
18308,45,cat_3,45
18309,985,cat_4,985
18310,843,cat_0,843
18311,878,cat_1,878
18312,411,cat_2,411
18313,239,cat_3,239
18314,321,cat_4,321
18315,70,cat_0,70
18316,130,cat_1,130
18317,11,cat_2,11
18318,576,cat_3,576
18319,507,cat_4,507
18320,957,cat_0,957
18321,351,cat_1,351
18322,70,cat_2,70
18323,875,cat_3,875
18324,921,cat_4,921
18325,431,cat_0,431
18326,817,cat_1,817
18327,911,cat_2,911
18328,784,cat_3,784
18329,588,cat_4,588
18330,275,cat_0,275
18331,959,cat_1,959
18332,615,cat_2,615
18333,373,cat_3,373
18334,495,cat_4,495
18335,501,cat_0,501
18336,708,cat_1,708
18337,13,cat_2,13
18338,560,cat_3,560
18339,286,cat_4,286
18340,140,cat_0,140
18341,472,cat_1,472
18342,13,cat_2,13
18343,21,cat_3,21
18344,607,cat_4,607
18345,304,cat_0,304
18346,13,cat_1,13
18347,308,cat_2,308
18348,472,cat_3,472
18349,807,cat_4,807
18350,354,cat_0,354
18351,859,cat_1,859
18352,913,cat_2,913
18353,968,cat_3,968
18354,406,cat_4,406
18355,878,cat_0,878
18356,425,cat_1,425
18357,158,cat_2,158
18358,229,cat_3,229
18359,408,cat_4,408
18360,557,cat_0,557
18361,383,cat_1,383
18362,990,cat_2,990
18363,10,cat_3,10
18364,644,cat_4,644
18365,266,cat_0,266
18366,341,cat_1,341
18367,586,cat_2,586
18368,372,cat_3,372
18369,959,cat_4,959
18370,559,cat_0,559
18371,19,cat_1,19
18372,158,cat_2,158
18373,572,cat_3,572
18374,671,cat_4,671
18375,506,cat_0,506
18376,788,cat_1,788
18377,108,cat_2,108
18378,421,cat_3,421
18379,352,cat_4,352
18380,560,cat_0,560
18381,473,cat_1,473
18382,711,cat_2,711
18383,587,cat_3,587
18384,783,cat_4,783
18385,649,cat_0,649
18386,672,cat_1,672
18387,306,cat_2,306
18388,633,cat_3,633
18389,666,cat_4,666
18390,419,cat_0,419
18391,648,cat_1,648
18392,243,cat_2,243
18393,300,cat_3,300
18394,24,cat_4,24
18395,655,cat_0,655
18396,384,cat_1,384
18397,811,cat_2,811
18398,851,cat_3,851
18399,54,cat_4,54
18400,311,cat_0,311
18401,492,cat_1,492
18402,290,cat_2,290
18403,451,cat_3,451
18404,926,cat_4,926
18405,235,cat_0,235
18406,870,cat_1,870
18407,352,cat_2,352
18408,124,cat_3,124
18409,266,cat_4,266
18410,453,cat_0,453
18411,858,cat_1,858
18412,254,cat_2,254
18413,303,cat_3,303
18414,448,cat_4,448
18415,681,cat_0,681
18416,737,cat_1,737
18417,606,cat_2,606
18418,578,cat_3,578
18419,733,cat_4,733
18420,832,cat_0,832
18421,747,cat_1,747
18422,403,cat_2,403
18423,729,cat_3,729
18424,995,cat_4,995
18425,412,cat_0,412
18426,116,cat_1,116
18427,3,cat_2,3
18428,888,cat_3,888
18429,808,cat_4,808
18430,45,cat_0,45
18431,589,cat_1,589
18432,900,cat_2,900
18433,355,cat_3,355
18434,801,cat_4,801
18435,77,cat_0,77
18436,959,cat_1,959
18437,113,cat_2,113
18438,118,cat_3,118
18439,456,cat_4,456
18440,90,cat_0,90
18441,724,cat_1,724
18442,828,cat_2,828
18443,42,cat_3,42
18444,737,cat_4,737
18445,586,cat_0,586
18446,514,cat_1,514
18447,238,cat_2,238
18448,70,cat_3,70
18449,967,cat_4,967
18450,522,cat_0,522
18451,202,cat_1,202
18452,350,cat_2,350
18453,745,cat_3,745
18454,637,cat_4,637
18455,14,cat_0,14
18456,152,cat_1,152
18457,284,cat_2,284
18458,272,cat_3,272
18459,292,cat_4,292
18460,783,cat_0,783
18461,116,cat_1,116
18462,507,cat_2,507
18463,741,cat_3,741
18464,823,cat_4,823
18465,927,cat_0,927
18466,250,cat_1,250
18467,922,cat_2,922
18468,464,cat_3,464
18469,775,cat_4,775
18470,188,cat_0,188
18471,627,cat_1,627
18472,796,cat_2,796
18473,941,cat_3,941
18474,758,cat_4,758
18475,35,cat_0,35
18476,354,cat_1,354
18477,602,cat_2,602
18478,820,cat_3,820
18479,806,cat_4,806
18480,143,cat_0,143
18481,306,cat_1,306
18482,501,cat_2,501
18483,221,cat_3,221
18484,659,cat_4,659
18485,474,cat_0,474
18486,977,cat_1,977
18487,535,cat_2,535
18488,529,cat_3,529
18489,783,cat_4,783
18490,876,cat_0,876
18491,753,cat_1,753
18492,693,cat_2,693
18493,179,cat_3,179
18494,754,cat_4,754
18495,33,cat_0,33
18496,270,cat_1,270
18497,258,cat_2,258
18498,909,cat_3,909
18499,844,cat_4,844
18500,779,cat_0,779
18501,649,cat_1,649
18502,483,cat_2,483
18503,369,cat_3,369
18504,181,cat_4,181
18505,522,cat_0,522
18506,364,cat_1,364
18507,883,cat_2,883
18508,78,cat_3,78
18509,127,cat_4,127
18510,721,cat_0,721
18511,939,cat_1,939
18512,774,cat_2,774
18513,951,cat_3,951
18514,740,cat_4,740
18515,318,cat_0,318
18516,745,cat_1,745
18517,756,cat_2,756
18518,657,cat_3,657
18519,361,cat_4,361
18520,808,cat_0,808
18521,667,cat_1,667
18522,585,cat_2,585
18523,853,cat_3,853
18524,390,cat_4,390
18525,158,cat_0,158
18526,23,cat_1,23
18527,914,cat_2,914
18528,399,cat_3,399
18529,750,cat_4,750
18530,881,cat_0,881
18531,263,cat_1,263
18532,298,cat_2,298
18533,23,cat_3,23
18534,548,cat_4,548
18535,413,cat_0,413
18536,219,cat_1,219
18537,577,cat_2,577
18538,851,cat_3,851
18539,938,cat_4,938
18540,484,cat_0,484
18541,65,cat_1,65
18542,648,cat_2,648
18543,365,cat_3,365
18544,638,cat_4,638
18545,407,cat_0,407
18546,637,cat_1,637
18547,371,cat_2,371
18548,952,cat_3,952
18549,39,cat_4,39
18550,443,cat_0,443
18551,607,cat_1,607
18552,24,cat_2,24
18553,938,cat_3,938
18554,922,cat_4,922
18555,87,cat_0,87
18556,414,cat_1,414
18557,377,cat_2,377
18558,780,cat_3,780
18559,644,cat_4,644
18560,367,cat_0,367
18561,62,cat_1,62
18562,737,cat_2,737
18563,504,cat_3,504
18564,552,cat_4,552
18565,277,cat_0,277
18566,354,cat_1,354
18567,826,cat_2,826
18568,128,cat_3,128
18569,556,cat_4,556
18570,704,cat_0,704
18571,217,cat_1,217
18572,564,cat_2,564
18573,967,cat_3,967
18574,379,cat_4,379
18575,561,cat_0,561
18576,740,cat_1,740
18577,832,cat_2,832
18578,824,cat_3,824
18579,696,cat_4,696
18580,496,cat_0,496
18581,933,cat_1,933
18582,309,cat_2,309
18583,338,cat_3,338
18584,52,cat_4,52
18585,406,cat_0,406
18586,210,cat_1,210
18587,575,cat_2,575
18588,78,cat_3,78
18589,196,cat_4,196
18590,2,cat_0,2
18591,860,cat_1,860
18592,162,cat_2,162
18593,875,cat_3,875
18594,666,cat_4,666
18595,365,cat_0,365
18596,217,cat_1,217
18597,706,cat_2,706
18598,576,cat_3,576
18599,515,cat_4,515
18600,158,cat_0,158
18601,36,cat_1,36
18602,326,cat_2,326
18603,993,cat_3,993
18604,763,cat_4,763
18605,125,cat_0,125
18606,261,cat_1,261
18607,485,cat_2,485
18608,977,cat_3,977
18609,321,cat_4,321
18610,669,cat_0,669
18611,230,cat_1,230
18612,458,cat_2,458
18613,580,cat_3,580
18614,932,cat_4,932
18615,674,cat_0,674
18616,278,cat_1,278
18617,788,cat_2,788
18618,49,cat_3,49
18619,63,cat_4,63
18620,214,cat_0,214
18621,463,cat_1,463
18622,495,cat_2,495
18623,329,cat_3,329
18624,245,cat_4,245
18625,582,cat_0,582
18626,79,cat_1,79
18627,266,cat_2,266
18628,125,cat_3,125
18629,346,cat_4,346
18630,431,cat_0,431
18631,63,cat_1,63
18632,822,cat_2,822
18633,609,cat_3,609
18634,946,cat_4,946
18635,659,cat_0,659
18636,814,cat_1,814
18637,792,cat_2,792
18638,80,cat_3,80
18639,473,cat_4,473
18640,163,cat_0,163
18641,389,cat_1,389
18642,576,cat_2,576
18643,755,cat_3,755
18644,283,cat_4,283
18645,895,cat_0,895
18646,632,cat_1,632
18647,765,cat_2,765
18648,97,cat_3,97
18649,203,cat_4,203
18650,44,cat_0,44
18651,158,cat_1,158
18652,568,cat_2,568
18653,265,cat_3,265
18654,147,cat_4,147
18655,40,cat_0,40
18656,962,cat_1,962
18657,97,cat_2,97
18658,285,cat_3,285
18659,440,cat_4,440
18660,263,cat_0,263
18661,536,cat_1,536
18662,808,cat_2,808
18663,898,cat_3,898
18664,196,cat_4,196
18665,507,cat_0,507
18666,542,cat_1,542
18667,456,cat_2,456
18668,877,cat_3,877
18669,96,cat_4,96
18670,85,cat_0,85
18671,157,cat_1,157
18672,982,cat_2,982
18673,502,cat_3,502
18674,61,cat_4,61
18675,634,cat_0,634
18676,483,cat_1,483
18677,320,cat_2,320
18678,578,cat_3,578
18679,846,cat_4,846
18680,644,cat_0,644
18681,174,cat_1,174
18682,694,cat_2,694
18683,531,cat_3,531
18684,978,cat_4,978
18685,542,cat_0,542
18686,541,cat_1,541
18687,970,cat_2,970
18688,813,cat_3,813
18689,633,cat_4,633
18690,384,cat_0,384
18691,764,cat_1,764
18692,54,cat_2,54
18693,698,cat_3,698
18694,332,cat_4,332
18695,499,cat_0,499
18696,878,cat_1,878
18697,404,cat_2,404
18698,899,cat_3,899
18699,775,cat_4,775
18700,855,cat_0,855
18701,471,cat_1,471
18702,535,cat_2,535
18703,874,cat_3,874
18704,882,cat_4,882
18705,680,cat_0,680
18706,455,cat_1,455
18707,429,cat_2,429
18708,464,cat_3,464
18709,735,cat_4,735
18710,675,cat_0,675
18711,82,cat_1,82
18712,935,cat_2,935
18713,534,cat_3,534
18714,633,cat_4,633
18715,401,cat_0,401
18716,684,cat_1,684
18717,719,cat_2,719
18718,944,cat_3,944
18719,898,cat_4,898
18720,64,cat_0,64
18721,940,cat_1,940
18722,508,cat_2,508
18723,654,cat_3,654
18724,621,cat_4,621
18725,703,cat_0,703
18726,13,cat_1,13
18727,112,cat_2,112
18728,388,cat_3,388
18729,302,cat_4,302
18730,803,cat_0,803
18731,604,cat_1,604
18732,192,cat_2,192
18733,21,cat_3,21
18734,666,cat_4,666
18735,556,cat_0,556
18736,592,cat_1,592
18737,733,cat_2,733
18738,323,cat_3,323
18739,649,cat_4,649
18740,887,cat_0,887
18741,404,cat_1,404
18742,19,cat_2,19
18743,231,cat_3,231
18744,306,cat_4,306
18745,173,cat_0,173
18746,747,cat_1,747
18747,627,cat_2,627
18748,650,cat_3,650
18749,335,cat_4,335
18750,800,cat_0,800
18751,922,cat_1,922
18752,249,cat_2,249
18753,666,cat_3,666
18754,457,cat_4,457
18755,260,cat_0,260
18756,845,cat_1,845
18757,901,cat_2,901
18758,578,cat_3,578
18759,660,cat_4,660
18760,358,cat_0,358
18761,951,cat_1,951
18762,736,cat_2,736
18763,126,cat_3,126
18764,951,cat_4,951
18765,717,cat_0,717
18766,26,cat_1,26
18767,666,cat_2,666
18768,514,cat_3,514
18769,166,cat_4,166
18770,426,cat_0,426
18771,566,cat_1,566
18772,206,cat_2,206
18773,351,cat_3,351
18774,815,cat_4,815
18775,555,cat_0,555
18776,235,cat_1,235
18777,727,cat_2,727
18778,806,cat_3,806
18779,5,cat_4,5
18780,531,cat_0,531
18781,962,cat_1,962
18782,338,cat_2,338
18783,408,cat_3,408
18784,744,cat_4,744
18785,206,cat_0,206
18786,927,cat_1,927
18787,189,cat_2,189
18788,350,cat_3,350
18789,804,cat_4,804
18790,208,cat_0,208
18791,989,cat_1,989
18792,66,cat_2,66
18793,501,cat_3,501
18794,372,cat_4,372
18795,505,cat_0,505
18796,544,cat_1,544
18797,332,cat_2,332
18798,383,cat_3,383
18799,881,cat_4,881
18800,267,cat_0,267
18801,989,cat_1,989
18802,168,cat_2,168
18803,337,cat_3,337
18804,830,cat_4,830
18805,620,cat_0,620
18806,903,cat_1,903
18807,680,cat_2,680
18808,388,cat_3,388
18809,506,cat_4,506
18810,894,cat_0,894
18811,851,cat_1,851
18812,2,cat_2,2
18813,288,cat_3,288
18814,591,cat_4,591
18815,651,cat_0,651
18816,208,cat_1,208
18817,325,cat_2,325
18818,538,cat_3,538
18819,773,cat_4,773
18820,611,cat_0,611
18821,741,cat_1,741
18822,433,cat_2,433
18823,784,cat_3,784
18824,31,cat_4,31
18825,412,cat_0,412
18826,811,cat_1,811
18827,798,cat_2,798
18828,272,cat_3,272
18829,571,cat_4,571
18830,352,cat_0,352
18831,997,cat_1,997
18832,231,cat_2,231
18833,132,cat_3,132
18834,101,cat_4,101
18835,745,cat_0,745
18836,772,cat_1,772
18837,115,cat_2,115
18838,59,cat_3,59
18839,828,cat_4,828
18840,376,cat_0,376
18841,340,cat_1,340
18842,646,cat_2,646
18843,87,cat_3,87
18844,37,cat_4,37
18845,134,cat_0,134
18846,653,cat_1,653
18847,32,cat_2,32
18848,471,cat_3,471
18849,794,cat_4,794
18850,806,cat_0,806
18851,963,cat_1,963
18852,848,cat_2,848
18853,611,cat_3,611
18854,894,cat_4,894
18855,256,cat_0,256
18856,814,cat_1,814
18857,961,cat_2,961
18858,756,cat_3,756
18859,230,cat_4,230
18860,931,cat_0,931
18861,195,cat_1,195
18862,644,cat_2,644
18863,747,cat_3,747
18864,871,cat_4,871
18865,123,cat_0,123
18866,478,cat_1,478
18867,717,cat_2,717
18868,618,cat_3,618
18869,955,cat_4,955
18870,139,cat_0,139
18871,261,cat_1,261
18872,628,cat_2,628
18873,927,cat_3,927
18874,418,cat_4,418
18875,365,cat_0,365
18876,52,cat_1,52
18877,201,cat_2,201
18878,630,cat_3,630
18879,175,cat_4,175
18880,559,cat_0,559
18881,811,cat_1,811
18882,77,cat_2,77
18883,965,cat_3,965
18884,48,cat_4,48
18885,463,cat_0,463
18886,297,cat_1,297
18887,950,cat_2,950
18888,801,cat_3,801
18889,212,cat_4,212
18890,434,cat_0,434
18891,528,cat_1,528
18892,160,cat_2,160
18893,117,cat_3,117
18894,454,cat_4,454
18895,1000,cat_0,1000
18896,182,cat_1,182
18897,131,cat_2,131
18898,563,cat_3,563
18899,234,cat_4,234
18900,631,cat_0,631
18901,481,cat_1,481
18902,159,cat_2,159
18903,296,cat_3,296
18904,489,cat_4,489
18905,490,cat_0,490
18906,29,cat_1,29
18907,885,cat_2,885
18908,8,cat_3,8
18909,526,cat_4,526
18910,604,cat_0,604
18911,296,cat_1,296
18912,288,cat_2,288
18913,594,cat_3,594
18914,677,cat_4,677
18915,411,cat_0,411
18916,704,cat_1,704
18917,408,cat_2,408
18918,798,cat_3,798
18919,938,cat_4,938
18920,295,cat_0,295
18921,615,cat_1,615
18922,804,cat_2,804
18923,367,cat_3,367
18924,642,cat_4,642
18925,932,cat_0,932
18926,62,cat_1,62
18927,682,cat_2,682
18928,360,cat_3,360
18929,29,cat_4,29
18930,355,cat_0,355
18931,112,cat_1,112
18932,140,cat_2,140
18933,187,cat_3,187
18934,364,cat_4,364
18935,226,cat_0,226
18936,807,cat_1,807
18937,994,cat_2,994
18938,840,cat_3,840
18939,261,cat_4,261
18940,331,cat_0,331
18941,321,cat_1,321
18942,140,cat_2,140
18943,938,cat_3,938
18944,844,cat_4,844
18945,364,cat_0,364
18946,20,cat_1,20
18947,492,cat_2,492
18948,626,cat_3,626
18949,335,cat_4,335
18950,144,cat_0,144
18951,210,cat_1,210
18952,913,cat_2,913
18953,278,cat_3,278
18954,537,cat_4,537
18955,983,cat_0,983
18956,441,cat_1,441
18957,531,cat_2,531
18958,49,cat_3,49
18959,536,cat_4,536
18960,362,cat_0,362
18961,642,cat_1,642
18962,810,cat_2,810
18963,154,cat_3,154
18964,125,cat_4,125
18965,962,cat_0,962
18966,437,cat_1,437
18967,646,cat_2,646
18968,593,cat_3,593
18969,375,cat_4,375
18970,933,cat_0,933
18971,920,cat_1,920
18972,30,cat_2,30
18973,396,cat_3,396
18974,152,cat_4,152
18975,657,cat_0,657
18976,120,cat_1,120
18977,835,cat_2,835
18978,486,cat_3,486
18979,91,cat_4,91
18980,199,cat_0,199
18981,839,cat_1,839
18982,504,cat_2,504
18983,810,cat_3,810
18984,690,cat_4,690
18985,341,cat_0,341
18986,213,cat_1,213
18987,417,cat_2,417
18988,375,cat_3,375
18989,150,cat_4,150
18990,818,cat_0,818
18991,316,cat_1,316
18992,986,cat_2,986
18993,159,cat_3,159
18994,226,cat_4,226
18995,292,cat_0,292
18996,951,cat_1,951
18997,60,cat_2,60
18998,890,cat_3,890
18999,809,cat_4,809
19000,635,cat_0,635
19001,28,cat_1,28
19002,205,cat_2,205
19003,58,cat_3,58
19004,630,cat_4,630
19005,400,cat_0,400
19006,899,cat_1,899
19007,625,cat_2,625
19008,583,cat_3,583
19009,572,cat_4,572
19010,532,cat_0,532
19011,364,cat_1,364
19012,622,cat_2,622
19013,300,cat_3,300
19014,289,cat_4,289
19015,695,cat_0,695
19016,841,cat_1,841
19017,931,cat_2,931
19018,891,cat_3,891
19019,207,cat_4,207
19020,782,cat_0,782
19021,64,cat_1,64
19022,312,cat_2,312
19023,365,cat_3,365
19024,217,cat_4,217
19025,814,cat_0,814
19026,831,cat_1,831
19027,167,cat_2,167
19028,338,cat_3,338
19029,645,cat_4,645
19030,734,cat_0,734
19031,22,cat_1,22
19032,995,cat_2,995
19033,130,cat_3,130
19034,837,cat_4,837
19035,313,cat_0,313
19036,580,cat_1,580
19037,248,cat_2,248
19038,955,cat_3,955
19039,791,cat_4,791
19040,991,cat_0,991
19041,489,cat_1,489
19042,482,cat_2,482
19043,135,cat_3,135
19044,12,cat_4,12
19045,682,cat_0,682
19046,514,cat_1,514
19047,304,cat_2,304
19048,310,cat_3,310
19049,343,cat_4,343
19050,451,cat_0,451
19051,364,cat_1,364
19052,546,cat_2,546
19053,911,cat_3,911
19054,246,cat_4,246
19055,37,cat_0,37
19056,989,cat_1,989
19057,165,cat_2,165
19058,558,cat_3,558
19059,154,cat_4,154
19060,53,cat_0,53
19061,864,cat_1,864
19062,949,cat_2,949
19063,639,cat_3,639
19064,338,cat_4,338
19065,420,cat_0,420
19066,243,cat_1,243
19067,69,cat_2,69
19068,245,cat_3,245
19069,330,cat_4,330
19070,438,cat_0,438
19071,202,cat_1,202
19072,477,cat_2,477
19073,414,cat_3,414
19074,754,cat_4,754
19075,317,cat_0,317
19076,113,cat_1,113
19077,746,cat_2,746
19078,427,cat_3,427
19079,815,cat_4,815
19080,16,cat_0,16
19081,473,cat_1,473
19082,226,cat_2,226
19083,588,cat_3,588
19084,621,cat_4,621
19085,794,cat_0,794
19086,261,cat_1,261
19087,623,cat_2,623
19088,987,cat_3,987
19089,539,cat_4,539
19090,397,cat_0,397
19091,289,cat_1,289
19092,540,cat_2,540
19093,417,cat_3,417
19094,4,cat_4,4
19095,494,cat_0,494
19096,768,cat_1,768
19097,177,cat_2,177
19098,819,cat_3,819
19099,958,cat_4,958
19100,692,cat_0,692
19101,462,cat_1,462
19102,569,cat_2,569
19103,37,cat_3,37
19104,343,cat_4,343
19105,207,cat_0,207
19106,420,cat_1,420
19107,723,cat_2,723
19108,878,cat_3,878
19109,974,cat_4,974
19110,307,cat_0,307
19111,916,cat_1,916
19112,70,cat_2,70
19113,364,cat_3,364
19114,930,cat_4,930
19115,23,cat_0,23
19116,538,cat_1,538
19117,861,cat_2,861
19118,228,cat_3,228
19119,228,cat_4,228
19120,664,cat_0,664
19121,278,cat_1,278
19122,619,cat_2,619
19123,455,cat_3,455
19124,703,cat_4,703
19125,591,cat_0,591
19126,273,cat_1,273
19127,462,cat_2,462
19128,50,cat_3,50
19129,555,cat_4,555
19130,52,cat_0,52
19131,686,cat_1,686
19132,781,cat_2,781
19133,119,cat_3,119
19134,452,cat_4,452
19135,381,cat_0,381
19136,583,cat_1,583
19137,434,cat_2,434
19138,959,cat_3,959
19139,765,cat_4,765
19140,124,cat_0,124
19141,409,cat_1,409
19142,10,cat_2,10
19143,70,cat_3,70
19144,261,cat_4,261
19145,975,cat_0,975
19146,393,cat_1,393
19147,717,cat_2,717
19148,493,cat_3,493
19149,625,cat_4,625
19150,960,cat_0,960
19151,846,cat_1,846
19152,837,cat_2,837
19153,827,cat_3,827
19154,173,cat_4,173
19155,513,cat_0,513
19156,562,cat_1,562
19157,603,cat_2,603
19158,623,cat_3,623
19159,856,cat_4,856
19160,88,cat_0,88
19161,589,cat_1,589
19162,353,cat_2,353
19163,746,cat_3,746
19164,682,cat_4,682
19165,556,cat_0,556
19166,499,cat_1,499
19167,476,cat_2,476
19168,497,cat_3,497
19169,283,cat_4,283
19170,468,cat_0,468
19171,670,cat_1,670
19172,682,cat_2,682
19173,290,cat_3,290
19174,452,cat_4,452
19175,441,cat_0,441
19176,935,cat_1,935
19177,221,cat_2,221
19178,502,cat_3,502
19179,155,cat_4,155
19180,271,cat_0,271
19181,783,cat_1,783
19182,401,cat_2,401
19183,943,cat_3,943
19184,887,cat_4,887
19185,142,cat_0,142
19186,195,cat_1,195
19187,217,cat_2,217
19188,178,cat_3,178
19189,951,cat_4,951
19190,953,cat_0,953
19191,160,cat_1,160
19192,394,cat_2,394
19193,319,cat_3,319
19194,25,cat_4,25
19195,430,cat_0,430
19196,445,cat_1,445
19197,202,cat_2,202
19198,2,cat_3,2
19199,637,cat_4,637
19200,156,cat_0,156
19201,192,cat_1,192
19202,750,cat_2,750
19203,241,cat_3,241
19204,20,cat_4,20
19205,421,cat_0,421
19206,507,cat_1,507
19207,13,cat_2,13
19208,1000,cat_3,1000
19209,361,cat_4,361
19210,139,cat_0,139
19211,737,cat_1,737
19212,729,cat_2,729
19213,130,cat_3,130
19214,109,cat_4,109
19215,474,cat_0,474
19216,539,cat_1,539
19217,979,cat_2,979
19218,19,cat_3,19
19219,651,cat_4,651
19220,1000,cat_0,1000
19221,830,cat_1,830
19222,251,cat_2,251
19223,120,cat_3,120
19224,60,cat_4,60
19225,379,cat_0,379
19226,629,cat_1,629
19227,259,cat_2,259
19228,813,cat_3,813
19229,760,cat_4,760
19230,25,cat_0,25
19231,960,cat_1,960
19232,702,cat_2,702
19233,663,cat_3,663
19234,615,cat_4,615
19235,135,cat_0,135
19236,70,cat_1,70
19237,394,cat_2,394
19238,913,cat_3,913
19239,56,cat_4,56
19240,564,cat_0,564
19241,853,cat_1,853
19242,862,cat_2,862
19243,910,cat_3,910
19244,644,cat_4,644
19245,109,cat_0,109
19246,498,cat_1,498
19247,81,cat_2,81
19248,123,cat_3,123
19249,822,cat_4,822
19250,136,cat_0,136
19251,91,cat_1,91
19252,540,cat_2,540
19253,136,cat_3,136
19254,186,cat_4,186
19255,135,cat_0,135
19256,330,cat_1,330
19257,713,cat_2,713
19258,661,cat_3,661
19259,885,cat_4,885
19260,379,cat_0,379
19261,498,cat_1,498
19262,109,cat_2,109
19263,451,cat_3,451
19264,875,cat_4,875
19265,834,cat_0,834
19266,828,cat_1,828
19267,913,cat_2,913
19268,337,cat_3,337
19269,499,cat_4,499
19270,104,cat_0,104
19271,227,cat_1,227
19272,79,cat_2,79
19273,269,cat_3,269
19274,878,cat_4,878
19275,535,cat_0,535
19276,161,cat_1,161
19277,51,cat_2,51
19278,308,cat_3,308
19279,833,cat_4,833
19280,882,cat_0,882
19281,269,cat_1,269
19282,318,cat_2,318
19283,757,cat_3,757
19284,385,cat_4,385
19285,840,cat_0,840
19286,709,cat_1,709
19287,50,cat_2,50
19288,620,cat_3,620
19289,512,cat_4,512
19290,30,cat_0,30
19291,607,cat_1,607
19292,425,cat_2,425
19293,751,cat_3,751
19294,538,cat_4,538
19295,206,cat_0,206
19296,512,cat_1,512
19297,855,cat_2,855
19298,527,cat_3,527
19299,731,cat_4,731
19300,960,cat_0,960
19301,608,cat_1,608
19302,269,cat_2,269
19303,523,cat_3,523
19304,880,cat_4,880
19305,412,cat_0,412
19306,609,cat_1,609
19307,301,cat_2,301
19308,271,cat_3,271
19309,30,cat_4,30
19310,650,cat_0,650
19311,974,cat_1,974
19312,812,cat_2,812
19313,101,cat_3,101
19314,95,cat_4,95
19315,543,cat_0,543
19316,701,cat_1,701
19317,563,cat_2,563
19318,679,cat_3,679
19319,475,cat_4,475
19320,974,cat_0,974
19321,23,cat_1,23
19322,977,cat_2,977
19323,79,cat_3,79
19324,736,cat_4,736
19325,650,cat_0,650
19326,910,cat_1,910
19327,153,cat_2,153
19328,947,cat_3,947
19329,74,cat_4,74
19330,426,cat_0,426
19331,611,cat_1,611
19332,102,cat_2,102
19333,698,cat_3,698
19334,888,cat_4,888
19335,716,cat_0,716
19336,542,cat_1,542
19337,496,cat_2,496
19338,186,cat_3,186
19339,971,cat_4,971
19340,276,cat_0,276
19341,176,cat_1,176
19342,834,cat_2,834
19343,500,cat_3,500
19344,898,cat_4,898
19345,965,cat_0,965
19346,946,cat_1,946
19347,196,cat_2,196
19348,361,cat_3,361
19349,498,cat_4,498
19350,105,cat_0,105
19351,981,cat_1,981
19352,681,cat_2,681
19353,930,cat_3,930
19354,30,cat_4,30
19355,499,cat_0,499
19356,149,cat_1,149
19357,985,cat_2,985
19358,66,cat_3,66
19359,483,cat_4,483
19360,943,cat_0,943
19361,107,cat_1,107
19362,221,cat_2,221
19363,690,cat_3,690
19364,972,cat_4,972
19365,896,cat_0,896
19366,920,cat_1,920
19367,251,cat_2,251
19368,637,cat_3,637
19369,535,cat_4,535
19370,48,cat_0,48
19371,459,cat_1,459
19372,527,cat_2,527
19373,780,cat_3,780
19374,892,cat_4,892
19375,360,cat_0,360
19376,149,cat_1,149
19377,807,cat_2,807
19378,105,cat_3,105
19379,625,cat_4,625
19380,682,cat_0,682
19381,703,cat_1,703
19382,395,cat_2,395
19383,715,cat_3,715
19384,484,cat_4,484
19385,343,cat_0,343
19386,374,cat_1,374
19387,710,cat_2,710
19388,374,cat_3,374
19389,767,cat_4,767
19390,499,cat_0,499
19391,557,cat_1,557
19392,924,cat_2,924
19393,920,cat_3,920
19394,56,cat_4,56
19395,168,cat_0,168
19396,628,cat_1,628
19397,29,cat_2,29
19398,546,cat_3,546
19399,299,cat_4,299
19400,623,cat_0,623
19401,912,cat_1,912
19402,831,cat_2,831
19403,400,cat_3,400
19404,53,cat_4,53
19405,245,cat_0,245
19406,248,cat_1,248
19407,657,cat_2,657
19408,709,cat_3,709
19409,998,cat_4,998
19410,795,cat_0,795
19411,732,cat_1,732
19412,748,cat_2,748
19413,172,cat_3,172
19414,611,cat_4,611
19415,713,cat_0,713
19416,110,cat_1,110
19417,704,cat_2,704
19418,635,cat_3,635
19419,918,cat_4,918
19420,642,cat_0,642
19421,13,cat_1,13
19422,599,cat_2,599
19423,684,cat_3,684
19424,560,cat_4,560
19425,861,cat_0,861
19426,637,cat_1,637
19427,914,cat_2,914
19428,856,cat_3,856
19429,415,cat_4,415
19430,453,cat_0,453
19431,384,cat_1,384
19432,329,cat_2,329
19433,296,cat_3,296
19434,366,cat_4,366
19435,760,cat_0,760
19436,541,cat_1,541
19437,71,cat_2,71
19438,180,cat_3,180
19439,948,cat_4,948
19440,145,cat_0,145
19441,549,cat_1,549
19442,405,cat_2,405
19443,935,cat_3,935
19444,701,cat_4,701
19445,699,cat_0,699
19446,507,cat_1,507
19447,571,cat_2,571
19448,442,cat_3,442
19449,631,cat_4,631
19450,705,cat_0,705
19451,220,cat_1,220
19452,179,cat_2,179
19453,318,cat_3,318
19454,588,cat_4,588
19455,251,cat_0,251
19456,468,cat_1,468
19457,269,cat_2,269
19458,371,cat_3,371
19459,883,cat_4,883
19460,183,cat_0,183
19461,350,cat_1,350
19462,253,cat_2,253
19463,206,cat_3,206
19464,296,cat_4,296
19465,847,cat_0,847
19466,450,cat_1,450
19467,279,cat_2,279
19468,115,cat_3,115
19469,965,cat_4,965
19470,214,cat_0,214
19471,747,cat_1,747
19472,390,cat_2,390
19473,481,cat_3,481
19474,816,cat_4,816
19475,596,cat_0,596
19476,552,cat_1,552
19477,87,cat_2,87
19478,78,cat_3,78
19479,721,cat_4,721
19480,297,cat_0,297
19481,992,cat_1,992
19482,399,cat_2,399
19483,151,cat_3,151
19484,502,cat_4,502
19485,464,cat_0,464
19486,498,cat_1,498
19487,894,cat_2,894
19488,372,cat_3,372
19489,738,cat_4,738
19490,943,cat_0,943
19491,240,cat_1,240
19492,444,cat_2,444
19493,358,cat_3,358
19494,388,cat_4,388
19495,768,cat_0,768
19496,108,cat_1,108
19497,299,cat_2,299
19498,835,cat_3,835
19499,713,cat_4,713
19500,34,cat_0,34
19501,114,cat_1,114
19502,899,cat_2,899
19503,135,cat_3,135
19504,319,cat_4,319
19505,258,cat_0,258
19506,457,cat_1,457
19507,167,cat_2,167
19508,323,cat_3,323
19509,469,cat_4,469
19510,877,cat_0,877
19511,601,cat_1,601
19512,633,cat_2,633
19513,641,cat_3,641
19514,341,cat_4,341
19515,520,cat_0,520
19516,332,cat_1,332
19517,140,cat_2,140
19518,321,cat_3,321
19519,930,cat_4,930
19520,84,cat_0,84
19521,481,cat_1,481
19522,772,cat_2,772
19523,503,cat_3,503
19524,232,cat_4,232
19525,730,cat_0,730
19526,740,cat_1,740
19527,50,cat_2,50
19528,682,cat_3,682
19529,838,cat_4,838
19530,334,cat_0,334
19531,558,cat_1,558
19532,195,cat_2,195
19533,630,cat_3,630
19534,854,cat_4,854
19535,193,cat_0,193
19536,885,cat_1,885
19537,175,cat_2,175
19538,947,cat_3,947
19539,975,cat_4,975
19540,389,cat_0,389
19541,502,cat_1,502
19542,734,cat_2,734
19543,803,cat_3,803
19544,310,cat_4,310
19545,846,cat_0,846
19546,106,cat_1,106
19547,267,cat_2,267
19548,137,cat_3,137
19549,872,cat_4,872
19550,795,cat_0,795
19551,718,cat_1,718
19552,518,cat_2,518
19553,603,cat_3,603
19554,174,cat_4,174
19555,484,cat_0,484
19556,950,cat_1,950
19557,980,cat_2,980
19558,523,cat_3,523
19559,848,cat_4,848
19560,542,cat_0,542
19561,790,cat_1,790
19562,422,cat_2,422
19563,247,cat_3,247
19564,433,cat_4,433
19565,166,cat_0,166
19566,586,cat_1,586
19567,398,cat_2,398
19568,145,cat_3,145
19569,783,cat_4,783
19570,243,cat_0,243
19571,802,cat_1,802
19572,975,cat_2,975
19573,547,cat_3,547
19574,143,cat_4,143
19575,617,cat_0,617
19576,512,cat_1,512
19577,746,cat_2,746
19578,612,cat_3,612
19579,761,cat_4,761
19580,47,cat_0,47
19581,969,cat_1,969
19582,999,cat_2,999
19583,150,cat_3,150
19584,937,cat_4,937
19585,1,cat_0,1
19586,488,cat_1,488
19587,479,cat_2,479
19588,849,cat_3,849
19589,464,cat_4,464
19590,44,cat_0,44
19591,761,cat_1,761
19592,25,cat_2,25
19593,80,cat_3,80
19594,230,cat_4,230
19595,663,cat_0,663
19596,55,cat_1,55
19597,908,cat_2,908
19598,648,cat_3,648
19599,623,cat_4,623
19600,232,cat_0,232
19601,886,cat_1,886
19602,318,cat_2,318
19603,496,cat_3,496
19604,232,cat_4,232
19605,565,cat_0,565
19606,762,cat_1,762
19607,522,cat_2,522
19608,570,cat_3,570
19609,870,cat_4,870
19610,764,cat_0,764
19611,45,cat_1,45
19612,712,cat_2,712
19613,91,cat_3,91
19614,649,cat_4,649
19615,930,cat_0,930
19616,596,cat_1,596
19617,95,cat_2,95
19618,931,cat_3,931
19619,42,cat_4,42
19620,446,cat_0,446
19621,190,cat_1,190
19622,689,cat_2,689
19623,445,cat_3,445
19624,457,cat_4,457
19625,774,cat_0,774
19626,104,cat_1,104
19627,790,cat_2,790
19628,530,cat_3,530
19629,894,cat_4,894
19630,484,cat_0,484
19631,328,cat_1,328
19632,702,cat_2,702
19633,287,cat_3,287
19634,191,cat_4,191
19635,558,cat_0,558
19636,114,cat_1,114
19637,748,cat_2,748
19638,356,cat_3,356
19639,905,cat_4,905
19640,41,cat_0,41
19641,2,cat_1,2
19642,854,cat_2,854
19643,65,cat_3,65
19644,789,cat_4,789
19645,58,cat_0,58
19646,774,cat_1,774
19647,28,cat_2,28
19648,632,cat_3,632
19649,399,cat_4,399
19650,352,cat_0,352
19651,96,cat_1,96
19652,491,cat_2,491
19653,161,cat_3,161
19654,670,cat_4,670
19655,76,cat_0,76
19656,583,cat_1,583
19657,694,cat_2,694
19658,705,cat_3,705
19659,31,cat_4,31
19660,867,cat_0,867
19661,732,cat_1,732
19662,750,cat_2,750
19663,884,cat_3,884
19664,828,cat_4,828
19665,749,cat_0,749
19666,689,cat_1,689
19667,862,cat_2,862
19668,244,cat_3,244
19669,832,cat_4,832
19670,585,cat_0,585
19671,431,cat_1,431
19672,684,cat_2,684
19673,409,cat_3,409
19674,346,cat_4,346
19675,909,cat_0,909
19676,704,cat_1,704
19677,541,cat_2,541
19678,538,cat_3,538
19679,970,cat_4,970
19680,721,cat_0,721
19681,90,cat_1,90
19682,166,cat_2,166
19683,670,cat_3,670
19684,542,cat_4,542
19685,1000,cat_0,1000
19686,270,cat_1,270
19687,285,cat_2,285
19688,646,cat_3,646
19689,75,cat_4,75
19690,736,cat_0,736
19691,597,cat_1,597
19692,775,cat_2,775
19693,211,cat_3,211
19694,885,cat_4,885
19695,451,cat_0,451
19696,340,cat_1,340
19697,78,cat_2,78
19698,247,cat_3,247
19699,718,cat_4,718
19700,181,cat_0,181
19701,363,cat_1,363
19702,984,cat_2,984
19703,792,cat_3,792
19704,577,cat_4,577
19705,234,cat_0,234
19706,25,cat_1,25
19707,375,cat_2,375
19708,557,cat_3,557
19709,239,cat_4,239
19710,322,cat_0,322
19711,832,cat_1,832
19712,429,cat_2,429
19713,270,cat_3,270
19714,60,cat_4,60
19715,595,cat_0,595
19716,527,cat_1,527
19717,755,cat_2,755
19718,106,cat_3,106
19719,900,cat_4,900
19720,980,cat_0,980
19721,861,cat_1,861
19722,480,cat_2,480
19723,978,cat_3,978
19724,804,cat_4,804
19725,668,cat_0,668
19726,819,cat_1,819
19727,71,cat_2,71
19728,615,cat_3,615
19729,76,cat_4,76
19730,901,cat_0,901
19731,220,cat_1,220
19732,421,cat_2,421
19733,433,cat_3,433
19734,453,cat_4,453
19735,436,cat_0,436
19736,802,cat_1,802
19737,885,cat_2,885
19738,180,cat_3,180
19739,630,cat_4,630
19740,920,cat_0,920
19741,656,cat_1,656
19742,706,cat_2,706
19743,827,cat_3,827
19744,259,cat_4,259
19745,702,cat_0,702
19746,885,cat_1,885
19747,206,cat_2,206
19748,87,cat_3,87
19749,15,cat_4,15
19750,776,cat_0,776
19751,965,cat_1,965
19752,382,cat_2,382
19753,76,cat_3,76
19754,829,cat_4,829
19755,350,cat_0,350
19756,998,cat_1,998
19757,33,cat_2,33
19758,698,cat_3,698
19759,970,cat_4,970
19760,352,cat_0,352
19761,427,cat_1,427
19762,228,cat_2,228
19763,380,cat_3,380
19764,663,cat_4,663
19765,29,cat_0,29
19766,51,cat_1,51
19767,959,cat_2,959
19768,708,cat_3,708
19769,935,cat_4,935
19770,677,cat_0,677
19771,318,cat_1,318
19772,905,cat_2,905
19773,973,cat_3,973
19774,549,cat_4,549
19775,401,cat_0,401
19776,229,cat_1,229
19777,371,cat_2,371
19778,936,cat_3,936
19779,401,cat_4,401
19780,906,cat_0,906
19781,897,cat_1,897
19782,309,cat_2,309
19783,178,cat_3,178
19784,551,cat_4,551
19785,130,cat_0,130
19786,705,cat_1,705
19787,646,cat_2,646
19788,789,cat_3,789
19789,429,cat_4,429
19790,677,cat_0,677
19791,264,cat_1,264
19792,634,cat_2,634
19793,66,cat_3,66
19794,168,cat_4,168
19795,899,cat_0,899
19796,992,cat_1,992
19797,922,cat_2,922
19798,147,cat_3,147
19799,263,cat_4,263
19800,594,cat_0,594
19801,104,cat_1,104
19802,801,cat_2,801
19803,423,cat_3,423
19804,746,cat_4,746
19805,473,cat_0,473
19806,743,cat_1,743
19807,260,cat_2,260
19808,736,cat_3,736
19809,846,cat_4,846
19810,448,cat_0,448
19811,801,cat_1,801
19812,297,cat_2,297
19813,323,cat_3,323
19814,385,cat_4,385
19815,92,cat_0,92
19816,264,cat_1,264
19817,789,cat_2,789
19818,747,cat_3,747
19819,163,cat_4,163
19820,64,cat_0,64
19821,886,cat_1,886
19822,919,cat_2,919
19823,101,cat_3,101
19824,428,cat_4,428
19825,669,cat_0,669
19826,60,cat_1,60
19827,175,cat_2,175
19828,789,cat_3,789
19829,647,cat_4,647
19830,792,cat_0,792
19831,319,cat_1,319
19832,924,cat_2,924
19833,242,cat_3,242
19834,459,cat_4,459
19835,740,cat_0,740
19836,226,cat_1,226
19837,428,cat_2,428
19838,139,cat_3,139
19839,233,cat_4,233
19840,236,cat_0,236
19841,621,cat_1,621
19842,688,cat_2,688
19843,712,cat_3,712
19844,914,cat_4,914
19845,416,cat_0,416
19846,101,cat_1,101
19847,483,cat_2,483
19848,592,cat_3,592
19849,93,cat_4,93
19850,977,cat_0,977
19851,142,cat_1,142
19852,443,cat_2,443
19853,107,cat_3,107
19854,387,cat_4,387
19855,685,cat_0,685
19856,860,cat_1,860
19857,564,cat_2,564
19858,516,cat_3,516
19859,217,cat_4,217
19860,431,cat_0,431
19861,403,cat_1,403
19862,928,cat_2,928
19863,488,cat_3,488
19864,287,cat_4,287
19865,524,cat_0,524
19866,710,cat_1,710
19867,155,cat_2,155
19868,479,cat_3,479
19869,655,cat_4,655
19870,50,cat_0,50
19871,435,cat_1,435
19872,562,cat_2,562
19873,892,cat_3,892
19874,950,cat_4,950
19875,295,cat_0,295
19876,171,cat_1,171
19877,296,cat_2,296
19878,207,cat_3,207
19879,888,cat_4,888
19880,317,cat_0,317
19881,245,cat_1,245
19882,2,cat_2,2
19883,147,cat_3,147
19884,410,cat_4,410
19885,351,cat_0,351
19886,809,cat_1,809
19887,84,cat_2,84
19888,745,cat_3,745
19889,894,cat_4,894
19890,196,cat_0,196
19891,958,cat_1,958
19892,754,cat_2,754
19893,994,cat_3,994
19894,905,cat_4,905
19895,345,cat_0,345
19896,72,cat_1,72
19897,109,cat_2,109
19898,622,cat_3,622
19899,281,cat_4,281
19900,569,cat_0,569
19901,363,cat_1,363
19902,90,cat_2,90
19903,80,cat_3,80
19904,621,cat_4,621
19905,789,cat_0,789
19906,437,cat_1,437
19907,403,cat_2,403
19908,580,cat_3,580
19909,618,cat_4,618
19910,82,cat_0,82
19911,762,cat_1,762
19912,261,cat_2,261
19913,204,cat_3,204
19914,43,cat_4,43
19915,184,cat_0,184
19916,830,cat_1,830
19917,45,cat_2,45
19918,672,cat_3,672
19919,138,cat_4,138
19920,88,cat_0,88
19921,281,cat_1,281
19922,542,cat_2,542
19923,791,cat_3,791
19924,431,cat_4,431
19925,321,cat_0,321
19926,929,cat_1,929
19927,64,cat_2,64
19928,914,cat_3,914
19929,904,cat_4,904
19930,244,cat_0,244
19931,744,cat_1,744
19932,135,cat_2,135
19933,198,cat_3,198
19934,300,cat_4,300
19935,531,cat_0,531
19936,652,cat_1,652
19937,659,cat_2,659
19938,833,cat_3,833
19939,87,cat_4,87
19940,812,cat_0,812
19941,646,cat_1,646
19942,226,cat_2,226
19943,859,cat_3,859
19944,466,cat_4,466
19945,675,cat_0,675
19946,248,cat_1,248
19947,962,cat_2,962
19948,143,cat_3,143
19949,262,cat_4,262
19950,496,cat_0,496
19951,961,cat_1,961
19952,942,cat_2,942
19953,810,cat_3,810
19954,445,cat_4,445
19955,919,cat_0,919
19956,222,cat_1,222
19957,750,cat_2,750
19958,764,cat_3,764
19959,889,cat_4,889
19960,542,cat_0,542
19961,484,cat_1,484
19962,569,cat_2,569
19963,117,cat_3,117
19964,155,cat_4,155
19965,306,cat_0,306
19966,427,cat_1,427
19967,2,cat_2,2
19968,857,cat_3,857
19969,260,cat_4,260
19970,467,cat_0,467
19971,226,cat_1,226
19972,683,cat_2,683
19973,683,cat_3,683
19974,95,cat_4,95
19975,33,cat_0,33
19976,155,cat_1,155
19977,198,cat_2,198
19978,905,cat_3,905
19979,246,cat_4,246
19980,90,cat_0,90
19981,739,cat_1,739
19982,520,cat_2,520
19983,784,cat_3,784
19984,392,cat_4,392
19985,232,cat_0,232
19986,539,cat_1,539
19987,807,cat_2,807
19988,1000,cat_3,1000
19989,816,cat_4,816
19990,915,cat_0,915
19991,963,cat_1,963
19992,511,cat_2,511
19993,210,cat_3,210
19994,137,cat_4,137
19995,857,cat_0,857
19996,564,cat_1,564
19997,765,cat_2,765
19998,122,cat_3,122
19999,171,cat_4,171
20000,118,cat_0,118
20001,666,cat_1,666
20002,165,cat_2,165
20003,972,cat_3,972
20004,417,cat_4,417
20005,198,cat_0,198
20006,381,cat_1,381
20007,744,cat_2,744
20008,300,cat_3,300
20009,489,cat_4,489
20010,482,cat_0,482
20011,232,cat_1,232
20012,80,cat_2,80
20013,432,cat_3,432
20014,298,cat_4,298
20015,316,cat_0,316
20016,855,cat_1,855
20017,917,cat_2,917
20018,484,cat_3,484
20019,529,cat_4,529
20020,954,cat_0,954
20021,313,cat_1,313
20022,735,cat_2,735
20023,775,cat_3,775
20024,457,cat_4,457
20025,689,cat_0,689
20026,767,cat_1,767
20027,465,cat_2,465
20028,975,cat_3,975
20029,978,cat_4,978
20030,685,cat_0,685
20031,749,cat_1,749
20032,721,cat_2,721
20033,514,cat_3,514
20034,768,cat_4,768
20035,782,cat_0,782
20036,955,cat_1,955
20037,264,cat_2,264
20038,238,cat_3,238
20039,763,cat_4,763
20040,697,cat_0,697
20041,251,cat_1,251
20042,42,cat_2,42
20043,470,cat_3,470
20044,374,cat_4,374
20045,311,cat_0,311
20046,111,cat_1,111
20047,668,cat_2,668
20048,338,cat_3,338
20049,499,cat_4,499
20050,18,cat_0,18
20051,608,cat_1,608
20052,556,cat_2,556
20053,643,cat_3,643
20054,991,cat_4,991
20055,225,cat_0,225
20056,211,cat_1,211
20057,525,cat_2,525
20058,284,cat_3,284
20059,137,cat_4,137
20060,801,cat_0,801
20061,298,cat_1,298
20062,458,cat_2,458
20063,52,cat_3,52
20064,922,cat_4,922
20065,854,cat_0,854
20066,759,cat_1,759
20067,472,cat_2,472
20068,397,cat_3,397
20069,469,cat_4,469
20070,92,cat_0,92
20071,24,cat_1,24
20072,19,cat_2,19
20073,242,cat_3,242
20074,6,cat_4,6
20075,731,cat_0,731
20076,276,cat_1,276
20077,367,cat_2,367
20078,554,cat_3,554
20079,642,cat_4,642
20080,21,cat_0,21
20081,294,cat_1,294
20082,999,cat_2,999
20083,946,cat_3,946
20084,898,cat_4,898
20085,441,cat_0,441
20086,908,cat_1,908
20087,307,cat_2,307
20088,319,cat_3,319
20089,931,cat_4,931
20090,447,cat_0,447
20091,186,cat_1,186
20092,609,cat_2,609
20093,980,cat_3,980
20094,406,cat_4,406
20095,680,cat_0,680
20096,448,cat_1,448
20097,270,cat_2,270
20098,76,cat_3,76
20099,556,cat_4,556
20100,230,cat_0,230
20101,91,cat_1,91
20102,782,cat_2,782
20103,495,cat_3,495
20104,455,cat_4,455
20105,283,cat_0,283
20106,893,cat_1,893
20107,629,cat_2,629
20108,9,cat_3,9
20109,94,cat_4,94
20110,843,cat_0,843
20111,578,cat_1,578
20112,107,cat_2,107
20113,892,cat_3,892
20114,116,cat_4,116
20115,598,cat_0,598
20116,8,cat_1,8
20117,856,cat_2,856
20118,541,cat_3,541
20119,649,cat_4,649
20120,143,cat_0,143
20121,332,cat_1,332
20122,184,cat_2,184
20123,576,cat_3,576
20124,63,cat_4,63
20125,121,cat_0,121
20126,294,cat_1,294
20127,672,cat_2,672
20128,883,cat_3,883
20129,1000,cat_4,1000
20130,347,cat_0,347
20131,195,cat_1,195
20132,274,cat_2,274
20133,355,cat_3,355
20134,236,cat_4,236
20135,836,cat_0,836
20136,604,cat_1,604
20137,252,cat_2,252
20138,457,cat_3,457
20139,378,cat_4,378
20140,675,cat_0,675
20141,62,cat_1,62
20142,982,cat_2,982
20143,890,cat_3,890
20144,631,cat_4,631
20145,268,cat_0,268
20146,822,cat_1,822
20147,516,cat_2,516
20148,9,cat_3,9
20149,581,cat_4,581
20150,647,cat_0,647
20151,263,cat_1,263
20152,712,cat_2,712
20153,340,cat_3,340
20154,130,cat_4,130
20155,353,cat_0,353
20156,150,cat_1,150
20157,169,cat_2,169
20158,716,cat_3,716
20159,119,cat_4,119
20160,687,cat_0,687
20161,513,cat_1,513
20162,440,cat_2,440
20163,264,cat_3,264
20164,966,cat_4,966
20165,976,cat_0,976
20166,679,cat_1,679
20167,613,cat_2,613
20168,883,cat_3,883
20169,118,cat_4,118
20170,507,cat_0,507
20171,855,cat_1,855
20172,798,cat_2,798
20173,981,cat_3,981
20174,616,cat_4,616
20175,732,cat_0,732
20176,466,cat_1,466
20177,755,cat_2,755
20178,250,cat_3,250
20179,269,cat_4,269
20180,242,cat_0,242
20181,797,cat_1,797
20182,657,cat_2,657
20183,718,cat_3,718
20184,402,cat_4,402
20185,995,cat_0,995
20186,617,cat_1,617
20187,578,cat_2,578
20188,496,cat_3,496
20189,686,cat_4,686
20190,119,cat_0,119
20191,471,cat_1,471
20192,518,cat_2,518
20193,458,cat_3,458
20194,639,cat_4,639
20195,842,cat_0,842
20196,96,cat_1,96
20197,103,cat_2,103
20198,272,cat_3,272
20199,535,cat_4,535
20200,782,cat_0,782
20201,749,cat_1,749
20202,427,cat_2,427
20203,659,cat_3,659
20204,739,cat_4,739
20205,525,cat_0,525
20206,978,cat_1,978
20207,111,cat_2,111
20208,830,cat_3,830
20209,486,cat_4,486
20210,133,cat_0,133
20211,303,cat_1,303
20212,966,cat_2,966
20213,123,cat_3,123
20214,858,cat_4,858
20215,642,cat_0,642
20216,770,cat_1,770
20217,601,cat_2,601
20218,557,cat_3,557
20219,748,cat_4,748
20220,827,cat_0,827
20221,319,cat_1,319
20222,966,cat_2,966
20223,974,cat_3,974
20224,994,cat_4,994
20225,334,cat_0,334
20226,519,cat_1,519
20227,212,cat_2,212
20228,179,cat_3,179
20229,806,cat_4,806
20230,471,cat_0,471
20231,103,cat_1,103
20232,35,cat_2,35
20233,159,cat_3,159
20234,615,cat_4,615
20235,185,cat_0,185
20236,440,cat_1,440
20237,247,cat_2,247
20238,873,cat_3,873
20239,654,cat_4,654
20240,500,cat_0,500
20241,224,cat_1,224
20242,157,cat_2,157
20243,314,cat_3,314
20244,463,cat_4,463
20245,502,cat_0,502
20246,712,cat_1,712
20247,360,cat_2,360
20248,470,cat_3,470
20249,157,cat_4,157
20250,628,cat_0,628
20251,67,cat_1,67
20252,948,cat_2,948
20253,699,cat_3,699
20254,645,cat_4,645
20255,165,cat_0,165
20256,960,cat_1,960
20257,165,cat_2,165
20258,183,cat_3,183
20259,788,cat_4,788
20260,185,cat_0,185
20261,106,cat_1,106
20262,669,cat_2,669
20263,368,cat_3,368
20264,150,cat_4,150
20265,630,cat_0,630
20266,867,cat_1,867
20267,326,cat_2,326
20268,186,cat_3,186
20269,206,cat_4,206
20270,543,cat_0,543
20271,335,cat_1,335
20272,289,cat_2,289
20273,320,cat_3,320
20274,861,cat_4,861
20275,339,cat_0,339
20276,131,cat_1,131
20277,95,cat_2,95
20278,550,cat_3,550
20279,879,cat_4,879
20280,571,cat_0,571
20281,62,cat_1,62
20282,973,cat_2,973
20283,172,cat_3,172
20284,671,cat_4,671
20285,909,cat_0,909
20286,618,cat_1,618
20287,129,cat_2,129
20288,185,cat_3,185
20289,559,cat_4,559
20290,918,cat_0,918
20291,838,cat_1,838
20292,227,cat_2,227
20293,222,cat_3,222
20294,614,cat_4,614
20295,855,cat_0,855
20296,174,cat_1,174
20297,26,cat_2,26
20298,32,cat_3,32
20299,67,cat_4,67
20300,297,cat_0,297
20301,693,cat_1,693
20302,578,cat_2,578
20303,549,cat_3,549
20304,709,cat_4,709
20305,694,cat_0,694
20306,33,cat_1,33
20307,93,cat_2,93
20308,372,cat_3,372
20309,220,cat_4,220
20310,947,cat_0,947
20311,778,cat_1,778
20312,813,cat_2,813
20313,444,cat_3,444
20314,728,cat_4,728
20315,554,cat_0,554
20316,491,cat_1,491
20317,473,cat_2,473
20318,642,cat_3,642
20319,814,cat_4,814
20320,720,cat_0,720
20321,244,cat_1,244
20322,318,cat_2,318
20323,383,cat_3,383
20324,499,cat_4,499
20325,814,cat_0,814
20326,262,cat_1,262
20327,143,cat_2,143
20328,212,cat_3,212
20329,373,cat_4,373
20330,6,cat_0,6
20331,455,cat_1,455
20332,971,cat_2,971
20333,505,cat_3,505
20334,410,cat_4,410
20335,358,cat_0,358
20336,618,cat_1,618
20337,397,cat_2,397
20338,866,cat_3,866
20339,723,cat_4,723
20340,846,cat_0,846
20341,763,cat_1,763
20342,785,cat_2,785
20343,98,cat_3,98
20344,859,cat_4,859
20345,953,cat_0,953
20346,336,cat_1,336
20347,910,cat_2,910
20348,968,cat_3,968
20349,178,cat_4,178
20350,345,cat_0,345
20351,161,cat_1,161
20352,685,cat_2,685
20353,303,cat_3,303
20354,387,cat_4,387
20355,777,cat_0,777
20356,788,cat_1,788
20357,595,cat_2,595
20358,359,cat_3,359
20359,754,cat_4,754
20360,86,cat_0,86
20361,831,cat_1,831
20362,191,cat_2,191
20363,484,cat_3,484
20364,34,cat_4,34
20365,381,cat_0,381
20366,346,cat_1,346
20367,422,cat_2,422
20368,969,cat_3,969
20369,18,cat_4,18
20370,716,cat_0,716
20371,841,cat_1,841
20372,348,cat_2,348
20373,929,cat_3,929
20374,684,cat_4,684
20375,172,cat_0,172
20376,787,cat_1,787
20377,985,cat_2,985
20378,406,cat_3,406
20379,449,cat_4,449
20380,869,cat_0,869
20381,148,cat_1,148
20382,686,cat_2,686
20383,955,cat_3,955
20384,273,cat_4,273
20385,964,cat_0,964
20386,488,cat_1,488
20387,439,cat_2,439
20388,504,cat_3,504
20389,671,cat_4,671
20390,383,cat_0,383
20391,893,cat_1,893
20392,892,cat_2,892
20393,965,cat_3,965
20394,32,cat_4,32
20395,233,cat_0,233
20396,49,cat_1,49
20397,777,cat_2,777
20398,125,cat_3,125
20399,569,cat_4,569
20400,980,cat_0,980
20401,225,cat_1,225
20402,458,cat_2,458
20403,719,cat_3,719
20404,316,cat_4,316
20405,174,cat_0,174
20406,621,cat_1,621
20407,691,cat_2,691
20408,296,cat_3,296
20409,298,cat_4,298
20410,916,cat_0,916
20411,190,cat_1,190
20412,81,cat_2,81
20413,1,cat_3,1
20414,814,cat_4,814
20415,456,cat_0,456
20416,655,cat_1,655
20417,164,cat_2,164
20418,700,cat_3,700
20419,395,cat_4,395
20420,494,cat_0,494
20421,50,cat_1,50
20422,390,cat_2,390
20423,511,cat_3,511
20424,260,cat_4,260
20425,106,cat_0,106
20426,199,cat_1,199
20427,603,cat_2,603
20428,96,cat_3,96
20429,248,cat_4,248
20430,548,cat_0,548
20431,788,cat_1,788
20432,838,cat_2,838
20433,356,cat_3,356
20434,619,cat_4,619
20435,259,cat_0,259
20436,403,cat_1,403
20437,706,cat_2,706
20438,911,cat_3,911
20439,808,cat_4,808
20440,118,cat_0,118
20441,487,cat_1,487
20442,829,cat_2,829
20443,36,cat_3,36
20444,509,cat_4,509
20445,256,cat_0,256
20446,894,cat_1,894
20447,287,cat_2,287
20448,678,cat_3,678
20449,680,cat_4,680
20450,309,cat_0,309
20451,139,cat_1,139
20452,254,cat_2,254
20453,404,cat_3,404
20454,48,cat_4,48
20455,973,cat_0,973
20456,136,cat_1,136
20457,380,cat_2,380
20458,69,cat_3,69
20459,870,cat_4,870
20460,171,cat_0,171
20461,548,cat_1,548
20462,457,cat_2,457
20463,620,cat_3,620
20464,456,cat_4,456
20465,237,cat_0,237
20466,926,cat_1,926
20467,969,cat_2,969
20468,707,cat_3,707
20469,232,cat_4,232
20470,873,cat_0,873
20471,757,cat_1,757
20472,86,cat_2,86
20473,703,cat_3,703
20474,757,cat_4,757
20475,165,cat_0,165
20476,541,cat_1,541
20477,448,cat_2,448
20478,656,cat_3,656
20479,349,cat_4,349
20480,590,cat_0,590
20481,659,cat_1,659
20482,392,cat_2,392
20483,423,cat_3,423
20484,110,cat_4,110
20485,43,cat_0,43
20486,131,cat_1,131
20487,885,cat_2,885
20488,761,cat_3,761
20489,545,cat_4,545
20490,916,cat_0,916
20491,404,cat_1,404
20492,504,cat_2,504
20493,899,cat_3,899
20494,382,cat_4,382
20495,524,cat_0,524
20496,506,cat_1,506
20497,531,cat_2,531
20498,930,cat_3,930
20499,955,cat_4,955
20500,195,cat_0,195
20501,373,cat_1,373
20502,64,cat_2,64
20503,814,cat_3,814
20504,145,cat_4,145
20505,870,cat_0,870
20506,466,cat_1,466
20507,71,cat_2,71
20508,127,cat_3,127
20509,364,cat_4,364
20510,516,cat_0,516
20511,433,cat_1,433
20512,287,cat_2,287
20513,454,cat_3,454
20514,472,cat_4,472
20515,171,cat_0,171
20516,514,cat_1,514
20517,8,cat_2,8
20518,612,cat_3,612
20519,303,cat_4,303
20520,809,cat_0,809
20521,289,cat_1,289
20522,605,cat_2,605
20523,387,cat_3,387
20524,495,cat_4,495
20525,257,cat_0,257
20526,803,cat_1,803
20527,476,cat_2,476
20528,192,cat_3,192
20529,216,cat_4,216
20530,802,cat_0,802
20531,114,cat_1,114
20532,86,cat_2,86
20533,892,cat_3,892
20534,334,cat_4,334
20535,188,cat_0,188
20536,477,cat_1,477
20537,812,cat_2,812
20538,643,cat_3,643
20539,973,cat_4,973
20540,438,cat_0,438
20541,410,cat_1,410
20542,287,cat_2,287
20543,278,cat_3,278
20544,159,cat_4,159
20545,602,cat_0,602
20546,86,cat_1,86
20547,217,cat_2,217
20548,334,cat_3,334
20549,809,cat_4,809
20550,905,cat_0,905
20551,743,cat_1,743
20552,7,cat_2,7
20553,668,cat_3,668
20554,274,cat_4,274
20555,925,cat_0,925
20556,18,cat_1,18
20557,336,cat_2,336
20558,158,cat_3,158
20559,145,cat_4,145
20560,993,cat_0,993
20561,900,cat_1,900
20562,741,cat_2,741
20563,863,cat_3,863
20564,654,cat_4,654
20565,727,cat_0,727
20566,336,cat_1,336
20567,614,cat_2,614
20568,834,cat_3,834
20569,963,cat_4,963
20570,668,cat_0,668
20571,281,cat_1,281
20572,566,cat_2,566
20573,959,cat_3,959
20574,253,cat_4,253
20575,785,cat_0,785
20576,967,cat_1,967
20577,482,cat_2,482
20578,18,cat_3,18
20579,607,cat_4,607
20580,13,cat_0,13
20581,881,cat_1,881
20582,747,cat_2,747
20583,120,cat_3,120
20584,577,cat_4,577
20585,774,cat_0,774
20586,32,cat_1,32
20587,179,cat_2,179
20588,687,cat_3,687
20589,721,cat_4,721
20590,66,cat_0,66
20591,975,cat_1,975
20592,627,cat_2,627
20593,274,cat_3,274
20594,676,cat_4,676
20595,414,cat_0,414
20596,46,cat_1,46
20597,233,cat_2,233
20598,418,cat_3,418
20599,581,cat_4,581
20600,536,cat_0,536
20601,802,cat_1,802
20602,215,cat_2,215
20603,215,cat_3,215
20604,212,cat_4,212
20605,662,cat_0,662
20606,991,cat_1,991
20607,152,cat_2,152
20608,947,cat_3,947
20609,377,cat_4,377
20610,611,cat_0,611
20611,775,cat_1,775
20612,908,cat_2,908
20613,2,cat_3,2
20614,583,cat_4,583
20615,420,cat_0,420
20616,915,cat_1,915
20617,441,cat_2,441
20618,308,cat_3,308
20619,575,cat_4,575
20620,781,cat_0,781
20621,557,cat_1,557
20622,251,cat_2,251
20623,86,cat_3,86
20624,566,cat_4,566
20625,462,cat_0,462
20626,468,cat_1,468
20627,14,cat_2,14
20628,642,cat_3,642
20629,14,cat_4,14
20630,510,cat_0,510
20631,506,cat_1,506
20632,587,cat_2,587
20633,801,cat_3,801
20634,204,cat_4,204
20635,783,cat_0,783
20636,703,cat_1,703
20637,489,cat_2,489
20638,693,cat_3,693
20639,645,cat_4,645
20640,302,cat_0,302
20641,968,cat_1,968
20642,495,cat_2,495
20643,715,cat_3,715
20644,962,cat_4,962
20645,506,cat_0,506
20646,134,cat_1,134
20647,138,cat_2,138
20648,795,cat_3,795
20649,195,cat_4,195
20650,427,cat_0,427
20651,894,cat_1,894
20652,823,cat_2,823
20653,352,cat_3,352
20654,111,cat_4,111
20655,49,cat_0,49
20656,491,cat_1,491
20657,961,cat_2,961
20658,509,cat_3,509
20659,713,cat_4,713
20660,402,cat_0,402
20661,348,cat_1,348
20662,726,cat_2,726
20663,358,cat_3,358
20664,515,cat_4,515
20665,654,cat_0,654
20666,221,cat_1,221
20667,687,cat_2,687
20668,729,cat_3,729
20669,872,cat_4,872
20670,548,cat_0,548
20671,539,cat_1,539
20672,167,cat_2,167
20673,122,cat_3,122
20674,907,cat_4,907
20675,225,cat_0,225
20676,319,cat_1,319
20677,156,cat_2,156
20678,186,cat_3,186
20679,11,cat_4,11
20680,223,cat_0,223
20681,491,cat_1,491
20682,602,cat_2,602
20683,985,cat_3,985
20684,107,cat_4,107
20685,384,cat_0,384
20686,399,cat_1,399
20687,55,cat_2,55
20688,63,cat_3,63
20689,462,cat_4,462
20690,786,cat_0,786
20691,472,cat_1,472
20692,519,cat_2,519
20693,667,cat_3,667
20694,71,cat_4,71
20695,890,cat_0,890
20696,153,cat_1,153
20697,51,cat_2,51
20698,376,cat_3,376
20699,378,cat_4,378
20700,26,cat_0,26
20701,871,cat_1,871
20702,90,cat_2,90
20703,610,cat_3,610
20704,21,cat_4,21
20705,260,cat_0,260
20706,9,cat_1,9
20707,404,cat_2,404
20708,221,cat_3,221
20709,666,cat_4,666
20710,168,cat_0,168
20711,889,cat_1,889
20712,477,cat_2,477
20713,352,cat_3,352
20714,446,cat_4,446
20715,141,cat_0,141
20716,904,cat_1,904
20717,156,cat_2,156
20718,217,cat_3,217
20719,52,cat_4,52
20720,262,cat_0,262
20721,206,cat_1,206
20722,980,cat_2,980
20723,228,cat_3,228
20724,419,cat_4,419
20725,802,cat_0,802
20726,446,cat_1,446
20727,806,cat_2,806
20728,44,cat_3,44
20729,119,cat_4,119
20730,131,cat_0,131
20731,427,cat_1,427
20732,537,cat_2,537
20733,184,cat_3,184
20734,259,cat_4,259
20735,508,cat_0,508
20736,212,cat_1,212
20737,413,cat_2,413
20738,126,cat_3,126
20739,686,cat_4,686
20740,974,cat_0,974
20741,496,cat_1,496
20742,230,cat_2,230
20743,468,cat_3,468
20744,723,cat_4,723
20745,57,cat_0,57
20746,348,cat_1,348
20747,363,cat_2,363
20748,289,cat_3,289
20749,761,cat_4,761
20750,232,cat_0,232
20751,445,cat_1,445
20752,231,cat_2,231
20753,186,cat_3,186
20754,95,cat_4,95
20755,213,cat_0,213
20756,732,cat_1,732
20757,432,cat_2,432
20758,915,cat_3,915
20759,397,cat_4,397
20760,56,cat_0,56
20761,236,cat_1,236
20762,869,cat_2,869
20763,912,cat_3,912
20764,225,cat_4,225
20765,823,cat_0,823
20766,19,cat_1,19
20767,142,cat_2,142
20768,669,cat_3,669
20769,295,cat_4,295
20770,404,cat_0,404
20771,537,cat_1,537
20772,96,cat_2,96
20773,442,cat_3,442
20774,970,cat_4,970
20775,553,cat_0,553
20776,154,cat_1,154
20777,539,cat_2,539
20778,877,cat_3,877
20779,28,cat_4,28
20780,985,cat_0,985
20781,677,cat_1,677
20782,937,cat_2,937
20783,57,cat_3,57
20784,509,cat_4,509
20785,677,cat_0,677
20786,629,cat_1,629
20787,829,cat_2,829
20788,897,cat_3,897
20789,654,cat_4,654
20790,251,cat_0,251
20791,670,cat_1,670
20792,212,cat_2,212
20793,110,cat_3,110
20794,201,cat_4,201
20795,128,cat_0,128
20796,93,cat_1,93
20797,517,cat_2,517
20798,812,cat_3,812
20799,213,cat_4,213
20800,579,cat_0,579
20801,467,cat_1,467
20802,396,cat_2,396
20803,626,cat_3,626
20804,986,cat_4,986
20805,572,cat_0,572
20806,396,cat_1,396
20807,59,cat_2,59
20808,163,cat_3,163
20809,970,cat_4,970
20810,831,cat_0,831
20811,954,cat_1,954
20812,893,cat_2,893
20813,877,cat_3,877
20814,689,cat_4,689
20815,417,cat_0,417
20816,630,cat_1,630
20817,662,cat_2,662
20818,722,cat_3,722
20819,334,cat_4,334
20820,781,cat_0,781
20821,25,cat_1,25
20822,14,cat_2,14
20823,619,cat_3,619
20824,974,cat_4,974
20825,800,cat_0,800
20826,208,cat_1,208
20827,643,cat_2,643
20828,608,cat_3,608
20829,471,cat_4,471
20830,411,cat_0,411
20831,858,cat_1,858
20832,296,cat_2,296
20833,489,cat_3,489
20834,462,cat_4,462
20835,156,cat_0,156
20836,766,cat_1,766
20837,353,cat_2,353
20838,327,cat_3,327
20839,931,cat_4,931
20840,235,cat_0,235
20841,208,cat_1,208
20842,467,cat_2,467
20843,675,cat_3,675
20844,684,cat_4,684
20845,290,cat_0,290
20846,484,cat_1,484
20847,727,cat_2,727
20848,927,cat_3,927
20849,782,cat_4,782
20850,262,cat_0,262
20851,725,cat_1,725
20852,326,cat_2,326
20853,558,cat_3,558
20854,937,cat_4,937
20855,695,cat_0,695
20856,937,cat_1,937
20857,394,cat_2,394
20858,711,cat_3,711
20859,550,cat_4,550
20860,706,cat_0,706
20861,229,cat_1,229
20862,252,cat_2,252
20863,871,cat_3,871
20864,320,cat_4,320
20865,82,cat_0,82
20866,514,cat_1,514
20867,852,cat_2,852
20868,578,cat_3,578
20869,98,cat_4,98
20870,320,cat_0,320
20871,530,cat_1,530
20872,980,cat_2,980
20873,612,cat_3,612
20874,809,cat_4,809
20875,697,cat_0,697
20876,123,cat_1,123
20877,845,cat_2,845
20878,673,cat_3,673
20879,789,cat_4,789
20880,344,cat_0,344
20881,386,cat_1,386
20882,896,cat_2,896
20883,736,cat_3,736
20884,709,cat_4,709
20885,472,cat_0,472
20886,568,cat_1,568
20887,665,cat_2,665
20888,542,cat_3,542
20889,30,cat_4,30
20890,743,cat_0,743
20891,533,cat_1,533
20892,403,cat_2,403
20893,97,cat_3,97
20894,969,cat_4,969
20895,243,cat_0,243
20896,738,cat_1,738
20897,512,cat_2,512
20898,256,cat_3,256
20899,1,cat_4,1
20900,535,cat_0,535
20901,135,cat_1,135
20902,559,cat_2,559
20903,795,cat_3,795
20904,500,cat_4,500
20905,899,cat_0,899
20906,337,cat_1,337
20907,726,cat_2,726
20908,672,cat_3,672
20909,737,cat_4,737
20910,237,cat_0,237
20911,161,cat_1,161
20912,792,cat_2,792
20913,128,cat_3,128
20914,772,cat_4,772
20915,897,cat_0,897
20916,52,cat_1,52
20917,616,cat_2,616
20918,126,cat_3,126
20919,272,cat_4,272
20920,926,cat_0,926
20921,921,cat_1,921
20922,307,cat_2,307
20923,518,cat_3,518
20924,28,cat_4,28
20925,148,cat_0,148
20926,808,cat_1,808
20927,422,cat_2,422
20928,617,cat_3,617
20929,705,cat_4,705
20930,666,cat_0,666
20931,318,cat_1,318
20932,144,cat_2,144
20933,506,cat_3,506
20934,991,cat_4,991
20935,871,cat_0,871
20936,646,cat_1,646
20937,319,cat_2,319
20938,916,cat_3,916
20939,617,cat_4,617
20940,124,cat_0,124
20941,866,cat_1,866
20942,199,cat_2,199
20943,641,cat_3,641
20944,233,cat_4,233
20945,535,cat_0,535
20946,334,cat_1,334
20947,297,cat_2,297
20948,850,cat_3,850
20949,50,cat_4,50
20950,53,cat_0,53
20951,548,cat_1,548
20952,42,cat_2,42
20953,171,cat_3,171
20954,529,cat_4,529
20955,159,cat_0,159
20956,733,cat_1,733
20957,269,cat_2,269
20958,417,cat_3,417
20959,648,cat_4,648
20960,927,cat_0,927
20961,29,cat_1,29
20962,517,cat_2,517
20963,255,cat_3,255
20964,818,cat_4,818
20965,817,cat_0,817
20966,107,cat_1,107
20967,158,cat_2,158
20968,972,cat_3,972
20969,442,cat_4,442
20970,432,cat_0,432
20971,660,cat_1,660
20972,777,cat_2,777
20973,61,cat_3,61
20974,549,cat_4,549
20975,458,cat_0,458
20976,203,cat_1,203
20977,466,cat_2,466
20978,704,cat_3,704
20979,446,cat_4,446
20980,421,cat_0,421
20981,543,cat_1,543
20982,684,cat_2,684
20983,878,cat_3,878
20984,914,cat_4,914
20985,999,cat_0,999
20986,288,cat_1,288
20987,447,cat_2,447
20988,978,cat_3,978
20989,153,cat_4,153
20990,379,cat_0,379
20991,420,cat_1,420
20992,772,cat_2,772
20993,371,cat_3,371
20994,901,cat_4,901
20995,448,cat_0,448
20996,344,cat_1,344
20997,61,cat_2,61
20998,418,cat_3,418
20999,782,cat_4,782
21000,221,cat_0,221
21001,57,cat_1,57
21002,900,cat_2,900
21003,538,cat_3,538
21004,996,cat_4,996
21005,11,cat_0,11
21006,667,cat_1,667
21007,304,cat_2,304
21008,727,cat_3,727
21009,166,cat_4,166
21010,492,cat_0,492
21011,293,cat_1,293
21012,246,cat_2,246
21013,580,cat_3,580
21014,456,cat_4,456
21015,321,cat_0,321
21016,850,cat_1,850
21017,40,cat_2,40
21018,477,cat_3,477
21019,871,cat_4,871
21020,670,cat_0,670
21021,128,cat_1,128
21022,829,cat_2,829
21023,809,cat_3,809
21024,340,cat_4,340
21025,798,cat_0,798
21026,466,cat_1,466
21027,204,cat_2,204
21028,968,cat_3,968
21029,522,cat_4,522
21030,143,cat_0,143
21031,90,cat_1,90
21032,598,cat_2,598
21033,156,cat_3,156
21034,649,cat_4,649
21035,241,cat_0,241
21036,815,cat_1,815
21037,41,cat_2,41
21038,833,cat_3,833
21039,814,cat_4,814
21040,774,cat_0,774
21041,907,cat_1,907
21042,248,cat_2,248
21043,974,cat_3,974
21044,400,cat_4,400
21045,831,cat_0,831
21046,210,cat_1,210
21047,338,cat_2,338
21048,164,cat_3,164
21049,727,cat_4,727
21050,824,cat_0,824
21051,471,cat_1,471
21052,548,cat_2,548
21053,211,cat_3,211
21054,938,cat_4,938
21055,206,cat_0,206
21056,684,cat_1,684
21057,235,cat_2,235
21058,519,cat_3,519
21059,571,cat_4,571
21060,33,cat_0,33
21061,364,cat_1,364
21062,565,cat_2,565
21063,625,cat_3,625
21064,935,cat_4,935
21065,454,cat_0,454
21066,614,cat_1,614
21067,72,cat_2,72
21068,117,cat_3,117
21069,705,cat_4,705
21070,285,cat_0,285
21071,894,cat_1,894
21072,631,cat_2,631
21073,922,cat_3,922
21074,522,cat_4,522
21075,642,cat_0,642
21076,813,cat_1,813
21077,820,cat_2,820
21078,526,cat_3,526
21079,996,cat_4,996
21080,955,cat_0,955
21081,915,cat_1,915
21082,480,cat_2,480
21083,572,cat_3,572
21084,665,cat_4,665
21085,599,cat_0,599
21086,557,cat_1,557
21087,821,cat_2,821
21088,483,cat_3,483
21089,619,cat_4,619
21090,535,cat_0,535
21091,439,cat_1,439
21092,838,cat_2,838
21093,908,cat_3,908
21094,348,cat_4,348
21095,868,cat_0,868
21096,999,cat_1,999
21097,939,cat_2,939
21098,802,cat_3,802
21099,678,cat_4,678
21100,219,cat_0,219
21101,889,cat_1,889
21102,520,cat_2,520
21103,55,cat_3,55
21104,716,cat_4,716
21105,671,cat_0,671
21106,681,cat_1,681
21107,547,cat_2,547
21108,8,cat_3,8
21109,888,cat_4,888
21110,793,cat_0,793
21111,746,cat_1,746
21112,624,cat_2,624
21113,31,cat_3,31
21114,533,cat_4,533
21115,545,cat_0,545
21116,16,cat_1,16
21117,506,cat_2,506
21118,923,cat_3,923
21119,581,cat_4,581
21120,107,cat_0,107
21121,820,cat_1,820
21122,962,cat_2,962
21123,537,cat_3,537
21124,274,cat_4,274
21125,14,cat_0,14
21126,275,cat_1,275
21127,550,cat_2,550
21128,366,cat_3,366
21129,4,cat_4,4
21130,792,cat_0,792
21131,3,cat_1,3
21132,692,cat_2,692
21133,865,cat_3,865
21134,880,cat_4,880
21135,259,cat_0,259
21136,99,cat_1,99
21137,765,cat_2,765
21138,773,cat_3,773
21139,36,cat_4,36
21140,49,cat_0,49
21141,816,cat_1,816
21142,156,cat_2,156
21143,642,cat_3,642
21144,403,cat_4,403
21145,973,cat_0,973
21146,596,cat_1,596
21147,29,cat_2,29
21148,551,cat_3,551
21149,246,cat_4,246
21150,509,cat_0,509
21151,64,cat_1,64
21152,168,cat_2,168
21153,656,cat_3,656
21154,750,cat_4,750
21155,933,cat_0,933
21156,186,cat_1,186
21157,270,cat_2,270
21158,478,cat_3,478
21159,806,cat_4,806
21160,77,cat_0,77
21161,700,cat_1,700
21162,198,cat_2,198
21163,850,cat_3,850
21164,679,cat_4,679
21165,675,cat_0,675
21166,622,cat_1,622
21167,628,cat_2,628
21168,572,cat_3,572
21169,309,cat_4,309
21170,746,cat_0,746
21171,282,cat_1,282
21172,124,cat_2,124
21173,617,cat_3,617
21174,498,cat_4,498
21175,983,cat_0,983
21176,440,cat_1,440
21177,544,cat_2,544
21178,857,cat_3,857
21179,598,cat_4,598
21180,54,cat_0,54
21181,884,cat_1,884
21182,365,cat_2,365
21183,661,cat_3,661
21184,781,cat_4,781
21185,28,cat_0,28
21186,236,cat_1,236
21187,822,cat_2,822
21188,789,cat_3,789
21189,997,cat_4,997
21190,763,cat_0,763
21191,359,cat_1,359
21192,307,cat_2,307
21193,802,cat_3,802
21194,463,cat_4,463
21195,839,cat_0,839
21196,51,cat_1,51
21197,943,cat_2,943
21198,84,cat_3,84
21199,295,cat_4,295
21200,128,cat_0,128
21201,947,cat_1,947
21202,309,cat_2,309
21203,369,cat_3,369
21204,771,cat_4,771
21205,462,cat_0,462
21206,151,cat_1,151
21207,539,cat_2,539
21208,934,cat_3,934
21209,847,cat_4,847
21210,444,cat_0,444
21211,597,cat_1,597
21212,13,cat_2,13
21213,694,cat_3,694
21214,829,cat_4,829
21215,24,cat_0,24
21216,140,cat_1,140
21217,408,cat_2,408
21218,63,cat_3,63
21219,661,cat_4,661
21220,489,cat_0,489
21221,759,cat_1,759
21222,464,cat_2,464
21223,345,cat_3,345
21224,941,cat_4,941
21225,478,cat_0,478
21226,475,cat_1,475
21227,759,cat_2,759
21228,884,cat_3,884
21229,498,cat_4,498
21230,637,cat_0,637
21231,528,cat_1,528
21232,635,cat_2,635
21233,616,cat_3,616
21234,958,cat_4,958
21235,755,cat_0,755
21236,890,cat_1,890
21237,688,cat_2,688
21238,370,cat_3,370
21239,745,cat_4,745
21240,354,cat_0,354
21241,573,cat_1,573
21242,526,cat_2,526
21243,266,cat_3,266
21244,44,cat_4,44
21245,482,cat_0,482
21246,389,cat_1,389
21247,765,cat_2,765
21248,420,cat_3,420
21249,439,cat_4,439
21250,649,cat_0,649
21251,790,cat_1,790
21252,492,cat_2,492
21253,410,cat_3,410
21254,27,cat_4,27
21255,13,cat_0,13
21256,353,cat_1,353
21257,850,cat_2,850
21258,105,cat_3,105
21259,310,cat_4,310
21260,368,cat_0,368
21261,852,cat_1,852
21262,657,cat_2,657
21263,535,cat_3,535
21264,435,cat_4,435
21265,475,cat_0,475
21266,895,cat_1,895
21267,922,cat_2,922
21268,361,cat_3,361
21269,658,cat_4,658
21270,745,cat_0,745
21271,813,cat_1,813
21272,862,cat_2,862
21273,825,cat_3,825
21274,867,cat_4,867
21275,785,cat_0,785
21276,844,cat_1,844
21277,980,cat_2,980
21278,804,cat_3,804
21279,231,cat_4,231
21280,372,cat_0,372
21281,373,cat_1,373
21282,704,cat_2,704
21283,482,cat_3,482
21284,526,cat_4,526
21285,685,cat_0,685
21286,965,cat_1,965
21287,81,cat_2,81
21288,834,cat_3,834
21289,100,cat_4,100
21290,764,cat_0,764
21291,535,cat_1,535
21292,619,cat_2,619
21293,690,cat_3,690
21294,196,cat_4,196
21295,315,cat_0,315
21296,639,cat_1,639
21297,332,cat_2,332
21298,499,cat_3,499
21299,157,cat_4,157
21300,746,cat_0,746
21301,197,cat_1,197
21302,749,cat_2,749
21303,494,cat_3,494
21304,885,cat_4,885
21305,154,cat_0,154
21306,862,cat_1,862
21307,107,cat_2,107
21308,95,cat_3,95
21309,490,cat_4,490
21310,870,cat_0,870
21311,306,cat_1,306
21312,980,cat_2,980
21313,419,cat_3,419
21314,643,cat_4,643
21315,536,cat_0,536
21316,240,cat_1,240
21317,529,cat_2,529
21318,78,cat_3,78
21319,104,cat_4,104
21320,290,cat_0,290
21321,522,cat_1,522
21322,594,cat_2,594
21323,893,cat_3,893
21324,17,cat_4,17
21325,128,cat_0,128
21326,347,cat_1,347
21327,177,cat_2,177
21328,321,cat_3,321
21329,923,cat_4,923
21330,859,cat_0,859
21331,236,cat_1,236
21332,220,cat_2,220
21333,17,cat_3,17
21334,177,cat_4,177
21335,290,cat_0,290
21336,561,cat_1,561
21337,764,cat_2,764
21338,574,cat_3,574
21339,49,cat_4,49
21340,800,cat_0,800
21341,916,cat_1,916
21342,162,cat_2,162
21343,993,cat_3,993
21344,795,cat_4,795
21345,878,cat_0,878
21346,6,cat_1,6
21347,244,cat_2,244
21348,44,cat_3,44
21349,345,cat_4,345
21350,620,cat_0,620
21351,458,cat_1,458
21352,961,cat_2,961
21353,115,cat_3,115
21354,62,cat_4,62
21355,360,cat_0,360
21356,212,cat_1,212
21357,237,cat_2,237
21358,21,cat_3,21
21359,562,cat_4,562
21360,797,cat_0,797
21361,798,cat_1,798
21362,624,cat_2,624
21363,845,cat_3,845
21364,206,cat_4,206
21365,156,cat_0,156
21366,988,cat_1,988
21367,416,cat_2,416
21368,160,cat_3,160
21369,409,cat_4,409
21370,874,cat_0,874
21371,427,cat_1,427
21372,410,cat_2,410
21373,342,cat_3,342
21374,600,cat_4,600
21375,738,cat_0,738
21376,561,cat_1,561
21377,194,cat_2,194
21378,9,cat_3,9
21379,266,cat_4,266
21380,632,cat_0,632
21381,841,cat_1,841
21382,955,cat_2,955
21383,495,cat_3,495
21384,430,cat_4,430
21385,577,cat_0,577
21386,799,cat_1,799
21387,351,cat_2,351
21388,928,cat_3,928
21389,572,cat_4,572
21390,87,cat_0,87
21391,527,cat_1,527
21392,598,cat_2,598
21393,1,cat_3,1
21394,523,cat_4,523
21395,518,cat_0,518
21396,314,cat_1,314
21397,416,cat_2,416
21398,397,cat_3,397
21399,755,cat_4,755
21400,211,cat_0,211
21401,207,cat_1,207
21402,770,cat_2,770
21403,345,cat_3,345
21404,664,cat_4,664
21405,673,cat_0,673
21406,41,cat_1,41
21407,392,cat_2,392
21408,128,cat_3,128
21409,44,cat_4,44
21410,98,cat_0,98
21411,472,cat_1,472
21412,233,cat_2,233
21413,753,cat_3,753
21414,997,cat_4,997
21415,457,cat_0,457
21416,192,cat_1,192
21417,672,cat_2,672
21418,857,cat_3,857
21419,543,cat_4,543
21420,203,cat_0,203
21421,226,cat_1,226
21422,502,cat_2,502
21423,664,cat_3,664
21424,72,cat_4,72
21425,473,cat_0,473
21426,127,cat_1,127
21427,804,cat_2,804
21428,790,cat_3,790
21429,792,cat_4,792
21430,664,cat_0,664
21431,828,cat_1,828
21432,430,cat_2,430
21433,621,cat_3,621
21434,510,cat_4,510
21435,183,cat_0,183
21436,631,cat_1,631
21437,212,cat_2,212
21438,513,cat_3,513
21439,249,cat_4,249
21440,99,cat_0,99
21441,737,cat_1,737
21442,128,cat_2,128
21443,606,cat_3,606
21444,726,cat_4,726
21445,300,cat_0,300
21446,4,cat_1,4
21447,433,cat_2,433
21448,351,cat_3,351
21449,39,cat_4,39
21450,378,cat_0,378
21451,8,cat_1,8
21452,61,cat_2,61
21453,176,cat_3,176
21454,687,cat_4,687
21455,613,cat_0,613
21456,570,cat_1,570
21457,338,cat_2,338
21458,604,cat_3,604
21459,982,cat_4,982
21460,607,cat_0,607
21461,116,cat_1,116
21462,302,cat_2,302
21463,184,cat_3,184
21464,15,cat_4,15
21465,752,cat_0,752
21466,331,cat_1,331
21467,900,cat_2,900
21468,27,cat_3,27
21469,423,cat_4,423
21470,822,cat_0,822
21471,288,cat_1,288
21472,515,cat_2,515
21473,435,cat_3,435
21474,686,cat_4,686
21475,940,cat_0,940
21476,10,cat_1,10
21477,160,cat_2,160
21478,71,cat_3,71
21479,429,cat_4,429
21480,402,cat_0,402
21481,737,cat_1,737
21482,488,cat_2,488
21483,899,cat_3,899
21484,594,cat_4,594
21485,319,cat_0,319
21486,9,cat_1,9
21487,714,cat_2,714
21488,470,cat_3,470
21489,188,cat_4,188
21490,910,cat_0,910
21491,325,cat_1,325
21492,255,cat_2,255
21493,172,cat_3,172
21494,375,cat_4,375
21495,573,cat_0,573
21496,8,cat_1,8
21497,948,cat_2,948
21498,932,cat_3,932
21499,17,cat_4,17
21500,188,cat_0,188
21501,452,cat_1,452
21502,163,cat_2,163
21503,960,cat_3,960
21504,712,cat_4,712
21505,810,cat_0,810
21506,116,cat_1,116
21507,300,cat_2,300
21508,386,cat_3,386
21509,273,cat_4,273
21510,291,cat_0,291
21511,695,cat_1,695
21512,18,cat_2,18
21513,845,cat_3,845
21514,309,cat_4,309
21515,78,cat_0,78
21516,174,cat_1,174
21517,509,cat_2,509
21518,413,cat_3,413
21519,294,cat_4,294
21520,71,cat_0,71
21521,126,cat_1,126
21522,550,cat_2,550
21523,722,cat_3,722
21524,678,cat_4,678
21525,63,cat_0,63
21526,97,cat_1,97
21527,377,cat_2,377
21528,343,cat_3,343
21529,609,cat_4,609
21530,497,cat_0,497
21531,747,cat_1,747
21532,424,cat_2,424
21533,102,cat_3,102
21534,992,cat_4,992
21535,184,cat_0,184
21536,867,cat_1,867
21537,41,cat_2,41
21538,327,cat_3,327
21539,750,cat_4,750
21540,211,cat_0,211
21541,137,cat_1,137
21542,366,cat_2,366
21543,898,cat_3,898
21544,4,cat_4,4
21545,822,cat_0,822
21546,373,cat_1,373
21547,65,cat_2,65
21548,664,cat_3,664
21549,552,cat_4,552
21550,780,cat_0,780
21551,933,cat_1,933
21552,231,cat_2,231
21553,592,cat_3,592
21554,822,cat_4,822
21555,966,cat_0,966
21556,176,cat_1,176
21557,254,cat_2,254
21558,966,cat_3,966
21559,351,cat_4,351
21560,667,cat_0,667
21561,477,cat_1,477
21562,448,cat_2,448
21563,770,cat_3,770
21564,287,cat_4,287
21565,246,cat_0,246
21566,13,cat_1,13
21567,427,cat_2,427
21568,562,cat_3,562
21569,898,cat_4,898
21570,17,cat_0,17
21571,761,cat_1,761
21572,265,cat_2,265
21573,42,cat_3,42
21574,624,cat_4,624
21575,609,cat_0,609
21576,276,cat_1,276
21577,636,cat_2,636
21578,357,cat_3,357
21579,833,cat_4,833
21580,524,cat_0,524
21581,97,cat_1,97
21582,786,cat_2,786
21583,158,cat_3,158
21584,376,cat_4,376
21585,374,cat_0,374
21586,759,cat_1,759
21587,719,cat_2,719
21588,211,cat_3,211
21589,334,cat_4,334
21590,861,cat_0,861
21591,548,cat_1,548
21592,766,cat_2,766
21593,201,cat_3,201
21594,236,cat_4,236
21595,48,cat_0,48
21596,528,cat_1,528
21597,159,cat_2,159
21598,291,cat_3,291
21599,435,cat_4,435
21600,783,cat_0,783
21601,1000,cat_1,1000
21602,483,cat_2,483
21603,522,cat_3,522
21604,229,cat_4,229
21605,420,cat_0,420
21606,646,cat_1,646
21607,367,cat_2,367
21608,238,cat_3,238
21609,147,cat_4,147
21610,896,cat_0,896
21611,327,cat_1,327
21612,998,cat_2,998
21613,868,cat_3,868
21614,702,cat_4,702
21615,207,cat_0,207
21616,246,cat_1,246
21617,573,cat_2,573
21618,755,cat_3,755
21619,791,cat_4,791
21620,800,cat_0,800
21621,243,cat_1,243
21622,40,cat_2,40
21623,940,cat_3,940
21624,626,cat_4,626
21625,792,cat_0,792
21626,472,cat_1,472
21627,6,cat_2,6
21628,968,cat_3,968
21629,309,cat_4,309
21630,276,cat_0,276
21631,881,cat_1,881
21632,876,cat_2,876
21633,821,cat_3,821
21634,405,cat_4,405
21635,209,cat_0,209
21636,25,cat_1,25
21637,13,cat_2,13
21638,956,cat_3,956
21639,579,cat_4,579
21640,555,cat_0,555
21641,686,cat_1,686
21642,531,cat_2,531
21643,287,cat_3,287
21644,306,cat_4,306
21645,830,cat_0,830
21646,35,cat_1,35
21647,794,cat_2,794
21648,835,cat_3,835
21649,818,cat_4,818
21650,821,cat_0,821
21651,250,cat_1,250
21652,88,cat_2,88
21653,662,cat_3,662
21654,629,cat_4,629
21655,847,cat_0,847
21656,355,cat_1,355
21657,262,cat_2,262
21658,66,cat_3,66
21659,933,cat_4,933
21660,421,cat_0,421
21661,136,cat_1,136
21662,431,cat_2,431
21663,363,cat_3,363
21664,228,cat_4,228
21665,303,cat_0,303
21666,127,cat_1,127
21667,784,cat_2,784
21668,434,cat_3,434
21669,446,cat_4,446
21670,698,cat_0,698
21671,56,cat_1,56
21672,114,cat_2,114
21673,887,cat_3,887
21674,864,cat_4,864
21675,134,cat_0,134
21676,87,cat_1,87
21677,659,cat_2,659
21678,413,cat_3,413
21679,832,cat_4,832
21680,898,cat_0,898
21681,319,cat_1,319
21682,852,cat_2,852
21683,894,cat_3,894
21684,606,cat_4,606
21685,405,cat_0,405
21686,752,cat_1,752
21687,741,cat_2,741
21688,578,cat_3,578
21689,639,cat_4,639
21690,216,cat_0,216
21691,808,cat_1,808
21692,977,cat_2,977
21693,987,cat_3,987
21694,607,cat_4,607
21695,257,cat_0,257
21696,683,cat_1,683
21697,292,cat_2,292
21698,982,cat_3,982
21699,691,cat_4,691
21700,265,cat_0,265
21701,268,cat_1,268
21702,318,cat_2,318
21703,656,cat_3,656
21704,699,cat_4,699
21705,497,cat_0,497
21706,291,cat_1,291
21707,585,cat_2,585
21708,74,cat_3,74
21709,202,cat_4,202
21710,779,cat_0,779
21711,157,cat_1,157
21712,609,cat_2,609
21713,920,cat_3,920
21714,91,cat_4,91
21715,9,cat_0,9
21716,627,cat_1,627
21717,391,cat_2,391
21718,764,cat_3,764
21719,411,cat_4,411
21720,753,cat_0,753
21721,186,cat_1,186
21722,992,cat_2,992
21723,546,cat_3,546
21724,225,cat_4,225
21725,180,cat_0,180
21726,685,cat_1,685
21727,230,cat_2,230
21728,386,cat_3,386
21729,302,cat_4,302
21730,836,cat_0,836
21731,862,cat_1,862
21732,775,cat_2,775
21733,562,cat_3,562
21734,55,cat_4,55
21735,270,cat_0,270
21736,174,cat_1,174
21737,153,cat_2,153
21738,719,cat_3,719
21739,548,cat_4,548
21740,908,cat_0,908
21741,374,cat_1,374
21742,301,cat_2,301
21743,865,cat_3,865
21744,125,cat_4,125
21745,777,cat_0,777
21746,389,cat_1,389
21747,761,cat_2,761
21748,19,cat_3,19
21749,852,cat_4,852
21750,861,cat_0,861
21751,272,cat_1,272
21752,234,cat_2,234
21753,4,cat_3,4
21754,388,cat_4,388
21755,683,cat_0,683
21756,416,cat_1,416
21757,678,cat_2,678
21758,294,cat_3,294
21759,954,cat_4,954
21760,681,cat_0,681
21761,266,cat_1,266
21762,802,cat_2,802
21763,358,cat_3,358
21764,670,cat_4,670
21765,99,cat_0,99
21766,485,cat_1,485
21767,698,cat_2,698
21768,896,cat_3,896
21769,421,cat_4,421
21770,432,cat_0,432
21771,655,cat_1,655
21772,400,cat_2,400
21773,601,cat_3,601
21774,644,cat_4,644
21775,563,cat_0,563
21776,810,cat_1,810
21777,263,cat_2,263
21778,939,cat_3,939
21779,745,cat_4,745
21780,143,cat_0,143
21781,394,cat_1,394
21782,896,cat_2,896
21783,669,cat_3,669
21784,688,cat_4,688
21785,40,cat_0,40
21786,604,cat_1,604
21787,44,cat_2,44
21788,302,cat_3,302
21789,926,cat_4,926
21790,689,cat_0,689
21791,977,cat_1,977
21792,140,cat_2,140
21793,332,cat_3,332
21794,425,cat_4,425
21795,441,cat_0,441
21796,896,cat_1,896
21797,692,cat_2,692
21798,1000,cat_3,1000
21799,58,cat_4,58
21800,192,cat_0,192
21801,490,cat_1,490
21802,783,cat_2,783
21803,430,cat_3,430
21804,411,cat_4,411
21805,901,cat_0,901
21806,472,cat_1,472
21807,10,cat_2,10
21808,411,cat_3,411
21809,892,cat_4,892
21810,315,cat_0,315
21811,876,cat_1,876
21812,785,cat_2,785
21813,878,cat_3,878
21814,259,cat_4,259
21815,178,cat_0,178
21816,313,cat_1,313
21817,909,cat_2,909
21818,793,cat_3,793
21819,16,cat_4,16
21820,481,cat_0,481
21821,623,cat_1,623
21822,722,cat_2,722
21823,171,cat_3,171
21824,842,cat_4,842
21825,690,cat_0,690
21826,892,cat_1,892
21827,538,cat_2,538
21828,979,cat_3,979
21829,297,cat_4,297
21830,45,cat_0,45
21831,231,cat_1,231
21832,128,cat_2,128
21833,172,cat_3,172
21834,79,cat_4,79
21835,386,cat_0,386
21836,393,cat_1,393
21837,267,cat_2,267
21838,161,cat_3,161
21839,456,cat_4,456
21840,482,cat_0,482
21841,339,cat_1,339
21842,737,cat_2,737
21843,674,cat_3,674
21844,706,cat_4,706
21845,538,cat_0,538
21846,239,cat_1,239
21847,195,cat_2,195
21848,473,cat_3,473
21849,102,cat_4,102
21850,169,cat_0,169
21851,447,cat_1,447
21852,860,cat_2,860
21853,978,cat_3,978
21854,791,cat_4,791
21855,252,cat_0,252
21856,579,cat_1,579
21857,92,cat_2,92
21858,823,cat_3,823
21859,662,cat_4,662
21860,221,cat_0,221
21861,69,cat_1,69
21862,877,cat_2,877
21863,664,cat_3,664
21864,166,cat_4,166
21865,578,cat_0,578
21866,492,cat_1,492
21867,221,cat_2,221
21868,472,cat_3,472
21869,706,cat_4,706
21870,810,cat_0,810
21871,825,cat_1,825
21872,464,cat_2,464
21873,931,cat_3,931
21874,79,cat_4,79
21875,125,cat_0,125
21876,523,cat_1,523
21877,635,cat_2,635
21878,555,cat_3,555
21879,476,cat_4,476
21880,458,cat_0,458
21881,379,cat_1,379
21882,416,cat_2,416
21883,747,cat_3,747
21884,303,cat_4,303
21885,321,cat_0,321
21886,814,cat_1,814
21887,714,cat_2,714
21888,450,cat_3,450
21889,802,cat_4,802
21890,123,cat_0,123
21891,568,cat_1,568
21892,89,cat_2,89
21893,462,cat_3,462
21894,449,cat_4,449
21895,615,cat_0,615
21896,292,cat_1,292
21897,763,cat_2,763
21898,906,cat_3,906
21899,915,cat_4,915
21900,139,cat_0,139
21901,404,cat_1,404
21902,985,cat_2,985
21903,606,cat_3,606
21904,503,cat_4,503
21905,705,cat_0,705
21906,48,cat_1,48
21907,673,cat_2,673
21908,783,cat_3,783
21909,898,cat_4,898
21910,786,cat_0,786
21911,474,cat_1,474
21912,209,cat_2,209
21913,458,cat_3,458
21914,495,cat_4,495
21915,484,cat_0,484
21916,826,cat_1,826
21917,721,cat_2,721
21918,248,cat_3,248
21919,790,cat_4,790
21920,524,cat_0,524
21921,291,cat_1,291
21922,343,cat_2,343
21923,141,cat_3,141
21924,577,cat_4,577
21925,473,cat_0,473
21926,451,cat_1,451
21927,98,cat_2,98
21928,500,cat_3,500
21929,832,cat_4,832
21930,369,cat_0,369
21931,725,cat_1,725
21932,672,cat_2,672
21933,167,cat_3,167
21934,357,cat_4,357
21935,897,cat_0,897
21936,404,cat_1,404
21937,579,cat_2,579
21938,293,cat_3,293
21939,1,cat_4,1
21940,941,cat_0,941
21941,55,cat_1,55
21942,200,cat_2,200
21943,782,cat_3,782
21944,863,cat_4,863
21945,512,cat_0,512
21946,123,cat_1,123
21947,173,cat_2,173
21948,152,cat_3,152
21949,206,cat_4,206
21950,821,cat_0,821
21951,603,cat_1,603
21952,872,cat_2,872
21953,450,cat_3,450
21954,852,cat_4,852
21955,686,cat_0,686
21956,522,cat_1,522
21957,635,cat_2,635
21958,327,cat_3,327
21959,510,cat_4,510
21960,758,cat_0,758
21961,507,cat_1,507
21962,912,cat_2,912
21963,898,cat_3,898
21964,335,cat_4,335
21965,354,cat_0,354
21966,250,cat_1,250
21967,68,cat_2,68
21968,648,cat_3,648
21969,733,cat_4,733
21970,128,cat_0,128
21971,629,cat_1,629
21972,782,cat_2,782
21973,121,cat_3,121
21974,682,cat_4,682
21975,315,cat_0,315
21976,12,cat_1,12
21977,632,cat_2,632
21978,900,cat_3,900
21979,892,cat_4,892
21980,572,cat_0,572
21981,397,cat_1,397
21982,883,cat_2,883
21983,806,cat_3,806
21984,84,cat_4,84
21985,149,cat_0,149
21986,795,cat_1,795
21987,777,cat_2,777
21988,295,cat_3,295
21989,597,cat_4,597
21990,16,cat_0,16
21991,703,cat_1,703
21992,937,cat_2,937
21993,177,cat_3,177
21994,602,cat_4,602
21995,811,cat_0,811
21996,622,cat_1,622
21997,59,cat_2,59
21998,500,cat_3,500
21999,203,cat_4,203
22000,591,cat_0,591
22001,654,cat_1,654
22002,633,cat_2,633
22003,736,cat_3,736
22004,427,cat_4,427
22005,805,cat_0,805
22006,322,cat_1,322
22007,269,cat_2,269
22008,781,cat_3,781
22009,975,cat_4,975
22010,860,cat_0,860
22011,649,cat_1,649
22012,526,cat_2,526
22013,244,cat_3,244
22014,494,cat_4,494
22015,835,cat_0,835
22016,123,cat_1,123
22017,707,cat_2,707
22018,96,cat_3,96
22019,756,cat_4,756
22020,381,cat_0,381
22021,328,cat_1,328
22022,416,cat_2,416
22023,1000,cat_3,1000
22024,372,cat_4,372
22025,945,cat_0,945
22026,430,cat_1,430
22027,744,cat_2,744
22028,271,cat_3,271
22029,685,cat_4,685
22030,288,cat_0,288
22031,711,cat_1,711
22032,540,cat_2,540
22033,897,cat_3,897
22034,428,cat_4,428
22035,581,cat_0,581
22036,614,cat_1,614
22037,805,cat_2,805
22038,79,cat_3,79
22039,44,cat_4,44
22040,800,cat_0,800
22041,821,cat_1,821
22042,792,cat_2,792
22043,30,cat_3,30
22044,442,cat_4,442
22045,756,cat_0,756
22046,699,cat_1,699
22047,702,cat_2,702
22048,99,cat_3,99
22049,112,cat_4,112
22050,591,cat_0,591
22051,764,cat_1,764
22052,727,cat_2,727
22053,601,cat_3,601
22054,345,cat_4,345
22055,293,cat_0,293
22056,319,cat_1,319
22057,389,cat_2,389
22058,328,cat_3,328
22059,583,cat_4,583
22060,309,cat_0,309
22061,701,cat_1,701
22062,225,cat_2,225
22063,871,cat_3,871
22064,174,cat_4,174
22065,916,cat_0,916
22066,750,cat_1,750
22067,578,cat_2,578
22068,318,cat_3,318
22069,60,cat_4,60
22070,62,cat_0,62
22071,983,cat_1,983
22072,127,cat_2,127
22073,26,cat_3,26
22074,464,cat_4,464
22075,503,cat_0,503
22076,103,cat_1,103
22077,750,cat_2,750
22078,482,cat_3,482
22079,252,cat_4,252
22080,804,cat_0,804
22081,44,cat_1,44
22082,27,cat_2,27
22083,844,cat_3,844
22084,565,cat_4,565
22085,801,cat_0,801
22086,516,cat_1,516
22087,209,cat_2,209
22088,419,cat_3,419
22089,414,cat_4,414
22090,766,cat_0,766
22091,217,cat_1,217
22092,43,cat_2,43
22093,916,cat_3,916
22094,170,cat_4,170
22095,930,cat_0,930
22096,754,cat_1,754
22097,781,cat_2,781
22098,211,cat_3,211
22099,165,cat_4,165
22100,521,cat_0,521
22101,941,cat_1,941
22102,830,cat_2,830
22103,645,cat_3,645
22104,75,cat_4,75
22105,492,cat_0,492
22106,640,cat_1,640
22107,902,cat_2,902
22108,457,cat_3,457
22109,68,cat_4,68
22110,311,cat_0,311
22111,636,cat_1,636
22112,469,cat_2,469
22113,677,cat_3,677
22114,921,cat_4,921
22115,559,cat_0,559
22116,813,cat_1,813
22117,603,cat_2,603
22118,203,cat_3,203
22119,424,cat_4,424
22120,79,cat_0,79
22121,662,cat_1,662
22122,614,cat_2,614
22123,226,cat_3,226
22124,135,cat_4,135
22125,733,cat_0,733
22126,839,cat_1,839
22127,656,cat_2,656
22128,683,cat_3,683
22129,207,cat_4,207
22130,97,cat_0,97
22131,692,cat_1,692
22132,109,cat_2,109
22133,225,cat_3,225
22134,671,cat_4,671
22135,450,cat_0,450
22136,972,cat_1,972
22137,686,cat_2,686
22138,773,cat_3,773
22139,855,cat_4,855
22140,769,cat_0,769
22141,178,cat_1,178
22142,320,cat_2,320
22143,81,cat_3,81
22144,764,cat_4,764
22145,910,cat_0,910
22146,890,cat_1,890
22147,768,cat_2,768
22148,59,cat_3,59
22149,695,cat_4,695
22150,957,cat_0,957
22151,131,cat_1,131
22152,245,cat_2,245
22153,38,cat_3,38
22154,907,cat_4,907
22155,689,cat_0,689
22156,921,cat_1,921
22157,879,cat_2,879
22158,912,cat_3,912
22159,265,cat_4,265
22160,801,cat_0,801
22161,320,cat_1,320
22162,894,cat_2,894
22163,13,cat_3,13
22164,944,cat_4,944
22165,876,cat_0,876
22166,465,cat_1,465
22167,946,cat_2,946
22168,139,cat_3,139
22169,429,cat_4,429
22170,836,cat_0,836
22171,768,cat_1,768
22172,202,cat_2,202
22173,54,cat_3,54
22174,372,cat_4,372
22175,419,cat_0,419
22176,854,cat_1,854
22177,210,cat_2,210
22178,887,cat_3,887
22179,112,cat_4,112
22180,746,cat_0,746
22181,924,cat_1,924
22182,75,cat_2,75
22183,136,cat_3,136
22184,450,cat_4,450
22185,759,cat_0,759
22186,827,cat_1,827
22187,758,cat_2,758
22188,232,cat_3,232
22189,744,cat_4,744
22190,790,cat_0,790
22191,152,cat_1,152
22192,250,cat_2,250
22193,278,cat_3,278
22194,555,cat_4,555
22195,915,cat_0,915
22196,186,cat_1,186
22197,417,cat_2,417
22198,430,cat_3,430
22199,711,cat_4,711
22200,610,cat_0,610
22201,972,cat_1,972
22202,509,cat_2,509
22203,270,cat_3,270
22204,759,cat_4,759
22205,707,cat_0,707
22206,742,cat_1,742
22207,654,cat_2,654
22208,55,cat_3,55
22209,287,cat_4,287
22210,478,cat_0,478
22211,838,cat_1,838
22212,745,cat_2,745
22213,969,cat_3,969
22214,268,cat_4,268
22215,171,cat_0,171
22216,713,cat_1,713
22217,506,cat_2,506
22218,989,cat_3,989
22219,72,cat_4,72
22220,496,cat_0,496
22221,308,cat_1,308
22222,706,cat_2,706
22223,838,cat_3,838
22224,37,cat_4,37
22225,808,cat_0,808
22226,455,cat_1,455
22227,246,cat_2,246
22228,808,cat_3,808
22229,800,cat_4,800
22230,179,cat_0,179
22231,802,cat_1,802
22232,398,cat_2,398
22233,727,cat_3,727
22234,193,cat_4,193
22235,693,cat_0,693
22236,381,cat_1,381
22237,381,cat_2,381
22238,258,cat_3,258
22239,799,cat_4,799
22240,955,cat_0,955
22241,161,cat_1,161
22242,605,cat_2,605
22243,157,cat_3,157
22244,286,cat_4,286
22245,912,cat_0,912
22246,662,cat_1,662
22247,172,cat_2,172
22248,423,cat_3,423
22249,263,cat_4,263
22250,383,cat_0,383
22251,420,cat_1,420
22252,144,cat_2,144
22253,928,cat_3,928
22254,936,cat_4,936
22255,132,cat_0,132
22256,30,cat_1,30
22257,600,cat_2,600
22258,255,cat_3,255
22259,446,cat_4,446
22260,233,cat_0,233
22261,572,cat_1,572
22262,164,cat_2,164
22263,114,cat_3,114
22264,624,cat_4,624
22265,25,cat_0,25
22266,350,cat_1,350
22267,328,cat_2,328
22268,887,cat_3,887
22269,392,cat_4,392
22270,623,cat_0,623
22271,719,cat_1,719
22272,139,cat_2,139
22273,608,cat_3,608
22274,796,cat_4,796
22275,731,cat_0,731
22276,606,cat_1,606
22277,932,cat_2,932
22278,205,cat_3,205
22279,913,cat_4,913
22280,121,cat_0,121
22281,963,cat_1,963
22282,408,cat_2,408
22283,938,cat_3,938
22284,56,cat_4,56
22285,436,cat_0,436
22286,1,cat_1,1
22287,259,cat_2,259
22288,106,cat_3,106
22289,504,cat_4,504
22290,710,cat_0,710
22291,960,cat_1,960
22292,953,cat_2,953
22293,936,cat_3,936
22294,3,cat_4,3
22295,287,cat_0,287
22296,357,cat_1,357
22297,517,cat_2,517
22298,731,cat_3,731
22299,600,cat_4,600
22300,172,cat_0,172
22301,467,cat_1,467
22302,743,cat_2,743
22303,96,cat_3,96
22304,607,cat_4,607
22305,170,cat_0,170
22306,226,cat_1,226
22307,748,cat_2,748
22308,394,cat_3,394
22309,868,cat_4,868
22310,843,cat_0,843
22311,624,cat_1,624
22312,219,cat_2,219
22313,281,cat_3,281
22314,980,cat_4,980
22315,71,cat_0,71
22316,506,cat_1,506
22317,625,cat_2,625
22318,581,cat_3,581
22319,973,cat_4,973
22320,936,cat_0,936
22321,984,cat_1,984
22322,115,cat_2,115
22323,852,cat_3,852
22324,781,cat_4,781
22325,484,cat_0,484
22326,842,cat_1,842
22327,839,cat_2,839
22328,730,cat_3,730
22329,660,cat_4,660
22330,565,cat_0,565
22331,661,cat_1,661
22332,561,cat_2,561
22333,992,cat_3,992
22334,901,cat_4,901
22335,334,cat_0,334
22336,106,cat_1,106
22337,810,cat_2,810
22338,381,cat_3,381
22339,338,cat_4,338
22340,12,cat_0,12
22341,376,cat_1,376
22342,443,cat_2,443
22343,123,cat_3,123
22344,381,cat_4,381
22345,7,cat_0,7
22346,225,cat_1,225
22347,215,cat_2,215
22348,774,cat_3,774
22349,60,cat_4,60
22350,373,cat_0,373
22351,496,cat_1,496
22352,643,cat_2,643
22353,164,cat_3,164
22354,636,cat_4,636
22355,543,cat_0,543
22356,705,cat_1,705
22357,778,cat_2,778
22358,337,cat_3,337
22359,626,cat_4,626
22360,835,cat_0,835
22361,946,cat_1,946
22362,857,cat_2,857
22363,665,cat_3,665
22364,465,cat_4,465
22365,286,cat_0,286
22366,104,cat_1,104
22367,143,cat_2,143
22368,35,cat_3,35
22369,794,cat_4,794
22370,544,cat_0,544
22371,163,cat_1,163
22372,665,cat_2,665
22373,545,cat_3,545
22374,87,cat_4,87
22375,264,cat_0,264
22376,619,cat_1,619
22377,795,cat_2,795
22378,396,cat_3,396
22379,348,cat_4,348
22380,53,cat_0,53
22381,596,cat_1,596
22382,288,cat_2,288
22383,702,cat_3,702
22384,700,cat_4,700
22385,36,cat_0,36
22386,70,cat_1,70
22387,708,cat_2,708
22388,326,cat_3,326
22389,47,cat_4,47
22390,999,cat_0,999
22391,370,cat_1,370
22392,344,cat_2,344
22393,1000,cat_3,1000
22394,173,cat_4,173
22395,51,cat_0,51
22396,562,cat_1,562
22397,722,cat_2,722
22398,6,cat_3,6
22399,540,cat_4,540
22400,343,cat_0,343
22401,859,cat_1,859
22402,236,cat_2,236
22403,951,cat_3,951
22404,573,cat_4,573
22405,615,cat_0,615
22406,739,cat_1,739
22407,894,cat_2,894
22408,912,cat_3,912
22409,693,cat_4,693
22410,350,cat_0,350
22411,865,cat_1,865
22412,794,cat_2,794
22413,922,cat_3,922
22414,978,cat_4,978
22415,114,cat_0,114
22416,511,cat_1,511
22417,628,cat_2,628
22418,989,cat_3,989
22419,923,cat_4,923
22420,831,cat_0,831
22421,248,cat_1,248
22422,566,cat_2,566
22423,9,cat_3,9
22424,353,cat_4,353
22425,224,cat_0,224
22426,14,cat_1,14
22427,377,cat_2,377
22428,38,cat_3,38
22429,305,cat_4,305
22430,221,cat_0,221
22431,124,cat_1,124
22432,137,cat_2,137
22433,883,cat_3,883
22434,489,cat_4,489
22435,21,cat_0,21
22436,855,cat_1,855
22437,711,cat_2,711
22438,448,cat_3,448
22439,610,cat_4,610
22440,210,cat_0,210
22441,728,cat_1,728
22442,538,cat_2,538
22443,694,cat_3,694
22444,418,cat_4,418
22445,126,cat_0,126
22446,531,cat_1,531
22447,202,cat_2,202
22448,785,cat_3,785
22449,615,cat_4,615
22450,578,cat_0,578
22451,460,cat_1,460
22452,211,cat_2,211
22453,880,cat_3,880
22454,980,cat_4,980
22455,10,cat_0,10
22456,556,cat_1,556
22457,413,cat_2,413
22458,290,cat_3,290
22459,522,cat_4,522
22460,16,cat_0,16
22461,334,cat_1,334
22462,522,cat_2,522
22463,520,cat_3,520
22464,945,cat_4,945
22465,648,cat_0,648
22466,536,cat_1,536
22467,335,cat_2,335
22468,576,cat_3,576
22469,597,cat_4,597
22470,102,cat_0,102
22471,440,cat_1,440
22472,629,cat_2,629
22473,176,cat_3,176
22474,513,cat_4,513
22475,95,cat_0,95
22476,409,cat_1,409
22477,60,cat_2,60
22478,737,cat_3,737
22479,854,cat_4,854
22480,181,cat_0,181
22481,528,cat_1,528
22482,409,cat_2,409
22483,791,cat_3,791
22484,250,cat_4,250
22485,526,cat_0,526
22486,897,cat_1,897
22487,858,cat_2,858
22488,283,cat_3,283
22489,183,cat_4,183
22490,293,cat_0,293
22491,943,cat_1,943
22492,332,cat_2,332
22493,980,cat_3,980
22494,974,cat_4,974
22495,541,cat_0,541
22496,570,cat_1,570
22497,238,cat_2,238
22498,415,cat_3,415
22499,152,cat_4,152
22500,680,cat_0,680
22501,623,cat_1,623
22502,40,cat_2,40
22503,280,cat_3,280
22504,437,cat_4,437
22505,233,cat_0,233
22506,708,cat_1,708
22507,988,cat_2,988
22508,603,cat_3,603
22509,970,cat_4,970
22510,916,cat_0,916
22511,660,cat_1,660
22512,572,cat_2,572
22513,235,cat_3,235
22514,722,cat_4,722
22515,397,cat_0,397
22516,423,cat_1,423
22517,386,cat_2,386
22518,463,cat_3,463
22519,413,cat_4,413
22520,575,cat_0,575
22521,446,cat_1,446
22522,371,cat_2,371
22523,1000,cat_3,1000
22524,991,cat_4,991
22525,474,cat_0,474
22526,389,cat_1,389
22527,801,cat_2,801
22528,661,cat_3,661
22529,928,cat_4,928
22530,495,cat_0,495
22531,619,cat_1,619
22532,794,cat_2,794
22533,614,cat_3,614
22534,374,cat_4,374
22535,720,cat_0,720
22536,393,cat_1,393
22537,284,cat_2,284
22538,308,cat_3,308
22539,108,cat_4,108
22540,285,cat_0,285
22541,761,cat_1,761
22542,231,cat_2,231
22543,235,cat_3,235
22544,759,cat_4,759
22545,751,cat_0,751
22546,983,cat_1,983
22547,472,cat_2,472
22548,107,cat_3,107
22549,747,cat_4,747
22550,951,cat_0,951
22551,168,cat_1,168
22552,627,cat_2,627
22553,466,cat_3,466
22554,195,cat_4,195
22555,425,cat_0,425
22556,144,cat_1,144
22557,521,cat_2,521
22558,462,cat_3,462
22559,316,cat_4,316
22560,109,cat_0,109
22561,183,cat_1,183
22562,209,cat_2,209
22563,161,cat_3,161
22564,77,cat_4,77
22565,791,cat_0,791
22566,975,cat_1,975
22567,693,cat_2,693
22568,152,cat_3,152
22569,342,cat_4,342
22570,150,cat_0,150
22571,793,cat_1,793
22572,123,cat_2,123
22573,902,cat_3,902
22574,274,cat_4,274
22575,928,cat_0,928
22576,703,cat_1,703
22577,374,cat_2,374
22578,525,cat_3,525
22579,793,cat_4,793
22580,280,cat_0,280
22581,319,cat_1,319
22582,113,cat_2,113
22583,602,cat_3,602
22584,282,cat_4,282
22585,588,cat_0,588
22586,191,cat_1,191
22587,157,cat_2,157
22588,26,cat_3,26
22589,433,cat_4,433
22590,600,cat_0,600
22591,698,cat_1,698
22592,534,cat_2,534
22593,660,cat_3,660
22594,743,cat_4,743
22595,517,cat_0,517
22596,626,cat_1,626
22597,101,cat_2,101
22598,168,cat_3,168
22599,875,cat_4,875
22600,381,cat_0,381
22601,427,cat_1,427
22602,804,cat_2,804
22603,960,cat_3,960
22604,542,cat_4,542
22605,520,cat_0,520
22606,821,cat_1,821
22607,822,cat_2,822
22608,523,cat_3,523
22609,460,cat_4,460
22610,846,cat_0,846
22611,11,cat_1,11
22612,918,cat_2,918
22613,242,cat_3,242
22614,957,cat_4,957
22615,848,cat_0,848
22616,634,cat_1,634
22617,844,cat_2,844
22618,258,cat_3,258
22619,785,cat_4,785
22620,244,cat_0,244
22621,268,cat_1,268
22622,768,cat_2,768
22623,2,cat_3,2
22624,562,cat_4,562
22625,285,cat_0,285
22626,621,cat_1,621
22627,671,cat_2,671
22628,839,cat_3,839
22629,898,cat_4,898
22630,88,cat_0,88
22631,197,cat_1,197
22632,220,cat_2,220
22633,126,cat_3,126
22634,209,cat_4,209
22635,98,cat_0,98
22636,197,cat_1,197
22637,212,cat_2,212
22638,77,cat_3,77
22639,139,cat_4,139
22640,319,cat_0,319
22641,63,cat_1,63
22642,468,cat_2,468
22643,53,cat_3,53
22644,39,cat_4,39
22645,81,cat_0,81
22646,319,cat_1,319
22647,306,cat_2,306
22648,719,cat_3,719
22649,23,cat_4,23
22650,455,cat_0,455
22651,38,cat_1,38
22652,457,cat_2,457
22653,136,cat_3,136
22654,206,cat_4,206
22655,893,cat_0,893
22656,902,cat_1,902
22657,165,cat_2,165
22658,921,cat_3,921
22659,910,cat_4,910
22660,457,cat_0,457
22661,896,cat_1,896
22662,985,cat_2,985
22663,958,cat_3,958
22664,491,cat_4,491
22665,315,cat_0,315
22666,674,cat_1,674
22667,380,cat_2,380
22668,624,cat_3,624
22669,700,cat_4,700
22670,779,cat_0,779
22671,37,cat_1,37
22672,239,cat_2,239
22673,659,cat_3,659
22674,431,cat_4,431
22675,108,cat_0,108
22676,738,cat_1,738
22677,871,cat_2,871
22678,410,cat_3,410
22679,29,cat_4,29
22680,948,cat_0,948
22681,317,cat_1,317
22682,687,cat_2,687
22683,222,cat_3,222
22684,880,cat_4,880
22685,348,cat_0,348
22686,676,cat_1,676
22687,328,cat_2,328
22688,242,cat_3,242
22689,135,cat_4,135
22690,893,cat_0,893
22691,503,cat_1,503
22692,582,cat_2,582
22693,614,cat_3,614
22694,520,cat_4,520
22695,431,cat_0,431
22696,850,cat_1,850
22697,694,cat_2,694
22698,994,cat_3,994
22699,583,cat_4,583
22700,192,cat_0,192
22701,920,cat_1,920
22702,467,cat_2,467
22703,562,cat_3,562
22704,296,cat_4,296
22705,289,cat_0,289
22706,8,cat_1,8
22707,503,cat_2,503
22708,203,cat_3,203
22709,733,cat_4,733
22710,3,cat_0,3
22711,542,cat_1,542
22712,173,cat_2,173
22713,451,cat_3,451
22714,9,cat_4,9
22715,673,cat_0,673
22716,804,cat_1,804
22717,763,cat_2,763
22718,830,cat_3,830
22719,29,cat_4,29
22720,436,cat_0,436
22721,334,cat_1,334
22722,924,cat_2,924
22723,516,cat_3,516
22724,584,cat_4,584
22725,176,cat_0,176
22726,557,cat_1,557
22727,793,cat_2,793
22728,741,cat_3,741
22729,786,cat_4,786
22730,526,cat_0,526
22731,206,cat_1,206
22732,531,cat_2,531
22733,99,cat_3,99
22734,126,cat_4,126
22735,72,cat_0,72
22736,871,cat_1,871
22737,625,cat_2,625
22738,761,cat_3,761
22739,999,cat_4,999
22740,558,cat_0,558
22741,136,cat_1,136
22742,635,cat_2,635
22743,52,cat_3,52
22744,955,cat_4,955
22745,532,cat_0,532
22746,262,cat_1,262
22747,847,cat_2,847
22748,207,cat_3,207
22749,293,cat_4,293
22750,12,cat_0,12
22751,314,cat_1,314
22752,66,cat_2,66
22753,179,cat_3,179
22754,657,cat_4,657
22755,820,cat_0,820
22756,237,cat_1,237
22757,454,cat_2,454
22758,865,cat_3,865
22759,194,cat_4,194
22760,210,cat_0,210
22761,437,cat_1,437
22762,563,cat_2,563
22763,965,cat_3,965
22764,646,cat_4,646
22765,239,cat_0,239
22766,459,cat_1,459
22767,645,cat_2,645
22768,570,cat_3,570
22769,296,cat_4,296
22770,998,cat_0,998
22771,6,cat_1,6
22772,841,cat_2,841
22773,401,cat_3,401
22774,836,cat_4,836
22775,178,cat_0,178
22776,3,cat_1,3
22777,114,cat_2,114
22778,186,cat_3,186
22779,726,cat_4,726
22780,297,cat_0,297
22781,742,cat_1,742
22782,601,cat_2,601
22783,430,cat_3,430
22784,950,cat_4,950
22785,852,cat_0,852
22786,916,cat_1,916
22787,721,cat_2,721
22788,227,cat_3,227
22789,127,cat_4,127
22790,78,cat_0,78
22791,285,cat_1,285
22792,392,cat_2,392
22793,133,cat_3,133
22794,40,cat_4,40
22795,855,cat_0,855
22796,416,cat_1,416
22797,533,cat_2,533
22798,442,cat_3,442
22799,6,cat_4,6
22800,513,cat_0,513
22801,782,cat_1,782
22802,808,cat_2,808
22803,561,cat_3,561
22804,784,cat_4,784
22805,946,cat_0,946
22806,27,cat_1,27
22807,291,cat_2,291
22808,261,cat_3,261
22809,848,cat_4,848
22810,559,cat_0,559
22811,682,cat_1,682
22812,361,cat_2,361
22813,889,cat_3,889
22814,779,cat_4,779
22815,131,cat_0,131
22816,293,cat_1,293
22817,903,cat_2,903
22818,580,cat_3,580
22819,556,cat_4,556
22820,105,cat_0,105
22821,34,cat_1,34
22822,274,cat_2,274
22823,500,cat_3,500
22824,344,cat_4,344
22825,695,cat_0,695
22826,872,cat_1,872
22827,71,cat_2,71
22828,989,cat_3,989
22829,286,cat_4,286
22830,684,cat_0,684
22831,731,cat_1,731
22832,521,cat_2,521
22833,127,cat_3,127
22834,900,cat_4,900
22835,653,cat_0,653
22836,878,cat_1,878
22837,130,cat_2,130
22838,766,cat_3,766
22839,664,cat_4,664
22840,519,cat_0,519
22841,686,cat_1,686
22842,503,cat_2,503
22843,220,cat_3,220
22844,427,cat_4,427
22845,240,cat_0,240
22846,944,cat_1,944
22847,543,cat_2,543
22848,99,cat_3,99
22849,773,cat_4,773
22850,24,cat_0,24
22851,780,cat_1,780
22852,620,cat_2,620
22853,535,cat_3,535
22854,326,cat_4,326
22855,218,cat_0,218
22856,562,cat_1,562
22857,976,cat_2,976
22858,474,cat_3,474
22859,834,cat_4,834
22860,190,cat_0,190
22861,797,cat_1,797
22862,984,cat_2,984
22863,46,cat_3,46
22864,566,cat_4,566
22865,565,cat_0,565
22866,112,cat_1,112
22867,694,cat_2,694
22868,970,cat_3,970
22869,131,cat_4,131
22870,466,cat_0,466
22871,472,cat_1,472
22872,970,cat_2,970
22873,315,cat_3,315
22874,491,cat_4,491
22875,341,cat_0,341
22876,391,cat_1,391
22877,549,cat_2,549
22878,115,cat_3,115
22879,831,cat_4,831
22880,291,cat_0,291
22881,890,cat_1,890
22882,482,cat_2,482
22883,914,cat_3,914
22884,203,cat_4,203
22885,671,cat_0,671
22886,598,cat_1,598
22887,340,cat_2,340
22888,91,cat_3,91
22889,824,cat_4,824
22890,130,cat_0,130
22891,997,cat_1,997
22892,174,cat_2,174
22893,722,cat_3,722
22894,878,cat_4,878
22895,176,cat_0,176
22896,63,cat_1,63
22897,770,cat_2,770
22898,385,cat_3,385
22899,311,cat_4,311
22900,135,cat_0,135
22901,399,cat_1,399
22902,644,cat_2,644
22903,883,cat_3,883
22904,86,cat_4,86
22905,556,cat_0,556
22906,628,cat_1,628
22907,905,cat_2,905
22908,707,cat_3,707
22909,200,cat_4,200
22910,177,cat_0,177
22911,466,cat_1,466
22912,246,cat_2,246
22913,172,cat_3,172
22914,620,cat_4,620
22915,930,cat_0,930
22916,938,cat_1,938
22917,661,cat_2,661
22918,503,cat_3,503
22919,354,cat_4,354
22920,558,cat_0,558
22921,483,cat_1,483
22922,687,cat_2,687
22923,29,cat_3,29
22924,411,cat_4,411
22925,963,cat_0,963
22926,987,cat_1,987
22927,231,cat_2,231
22928,679,cat_3,679
22929,830,cat_4,830
22930,63,cat_0,63
22931,279,cat_1,279
22932,831,cat_2,831
22933,332,cat_3,332
22934,205,cat_4,205
22935,187,cat_0,187
22936,900,cat_1,900
22937,388,cat_2,388
22938,321,cat_3,321
22939,47,cat_4,47
22940,941,cat_0,941
22941,598,cat_1,598
22942,248,cat_2,248
22943,565,cat_3,565
22944,723,cat_4,723
22945,603,cat_0,603
22946,800,cat_1,800
22947,563,cat_2,563
22948,557,cat_3,557
22949,62,cat_4,62
22950,380,cat_0,380
22951,851,cat_1,851
22952,483,cat_2,483
22953,62,cat_3,62
22954,478,cat_4,478
22955,288,cat_0,288
22956,860,cat_1,860
22957,590,cat_2,590
22958,323,cat_3,323
22959,590,cat_4,590
22960,364,cat_0,364
22961,313,cat_1,313
22962,698,cat_2,698
22963,473,cat_3,473
22964,787,cat_4,787
22965,599,cat_0,599
22966,45,cat_1,45
22967,148,cat_2,148
22968,598,cat_3,598
22969,184,cat_4,184
22970,315,cat_0,315
22971,309,cat_1,309
22972,157,cat_2,157
22973,1000,cat_3,1000
22974,837,cat_4,837
22975,906,cat_0,906
22976,10,cat_1,10
22977,784,cat_2,784
22978,782,cat_3,782
22979,248,cat_4,248
22980,981,cat_0,981
22981,700,cat_1,700
22982,90,cat_2,90
22983,117,cat_3,117
22984,471,cat_4,471
22985,741,cat_0,741
22986,991,cat_1,991
22987,819,cat_2,819
22988,782,cat_3,782
22989,452,cat_4,452
22990,973,cat_0,973
22991,775,cat_1,775
22992,632,cat_2,632
22993,692,cat_3,692
22994,733,cat_4,733
22995,418,cat_0,418
22996,830,cat_1,830
22997,297,cat_2,297
22998,456,cat_3,456
22999,85,cat_4,85
23000,933,cat_0,933
23001,653,cat_1,653
23002,94,cat_2,94
23003,170,cat_3,170
23004,875,cat_4,875
23005,12,cat_0,12
23006,303,cat_1,303
23007,641,cat_2,641
23008,41,cat_3,41
23009,658,cat_4,658
23010,951,cat_0,951
23011,494,cat_1,494
23012,393,cat_2,393
23013,35,cat_3,35
23014,261,cat_4,261
23015,61,cat_0,61
23016,959,cat_1,959
23017,306,cat_2,306
23018,453,cat_3,453
23019,322,cat_4,322
23020,766,cat_0,766
23021,186,cat_1,186
23022,232,cat_2,232
23023,794,cat_3,794
23024,65,cat_4,65
23025,194,cat_0,194
23026,916,cat_1,916
23027,114,cat_2,114
23028,855,cat_3,855
23029,718,cat_4,718
23030,268,cat_0,268
23031,572,cat_1,572
23032,758,cat_2,758
23033,102,cat_3,102
23034,681,cat_4,681
23035,487,cat_0,487
23036,914,cat_1,914
23037,377,cat_2,377
23038,111,cat_3,111
23039,419,cat_4,419
23040,930,cat_0,930
23041,498,cat_1,498
23042,798,cat_2,798
23043,714,cat_3,714
23044,28,cat_4,28
23045,69,cat_0,69
23046,566,cat_1,566
23047,499,cat_2,499
23048,910,cat_3,910
23049,681,cat_4,681
23050,207,cat_0,207
23051,285,cat_1,285
23052,874,cat_2,874
23053,218,cat_3,218
23054,583,cat_4,583
23055,46,cat_0,46
23056,627,cat_1,627
23057,910,cat_2,910
23058,619,cat_3,619
23059,114,cat_4,114
23060,279,cat_0,279
23061,168,cat_1,168
23062,853,cat_2,853
23063,425,cat_3,425
23064,620,cat_4,620
23065,3,cat_0,3
23066,339,cat_1,339
23067,350,cat_2,350
23068,45,cat_3,45
23069,52,cat_4,52
23070,104,cat_0,104
23071,529,cat_1,529
23072,77,cat_2,77
23073,47,cat_3,47
23074,822,cat_4,822
23075,840,cat_0,840
23076,372,cat_1,372
23077,708,cat_2,708
23078,670,cat_3,670
23079,561,cat_4,561
23080,130,cat_0,130
23081,746,cat_1,746
23082,722,cat_2,722
23083,87,cat_3,87
23084,437,cat_4,437
23085,775,cat_0,775
23086,141,cat_1,141
23087,6,cat_2,6
23088,150,cat_3,150
23089,74,cat_4,74
23090,847,cat_0,847
23091,301,cat_1,301
23092,405,cat_2,405
23093,25,cat_3,25
23094,864,cat_4,864
23095,678,cat_0,678
23096,7,cat_1,7
23097,904,cat_2,904
23098,278,cat_3,278
23099,437,cat_4,437
23100,199,cat_0,199
23101,105,cat_1,105
23102,354,cat_2,354
23103,319,cat_3,319
23104,824,cat_4,824
23105,227,cat_0,227
23106,753,cat_1,753
23107,953,cat_2,953
23108,926,cat_3,926
23109,268,cat_4,268
23110,867,cat_0,867
23111,412,cat_1,412
23112,299,cat_2,299
23113,911,cat_3,911
23114,911,cat_4,911
23115,182,cat_0,182
23116,339,cat_1,339
23117,744,cat_2,744
23118,875,cat_3,875
23119,840,cat_4,840
23120,984,cat_0,984
23121,431,cat_1,431
23122,706,cat_2,706
23123,185,cat_3,185
23124,431,cat_4,431
23125,202,cat_0,202
23126,612,cat_1,612
23127,664,cat_2,664
23128,681,cat_3,681
23129,125,cat_4,125
23130,681,cat_0,681
23131,726,cat_1,726
23132,646,cat_2,646
23133,987,cat_3,987
23134,615,cat_4,615
23135,581,cat_0,581
23136,546,cat_1,546
23137,955,cat_2,955
23138,296,cat_3,296
23139,74,cat_4,74
23140,760,cat_0,760
23141,582,cat_1,582
23142,799,cat_2,799
23143,476,cat_3,476
23144,57,cat_4,57
23145,822,cat_0,822
23146,442,cat_1,442
23147,330,cat_2,330
23148,940,cat_3,940
23149,13,cat_4,13
23150,547,cat_0,547
23151,497,cat_1,497
23152,465,cat_2,465
23153,670,cat_3,670
23154,804,cat_4,804
23155,781,cat_0,781
23156,354,cat_1,354
23157,524,cat_2,524
23158,849,cat_3,849
23159,360,cat_4,360
23160,269,cat_0,269
23161,389,cat_1,389
23162,152,cat_2,152
23163,46,cat_3,46
23164,290,cat_4,290
23165,964,cat_0,964
23166,941,cat_1,941
23167,261,cat_2,261
23168,161,cat_3,161
23169,458,cat_4,458
23170,557,cat_0,557
23171,232,cat_1,232
23172,560,cat_2,560
23173,10,cat_3,10
23174,771,cat_4,771
23175,663,cat_0,663
23176,534,cat_1,534
23177,861,cat_2,861
23178,2,cat_3,2
23179,89,cat_4,89
23180,740,cat_0,740
23181,507,cat_1,507
23182,474,cat_2,474
23183,372,cat_3,372
23184,954,cat_4,954
23185,530,cat_0,530
23186,215,cat_1,215
23187,230,cat_2,230
23188,643,cat_3,643
23189,629,cat_4,629
23190,775,cat_0,775
23191,922,cat_1,922
23192,875,cat_2,875
23193,284,cat_3,284
23194,558,cat_4,558
23195,27,cat_0,27
23196,558,cat_1,558
23197,899,cat_2,899
23198,276,cat_3,276
23199,279,cat_4,279
23200,726,cat_0,726
23201,262,cat_1,262
23202,221,cat_2,221
23203,217,cat_3,217
23204,376,cat_4,376
23205,337,cat_0,337
23206,486,cat_1,486
23207,542,cat_2,542
23208,528,cat_3,528
23209,859,cat_4,859
23210,851,cat_0,851
23211,26,cat_1,26
23212,940,cat_2,940
23213,162,cat_3,162
23214,517,cat_4,517
23215,27,cat_0,27
23216,84,cat_1,84
23217,504,cat_2,504
23218,717,cat_3,717
23219,964,cat_4,964
23220,767,cat_0,767
23221,493,cat_1,493
23222,598,cat_2,598
23223,754,cat_3,754
23224,822,cat_4,822
23225,227,cat_0,227
23226,786,cat_1,786
23227,115,cat_2,115
23228,208,cat_3,208
23229,925,cat_4,925
23230,949,cat_0,949
23231,912,cat_1,912
23232,490,cat_2,490
23233,631,cat_3,631
23234,579,cat_4,579
23235,171,cat_0,171
23236,917,cat_1,917
23237,928,cat_2,928
23238,851,cat_3,851
23239,750,cat_4,750
23240,873,cat_0,873
23241,230,cat_1,230
23242,214,cat_2,214
23243,112,cat_3,112
23244,600,cat_4,600
23245,547,cat_0,547
23246,758,cat_1,758
23247,574,cat_2,574
23248,127,cat_3,127
23249,258,cat_4,258
23250,110,cat_0,110
23251,668,cat_1,668
23252,547,cat_2,547
23253,424,cat_3,424
23254,688,cat_4,688
23255,82,cat_0,82
23256,303,cat_1,303
23257,709,cat_2,709
23258,723,cat_3,723
23259,445,cat_4,445
23260,511,cat_0,511
23261,596,cat_1,596
23262,186,cat_2,186
23263,239,cat_3,239
23264,57,cat_4,57
23265,336,cat_0,336
23266,698,cat_1,698
23267,69,cat_2,69
23268,815,cat_3,815
23269,207,cat_4,207
23270,281,cat_0,281
23271,808,cat_1,808
23272,240,cat_2,240
23273,798,cat_3,798
23274,603,cat_4,603
23275,53,cat_0,53
23276,730,cat_1,730
23277,183,cat_2,183
23278,88,cat_3,88
23279,446,cat_4,446
23280,514,cat_0,514
23281,224,cat_1,224
23282,909,cat_2,909
23283,195,cat_3,195
23284,195,cat_4,195
23285,224,cat_0,224
23286,447,cat_1,447
23287,4,cat_2,4
23288,604,cat_3,604
23289,473,cat_4,473
23290,838,cat_0,838
23291,468,cat_1,468
23292,834,cat_2,834
23293,184,cat_3,184
23294,620,cat_4,620
23295,711,cat_0,711
23296,382,cat_1,382
23297,756,cat_2,756
23298,158,cat_3,158
23299,442,cat_4,442
23300,565,cat_0,565
23301,628,cat_1,628
23302,44,cat_2,44
23303,620,cat_3,620
23304,412,cat_4,412
23305,969,cat_0,969
23306,676,cat_1,676
23307,550,cat_2,550
23308,257,cat_3,257
23309,142,cat_4,142
23310,983,cat_0,983
23311,873,cat_1,873
23312,655,cat_2,655
23313,148,cat_3,148
23314,849,cat_4,849
23315,293,cat_0,293
23316,372,cat_1,372
23317,703,cat_2,703
23318,167,cat_3,167
23319,282,cat_4,282
23320,458,cat_0,458
23321,910,cat_1,910
23322,786,cat_2,786
23323,750,cat_3,750
23324,289,cat_4,289
23325,221,cat_0,221
23326,246,cat_1,246
23327,132,cat_2,132
23328,938,cat_3,938
23329,279,cat_4,279
23330,118,cat_0,118
23331,840,cat_1,840
23332,666,cat_2,666
23333,122,cat_3,122
23334,964,cat_4,964
23335,65,cat_0,65
23336,462,cat_1,462
23337,232,cat_2,232
23338,329,cat_3,329
23339,6,cat_4,6
23340,856,cat_0,856
23341,912,cat_1,912
23342,318,cat_2,318
23343,847,cat_3,847
23344,480,cat_4,480
23345,752,cat_0,752
23346,371,cat_1,371
23347,97,cat_2,97
23348,408,cat_3,408
23349,266,cat_4,266
23350,4,cat_0,4
23351,274,cat_1,274
23352,434,cat_2,434
23353,293,cat_3,293
23354,942,cat_4,942
23355,498,cat_0,498
23356,47,cat_1,47
23357,905,cat_2,905
23358,58,cat_3,58
23359,435,cat_4,435
23360,46,cat_0,46
23361,602,cat_1,602
23362,656,cat_2,656
23363,876,cat_3,876
23364,217,cat_4,217
23365,943,cat_0,943
23366,388,cat_1,388
23367,735,cat_2,735
23368,186,cat_3,186
23369,687,cat_4,687
23370,769,cat_0,769
23371,746,cat_1,746
23372,896,cat_2,896
23373,728,cat_3,728
23374,413,cat_4,413
23375,975,cat_0,975
23376,925,cat_1,925
23377,604,cat_2,604
23378,106,cat_3,106
23379,903,cat_4,903
23380,176,cat_0,176
23381,110,cat_1,110
23382,611,cat_2,611
23383,45,cat_3,45
23384,215,cat_4,215
23385,625,cat_0,625
23386,435,cat_1,435
23387,305,cat_2,305
23388,914,cat_3,914
23389,604,cat_4,604
23390,93,cat_0,93
23391,142,cat_1,142
23392,791,cat_2,791
23393,849,cat_3,849
23394,726,cat_4,726
23395,724,cat_0,724
23396,797,cat_1,797
23397,771,cat_2,771
23398,188,cat_3,188
23399,765,cat_4,765
23400,639,cat_0,639
23401,575,cat_1,575
23402,417,cat_2,417
23403,50,cat_3,50
23404,316,cat_4,316
23405,919,cat_0,919
23406,929,cat_1,929
23407,583,cat_2,583
23408,712,cat_3,712
23409,233,cat_4,233
23410,229,cat_0,229
23411,87,cat_1,87
23412,719,cat_2,719
23413,57,cat_3,57
23414,766,cat_4,766
23415,234,cat_0,234
23416,887,cat_1,887
23417,853,cat_2,853
23418,921,cat_3,921
23419,252,cat_4,252
23420,961,cat_0,961
23421,145,cat_1,145
23422,648,cat_2,648
23423,787,cat_3,787
23424,753,cat_4,753
23425,716,cat_0,716
23426,937,cat_1,937
23427,1000,cat_2,1000
23428,751,cat_3,751
23429,75,cat_4,75
23430,243,cat_0,243
23431,545,cat_1,545
23432,948,cat_2,948
23433,31,cat_3,31
23434,241,cat_4,241
23435,489,cat_0,489
23436,22,cat_1,22
23437,359,cat_2,359
23438,642,cat_3,642
23439,225,cat_4,225
23440,351,cat_0,351
23441,434,cat_1,434
23442,894,cat_2,894
23443,294,cat_3,294
23444,629,cat_4,629
23445,169,cat_0,169
23446,307,cat_1,307
23447,911,cat_2,911
23448,194,cat_3,194
23449,638,cat_4,638
23450,392,cat_0,392
23451,872,cat_1,872
23452,489,cat_2,489
23453,16,cat_3,16
23454,577,cat_4,577
23455,236,cat_0,236
23456,998,cat_1,998
23457,407,cat_2,407
23458,48,cat_3,48
23459,245,cat_4,245
23460,874,cat_0,874
23461,476,cat_1,476
23462,197,cat_2,197
23463,945,cat_3,945
23464,732,cat_4,732
23465,172,cat_0,172
23466,278,cat_1,278
23467,80,cat_2,80
23468,503,cat_3,503
23469,567,cat_4,567
23470,740,cat_0,740
23471,392,cat_1,392
23472,265,cat_2,265
23473,115,cat_3,115
23474,323,cat_4,323
23475,736,cat_0,736
23476,689,cat_1,689
23477,572,cat_2,572
23478,838,cat_3,838
23479,517,cat_4,517
23480,763,cat_0,763
23481,673,cat_1,673
23482,79,cat_2,79
23483,71,cat_3,71
23484,729,cat_4,729
23485,348,cat_0,348
23486,44,cat_1,44
23487,280,cat_2,280
23488,64,cat_3,64
23489,314,cat_4,314
23490,855,cat_0,855
23491,97,cat_1,97
23492,686,cat_2,686
23493,778,cat_3,778
23494,481,cat_4,481
23495,627,cat_0,627
23496,191,cat_1,191
23497,713,cat_2,713
23498,755,cat_3,755
23499,601,cat_4,601
23500,552,cat_0,552
23501,938,cat_1,938
23502,233,cat_2,233
23503,844,cat_3,844
23504,330,cat_4,330
23505,453,cat_0,453
23506,792,cat_1,792
23507,615,cat_2,615
23508,951,cat_3,951
23509,511,cat_4,511
23510,925,cat_0,925
23511,89,cat_1,89
23512,863,cat_2,863
23513,412,cat_3,412
23514,949,cat_4,949
23515,275,cat_0,275
23516,694,cat_1,694
23517,488,cat_2,488
23518,556,cat_3,556
23519,59,cat_4,59
23520,929,cat_0,929
23521,331,cat_1,331
23522,315,cat_2,315
23523,673,cat_3,673
23524,687,cat_4,687
23525,18,cat_0,18
23526,311,cat_1,311
23527,169,cat_2,169
23528,730,cat_3,730
23529,765,cat_4,765
23530,943,cat_0,943
23531,491,cat_1,491
23532,172,cat_2,172
23533,373,cat_3,373
23534,604,cat_4,604
23535,308,cat_0,308
23536,271,cat_1,271
23537,193,cat_2,193
23538,997,cat_3,997
23539,587,cat_4,587
23540,654,cat_0,654
23541,234,cat_1,234
23542,758,cat_2,758
23543,644,cat_3,644
23544,355,cat_4,355
23545,506,cat_0,506
23546,855,cat_1,855
23547,847,cat_2,847
23548,609,cat_3,609
23549,919,cat_4,919
23550,197,cat_0,197
23551,83,cat_1,83
23552,63,cat_2,63
23553,247,cat_3,247
23554,798,cat_4,798
23555,271,cat_0,271
23556,296,cat_1,296
23557,28,cat_2,28
23558,590,cat_3,590
23559,978,cat_4,978
23560,204,cat_0,204
23561,975,cat_1,975
23562,646,cat_2,646
23563,527,cat_3,527
23564,534,cat_4,534
23565,912,cat_0,912
23566,739,cat_1,739
23567,900,cat_2,900
23568,380,cat_3,380
23569,749,cat_4,749
23570,391,cat_0,391
23571,952,cat_1,952
23572,128,cat_2,128
23573,148,cat_3,148
23574,607,cat_4,607
23575,101,cat_0,101
23576,119,cat_1,119
23577,107,cat_2,107
23578,218,cat_3,218
23579,216,cat_4,216
23580,737,cat_0,737
23581,966,cat_1,966
23582,275,cat_2,275
23583,223,cat_3,223
23584,542,cat_4,542
23585,656,cat_0,656
23586,9,cat_1,9
23587,193,cat_2,193
23588,480,cat_3,480
23589,771,cat_4,771
23590,348,cat_0,348
23591,521,cat_1,521
23592,127,cat_2,127
23593,285,cat_3,285
23594,747,cat_4,747
23595,200,cat_0,200
23596,30,cat_1,30
23597,278,cat_2,278
23598,343,cat_3,343
23599,314,cat_4,314
23600,704,cat_0,704
23601,69,cat_1,69
23602,295,cat_2,295
23603,5,cat_3,5
23604,697,cat_4,697
23605,728,cat_0,728
23606,241,cat_1,241
23607,810,cat_2,810
23608,87,cat_3,87
23609,152,cat_4,152
23610,548,cat_0,548
23611,957,cat_1,957
23612,682,cat_2,682
23613,734,cat_3,734
23614,11,cat_4,11
23615,104,cat_0,104
23616,350,cat_1,350
23617,277,cat_2,277
23618,592,cat_3,592
23619,609,cat_4,609
23620,146,cat_0,146
23621,47,cat_1,47
23622,599,cat_2,599
23623,612,cat_3,612
23624,213,cat_4,213
23625,754,cat_0,754
23626,39,cat_1,39
23627,212,cat_2,212
23628,463,cat_3,463
23629,423,cat_4,423
23630,228,cat_0,228
23631,31,cat_1,31
23632,909,cat_2,909
23633,97,cat_3,97
23634,199,cat_4,199
23635,452,cat_0,452
23636,189,cat_1,189
23637,929,cat_2,929
23638,391,cat_3,391
23639,183,cat_4,183
23640,564,cat_0,564
23641,817,cat_1,817
23642,710,cat_2,710
23643,741,cat_3,741
23644,724,cat_4,724
23645,809,cat_0,809
23646,310,cat_1,310
23647,726,cat_2,726
23648,516,cat_3,516
23649,388,cat_4,388
23650,727,cat_0,727
23651,485,cat_1,485
23652,362,cat_2,362
23653,161,cat_3,161
23654,727,cat_4,727
23655,416,cat_0,416
23656,774,cat_1,774
23657,349,cat_2,349
23658,970,cat_3,970
23659,645,cat_4,645
23660,260,cat_0,260
23661,72,cat_1,72
23662,53,cat_2,53
23663,987,cat_3,987
23664,594,cat_4,594
23665,378,cat_0,378
23666,183,cat_1,183
23667,159,cat_2,159
23668,787,cat_3,787
23669,383,cat_4,383
23670,990,cat_0,990
23671,218,cat_1,218
23672,520,cat_2,520
23673,566,cat_3,566
23674,412,cat_4,412
23675,229,cat_0,229
23676,726,cat_1,726
23677,540,cat_2,540
23678,558,cat_3,558
23679,601,cat_4,601
23680,433,cat_0,433
23681,982,cat_1,982
23682,279,cat_2,279
23683,63,cat_3,63
23684,915,cat_4,915
23685,726,cat_0,726
23686,25,cat_1,25
23687,520,cat_2,520
23688,874,cat_3,874
23689,86,cat_4,86
23690,835,cat_0,835
23691,436,cat_1,436
23692,376,cat_2,376
23693,377,cat_3,377
23694,43,cat_4,43
23695,890,cat_0,890
23696,275,cat_1,275
23697,403,cat_2,403
23698,833,cat_3,833
23699,428,cat_4,428
23700,250,cat_0,250
23701,485,cat_1,485
23702,140,cat_2,140
23703,323,cat_3,323
23704,722,cat_4,722
23705,221,cat_0,221
23706,506,cat_1,506
23707,193,cat_2,193
23708,103,cat_3,103
23709,436,cat_4,436
23710,14,cat_0,14
23711,310,cat_1,310
23712,128,cat_2,128
23713,634,cat_3,634
23714,982,cat_4,982
23715,675,cat_0,675
23716,653,cat_1,653
23717,271,cat_2,271
23718,72,cat_3,72
23719,631,cat_4,631
23720,426,cat_0,426
23721,992,cat_1,992
23722,267,cat_2,267
23723,893,cat_3,893
23724,779,cat_4,779
23725,313,cat_0,313
23726,492,cat_1,492
23727,559,cat_2,559
23728,751,cat_3,751
23729,161,cat_4,161
23730,206,cat_0,206
23731,688,cat_1,688
23732,503,cat_2,503
23733,751,cat_3,751
23734,45,cat_4,45
23735,297,cat_0,297
23736,109,cat_1,109
23737,779,cat_2,779
23738,241,cat_3,241
23739,842,cat_4,842
23740,354,cat_0,354
23741,4,cat_1,4
23742,328,cat_2,328
23743,203,cat_3,203
23744,121,cat_4,121
23745,699,cat_0,699
23746,436,cat_1,436
23747,850,cat_2,850
23748,588,cat_3,588
23749,34,cat_4,34
23750,816,cat_0,816
23751,837,cat_1,837
23752,171,cat_2,171
23753,974,cat_3,974
23754,534,cat_4,534
23755,566,cat_0,566
23756,904,cat_1,904
23757,397,cat_2,397
23758,927,cat_3,927
23759,624,cat_4,624
23760,906,cat_0,906
23761,427,cat_1,427
23762,677,cat_2,677
23763,335,cat_3,335
23764,327,cat_4,327
23765,926,cat_0,926
23766,311,cat_1,311
23767,119,cat_2,119
23768,87,cat_3,87
23769,786,cat_4,786
23770,114,cat_0,114
23771,551,cat_1,551
23772,668,cat_2,668
23773,487,cat_3,487
23774,726,cat_4,726
23775,925,cat_0,925
23776,908,cat_1,908
23777,80,cat_2,80
23778,804,cat_3,804
23779,193,cat_4,193
23780,425,cat_0,425
23781,972,cat_1,972
23782,335,cat_2,335
23783,841,cat_3,841
23784,913,cat_4,913
23785,168,cat_0,168
23786,818,cat_1,818
23787,132,cat_2,132
23788,396,cat_3,396
23789,490,cat_4,490
23790,8,cat_0,8
23791,498,cat_1,498
23792,912,cat_2,912
23793,283,cat_3,283
23794,644,cat_4,644
23795,44,cat_0,44
23796,861,cat_1,861
23797,161,cat_2,161
23798,210,cat_3,210
23799,363,cat_4,363
23800,227,cat_0,227
23801,296,cat_1,296
23802,700,cat_2,700
23803,873,cat_3,873
23804,454,cat_4,454
23805,825,cat_0,825
23806,486,cat_1,486
23807,246,cat_2,246
23808,627,cat_3,627
23809,227,cat_4,227
23810,157,cat_0,157
23811,638,cat_1,638
23812,53,cat_2,53
23813,632,cat_3,632
23814,238,cat_4,238
23815,137,cat_0,137
23816,739,cat_1,739
23817,376,cat_2,376
23818,291,cat_3,291
23819,52,cat_4,52
23820,530,cat_0,530
23821,641,cat_1,641
23822,571,cat_2,571
23823,419,cat_3,419
23824,997,cat_4,997
23825,53,cat_0,53
23826,766,cat_1,766
23827,977,cat_2,977
23828,121,cat_3,121
23829,631,cat_4,631
23830,241,cat_0,241
23831,742,cat_1,742
23832,923,cat_2,923
23833,889,cat_3,889
23834,22,cat_4,22
23835,173,cat_0,173
23836,252,cat_1,252
23837,799,cat_2,799
23838,522,cat_3,522
23839,995,cat_4,995
23840,301,cat_0,301
23841,474,cat_1,474
23842,299,cat_2,299
23843,601,cat_3,601
23844,417,cat_4,417
23845,112,cat_0,112
23846,176,cat_1,176
23847,147,cat_2,147
23848,94,cat_3,94
23849,143,cat_4,143
23850,796,cat_0,796
23851,725,cat_1,725
23852,836,cat_2,836
23853,476,cat_3,476
23854,350,cat_4,350
23855,697,cat_0,697
23856,551,cat_1,551
23857,30,cat_2,30
23858,22,cat_3,22
23859,922,cat_4,922
23860,483,cat_0,483
23861,578,cat_1,578
23862,129,cat_2,129
23863,522,cat_3,522
23864,233,cat_4,233
23865,406,cat_0,406
23866,390,cat_1,390
23867,361,cat_2,361
23868,368,cat_3,368
23869,996,cat_4,996
23870,239,cat_0,239
23871,140,cat_1,140
23872,761,cat_2,761
23873,44,cat_3,44
23874,323,cat_4,323
23875,285,cat_0,285
23876,387,cat_1,387
23877,442,cat_2,442
23878,491,cat_3,491
23879,588,cat_4,588
23880,398,cat_0,398
23881,482,cat_1,482
23882,591,cat_2,591
23883,524,cat_3,524
23884,709,cat_4,709
23885,429,cat_0,429
23886,508,cat_1,508
23887,931,cat_2,931
23888,460,cat_3,460
23889,819,cat_4,819
23890,126,cat_0,126
23891,321,cat_1,321
23892,409,cat_2,409
23893,857,cat_3,857
23894,857,cat_4,857
23895,852,cat_0,852
23896,864,cat_1,864
23897,674,cat_2,674
23898,752,cat_3,752
23899,567,cat_4,567
23900,448,cat_0,448
23901,896,cat_1,896
23902,853,cat_2,853
23903,518,cat_3,518
23904,117,cat_4,117
23905,239,cat_0,239
23906,392,cat_1,392
23907,524,cat_2,524
23908,348,cat_3,348
23909,843,cat_4,843
23910,786,cat_0,786
23911,390,cat_1,390
23912,902,cat_2,902
23913,313,cat_3,313
23914,232,cat_4,232
23915,280,cat_0,280
23916,130,cat_1,130
23917,77,cat_2,77
23918,775,cat_3,775
23919,289,cat_4,289
23920,459,cat_0,459
23921,933,cat_1,933
23922,541,cat_2,541
23923,326,cat_3,326
23924,418,cat_4,418
23925,984,cat_0,984
23926,311,cat_1,311
23927,871,cat_2,871
23928,665,cat_3,665
23929,949,cat_4,949
23930,971,cat_0,971
23931,508,cat_1,508
23932,150,cat_2,150
23933,342,cat_3,342
23934,47,cat_4,47
23935,852,cat_0,852
23936,168,cat_1,168
23937,440,cat_2,440
23938,150,cat_3,150
23939,249,cat_4,249
23940,17,cat_0,17
23941,511,cat_1,511
23942,594,cat_2,594
23943,251,cat_3,251
23944,727,cat_4,727
23945,397,cat_0,397
23946,965,cat_1,965
23947,651,cat_2,651
23948,705,cat_3,705
23949,866,cat_4,866
23950,58,cat_0,58
23951,663,cat_1,663
23952,526,cat_2,526
23953,827,cat_3,827
23954,258,cat_4,258
23955,689,cat_0,689
23956,842,cat_1,842
23957,471,cat_2,471
23958,740,cat_3,740
23959,422,cat_4,422
23960,506,cat_0,506
23961,832,cat_1,832
23962,468,cat_2,468
23963,669,cat_3,669
23964,748,cat_4,748
23965,791,cat_0,791
23966,964,cat_1,964
23967,705,cat_2,705
23968,147,cat_3,147
23969,55,cat_4,55
23970,852,cat_0,852
23971,26,cat_1,26
23972,319,cat_2,319
23973,26,cat_3,26
23974,43,cat_4,43
23975,302,cat_0,302
23976,259,cat_1,259
23977,96,cat_2,96
23978,24,cat_3,24
23979,527,cat_4,527
23980,598,cat_0,598
23981,521,cat_1,521
23982,652,cat_2,652
23983,380,cat_3,380
23984,745,cat_4,745
23985,643,cat_0,643
23986,911,cat_1,911
23987,993,cat_2,993
23988,934,cat_3,934
23989,356,cat_4,356
23990,992,cat_0,992
23991,854,cat_1,854
23992,283,cat_2,283
23993,326,cat_3,326
23994,800,cat_4,800
23995,239,cat_0,239
23996,685,cat_1,685
23997,926,cat_2,926
23998,550,cat_3,550
23999,604,cat_4,604
24000,816,cat_0,816
24001,831,cat_1,831
24002,255,cat_2,255
24003,137,cat_3,137
24004,661,cat_4,661
24005,549,cat_0,549
24006,797,cat_1,797
24007,540,cat_2,540
24008,815,cat_3,815
24009,175,cat_4,175
24010,720,cat_0,720
24011,589,cat_1,589
24012,397,cat_2,397
24013,4,cat_3,4
24014,897,cat_4,897
24015,67,cat_0,67
24016,425,cat_1,425
24017,371,cat_2,371
24018,457,cat_3,457
24019,664,cat_4,664
24020,623,cat_0,623
24021,457,cat_1,457
24022,802,cat_2,802
24023,351,cat_3,351
24024,580,cat_4,580
24025,591,cat_0,591
24026,88,cat_1,88
24027,816,cat_2,816
24028,275,cat_3,275
24029,890,cat_4,890
24030,708,cat_0,708
24031,501,cat_1,501
24032,157,cat_2,157
24033,111,cat_3,111
24034,712,cat_4,712
24035,896,cat_0,896
24036,433,cat_1,433
24037,996,cat_2,996
24038,520,cat_3,520
24039,113,cat_4,113
24040,590,cat_0,590
24041,293,cat_1,293
24042,403,cat_2,403
24043,806,cat_3,806
24044,38,cat_4,38
24045,199,cat_0,199
24046,622,cat_1,622
24047,622,cat_2,622
24048,688,cat_3,688
24049,884,cat_4,884
24050,882,cat_0,882
24051,863,cat_1,863
24052,918,cat_2,918
24053,215,cat_3,215
24054,255,cat_4,255
24055,232,cat_0,232
24056,405,cat_1,405
24057,592,cat_2,592
24058,968,cat_3,968
24059,626,cat_4,626
24060,877,cat_0,877
24061,101,cat_1,101
24062,44,cat_2,44
24063,639,cat_3,639
24064,912,cat_4,912
24065,614,cat_0,614
24066,759,cat_1,759
24067,566,cat_2,566
24068,780,cat_3,780
24069,696,cat_4,696
24070,835,cat_0,835
24071,137,cat_1,137
24072,264,cat_2,264
24073,902,cat_3,902
24074,790,cat_4,790
24075,149,cat_0,149
24076,757,cat_1,757
24077,55,cat_2,55
24078,578,cat_3,578
24079,270,cat_4,270
24080,571,cat_0,571
24081,385,cat_1,385
24082,62,cat_2,62
24083,897,cat_3,897
24084,517,cat_4,517
24085,448,cat_0,448
24086,38,cat_1,38
24087,994,cat_2,994
24088,559,cat_3,559
24089,880,cat_4,880
24090,121,cat_0,121
24091,574,cat_1,574
24092,613,cat_2,613
24093,284,cat_3,284
24094,825,cat_4,825
24095,506,cat_0,506
24096,611,cat_1,611
24097,525,cat_2,525
24098,199,cat_3,199
24099,519,cat_4,519
24100,506,cat_0,506
24101,111,cat_1,111
24102,358,cat_2,358
24103,874,cat_3,874
24104,403,cat_4,403
24105,304,cat_0,304
24106,927,cat_1,927
24107,66,cat_2,66
24108,887,cat_3,887
24109,515,cat_4,515
24110,632,cat_0,632
24111,703,cat_1,703
24112,726,cat_2,726
24113,717,cat_3,717
24114,491,cat_4,491
24115,404,cat_0,404
24116,370,cat_1,370
24117,536,cat_2,536
24118,920,cat_3,920
24119,620,cat_4,620
24120,133,cat_0,133
24121,936,cat_1,936
24122,883,cat_2,883
24123,600,cat_3,600
24124,75,cat_4,75
24125,784,cat_0,784
24126,407,cat_1,407
24127,711,cat_2,711
24128,432,cat_3,432
24129,970,cat_4,970
24130,701,cat_0,701
24131,904,cat_1,904
24132,799,cat_2,799
24133,853,cat_3,853
24134,596,cat_4,596
24135,118,cat_0,118
24136,772,cat_1,772
24137,593,cat_2,593
24138,273,cat_3,273
24139,669,cat_4,669
24140,438,cat_0,438
24141,672,cat_1,672
24142,423,cat_2,423
24143,899,cat_3,899
24144,438,cat_4,438
24145,339,cat_0,339
24146,187,cat_1,187
24147,892,cat_2,892
24148,687,cat_3,687
24149,507,cat_4,507
24150,361,cat_0,361
24151,303,cat_1,303
24152,791,cat_2,791
24153,862,cat_3,862
24154,568,cat_4,568
24155,298,cat_0,298
24156,652,cat_1,652
24157,437,cat_2,437
24158,575,cat_3,575
24159,704,cat_4,704
24160,96,cat_0,96
24161,772,cat_1,772
24162,851,cat_2,851
24163,204,cat_3,204
24164,793,cat_4,793
24165,482,cat_0,482
24166,747,cat_1,747
24167,665,cat_2,665
24168,905,cat_3,905
24169,565,cat_4,565
24170,285,cat_0,285
24171,754,cat_1,754
24172,944,cat_2,944
24173,660,cat_3,660
24174,465,cat_4,465
24175,48,cat_0,48
24176,319,cat_1,319
24177,23,cat_2,23
24178,209,cat_3,209
24179,450,cat_4,450
24180,401,cat_0,401
24181,990,cat_1,990
24182,742,cat_2,742
24183,885,cat_3,885
24184,168,cat_4,168
24185,538,cat_0,538
24186,683,cat_1,683
24187,143,cat_2,143
24188,340,cat_3,340
24189,594,cat_4,594
24190,284,cat_0,284
24191,159,cat_1,159
24192,429,cat_2,429
24193,146,cat_3,146
24194,814,cat_4,814
24195,511,cat_0,511
24196,66,cat_1,66
24197,67,cat_2,67
24198,132,cat_3,132
24199,52,cat_4,52
24200,756,cat_0,756
24201,366,cat_1,366
24202,778,cat_2,778
24203,728,cat_3,728
24204,856,cat_4,856
24205,22,cat_0,22
24206,481,cat_1,481
24207,459,cat_2,459
24208,462,cat_3,462
24209,461,cat_4,461
24210,969,cat_0,969
24211,100,cat_1,100
24212,161,cat_2,161
24213,316,cat_3,316
24214,856,cat_4,856
24215,16,cat_0,16
24216,450,cat_1,450
24217,426,cat_2,426
24218,643,cat_3,643
24219,894,cat_4,894
24220,788,cat_0,788
24221,606,cat_1,606
24222,669,cat_2,669
24223,857,cat_3,857
24224,506,cat_4,506
24225,169,cat_0,169
24226,127,cat_1,127
24227,298,cat_2,298
24228,444,cat_3,444
24229,122,cat_4,122
24230,823,cat_0,823
24231,780,cat_1,780
24232,703,cat_2,703
24233,683,cat_3,683
24234,683,cat_4,683
24235,4,cat_0,4
24236,827,cat_1,827
24237,860,cat_2,860
24238,629,cat_3,629
24239,753,cat_4,753
24240,764,cat_0,764
24241,255,cat_1,255
24242,770,cat_2,770
24243,100,cat_3,100
24244,458,cat_4,458
24245,45,cat_0,45
24246,733,cat_1,733
24247,459,cat_2,459
24248,526,cat_3,526
24249,917,cat_4,917
24250,145,cat_0,145
24251,319,cat_1,319
24252,904,cat_2,904
24253,273,cat_3,273
24254,267,cat_4,267
24255,308,cat_0,308
24256,138,cat_1,138
24257,345,cat_2,345
24258,552,cat_3,552
24259,970,cat_4,970
24260,6,cat_0,6
24261,917,cat_1,917
24262,619,cat_2,619
24263,536,cat_3,536
24264,509,cat_4,509
24265,475,cat_0,475
24266,192,cat_1,192
24267,451,cat_2,451
24268,348,cat_3,348
24269,355,cat_4,355
24270,227,cat_0,227
24271,70,cat_1,70
24272,334,cat_2,334
24273,877,cat_3,877
24274,11,cat_4,11
24275,117,cat_0,117
24276,503,cat_1,503
24277,207,cat_2,207
24278,530,cat_3,530
24279,161,cat_4,161
24280,837,cat_0,837
24281,653,cat_1,653
24282,394,cat_2,394
24283,836,cat_3,836
24284,87,cat_4,87
24285,438,cat_0,438
24286,73,cat_1,73
24287,646,cat_2,646
24288,271,cat_3,271
24289,254,cat_4,254
24290,711,cat_0,711
24291,98,cat_1,98
24292,18,cat_2,18
24293,588,cat_3,588
24294,281,cat_4,281
24295,950,cat_0,950
24296,251,cat_1,251
24297,506,cat_2,506
24298,510,cat_3,510
24299,880,cat_4,880
24300,31,cat_0,31
24301,890,cat_1,890
24302,964,cat_2,964
24303,442,cat_3,442
24304,48,cat_4,48
24305,457,cat_0,457
24306,158,cat_1,158
24307,576,cat_2,576
24308,200,cat_3,200
24309,650,cat_4,650
24310,731,cat_0,731
24311,631,cat_1,631
24312,650,cat_2,650
24313,267,cat_3,267
24314,91,cat_4,91
24315,5,cat_0,5
24316,837,cat_1,837
24317,602,cat_2,602
24318,635,cat_3,635
24319,730,cat_4,730
24320,87,cat_0,87
24321,618,cat_1,618
24322,179,cat_2,179
24323,774,cat_3,774
24324,585,cat_4,585
24325,14,cat_0,14
24326,698,cat_1,698
24327,346,cat_2,346
24328,950,cat_3,950
24329,883,cat_4,883
24330,506,cat_0,506
24331,15,cat_1,15
24332,515,cat_2,515
24333,842,cat_3,842
24334,339,cat_4,339
24335,977,cat_0,977
24336,651,cat_1,651
24337,393,cat_2,393
24338,927,cat_3,927
24339,49,cat_4,49
24340,529,cat_0,529
24341,689,cat_1,689
24342,838,cat_2,838
24343,135,cat_3,135
24344,624,cat_4,624
24345,294,cat_0,294
24346,933,cat_1,933
24347,360,cat_2,360
24348,662,cat_3,662
24349,63,cat_4,63
24350,911,cat_0,911
24351,709,cat_1,709
24352,429,cat_2,429
24353,372,cat_3,372
24354,354,cat_4,354
24355,93,cat_0,93
24356,365,cat_1,365
24357,968,cat_2,968
24358,723,cat_3,723
24359,630,cat_4,630
24360,580,cat_0,580
24361,356,cat_1,356
24362,512,cat_2,512
24363,923,cat_3,923
24364,178,cat_4,178
24365,481,cat_0,481
24366,616,cat_1,616
24367,76,cat_2,76
24368,457,cat_3,457
24369,931,cat_4,931
24370,865,cat_0,865
24371,188,cat_1,188
24372,853,cat_2,853
24373,131,cat_3,131
24374,588,cat_4,588
24375,746,cat_0,746
24376,911,cat_1,911
24377,382,cat_2,382
24378,644,cat_3,644
24379,86,cat_4,86
24380,367,cat_0,367
24381,154,cat_1,154
24382,264,cat_2,264
24383,26,cat_3,26
24384,953,cat_4,953
24385,581,cat_0,581
24386,841,cat_1,841
24387,578,cat_2,578
24388,685,cat_3,685
24389,387,cat_4,387
24390,346,cat_0,346
24391,463,cat_1,463
24392,769,cat_2,769
24393,940,cat_3,940
24394,599,cat_4,599
24395,797,cat_0,797
24396,84,cat_1,84
24397,439,cat_2,439
24398,798,cat_3,798
24399,466,cat_4,466
24400,669,cat_0,669
24401,559,cat_1,559
24402,618,cat_2,618
24403,357,cat_3,357
24404,98,cat_4,98
24405,333,cat_0,333
24406,51,cat_1,51
24407,644,cat_2,644
24408,875,cat_3,875
24409,608,cat_4,608
24410,466,cat_0,466
24411,288,cat_1,288
24412,590,cat_2,590
24413,921,cat_3,921
24414,682,cat_4,682
24415,385,cat_0,385
24416,894,cat_1,894
24417,933,cat_2,933
24418,906,cat_3,906
24419,809,cat_4,809
24420,613,cat_0,613
24421,599,cat_1,599
24422,580,cat_2,580
24423,515,cat_3,515
24424,908,cat_4,908
24425,399,cat_0,399
24426,249,cat_1,249
24427,330,cat_2,330
24428,629,cat_3,629
24429,110,cat_4,110
24430,605,cat_0,605
24431,132,cat_1,132
24432,957,cat_2,957
24433,745,cat_3,745
24434,57,cat_4,57
24435,587,cat_0,587
24436,524,cat_1,524
24437,306,cat_2,306
24438,757,cat_3,757
24439,300,cat_4,300
24440,647,cat_0,647
24441,833,cat_1,833
24442,818,cat_2,818
24443,780,cat_3,780
24444,922,cat_4,922
24445,3,cat_0,3
24446,639,cat_1,639
24447,523,cat_2,523
24448,607,cat_3,607
24449,112,cat_4,112
24450,641,cat_0,641
24451,339,cat_1,339
24452,92,cat_2,92
24453,306,cat_3,306
24454,772,cat_4,772
24455,527,cat_0,527
24456,450,cat_1,450
24457,911,cat_2,911
24458,560,cat_3,560
24459,729,cat_4,729
24460,597,cat_0,597
24461,316,cat_1,316
24462,664,cat_2,664
24463,235,cat_3,235
24464,646,cat_4,646
24465,888,cat_0,888
24466,985,cat_1,985
24467,111,cat_2,111
24468,544,cat_3,544
24469,437,cat_4,437
24470,282,cat_0,282
24471,302,cat_1,302
24472,713,cat_2,713
24473,193,cat_3,193
24474,452,cat_4,452
24475,295,cat_0,295
24476,418,cat_1,418
24477,631,cat_2,631
24478,636,cat_3,636
24479,906,cat_4,906
24480,621,cat_0,621
24481,382,cat_1,382
24482,955,cat_2,955
24483,913,cat_3,913
24484,858,cat_4,858
24485,17,cat_0,17
24486,478,cat_1,478
24487,767,cat_2,767
24488,382,cat_3,382
24489,952,cat_4,952
24490,648,cat_0,648
24491,844,cat_1,844
24492,93,cat_2,93
24493,777,cat_3,777
24494,16,cat_4,16
24495,71,cat_0,71
24496,410,cat_1,410
24497,480,cat_2,480
24498,386,cat_3,386
24499,153,cat_4,153
24500,669,cat_0,669
24501,358,cat_1,358
24502,940,cat_2,940
24503,156,cat_3,156
24504,796,cat_4,796
24505,696,cat_0,696
24506,717,cat_1,717
24507,865,cat_2,865
24508,25,cat_3,25
24509,550,cat_4,550
24510,904,cat_0,904
24511,469,cat_1,469
24512,483,cat_2,483
24513,895,cat_3,895
24514,12,cat_4,12
24515,758,cat_0,758
24516,742,cat_1,742
24517,152,cat_2,152
24518,325,cat_3,325
24519,898,cat_4,898
24520,587,cat_0,587
24521,769,cat_1,769
24522,703,cat_2,703
24523,688,cat_3,688
24524,822,cat_4,822
24525,192,cat_0,192
24526,714,cat_1,714
24527,366,cat_2,366
24528,308,cat_3,308
24529,957,cat_4,957
24530,595,cat_0,595
24531,933,cat_1,933
24532,163,cat_2,163
24533,821,cat_3,821
24534,614,cat_4,614
24535,401,cat_0,401
24536,660,cat_1,660
24537,310,cat_2,310
24538,180,cat_3,180
24539,477,cat_4,477
24540,387,cat_0,387
24541,727,cat_1,727
24542,984,cat_2,984
24543,648,cat_3,648
24544,491,cat_4,491
24545,611,cat_0,611
24546,953,cat_1,953
24547,583,cat_2,583
24548,286,cat_3,286
24549,472,cat_4,472
24550,36,cat_0,36
24551,911,cat_1,911
24552,558,cat_2,558
24553,614,cat_3,614
24554,521,cat_4,521
24555,766,cat_0,766
24556,73,cat_1,73
24557,46,cat_2,46
24558,703,cat_3,703
24559,750,cat_4,750
24560,686,cat_0,686
24561,242,cat_1,242
24562,610,cat_2,610
24563,944,cat_3,944
24564,540,cat_4,540
24565,624,cat_0,624
24566,755,cat_1,755
24567,740,cat_2,740
24568,44,cat_3,44
24569,44,cat_4,44
24570,125,cat_0,125
24571,537,cat_1,537
24572,377,cat_2,377
24573,19,cat_3,19
24574,201,cat_4,201
24575,359,cat_0,359
24576,753,cat_1,753
24577,330,cat_2,330
24578,361,cat_3,361
24579,409,cat_4,409
24580,166,cat_0,166
24581,999,cat_1,999
24582,991,cat_2,991
24583,208,cat_3,208
24584,479,cat_4,479
24585,562,cat_0,562
24586,541,cat_1,541
24587,561,cat_2,561
24588,5,cat_3,5
24589,796,cat_4,796
24590,440,cat_0,440
24591,989,cat_1,989
24592,133,cat_2,133
24593,689,cat_3,689
24594,700,cat_4,700
24595,679,cat_0,679
24596,942,cat_1,942
24597,737,cat_2,737
24598,809,cat_3,809
24599,763,cat_4,763
24600,541,cat_0,541
24601,683,cat_1,683
24602,605,cat_2,605
24603,547,cat_3,547
24604,641,cat_4,641
24605,755,cat_0,755
24606,845,cat_1,845
24607,66,cat_2,66
24608,348,cat_3,348
24609,639,cat_4,639
24610,910,cat_0,910
24611,90,cat_1,90
24612,608,cat_2,608
24613,678,cat_3,678
24614,176,cat_4,176
24615,377,cat_0,377
24616,901,cat_1,901
24617,947,cat_2,947
24618,35,cat_3,35
24619,989,cat_4,989
24620,478,cat_0,478
24621,969,cat_1,969
24622,147,cat_2,147
24623,489,cat_3,489
24624,773,cat_4,773
24625,79,cat_0,79
24626,207,cat_1,207
24627,236,cat_2,236
24628,236,cat_3,236
24629,888,cat_4,888
24630,595,cat_0,595
24631,196,cat_1,196
24632,59,cat_2,59
24633,46,cat_3,46
24634,213,cat_4,213
24635,840,cat_0,840
24636,249,cat_1,249
24637,872,cat_2,872
24638,938,cat_3,938
24639,227,cat_4,227
24640,833,cat_0,833
24641,317,cat_1,317
24642,355,cat_2,355
24643,559,cat_3,559
24644,394,cat_4,394
24645,703,cat_0,703
24646,699,cat_1,699
24647,752,cat_2,752
24648,763,cat_3,763
24649,939,cat_4,939
24650,476,cat_0,476
24651,750,cat_1,750
24652,401,cat_2,401
24653,28,cat_3,28
24654,200,cat_4,200
24655,650,cat_0,650
24656,342,cat_1,342
24657,577,cat_2,577
24658,977,cat_3,977
24659,567,cat_4,567
24660,632,cat_0,632
24661,515,cat_1,515
24662,168,cat_2,168
24663,630,cat_3,630
24664,21,cat_4,21
24665,619,cat_0,619
24666,959,cat_1,959
24667,317,cat_2,317
24668,651,cat_3,651
24669,976,cat_4,976
24670,582,cat_0,582
24671,415,cat_1,415
24672,779,cat_2,779
24673,448,cat_3,448
24674,823,cat_4,823
24675,677,cat_0,677
24676,200,cat_1,200
24677,821,cat_2,821
24678,124,cat_3,124
24679,376,cat_4,376
24680,648,cat_0,648
24681,188,cat_1,188
24682,742,cat_2,742
24683,859,cat_3,859
24684,383,cat_4,383
24685,248,cat_0,248
24686,393,cat_1,393
24687,650,cat_2,650
24688,471,cat_3,471
24689,205,cat_4,205
24690,244,cat_0,244
24691,886,cat_1,886
24692,696,cat_2,696
24693,365,cat_3,365
24694,184,cat_4,184
24695,421,cat_0,421
24696,894,cat_1,894
24697,303,cat_2,303
24698,308,cat_3,308
24699,313,cat_4,313
24700,590,cat_0,590
24701,918,cat_1,918
24702,590,cat_2,590
24703,70,cat_3,70
24704,815,cat_4,815
24705,657,cat_0,657
24706,204,cat_1,204
24707,355,cat_2,355
24708,778,cat_3,778
24709,286,cat_4,286
24710,832,cat_0,832
24711,840,cat_1,840
24712,629,cat_2,629
24713,68,cat_3,68
24714,208,cat_4,208
24715,313,cat_0,313
24716,784,cat_1,784
24717,941,cat_2,941
24718,743,cat_3,743
24719,531,cat_4,531
24720,293,cat_0,293
24721,567,cat_1,567
24722,943,cat_2,943
24723,701,cat_3,701
24724,623,cat_4,623
24725,239,cat_0,239
24726,332,cat_1,332
24727,906,cat_2,906
24728,857,cat_3,857
24729,75,cat_4,75
24730,175,cat_0,175
24731,206,cat_1,206
24732,428,cat_2,428
24733,795,cat_3,795
24734,222,cat_4,222
24735,697,cat_0,697
24736,232,cat_1,232
24737,517,cat_2,517
24738,238,cat_3,238
24739,59,cat_4,59
24740,242,cat_0,242
24741,745,cat_1,745
24742,205,cat_2,205
24743,850,cat_3,850
24744,730,cat_4,730
24745,216,cat_0,216
24746,429,cat_1,429
24747,235,cat_2,235
24748,996,cat_3,996
24749,280,cat_4,280
24750,808,cat_0,808
24751,300,cat_1,300
24752,372,cat_2,372
24753,666,cat_3,666
24754,856,cat_4,856
24755,476,cat_0,476
24756,804,cat_1,804
24757,434,cat_2,434
24758,913,cat_3,913
24759,614,cat_4,614
24760,285,cat_0,285
24761,163,cat_1,163
24762,317,cat_2,317
24763,156,cat_3,156
24764,568,cat_4,568
24765,793,cat_0,793
24766,396,cat_1,396
24767,375,cat_2,375
24768,71,cat_3,71
24769,939,cat_4,939
24770,708,cat_0,708
24771,652,cat_1,652
24772,798,cat_2,798
24773,475,cat_3,475
24774,442,cat_4,442
24775,822,cat_0,822
24776,320,cat_1,320
24777,632,cat_2,632
24778,205,cat_3,205
24779,226,cat_4,226
24780,887,cat_0,887
24781,106,cat_1,106
24782,489,cat_2,489
24783,122,cat_3,122
24784,865,cat_4,865
24785,297,cat_0,297
24786,499,cat_1,499
24787,227,cat_2,227
24788,643,cat_3,643
24789,459,cat_4,459
24790,689,cat_0,689
24791,506,cat_1,506
24792,510,cat_2,510
24793,761,cat_3,761
24794,538,cat_4,538
24795,901,cat_0,901
24796,939,cat_1,939
24797,72,cat_2,72
24798,910,cat_3,910
24799,310,cat_4,310
24800,184,cat_0,184
24801,972,cat_1,972
24802,215,cat_2,215
24803,404,cat_3,404
24804,90,cat_4,90
24805,840,cat_0,840
24806,312,cat_1,312
24807,371,cat_2,371
24808,24,cat_3,24
24809,375,cat_4,375
24810,635,cat_0,635
24811,143,cat_1,143
24812,540,cat_2,540
24813,603,cat_3,603
24814,501,cat_4,501
24815,136,cat_0,136
24816,243,cat_1,243
24817,37,cat_2,37
24818,643,cat_3,643
24819,490,cat_4,490
24820,505,cat_0,505
24821,970,cat_1,970
24822,64,cat_2,64
24823,955,cat_3,955
24824,36,cat_4,36
24825,44,cat_0,44
24826,491,cat_1,491
24827,347,cat_2,347
24828,104,cat_3,104
24829,366,cat_4,366
24830,619,cat_0,619
24831,622,cat_1,622
24832,928,cat_2,928
24833,469,cat_3,469
24834,378,cat_4,378
24835,414,cat_0,414
24836,681,cat_1,681
24837,92,cat_2,92
24838,300,cat_3,300
24839,962,cat_4,962
24840,636,cat_0,636
24841,989,cat_1,989
24842,776,cat_2,776
24843,638,cat_3,638
24844,551,cat_4,551
24845,454,cat_0,454
24846,182,cat_1,182
24847,917,cat_2,917
24848,744,cat_3,744
24849,428,cat_4,428
24850,558,cat_0,558
24851,122,cat_1,122
24852,401,cat_2,401
24853,11,cat_3,11
24854,447,cat_4,447
24855,663,cat_0,663
24856,179,cat_1,179
24857,893,cat_2,893
24858,406,cat_3,406
24859,659,cat_4,659
24860,509,cat_0,509
24861,160,cat_1,160
24862,245,cat_2,245
24863,114,cat_3,114
24864,619,cat_4,619
24865,810,cat_0,810
24866,773,cat_1,773
24867,222,cat_2,222
24868,918,cat_3,918
24869,441,cat_4,441
24870,637,cat_0,637
24871,403,cat_1,403
24872,390,cat_2,390
24873,350,cat_3,350
24874,452,cat_4,452
24875,731,cat_0,731
24876,1,cat_1,1
24877,862,cat_2,862
24878,218,cat_3,218
24879,796,cat_4,796
24880,841,cat_0,841
24881,635,cat_1,635
24882,514,cat_2,514
24883,798,cat_3,798
24884,312,cat_4,312
24885,989,cat_0,989
24886,195,cat_1,195
24887,231,cat_2,231
24888,735,cat_3,735
24889,456,cat_4,456
24890,294,cat_0,294
24891,293,cat_1,293
24892,120,cat_2,120
24893,545,cat_3,545
24894,987,cat_4,987
24895,792,cat_0,792
24896,792,cat_1,792
24897,420,cat_2,420
24898,144,cat_3,144
24899,761,cat_4,761
24900,211,cat_0,211
24901,597,cat_1,597
24902,167,cat_2,167
24903,415,cat_3,415
24904,873,cat_4,873
24905,983,cat_0,983
24906,853,cat_1,853
24907,91,cat_2,91
24908,771,cat_3,771
24909,826,cat_4,826
24910,471,cat_0,471
24911,386,cat_1,386
24912,142,cat_2,142
24913,514,cat_3,514
24914,318,cat_4,318
24915,892,cat_0,892
24916,856,cat_1,856
24917,580,cat_2,580
24918,961,cat_3,961
24919,112,cat_4,112
24920,181,cat_0,181
24921,366,cat_1,366
24922,814,cat_2,814
24923,36,cat_3,36
24924,953,cat_4,953
24925,769,cat_0,769
24926,717,cat_1,717
24927,872,cat_2,872
24928,64,cat_3,64
24929,999,cat_4,999
24930,732,cat_0,732
24931,79,cat_1,79
24932,798,cat_2,798
24933,551,cat_3,551
24934,510,cat_4,510
24935,75,cat_0,75
24936,711,cat_1,711
24937,964,cat_2,964
24938,337,cat_3,337
24939,474,cat_4,474
24940,33,cat_0,33
24941,214,cat_1,214
24942,238,cat_2,238
24943,802,cat_3,802
24944,724,cat_4,724
24945,158,cat_0,158
24946,636,cat_1,636
24947,402,cat_2,402
24948,901,cat_3,901
24949,53,cat_4,53
24950,134,cat_0,134
24951,827,cat_1,827
24952,572,cat_2,572
24953,125,cat_3,125
24954,617,cat_4,617
24955,645,cat_0,645
24956,488,cat_1,488
24957,859,cat_2,859
24958,262,cat_3,262
24959,89,cat_4,89
24960,794,cat_0,794
24961,713,cat_1,713
24962,776,cat_2,776
24963,535,cat_3,535
24964,743,cat_4,743
24965,730,cat_0,730
24966,810,cat_1,810
24967,713,cat_2,713
24968,706,cat_3,706
24969,612,cat_4,612
24970,526,cat_0,526
24971,609,cat_1,609
24972,575,cat_2,575
24973,453,cat_3,453
24974,113,cat_4,113
24975,646,cat_0,646
24976,216,cat_1,216
24977,966,cat_2,966
24978,827,cat_3,827
24979,227,cat_4,227
24980,348,cat_0,348
24981,796,cat_1,796
24982,274,cat_2,274
24983,848,cat_3,848
24984,435,cat_4,435
24985,695,cat_0,695
24986,156,cat_1,156
24987,708,cat_2,708
24988,393,cat_3,393
24989,127,cat_4,127
24990,591,cat_0,591
24991,697,cat_1,697
24992,659,cat_2,659
24993,772,cat_3,772
24994,438,cat_4,438
24995,250,cat_0,250
24996,990,cat_1,990
24997,783,cat_2,783
24998,192,cat_3,192
24999,954,cat_4,954
25000,130,cat_0,130
25001,735,cat_1,735
25002,205,cat_2,205
25003,998,cat_3,998
25004,526,cat_4,526
25005,823,cat_0,823
25006,74,cat_1,74
25007,454,cat_2,454
25008,743,cat_3,743
25009,998,cat_4,998
25010,667,cat_0,667
25011,170,cat_1,170
25012,764,cat_2,764
25013,64,cat_3,64
25014,554,cat_4,554
25015,744,cat_0,744
25016,151,cat_1,151
25017,406,cat_2,406
25018,838,cat_3,838
25019,535,cat_4,535
25020,23,cat_0,23
25021,376,cat_1,376
25022,432,cat_2,432
25023,386,cat_3,386
25024,784,cat_4,784
25025,633,cat_0,633
25026,895,cat_1,895
25027,292,cat_2,292
25028,876,cat_3,876
25029,924,cat_4,924
25030,915,cat_0,915
25031,827,cat_1,827
25032,132,cat_2,132
25033,876,cat_3,876
25034,353,cat_4,353
25035,407,cat_0,407
25036,167,cat_1,167
25037,803,cat_2,803
25038,688,cat_3,688
25039,339,cat_4,339
25040,723,cat_0,723
25041,649,cat_1,649
25042,479,cat_2,479
25043,627,cat_3,627
25044,399,cat_4,399
25045,607,cat_0,607
25046,964,cat_1,964
25047,502,cat_2,502
25048,629,cat_3,629
25049,242,cat_4,242
25050,384,cat_0,384
25051,4,cat_1,4
25052,994,cat_2,994
25053,366,cat_3,366
25054,326,cat_4,326
25055,208,cat_0,208
25056,739,cat_1,739
25057,703,cat_2,703
25058,58,cat_3,58
25059,230,cat_4,230
25060,150,cat_0,150
25061,649,cat_1,649
25062,80,cat_2,80
25063,783,cat_3,783
25064,654,cat_4,654
25065,768,cat_0,768
25066,805,cat_1,805
25067,738,cat_2,738
25068,226,cat_3,226
25069,601,cat_4,601
25070,826,cat_0,826
25071,559,cat_1,559
25072,59,cat_2,59
25073,890,cat_3,890
25074,574,cat_4,574
25075,757,cat_0,757
25076,867,cat_1,867
25077,426,cat_2,426
25078,679,cat_3,679
25079,923,cat_4,923
25080,33,cat_0,33
25081,26,cat_1,26
25082,929,cat_2,929
25083,391,cat_3,391
25084,105,cat_4,105
25085,206,cat_0,206
25086,804,cat_1,804
25087,822,cat_2,822
25088,892,cat_3,892
25089,384,cat_4,384
25090,763,cat_0,763
25091,559,cat_1,559
25092,452,cat_2,452
25093,322,cat_3,322
25094,129,cat_4,129
25095,315,cat_0,315
25096,912,cat_1,912
25097,435,cat_2,435
25098,486,cat_3,486
25099,816,cat_4,816
25100,596,cat_0,596
25101,965,cat_1,965
25102,230,cat_2,230
25103,543,cat_3,543
25104,91,cat_4,91
25105,611,cat_0,611
25106,156,cat_1,156
25107,523,cat_2,523
25108,284,cat_3,284
25109,550,cat_4,550
25110,466,cat_0,466
25111,436,cat_1,436
25112,892,cat_2,892
25113,438,cat_3,438
25114,787,cat_4,787
25115,216,cat_0,216
25116,48,cat_1,48
25117,762,cat_2,762
25118,159,cat_3,159
25119,943,cat_4,943
25120,952,cat_0,952
25121,896,cat_1,896
25122,731,cat_2,731
25123,814,cat_3,814
25124,766,cat_4,766
25125,471,cat_0,471
25126,589,cat_1,589
25127,769,cat_2,769
25128,605,cat_3,605
25129,12,cat_4,12
25130,722,cat_0,722
25131,951,cat_1,951
25132,694,cat_2,694
25133,308,cat_3,308
25134,237,cat_4,237
25135,188,cat_0,188
25136,45,cat_1,45
25137,458,cat_2,458
25138,926,cat_3,926
25139,665,cat_4,665
25140,670,cat_0,670
25141,982,cat_1,982
25142,958,cat_2,958
25143,475,cat_3,475
25144,585,cat_4,585
25145,13,cat_0,13
25146,908,cat_1,908
25147,195,cat_2,195
25148,380,cat_3,380
25149,844,cat_4,844
25150,831,cat_0,831
25151,466,cat_1,466
25152,270,cat_2,270
25153,790,cat_3,790
25154,921,cat_4,921
25155,908,cat_0,908
25156,706,cat_1,706
25157,78,cat_2,78
25158,89,cat_3,89
25159,183,cat_4,183
25160,581,cat_0,581
25161,211,cat_1,211
25162,788,cat_2,788
25163,450,cat_3,450
25164,800,cat_4,800
25165,897,cat_0,897
25166,966,cat_1,966
25167,85,cat_2,85
25168,881,cat_3,881
25169,83,cat_4,83
25170,789,cat_0,789
25171,527,cat_1,527
25172,929,cat_2,929
25173,672,cat_3,672
25174,336,cat_4,336
25175,408,cat_0,408
25176,443,cat_1,443
25177,775,cat_2,775
25178,141,cat_3,141
25179,342,cat_4,342
25180,69,cat_0,69
25181,610,cat_1,610
25182,605,cat_2,605
25183,314,cat_3,314
25184,633,cat_4,633
25185,649,cat_0,649
25186,209,cat_1,209
25187,633,cat_2,633
25188,985,cat_3,985
25189,363,cat_4,363
25190,423,cat_0,423
25191,27,cat_1,27
25192,506,cat_2,506
25193,256,cat_3,256
25194,947,cat_4,947
25195,561,cat_0,561
25196,894,cat_1,894
25197,807,cat_2,807
25198,209,cat_3,209
25199,677,cat_4,677
25200,489,cat_0,489
25201,267,cat_1,267
25202,495,cat_2,495
25203,951,cat_3,951
25204,57,cat_4,57
25205,964,cat_0,964
25206,390,cat_1,390
25207,225,cat_2,225
25208,695,cat_3,695
25209,500,cat_4,500
25210,676,cat_0,676
25211,62,cat_1,62
25212,341,cat_2,341
25213,465,cat_3,465
25214,672,cat_4,672
25215,511,cat_0,511
25216,36,cat_1,36
25217,945,cat_2,945
25218,739,cat_3,739
25219,673,cat_4,673
25220,35,cat_0,35
25221,405,cat_1,405
25222,664,cat_2,664
25223,881,cat_3,881
25224,50,cat_4,50
25225,137,cat_0,137
25226,927,cat_1,927
25227,237,cat_2,237
25228,215,cat_3,215
25229,981,cat_4,981
25230,612,cat_0,612
25231,163,cat_1,163
25232,778,cat_2,778
25233,218,cat_3,218
25234,809,cat_4,809
25235,793,cat_0,793
25236,867,cat_1,867
25237,396,cat_2,396
25238,616,cat_3,616
25239,69,cat_4,69
25240,911,cat_0,911
25241,374,cat_1,374
25242,246,cat_2,246
25243,698,cat_3,698
25244,753,cat_4,753
25245,42,cat_0,42
25246,155,cat_1,155
25247,347,cat_2,347
25248,245,cat_3,245
25249,770,cat_4,770
25250,608,cat_0,608
25251,232,cat_1,232
25252,424,cat_2,424
25253,40,cat_3,40
25254,264,cat_4,264
25255,741,cat_0,741
25256,246,cat_1,246
25257,725,cat_2,725
25258,763,cat_3,763
25259,197,cat_4,197
25260,332,cat_0,332
25261,138,cat_1,138
25262,730,cat_2,730
25263,264,cat_3,264
25264,799,cat_4,799
25265,905,cat_0,905
25266,531,cat_1,531
25267,215,cat_2,215
25268,548,cat_3,548
25269,248,cat_4,248
25270,95,cat_0,95
25271,881,cat_1,881
25272,304,cat_2,304
25273,134,cat_3,134
25274,736,cat_4,736
25275,50,cat_0,50
25276,996,cat_1,996
25277,651,cat_2,651
25278,297,cat_3,297
25279,745,cat_4,745
25280,524,cat_0,524
25281,717,cat_1,717
25282,244,cat_2,244
25283,786,cat_3,786
25284,483,cat_4,483
25285,469,cat_0,469
25286,757,cat_1,757
25287,248,cat_2,248
25288,165,cat_3,165
25289,317,cat_4,317
25290,286,cat_0,286
25291,591,cat_1,591
25292,534,cat_2,534
25293,499,cat_3,499
25294,205,cat_4,205
25295,629,cat_0,629
25296,225,cat_1,225
25297,272,cat_2,272
25298,500,cat_3,500
25299,320,cat_4,320
25300,444,cat_0,444
25301,798,cat_1,798
25302,200,cat_2,200
25303,695,cat_3,695
25304,516,cat_4,516
25305,413,cat_0,413
25306,65,cat_1,65
25307,824,cat_2,824
25308,906,cat_3,906
25309,633,cat_4,633
25310,235,cat_0,235
25311,26,cat_1,26
25312,4,cat_2,4
25313,477,cat_3,477
25314,221,cat_4,221
25315,471,cat_0,471
25316,934,cat_1,934
25317,757,cat_2,757
25318,634,cat_3,634
25319,230,cat_4,230
25320,648,cat_0,648
25321,868,cat_1,868
25322,982,cat_2,982
25323,610,cat_3,610
25324,967,cat_4,967
25325,582,cat_0,582
25326,776,cat_1,776
25327,488,cat_2,488
25328,661,cat_3,661
25329,919,cat_4,919
25330,37,cat_0,37
25331,354,cat_1,354
25332,820,cat_2,820
25333,847,cat_3,847
25334,480,cat_4,480
25335,767,cat_0,767
25336,515,cat_1,515
25337,943,cat_2,943
25338,874,cat_3,874
25339,111,cat_4,111
25340,674,cat_0,674
25341,238,cat_1,238
25342,947,cat_2,947
25343,640,cat_3,640
25344,157,cat_4,157
25345,257,cat_0,257
25346,941,cat_1,941
25347,898,cat_2,898
25348,655,cat_3,655
25349,513,cat_4,513
25350,86,cat_0,86
25351,659,cat_1,659
25352,408,cat_2,408
25353,928,cat_3,928
25354,732,cat_4,732
25355,99,cat_0,99
25356,382,cat_1,382
25357,663,cat_2,663
25358,161,cat_3,161
25359,98,cat_4,98
25360,164,cat_0,164
25361,268,cat_1,268
25362,60,cat_2,60
25363,227,cat_3,227
25364,753,cat_4,753
25365,184,cat_0,184
25366,46,cat_1,46
25367,648,cat_2,648
25368,73,cat_3,73
25369,140,cat_4,140
25370,845,cat_0,845
25371,906,cat_1,906
25372,724,cat_2,724
25373,221,cat_3,221
25374,278,cat_4,278
25375,745,cat_0,745
25376,153,cat_1,153
25377,245,cat_2,245
25378,252,cat_3,252
25379,254,cat_4,254
25380,846,cat_0,846
25381,982,cat_1,982
25382,543,cat_2,543
25383,786,cat_3,786
25384,862,cat_4,862
25385,514,cat_0,514
25386,498,cat_1,498
25387,735,cat_2,735
25388,719,cat_3,719
25389,311,cat_4,311
25390,133,cat_0,133
25391,798,cat_1,798
25392,313,cat_2,313
25393,140,cat_3,140
25394,466,cat_4,466
25395,81,cat_0,81
25396,589,cat_1,589
25397,7,cat_2,7
25398,66,cat_3,66
25399,775,cat_4,775
25400,505,cat_0,505
25401,333,cat_1,333
25402,613,cat_2,613
25403,258,cat_3,258
25404,911,cat_4,911
25405,708,cat_0,708
25406,118,cat_1,118
25407,99,cat_2,99
25408,84,cat_3,84
25409,233,cat_4,233
25410,287,cat_0,287
25411,815,cat_1,815
25412,563,cat_2,563
25413,994,cat_3,994
25414,467,cat_4,467
25415,908,cat_0,908
25416,665,cat_1,665
25417,210,cat_2,210
25418,762,cat_3,762
25419,759,cat_4,759
25420,544,cat_0,544
25421,702,cat_1,702
25422,740,cat_2,740
25423,353,cat_3,353
25424,674,cat_4,674
25425,142,cat_0,142
25426,355,cat_1,355
25427,627,cat_2,627
25428,726,cat_3,726
25429,678,cat_4,678
25430,638,cat_0,638
25431,352,cat_1,352
25432,541,cat_2,541
25433,800,cat_3,800
25434,642,cat_4,642
25435,245,cat_0,245
25436,985,cat_1,985
25437,32,cat_2,32
25438,267,cat_3,267
25439,54,cat_4,54
25440,279,cat_0,279
25441,342,cat_1,342
25442,77,cat_2,77
25443,587,cat_3,587
25444,811,cat_4,811
25445,600,cat_0,600
25446,27,cat_1,27
25447,132,cat_2,132
25448,381,cat_3,381
25449,128,cat_4,128
25450,752,cat_0,752
25451,842,cat_1,842
25452,80,cat_2,80
25453,994,cat_3,994
25454,299,cat_4,299
25455,430,cat_0,430
25456,45,cat_1,45
25457,727,cat_2,727
25458,881,cat_3,881
25459,309,cat_4,309
25460,309,cat_0,309
25461,964,cat_1,964
25462,694,cat_2,694
25463,919,cat_3,919
25464,802,cat_4,802
25465,610,cat_0,610
25466,565,cat_1,565
25467,763,cat_2,763
25468,413,cat_3,413
25469,78,cat_4,78
25470,376,cat_0,376
25471,344,cat_1,344
25472,210,cat_2,210
25473,798,cat_3,798
25474,624,cat_4,624
25475,77,cat_0,77
25476,442,cat_1,442
25477,748,cat_2,748
25478,169,cat_3,169
25479,164,cat_4,164
25480,717,cat_0,717
25481,531,cat_1,531
25482,882,cat_2,882
25483,841,cat_3,841
25484,151,cat_4,151
25485,97,cat_0,97
25486,317,cat_1,317
25487,617,cat_2,617
25488,774,cat_3,774
25489,171,cat_4,171
25490,499,cat_0,499
25491,32,cat_1,32
25492,316,cat_2,316
25493,654,cat_3,654
25494,940,cat_4,940
25495,447,cat_0,447
25496,311,cat_1,311
25497,79,cat_2,79
25498,577,cat_3,577
25499,428,cat_4,428
25500,621,cat_0,621
25501,308,cat_1,308
25502,316,cat_2,316
25503,526,cat_3,526
25504,958,cat_4,958
25505,316,cat_0,316
25506,604,cat_1,604
25507,556,cat_2,556
25508,635,cat_3,635
25509,682,cat_4,682
25510,836,cat_0,836
25511,690,cat_1,690
25512,787,cat_2,787
25513,633,cat_3,633
25514,141,cat_4,141
25515,176,cat_0,176
25516,727,cat_1,727
25517,590,cat_2,590
25518,609,cat_3,609
25519,191,cat_4,191
25520,572,cat_0,572
25521,709,cat_1,709
25522,852,cat_2,852
25523,308,cat_3,308
25524,751,cat_4,751
25525,11,cat_0,11
25526,632,cat_1,632
25527,536,cat_2,536
25528,217,cat_3,217
25529,863,cat_4,863
25530,599,cat_0,599
25531,666,cat_1,666
25532,376,cat_2,376
25533,128,cat_3,128
25534,842,cat_4,842
25535,821,cat_0,821
25536,617,cat_1,617
25537,507,cat_2,507
25538,172,cat_3,172
25539,421,cat_4,421
25540,612,cat_0,612
25541,250,cat_1,250
25542,194,cat_2,194
25543,481,cat_3,481
25544,545,cat_4,545
25545,28,cat_0,28
25546,871,cat_1,871
25547,534,cat_2,534
25548,747,cat_3,747
25549,52,cat_4,52
25550,248,cat_0,248
25551,374,cat_1,374
25552,784,cat_2,784
25553,293,cat_3,293
25554,285,cat_4,285
25555,94,cat_0,94
25556,198,cat_1,198
25557,36,cat_2,36
25558,682,cat_3,682
25559,473,cat_4,473
25560,618,cat_0,618
25561,234,cat_1,234
25562,427,cat_2,427
25563,538,cat_3,538
25564,64,cat_4,64
25565,895,cat_0,895
25566,688,cat_1,688
25567,765,cat_2,765
25568,311,cat_3,311
25569,516,cat_4,516
25570,291,cat_0,291
25571,620,cat_1,620
25572,214,cat_2,214
25573,660,cat_3,660
25574,779,cat_4,779
25575,963,cat_0,963
25576,744,cat_1,744
25577,507,cat_2,507
25578,964,cat_3,964
25579,592,cat_4,592
25580,773,cat_0,773
25581,878,cat_1,878
25582,486,cat_2,486
25583,672,cat_3,672
25584,563,cat_4,563
25585,737,cat_0,737
25586,341,cat_1,341
25587,578,cat_2,578
25588,901,cat_3,901
25589,172,cat_4,172
25590,337,cat_0,337
25591,852,cat_1,852
25592,503,cat_2,503
25593,301,cat_3,301
25594,522,cat_4,522
25595,415,cat_0,415
25596,281,cat_1,281
25597,809,cat_2,809
25598,407,cat_3,407
25599,781,cat_4,781
25600,816,cat_0,816
25601,678,cat_1,678
25602,164,cat_2,164
25603,456,cat_3,456
25604,802,cat_4,802
25605,66,cat_0,66
25606,185,cat_1,185
25607,49,cat_2,49
25608,994,cat_3,994
25609,744,cat_4,744
25610,517,cat_0,517
25611,764,cat_1,764
25612,845,cat_2,845
25613,553,cat_3,553
25614,388,cat_4,388
25615,852,cat_0,852
25616,168,cat_1,168
25617,655,cat_2,655
25618,867,cat_3,867
25619,498,cat_4,498
25620,53,cat_0,53
25621,412,cat_1,412
25622,768,cat_2,768
25623,631,cat_3,631
25624,916,cat_4,916
25625,560,cat_0,560
25626,501,cat_1,501
25627,461,cat_2,461
25628,645,cat_3,645
25629,301,cat_4,301
25630,577,cat_0,577
25631,552,cat_1,552
25632,29,cat_2,29
25633,543,cat_3,543
25634,156,cat_4,156
25635,662,cat_0,662
25636,203,cat_1,203
25637,630,cat_2,630
25638,457,cat_3,457
25639,488,cat_4,488
25640,898,cat_0,898
25641,459,cat_1,459
25642,490,cat_2,490
25643,328,cat_3,328
25644,745,cat_4,745
25645,968,cat_0,968
25646,431,cat_1,431
25647,721,cat_2,721
25648,378,cat_3,378
25649,81,cat_4,81
25650,540,cat_0,540
25651,478,cat_1,478
25652,595,cat_2,595
25653,142,cat_3,142
25654,795,cat_4,795
25655,296,cat_0,296
25656,931,cat_1,931
25657,647,cat_2,647
25658,138,cat_3,138
25659,588,cat_4,588
25660,590,cat_0,590
25661,142,cat_1,142
25662,717,cat_2,717
25663,945,cat_3,945
25664,332,cat_4,332
25665,689,cat_0,689
25666,429,cat_1,429
25667,339,cat_2,339
25668,818,cat_3,818
25669,618,cat_4,618
25670,919,cat_0,919
25671,714,cat_1,714
25672,16,cat_2,16
25673,86,cat_3,86
25674,339,cat_4,339
25675,340,cat_0,340
25676,946,cat_1,946
25677,504,cat_2,504
25678,222,cat_3,222
25679,484,cat_4,484
25680,351,cat_0,351
25681,212,cat_1,212
25682,654,cat_2,654
25683,631,cat_3,631
25684,16,cat_4,16
25685,121,cat_0,121
25686,537,cat_1,537
25687,601,cat_2,601
25688,299,cat_3,299
25689,944,cat_4,944
25690,728,cat_0,728
25691,466,cat_1,466
25692,414,cat_2,414
25693,188,cat_3,188
25694,434,cat_4,434
25695,511,cat_0,511
25696,417,cat_1,417
25697,805,cat_2,805
25698,244,cat_3,244
25699,253,cat_4,253
25700,50,cat_0,50
25701,82,cat_1,82
25702,101,cat_2,101
25703,75,cat_3,75
25704,716,cat_4,716
25705,268,cat_0,268
25706,311,cat_1,311
25707,476,cat_2,476
25708,281,cat_3,281
25709,722,cat_4,722
25710,13,cat_0,13
25711,61,cat_1,61
25712,21,cat_2,21
25713,713,cat_3,713
25714,525,cat_4,525
25715,296,cat_0,296
25716,580,cat_1,580
25717,895,cat_2,895
25718,109,cat_3,109
25719,186,cat_4,186
25720,372,cat_0,372
25721,597,cat_1,597
25722,83,cat_2,83
25723,332,cat_3,332
25724,448,cat_4,448
25725,111,cat_0,111
25726,863,cat_1,863
25727,732,cat_2,732
25728,105,cat_3,105
25729,851,cat_4,851
25730,998,cat_0,998
25731,498,cat_1,498
25732,911,cat_2,911
25733,312,cat_3,312
25734,155,cat_4,155
25735,234,cat_0,234
25736,659,cat_1,659
25737,779,cat_2,779
25738,254,cat_3,254
25739,776,cat_4,776
25740,602,cat_0,602
25741,296,cat_1,296
25742,432,cat_2,432
25743,88,cat_3,88
25744,502,cat_4,502
25745,771,cat_0,771
25746,720,cat_1,720
25747,139,cat_2,139
25748,829,cat_3,829
25749,68,cat_4,68
25750,510,cat_0,510
25751,251,cat_1,251
25752,154,cat_2,154
25753,517,cat_3,517
25754,246,cat_4,246
25755,981,cat_0,981
25756,857,cat_1,857
25757,855,cat_2,855
25758,894,cat_3,894
25759,897,cat_4,897
25760,343,cat_0,343
25761,353,cat_1,353
25762,239,cat_2,239
25763,520,cat_3,520
25764,496,cat_4,496
25765,900,cat_0,900
25766,568,cat_1,568
25767,722,cat_2,722
25768,426,cat_3,426
25769,750,cat_4,750
25770,731,cat_0,731
25771,507,cat_1,507
25772,146,cat_2,146
25773,68,cat_3,68
25774,583,cat_4,583
25775,73,cat_0,73
25776,418,cat_1,418
25777,490,cat_2,490
25778,938,cat_3,938
25779,748,cat_4,748
25780,526,cat_0,526
25781,742,cat_1,742
25782,374,cat_2,374
25783,658,cat_3,658
25784,563,cat_4,563
25785,446,cat_0,446
25786,203,cat_1,203
25787,644,cat_2,644
25788,925,cat_3,925
25789,796,cat_4,796
25790,381,cat_0,381
25791,556,cat_1,556
25792,557,cat_2,557
25793,46,cat_3,46
25794,582,cat_4,582
25795,127,cat_0,127
25796,995,cat_1,995
25797,880,cat_2,880
25798,857,cat_3,857
25799,562,cat_4,562
25800,851,cat_0,851
25801,909,cat_1,909
25802,595,cat_2,595
25803,741,cat_3,741
25804,867,cat_4,867
25805,320,cat_0,320
25806,353,cat_1,353
25807,797,cat_2,797
25808,1000,cat_3,1000
25809,390,cat_4,390
25810,256,cat_0,256
25811,316,cat_1,316
25812,122,cat_2,122
25813,442,cat_3,442
25814,68,cat_4,68
25815,747,cat_0,747
25816,67,cat_1,67
25817,964,cat_2,964
25818,625,cat_3,625
25819,451,cat_4,451
25820,122,cat_0,122
25821,937,cat_1,937
25822,755,cat_2,755
25823,815,cat_3,815
25824,305,cat_4,305
25825,864,cat_0,864
25826,78,cat_1,78
25827,471,cat_2,471
25828,422,cat_3,422
25829,622,cat_4,622
25830,665,cat_0,665
25831,227,cat_1,227
25832,748,cat_2,748
25833,603,cat_3,603
25834,422,cat_4,422
25835,797,cat_0,797
25836,203,cat_1,203
25837,750,cat_2,750
25838,922,cat_3,922
25839,1,cat_4,1
25840,373,cat_0,373
25841,203,cat_1,203
25842,803,cat_2,803
25843,624,cat_3,624
25844,424,cat_4,424
25845,44,cat_0,44
25846,95,cat_1,95
25847,960,cat_2,960
25848,271,cat_3,271
25849,429,cat_4,429
25850,451,cat_0,451
25851,913,cat_1,913
25852,720,cat_2,720
25853,827,cat_3,827
25854,156,cat_4,156
25855,610,cat_0,610
25856,41,cat_1,41
25857,102,cat_2,102
25858,22,cat_3,22
25859,177,cat_4,177
25860,825,cat_0,825
25861,770,cat_1,770
25862,448,cat_2,448
25863,42,cat_3,42
25864,604,cat_4,604
25865,327,cat_0,327
25866,822,cat_1,822
25867,341,cat_2,341
25868,194,cat_3,194
25869,196,cat_4,196
25870,522,cat_0,522
25871,336,cat_1,336
25872,162,cat_2,162
25873,673,cat_3,673
25874,598,cat_4,598
25875,582,cat_0,582
25876,436,cat_1,436
25877,544,cat_2,544
25878,102,cat_3,102
25879,936,cat_4,936
25880,37,cat_0,37
25881,327,cat_1,327
25882,736,cat_2,736
25883,776,cat_3,776
25884,81,cat_4,81
25885,510,cat_0,510
25886,960,cat_1,960
25887,645,cat_2,645
25888,955,cat_3,955
25889,832,cat_4,832
25890,452,cat_0,452
25891,203,cat_1,203
25892,609,cat_2,609
25893,343,cat_3,343
25894,853,cat_4,853
25895,680,cat_0,680
25896,632,cat_1,632
25897,300,cat_2,300
25898,206,cat_3,206
25899,319,cat_4,319
25900,807,cat_0,807
25901,1,cat_1,1
25902,703,cat_2,703
25903,99,cat_3,99
25904,85,cat_4,85
25905,582,cat_0,582
25906,843,cat_1,843
25907,170,cat_2,170
25908,594,cat_3,594
25909,241,cat_4,241
25910,209,cat_0,209
25911,608,cat_1,608
25912,79,cat_2,79
25913,40,cat_3,40
25914,651,cat_4,651
25915,452,cat_0,452
25916,488,cat_1,488
25917,763,cat_2,763
25918,615,cat_3,615
25919,520,cat_4,520
25920,140,cat_0,140
25921,347,cat_1,347
25922,422,cat_2,422
25923,626,cat_3,626
25924,574,cat_4,574
25925,216,cat_0,216
25926,896,cat_1,896
25927,940,cat_2,940
25928,226,cat_3,226
25929,427,cat_4,427
25930,111,cat_0,111
25931,523,cat_1,523
25932,82,cat_2,82
25933,551,cat_3,551
25934,327,cat_4,327
25935,543,cat_0,543
25936,230,cat_1,230
25937,941,cat_2,941
25938,958,cat_3,958
25939,94,cat_4,94
25940,92,cat_0,92
25941,808,cat_1,808
25942,851,cat_2,851
25943,771,cat_3,771
25944,735,cat_4,735
25945,696,cat_0,696
25946,160,cat_1,160
25947,444,cat_2,444
25948,758,cat_3,758
25949,187,cat_4,187
25950,846,cat_0,846
25951,61,cat_1,61
25952,161,cat_2,161
25953,259,cat_3,259
25954,22,cat_4,22
25955,583,cat_0,583
25956,987,cat_1,987
25957,579,cat_2,579
25958,443,cat_3,443
25959,168,cat_4,168
25960,134,cat_0,134
25961,495,cat_1,495
25962,729,cat_2,729
25963,912,cat_3,912
25964,226,cat_4,226
25965,131,cat_0,131
25966,932,cat_1,932
25967,2,cat_2,2
25968,343,cat_3,343
25969,64,cat_4,64
25970,83,cat_0,83
25971,854,cat_1,854
25972,918,cat_2,918
25973,477,cat_3,477
25974,27,cat_4,27
25975,13,cat_0,13
25976,716,cat_1,716
25977,390,cat_2,390
25978,728,cat_3,728
25979,614,cat_4,614
25980,952,cat_0,952
25981,943,cat_1,943
25982,501,cat_2,501
25983,328,cat_3,328
25984,421,cat_4,421
25985,788,cat_0,788
25986,771,cat_1,771
25987,105,cat_2,105
25988,553,cat_3,553
25989,999,cat_4,999
25990,832,cat_0,832
25991,157,cat_1,157
25992,914,cat_2,914
25993,110,cat_3,110
25994,582,cat_4,582
25995,761,cat_0,761
25996,704,cat_1,704
25997,142,cat_2,142
25998,969,cat_3,969
25999,366,cat_4,366
26000,801,cat_0,801
26001,362,cat_1,362
26002,59,cat_2,59
26003,605,cat_3,605
26004,890,cat_4,890
26005,840,cat_0,840
26006,202,cat_1,202
26007,641,cat_2,641
26008,412,cat_3,412
26009,200,cat_4,200
26010,148,cat_0,148
26011,458,cat_1,458
26012,485,cat_2,485
26013,703,cat_3,703
26014,291,cat_4,291
26015,371,cat_0,371
26016,813,cat_1,813
26017,276,cat_2,276
26018,267,cat_3,267
26019,333,cat_4,333
26020,532,cat_0,532
26021,879,cat_1,879
26022,488,cat_2,488
26023,176,cat_3,176
26024,36,cat_4,36
26025,591,cat_0,591
26026,137,cat_1,137
26027,692,cat_2,692
26028,813,cat_3,813
26029,111,cat_4,111
26030,784,cat_0,784
26031,744,cat_1,744
26032,189,cat_2,189
26033,671,cat_3,671
26034,524,cat_4,524
26035,303,cat_0,303
26036,740,cat_1,740
26037,617,cat_2,617
26038,841,cat_3,841
26039,753,cat_4,753
26040,620,cat_0,620
26041,239,cat_1,239
26042,185,cat_2,185
26043,559,cat_3,559
26044,96,cat_4,96
26045,974,cat_0,974
26046,96,cat_1,96
26047,390,cat_2,390
26048,301,cat_3,301
26049,677,cat_4,677
26050,513,cat_0,513
26051,650,cat_1,650
26052,552,cat_2,552
26053,689,cat_3,689
26054,939,cat_4,939
26055,320,cat_0,320
26056,37,cat_1,37
26057,765,cat_2,765
26058,26,cat_3,26
26059,478,cat_4,478
26060,749,cat_0,749
26061,827,cat_1,827
26062,495,cat_2,495
26063,246,cat_3,246
26064,28,cat_4,28
26065,44,cat_0,44
26066,244,cat_1,244
26067,399,cat_2,399
26068,955,cat_3,955
26069,264,cat_4,264
26070,923,cat_0,923
26071,94,cat_1,94
26072,527,cat_2,527
26073,486,cat_3,486
26074,648,cat_4,648
26075,160,cat_0,160
26076,930,cat_1,930
26077,164,cat_2,164
26078,58,cat_3,58
26079,82,cat_4,82
26080,159,cat_0,159
26081,161,cat_1,161
26082,904,cat_2,904
26083,943,cat_3,943
26084,228,cat_4,228
26085,317,cat_0,317
26086,439,cat_1,439
26087,393,cat_2,393
26088,945,cat_3,945
26089,872,cat_4,872
26090,531,cat_0,531
26091,45,cat_1,45
26092,486,cat_2,486
26093,813,cat_3,813
26094,358,cat_4,358
26095,541,cat_0,541
26096,704,cat_1,704
26097,937,cat_2,937
26098,842,cat_3,842
26099,187,cat_4,187
26100,93,cat_0,93
26101,291,cat_1,291
26102,131,cat_2,131
26103,791,cat_3,791
26104,81,cat_4,81
26105,887,cat_0,887
26106,156,cat_1,156
26107,527,cat_2,527
26108,714,cat_3,714
26109,504,cat_4,504
26110,429,cat_0,429
26111,523,cat_1,523
26112,575,cat_2,575
26113,752,cat_3,752
26114,485,cat_4,485
26115,246,cat_0,246
26116,415,cat_1,415
26117,871,cat_2,871
26118,775,cat_3,775
26119,891,cat_4,891
26120,886,cat_0,886
26121,637,cat_1,637
26122,274,cat_2,274
26123,744,cat_3,744
26124,615,cat_4,615
26125,510,cat_0,510
26126,467,cat_1,467
26127,603,cat_2,603
26128,281,cat_3,281
26129,621,cat_4,621
26130,537,cat_0,537
26131,636,cat_1,636
26132,373,cat_2,373
26133,346,cat_3,346
26134,166,cat_4,166
26135,221,cat_0,221
26136,262,cat_1,262
26137,135,cat_2,135
26138,478,cat_3,478
26139,935,cat_4,935
26140,270,cat_0,270
26141,490,cat_1,490
26142,198,cat_2,198
26143,324,cat_3,324
26144,774,cat_4,774
26145,912,cat_0,912
26146,645,cat_1,645
26147,327,cat_2,327
26148,169,cat_3,169
26149,95,cat_4,95
26150,512,cat_0,512
26151,516,cat_1,516
26152,327,cat_2,327
26153,766,cat_3,766
26154,249,cat_4,249
26155,245,cat_0,245
26156,154,cat_1,154
26157,718,cat_2,718
26158,552,cat_3,552
26159,971,cat_4,971
26160,805,cat_0,805
26161,186,cat_1,186
26162,15,cat_2,15
26163,663,cat_3,663
26164,966,cat_4,966
26165,278,cat_0,278
26166,727,cat_1,727
26167,826,cat_2,826
26168,934,cat_3,934
26169,917,cat_4,917
26170,235,cat_0,235
26171,677,cat_1,677
26172,354,cat_2,354
26173,714,cat_3,714
26174,303,cat_4,303
26175,907,cat_0,907
26176,451,cat_1,451
26177,403,cat_2,403
26178,68,cat_3,68
26179,410,cat_4,410
26180,81,cat_0,81
26181,306,cat_1,306
26182,871,cat_2,871
26183,974,cat_3,974
26184,651,cat_4,651
26185,432,cat_0,432
26186,26,cat_1,26
26187,764,cat_2,764
26188,984,cat_3,984
26189,80,cat_4,80
26190,119,cat_0,119
26191,231,cat_1,231
26192,95,cat_2,95
26193,264,cat_3,264
26194,280,cat_4,280
26195,638,cat_0,638
26196,639,cat_1,639
26197,515,cat_2,515
26198,980,cat_3,980
26199,801,cat_4,801
26200,466,cat_0,466
26201,64,cat_1,64
26202,999,cat_2,999
26203,718,cat_3,718
26204,353,cat_4,353
26205,275,cat_0,275
26206,117,cat_1,117
26207,857,cat_2,857
26208,647,cat_3,647
26209,757,cat_4,757
26210,305,cat_0,305
26211,948,cat_1,948
26212,987,cat_2,987
26213,68,cat_3,68
26214,256,cat_4,256
26215,847,cat_0,847
26216,542,cat_1,542
26217,245,cat_2,245
26218,285,cat_3,285
26219,734,cat_4,734
26220,758,cat_0,758
26221,532,cat_1,532
26222,146,cat_2,146
26223,856,cat_3,856
26224,719,cat_4,719
26225,898,cat_0,898
26226,750,cat_1,750
26227,462,cat_2,462
26228,889,cat_3,889
26229,675,cat_4,675
26230,214,cat_0,214
26231,695,cat_1,695
26232,395,cat_2,395
26233,131,cat_3,131
26234,458,cat_4,458
26235,503,cat_0,503
26236,267,cat_1,267
26237,274,cat_2,274
26238,202,cat_3,202
26239,523,cat_4,523
26240,414,cat_0,414
26241,801,cat_1,801
26242,272,cat_2,272
26243,825,cat_3,825
26244,312,cat_4,312
26245,712,cat_0,712
26246,516,cat_1,516
26247,73,cat_2,73
26248,166,cat_3,166
26249,267,cat_4,267
26250,450,cat_0,450
26251,828,cat_1,828
26252,133,cat_2,133
26253,40,cat_3,40
26254,497,cat_4,497
26255,369,cat_0,369
26256,310,cat_1,310
26257,272,cat_2,272
26258,53,cat_3,53
26259,428,cat_4,428
26260,77,cat_0,77
26261,821,cat_1,821
26262,898,cat_2,898
26263,743,cat_3,743
26264,872,cat_4,872
26265,466,cat_0,466
26266,682,cat_1,682
26267,252,cat_2,252
26268,29,cat_3,29
26269,5,cat_4,5
26270,800,cat_0,800
26271,832,cat_1,832
26272,37,cat_2,37
26273,93,cat_3,93
26274,210,cat_4,210
26275,706,cat_0,706
26276,768,cat_1,768
26277,123,cat_2,123
26278,711,cat_3,711
26279,12,cat_4,12
26280,606,cat_0,606
26281,164,cat_1,164
26282,336,cat_2,336
26283,368,cat_3,368
26284,411,cat_4,411
26285,180,cat_0,180
26286,345,cat_1,345
26287,498,cat_2,498
26288,685,cat_3,685
26289,989,cat_4,989
26290,650,cat_0,650
26291,412,cat_1,412
26292,47,cat_2,47
26293,412,cat_3,412
26294,287,cat_4,287
26295,228,cat_0,228
26296,361,cat_1,361
26297,43,cat_2,43
26298,836,cat_3,836
26299,501,cat_4,501
26300,279,cat_0,279
26301,312,cat_1,312
26302,352,cat_2,352
26303,870,cat_3,870
26304,968,cat_4,968
26305,120,cat_0,120
26306,182,cat_1,182
26307,587,cat_2,587
26308,32,cat_3,32
26309,111,cat_4,111
26310,669,cat_0,669
26311,359,cat_1,359
26312,468,cat_2,468
26313,818,cat_3,818
26314,685,cat_4,685
26315,934,cat_0,934
26316,923,cat_1,923
26317,390,cat_2,390
26318,112,cat_3,112
26319,709,cat_4,709
26320,838,cat_0,838
26321,9,cat_1,9
26322,366,cat_2,366
26323,463,cat_3,463
26324,397,cat_4,397
26325,308,cat_0,308
26326,349,cat_1,349
26327,4,cat_2,4
26328,696,cat_3,696
26329,708,cat_4,708
26330,278,cat_0,278
26331,487,cat_1,487
26332,633,cat_2,633
26333,787,cat_3,787
26334,285,cat_4,285
26335,893,cat_0,893
26336,976,cat_1,976
26337,523,cat_2,523
26338,947,cat_3,947
26339,916,cat_4,916
26340,612,cat_0,612
26341,679,cat_1,679
26342,372,cat_2,372
26343,197,cat_3,197
26344,567,cat_4,567
26345,899,cat_0,899
26346,598,cat_1,598
26347,839,cat_2,839
26348,781,cat_3,781
26349,227,cat_4,227
26350,723,cat_0,723
26351,285,cat_1,285
26352,568,cat_2,568
26353,553,cat_3,553
26354,396,cat_4,396
26355,569,cat_0,569
26356,655,cat_1,655
26357,569,cat_2,569
26358,531,cat_3,531
26359,74,cat_4,74
26360,72,cat_0,72
26361,910,cat_1,910
26362,762,cat_2,762
26363,600,cat_3,600
26364,287,cat_4,287
26365,66,cat_0,66
26366,965,cat_1,965
26367,937,cat_2,937
26368,443,cat_3,443
26369,422,cat_4,422
26370,431,cat_0,431
26371,446,cat_1,446
26372,181,cat_2,181
26373,78,cat_3,78
26374,140,cat_4,140
26375,527,cat_0,527
26376,449,cat_1,449
26377,331,cat_2,331
26378,629,cat_3,629
26379,755,cat_4,755
26380,753,cat_0,753
26381,909,cat_1,909
26382,494,cat_2,494
26383,166,cat_3,166
26384,784,cat_4,784
26385,733,cat_0,733
26386,961,cat_1,961
26387,812,cat_2,812
26388,64,cat_3,64
26389,686,cat_4,686
26390,613,cat_0,613
26391,974,cat_1,974
26392,43,cat_2,43
26393,302,cat_3,302
26394,55,cat_4,55
26395,292,cat_0,292
26396,927,cat_1,927
26397,110,cat_2,110
26398,800,cat_3,800
26399,869,cat_4,869
26400,248,cat_0,248
26401,490,cat_1,490
26402,518,cat_2,518
26403,954,cat_3,954
26404,283,cat_4,283
26405,180,cat_0,180
26406,303,cat_1,303
26407,995,cat_2,995
26408,817,cat_3,817
26409,474,cat_4,474
26410,316,cat_0,316
26411,691,cat_1,691
26412,989,cat_2,989
26413,311,cat_3,311
26414,26,cat_4,26
26415,34,cat_0,34
26416,85,cat_1,85
26417,631,cat_2,631
26418,314,cat_3,314
26419,72,cat_4,72
26420,989,cat_0,989
26421,500,cat_1,500
26422,694,cat_2,694
26423,524,cat_3,524
26424,830,cat_4,830
26425,817,cat_0,817
26426,186,cat_1,186
26427,453,cat_2,453
26428,258,cat_3,258
26429,983,cat_4,983
26430,335,cat_0,335
26431,144,cat_1,144
26432,981,cat_2,981
26433,811,cat_3,811
26434,167,cat_4,167
26435,419,cat_0,419
26436,433,cat_1,433
26437,955,cat_2,955
26438,604,cat_3,604
26439,70,cat_4,70
26440,773,cat_0,773
26441,324,cat_1,324
26442,945,cat_2,945
26443,731,cat_3,731
26444,363,cat_4,363
26445,563,cat_0,563
26446,897,cat_1,897
26447,963,cat_2,963
26448,431,cat_3,431
26449,882,cat_4,882
26450,898,cat_0,898
26451,58,cat_1,58
26452,830,cat_2,830
26453,750,cat_3,750
26454,93,cat_4,93
26455,427,cat_0,427
26456,979,cat_1,979
26457,628,cat_2,628
26458,31,cat_3,31
26459,70,cat_4,70
26460,54,cat_0,54
26461,949,cat_1,949
26462,675,cat_2,675
26463,202,cat_3,202
26464,372,cat_4,372
26465,786,cat_0,786
26466,769,cat_1,769
26467,394,cat_2,394
26468,422,cat_3,422
26469,193,cat_4,193
26470,675,cat_0,675
26471,747,cat_1,747
26472,482,cat_2,482
26473,864,cat_3,864
26474,275,cat_4,275
26475,827,cat_0,827
26476,310,cat_1,310
26477,31,cat_2,31
26478,709,cat_3,709
26479,287,cat_4,287
26480,568,cat_0,568
26481,964,cat_1,964
26482,114,cat_2,114
26483,135,cat_3,135
26484,274,cat_4,274
26485,916,cat_0,916
26486,141,cat_1,141
26487,116,cat_2,116
26488,881,cat_3,881
26489,151,cat_4,151
26490,747,cat_0,747
26491,368,cat_1,368
26492,592,cat_2,592
26493,868,cat_3,868
26494,58,cat_4,58
26495,664,cat_0,664
26496,83,cat_1,83
26497,45,cat_2,45
26498,705,cat_3,705
26499,867,cat_4,867
26500,563,cat_0,563
26501,643,cat_1,643
26502,599,cat_2,599
26503,593,cat_3,593
26504,303,cat_4,303
26505,701,cat_0,701
26506,880,cat_1,880
26507,667,cat_2,667
26508,414,cat_3,414
26509,926,cat_4,926
26510,203,cat_0,203
26511,15,cat_1,15
26512,149,cat_2,149
26513,685,cat_3,685
26514,706,cat_4,706
26515,842,cat_0,842
26516,628,cat_1,628
26517,512,cat_2,512
26518,170,cat_3,170
26519,342,cat_4,342
26520,327,cat_0,327
26521,240,cat_1,240
26522,66,cat_2,66
26523,140,cat_3,140
26524,578,cat_4,578
26525,92,cat_0,92
26526,282,cat_1,282
26527,950,cat_2,950
26528,423,cat_3,423
26529,982,cat_4,982
26530,720,cat_0,720
26531,679,cat_1,679
26532,533,cat_2,533
26533,676,cat_3,676
26534,24,cat_4,24
26535,538,cat_0,538
26536,594,cat_1,594
26537,973,cat_2,973
26538,12,cat_3,12
26539,812,cat_4,812
26540,770,cat_0,770
26541,499,cat_1,499
26542,57,cat_2,57
26543,316,cat_3,316
26544,671,cat_4,671
26545,646,cat_0,646
26546,352,cat_1,352
26547,337,cat_2,337
26548,450,cat_3,450
26549,487,cat_4,487
26550,634,cat_0,634
26551,104,cat_1,104
26552,26,cat_2,26
26553,676,cat_3,676
26554,669,cat_4,669
26555,5,cat_0,5
26556,807,cat_1,807
26557,664,cat_2,664
26558,207,cat_3,207
26559,920,cat_4,920
26560,697,cat_0,697
26561,861,cat_1,861
26562,785,cat_2,785
26563,197,cat_3,197
26564,679,cat_4,679
26565,547,cat_0,547
26566,332,cat_1,332
26567,903,cat_2,903
26568,124,cat_3,124
26569,258,cat_4,258
26570,396,cat_0,396
26571,591,cat_1,591
26572,770,cat_2,770
26573,351,cat_3,351
26574,358,cat_4,358
26575,638,cat_0,638
26576,641,cat_1,641
26577,525,cat_2,525
26578,575,cat_3,575
26579,366,cat_4,366
26580,670,cat_0,670
26581,959,cat_1,959
26582,471,cat_2,471
26583,240,cat_3,240
26584,171,cat_4,171
26585,283,cat_0,283
26586,367,cat_1,367
26587,606,cat_2,606
26588,879,cat_3,879
26589,341,cat_4,341
26590,18,cat_0,18
26591,136,cat_1,136
26592,860,cat_2,860
26593,401,cat_3,401
26594,969,cat_4,969
26595,583,cat_0,583
26596,737,cat_1,737
26597,768,cat_2,768
26598,341,cat_3,341
26599,728,cat_4,728
26600,750,cat_0,750
26601,823,cat_1,823
26602,335,cat_2,335
26603,573,cat_3,573
26604,476,cat_4,476
26605,484,cat_0,484
26606,521,cat_1,521
26607,198,cat_2,198
26608,972,cat_3,972
26609,578,cat_4,578
26610,866,cat_0,866
26611,208,cat_1,208
26612,325,cat_2,325
26613,997,cat_3,997
26614,735,cat_4,735
26615,369,cat_0,369
26616,512,cat_1,512
26617,583,cat_2,583
26618,591,cat_3,591
26619,347,cat_4,347
26620,978,cat_0,978
26621,568,cat_1,568
26622,906,cat_2,906
26623,84,cat_3,84
26624,287,cat_4,287
26625,494,cat_0,494
26626,389,cat_1,389
26627,184,cat_2,184
26628,102,cat_3,102
26629,321,cat_4,321
26630,316,cat_0,316
26631,681,cat_1,681
26632,94,cat_2,94
26633,955,cat_3,955
26634,428,cat_4,428
26635,442,cat_0,442
26636,953,cat_1,953
26637,769,cat_2,769
26638,87,cat_3,87
26639,265,cat_4,265
26640,120,cat_0,120
26641,719,cat_1,719
26642,16,cat_2,16
26643,671,cat_3,671
26644,252,cat_4,252
26645,363,cat_0,363
26646,530,cat_1,530
26647,61,cat_2,61
26648,643,cat_3,643
26649,584,cat_4,584
26650,931,cat_0,931
26651,479,cat_1,479
26652,634,cat_2,634
26653,61,cat_3,61
26654,259,cat_4,259
26655,249,cat_0,249
26656,234,cat_1,234
26657,832,cat_2,832
26658,990,cat_3,990
26659,111,cat_4,111
26660,163,cat_0,163
26661,520,cat_1,520
26662,574,cat_2,574
26663,919,cat_3,919
26664,214,cat_4,214
26665,878,cat_0,878
26666,900,cat_1,900
26667,702,cat_2,702
26668,994,cat_3,994
26669,716,cat_4,716
26670,855,cat_0,855
26671,698,cat_1,698
26672,650,cat_2,650
26673,236,cat_3,236
26674,499,cat_4,499
26675,426,cat_0,426
26676,674,cat_1,674
26677,317,cat_2,317
26678,596,cat_3,596
26679,605,cat_4,605
26680,689,cat_0,689
26681,664,cat_1,664
26682,722,cat_2,722
26683,628,cat_3,628
26684,622,cat_4,622
26685,985,cat_0,985
26686,150,cat_1,150
26687,790,cat_2,790
26688,243,cat_3,243
26689,657,cat_4,657
26690,115,cat_0,115
26691,910,cat_1,910
26692,422,cat_2,422
26693,763,cat_3,763
26694,891,cat_4,891
26695,191,cat_0,191
26696,430,cat_1,430
26697,121,cat_2,121
26698,585,cat_3,585
26699,62,cat_4,62
26700,123,cat_0,123
26701,142,cat_1,142
26702,298,cat_2,298
26703,325,cat_3,325
26704,299,cat_4,299
26705,457,cat_0,457
26706,404,cat_1,404
26707,41,cat_2,41
26708,362,cat_3,362
26709,806,cat_4,806
26710,470,cat_0,470
26711,8,cat_1,8
26712,388,cat_2,388
26713,278,cat_3,278
26714,424,cat_4,424
26715,567,cat_0,567
26716,316,cat_1,316
26717,573,cat_2,573
26718,786,cat_3,786
26719,664,cat_4,664
26720,457,cat_0,457
26721,895,cat_1,895
26722,87,cat_2,87
26723,68,cat_3,68
26724,113,cat_4,113
26725,114,cat_0,114
26726,173,cat_1,173
26727,644,cat_2,644
26728,444,cat_3,444
26729,596,cat_4,596
26730,970,cat_0,970
26731,7,cat_1,7
26732,20,cat_2,20
26733,939,cat_3,939
26734,268,cat_4,268
26735,848,cat_0,848
26736,407,cat_1,407
26737,675,cat_2,675
26738,886,cat_3,886
26739,784,cat_4,784
26740,974,cat_0,974
26741,25,cat_1,25
26742,942,cat_2,942
26743,739,cat_3,739
26744,466,cat_4,466
26745,281,cat_0,281
26746,284,cat_1,284
26747,411,cat_2,411
26748,202,cat_3,202
26749,97,cat_4,97
26750,113,cat_0,113
26751,802,cat_1,802
26752,868,cat_2,868
26753,214,cat_3,214
26754,857,cat_4,857
26755,156,cat_0,156
26756,698,cat_1,698
26757,733,cat_2,733
26758,218,cat_3,218
26759,417,cat_4,417
26760,653,cat_0,653
26761,197,cat_1,197
26762,205,cat_2,205
26763,230,cat_3,230
26764,562,cat_4,562
26765,808,cat_0,808
26766,56,cat_1,56
26767,319,cat_2,319
26768,520,cat_3,520
26769,4,cat_4,4
26770,907,cat_0,907
26771,488,cat_1,488
26772,80,cat_2,80
26773,22,cat_3,22
26774,224,cat_4,224
26775,455,cat_0,455
26776,226,cat_1,226
26777,822,cat_2,822
26778,334,cat_3,334
26779,167,cat_4,167
26780,619,cat_0,619
26781,411,cat_1,411
26782,308,cat_2,308
26783,456,cat_3,456
26784,777,cat_4,777
26785,304,cat_0,304
26786,166,cat_1,166
26787,944,cat_2,944
26788,523,cat_3,523
26789,973,cat_4,973
26790,472,cat_0,472
26791,295,cat_1,295
26792,224,cat_2,224
26793,465,cat_3,465
26794,81,cat_4,81
26795,499,cat_0,499
26796,74,cat_1,74
26797,925,cat_2,925
26798,595,cat_3,595
26799,360,cat_4,360
26800,57,cat_0,57
26801,566,cat_1,566
26802,724,cat_2,724
26803,949,cat_3,949
26804,734,cat_4,734
26805,224,cat_0,224
26806,770,cat_1,770
26807,597,cat_2,597
26808,980,cat_3,980
26809,958,cat_4,958
26810,396,cat_0,396
26811,287,cat_1,287
26812,595,cat_2,595
26813,256,cat_3,256
26814,359,cat_4,359
26815,54,cat_0,54
26816,901,cat_1,901
26817,337,cat_2,337
26818,819,cat_3,819
26819,218,cat_4,218
26820,326,cat_0,326
26821,739,cat_1,739
26822,621,cat_2,621
26823,729,cat_3,729
26824,429,cat_4,429
26825,772,cat_0,772
26826,868,cat_1,868
26827,104,cat_2,104
26828,508,cat_3,508
26829,882,cat_4,882
26830,609,cat_0,609
26831,873,cat_1,873
26832,873,cat_2,873
26833,314,cat_3,314
26834,490,cat_4,490
26835,747,cat_0,747
26836,766,cat_1,766
26837,289,cat_2,289
26838,336,cat_3,336
26839,902,cat_4,902
26840,278,cat_0,278
26841,195,cat_1,195
26842,67,cat_2,67
26843,488,cat_3,488
26844,69,cat_4,69
26845,427,cat_0,427
26846,169,cat_1,169
26847,135,cat_2,135
26848,978,cat_3,978
26849,976,cat_4,976
26850,604,cat_0,604
26851,803,cat_1,803
26852,581,cat_2,581
26853,383,cat_3,383
26854,737,cat_4,737
26855,303,cat_0,303
26856,490,cat_1,490
26857,155,cat_2,155
26858,780,cat_3,780
26859,174,cat_4,174
26860,196,cat_0,196
26861,579,cat_1,579
26862,260,cat_2,260
26863,491,cat_3,491
26864,805,cat_4,805
26865,824,cat_0,824
26866,191,cat_1,191
26867,505,cat_2,505
26868,739,cat_3,739
26869,322,cat_4,322
26870,570,cat_0,570
26871,455,cat_1,455
26872,566,cat_2,566
26873,2,cat_3,2
26874,648,cat_4,648
26875,174,cat_0,174
26876,627,cat_1,627
26877,218,cat_2,218
26878,28,cat_3,28
26879,286,cat_4,286
26880,696,cat_0,696
26881,270,cat_1,270
26882,556,cat_2,556
26883,561,cat_3,561
26884,244,cat_4,244
26885,755,cat_0,755
26886,772,cat_1,772
26887,745,cat_2,745
26888,65,cat_3,65
26889,323,cat_4,323
26890,855,cat_0,855
26891,235,cat_1,235
26892,290,cat_2,290
26893,973,cat_3,973
26894,440,cat_4,440
26895,255,cat_0,255
26896,877,cat_1,877
26897,661,cat_2,661
26898,5,cat_3,5
26899,899,cat_4,899
26900,981,cat_0,981
26901,771,cat_1,771
26902,280,cat_2,280
26903,73,cat_3,73
26904,463,cat_4,463
26905,688,cat_0,688
26906,905,cat_1,905
26907,851,cat_2,851
26908,664,cat_3,664
26909,68,cat_4,68
26910,146,cat_0,146
26911,706,cat_1,706
26912,589,cat_2,589
26913,861,cat_3,861
26914,613,cat_4,613
26915,61,cat_0,61
26916,464,cat_1,464
26917,983,cat_2,983
26918,29,cat_3,29
26919,704,cat_4,704
26920,92,cat_0,92
26921,775,cat_1,775
26922,614,cat_2,614
26923,846,cat_3,846
26924,502,cat_4,502
26925,470,cat_0,470
26926,609,cat_1,609
26927,575,cat_2,575
26928,905,cat_3,905
26929,629,cat_4,629
26930,835,cat_0,835
26931,95,cat_1,95
26932,63,cat_2,63
26933,461,cat_3,461
26934,113,cat_4,113
26935,778,cat_0,778
26936,85,cat_1,85
26937,82,cat_2,82
26938,130,cat_3,130
26939,779,cat_4,779
26940,949,cat_0,949
26941,15,cat_1,15
26942,897,cat_2,897
26943,290,cat_3,290
26944,304,cat_4,304
26945,765,cat_0,765
26946,848,cat_1,848
26947,267,cat_2,267
26948,386,cat_3,386
26949,637,cat_4,637
26950,710,cat_0,710
26951,849,cat_1,849
26952,524,cat_2,524
26953,328,cat_3,328
26954,38,cat_4,38
26955,63,cat_0,63
26956,195,cat_1,195
26957,345,cat_2,345
26958,137,cat_3,137
26959,504,cat_4,504
26960,267,cat_0,267
26961,132,cat_1,132
26962,651,cat_2,651
26963,729,cat_3,729
26964,79,cat_4,79
26965,592,cat_0,592
26966,776,cat_1,776
26967,12,cat_2,12
26968,119,cat_3,119
26969,101,cat_4,101
26970,170,cat_0,170
26971,458,cat_1,458
26972,728,cat_2,728
26973,290,cat_3,290
26974,651,cat_4,651
26975,142,cat_0,142
26976,103,cat_1,103
26977,180,cat_2,180
26978,346,cat_3,346
26979,278,cat_4,278
26980,167,cat_0,167
26981,609,cat_1,609
26982,636,cat_2,636
26983,108,cat_3,108
26984,330,cat_4,330
26985,898,cat_0,898
26986,331,cat_1,331
26987,53,cat_2,53
26988,744,cat_3,744
26989,574,cat_4,574
26990,813,cat_0,813
26991,956,cat_1,956
26992,455,cat_2,455
26993,111,cat_3,111
26994,133,cat_4,133
26995,557,cat_0,557
26996,554,cat_1,554
26997,919,cat_2,919
26998,223,cat_3,223
26999,703,cat_4,703
27000,560,cat_0,560
27001,515,cat_1,515
27002,235,cat_2,235
27003,672,cat_3,672
27004,744,cat_4,744
27005,805,cat_0,805
27006,134,cat_1,134
27007,955,cat_2,955
27008,209,cat_3,209
27009,491,cat_4,491
27010,738,cat_0,738
27011,126,cat_1,126
27012,343,cat_2,343
27013,292,cat_3,292
27014,236,cat_4,236
27015,371,cat_0,371
27016,745,cat_1,745
27017,292,cat_2,292
27018,618,cat_3,618
27019,210,cat_4,210
27020,759,cat_0,759
27021,72,cat_1,72
27022,76,cat_2,76
27023,724,cat_3,724
27024,779,cat_4,779
27025,174,cat_0,174
27026,395,cat_1,395
27027,627,cat_2,627
27028,644,cat_3,644
27029,39,cat_4,39
27030,330,cat_0,330
27031,384,cat_1,384
27032,368,cat_2,368
27033,912,cat_3,912
27034,734,cat_4,734
27035,287,cat_0,287
27036,891,cat_1,891
27037,697,cat_2,697
27038,410,cat_3,410
27039,132,cat_4,132
27040,614,cat_0,614
27041,2,cat_1,2
27042,571,cat_2,571
27043,346,cat_3,346
27044,707,cat_4,707
27045,881,cat_0,881
27046,873,cat_1,873
27047,992,cat_2,992
27048,338,cat_3,338
27049,574,cat_4,574
27050,526,cat_0,526
27051,871,cat_1,871
27052,682,cat_2,682
27053,956,cat_3,956
27054,965,cat_4,965
27055,599,cat_0,599
27056,776,cat_1,776
27057,608,cat_2,608
27058,358,cat_3,358
27059,886,cat_4,886
27060,127,cat_0,127
27061,717,cat_1,717
27062,649,cat_2,649
27063,79,cat_3,79
27064,169,cat_4,169
27065,881,cat_0,881
27066,840,cat_1,840
27067,598,cat_2,598
27068,301,cat_3,301
27069,899,cat_4,899
27070,957,cat_0,957
27071,219,cat_1,219
27072,248,cat_2,248
27073,201,cat_3,201
27074,521,cat_4,521
27075,350,cat_0,350
27076,722,cat_1,722
27077,144,cat_2,144
27078,155,cat_3,155
27079,912,cat_4,912
27080,561,cat_0,561
27081,111,cat_1,111
27082,504,cat_2,504
27083,638,cat_3,638
27084,557,cat_4,557
27085,435,cat_0,435
27086,606,cat_1,606
27087,969,cat_2,969
27088,635,cat_3,635
27089,370,cat_4,370
27090,279,cat_0,279
27091,186,cat_1,186
27092,254,cat_2,254
27093,458,cat_3,458
27094,630,cat_4,630
27095,639,cat_0,639
27096,921,cat_1,921
27097,793,cat_2,793
27098,990,cat_3,990
27099,321,cat_4,321
27100,213,cat_0,213
27101,744,cat_1,744
27102,273,cat_2,273
27103,475,cat_3,475
27104,293,cat_4,293
27105,528,cat_0,528
27106,992,cat_1,992
27107,201,cat_2,201
27108,616,cat_3,616
27109,274,cat_4,274
27110,789,cat_0,789
27111,319,cat_1,319
27112,747,cat_2,747
27113,941,cat_3,941
27114,81,cat_4,81
27115,788,cat_0,788
27116,766,cat_1,766
27117,570,cat_2,570
27118,785,cat_3,785
27119,930,cat_4,930
27120,777,cat_0,777
27121,315,cat_1,315
27122,481,cat_2,481
27123,401,cat_3,401
27124,705,cat_4,705
27125,134,cat_0,134
27126,252,cat_1,252
27127,554,cat_2,554
27128,329,cat_3,329
27129,402,cat_4,402
27130,962,cat_0,962
27131,82,cat_1,82
27132,702,cat_2,702
27133,440,cat_3,440
27134,366,cat_4,366
27135,696,cat_0,696
27136,811,cat_1,811
27137,637,cat_2,637
27138,266,cat_3,266
27139,428,cat_4,428
27140,786,cat_0,786
27141,17,cat_1,17
27142,910,cat_2,910
27143,307,cat_3,307
27144,467,cat_4,467
27145,425,cat_0,425
27146,333,cat_1,333
27147,727,cat_2,727
27148,338,cat_3,338
27149,590,cat_4,590
27150,742,cat_0,742
27151,911,cat_1,911
27152,544,cat_2,544
27153,787,cat_3,787
27154,565,cat_4,565
27155,953,cat_0,953
27156,259,cat_1,259
27157,991,cat_2,991
27158,801,cat_3,801
27159,559,cat_4,559
27160,215,cat_0,215
27161,844,cat_1,844
27162,754,cat_2,754
27163,73,cat_3,73
27164,378,cat_4,378
27165,238,cat_0,238
27166,546,cat_1,546
27167,839,cat_2,839
27168,331,cat_3,331
27169,456,cat_4,456
27170,558,cat_0,558
27171,73,cat_1,73
27172,456,cat_2,456
27173,645,cat_3,645
27174,985,cat_4,985
27175,535,cat_0,535
27176,687,cat_1,687
27177,419,cat_2,419
27178,42,cat_3,42
27179,804,cat_4,804
27180,223,cat_0,223
27181,216,cat_1,216
27182,364,cat_2,364
27183,735,cat_3,735
27184,693,cat_4,693
27185,294,cat_0,294
27186,761,cat_1,761
27187,894,cat_2,894
27188,619,cat_3,619
27189,350,cat_4,350
27190,191,cat_0,191
27191,528,cat_1,528
27192,143,cat_2,143
27193,705,cat_3,705
27194,835,cat_4,835
27195,493,cat_0,493
27196,882,cat_1,882
27197,261,cat_2,261
27198,845,cat_3,845
27199,926,cat_4,926
27200,146,cat_0,146
27201,230,cat_1,230
27202,946,cat_2,946
27203,806,cat_3,806
27204,694,cat_4,694
27205,280,cat_0,280
27206,544,cat_1,544
27207,635,cat_2,635
27208,104,cat_3,104
27209,847,cat_4,847
27210,505,cat_0,505
27211,450,cat_1,450
27212,160,cat_2,160
27213,847,cat_3,847
27214,504,cat_4,504
27215,172,cat_0,172
27216,563,cat_1,563
27217,20,cat_2,20
27218,98,cat_3,98
27219,720,cat_4,720
27220,754,cat_0,754
27221,232,cat_1,232
27222,235,cat_2,235
27223,940,cat_3,940
27224,1,cat_4,1
27225,83,cat_0,83
27226,541,cat_1,541
27227,800,cat_2,800
27228,40,cat_3,40
27229,79,cat_4,79
27230,671,cat_0,671
27231,656,cat_1,656
27232,827,cat_2,827
27233,303,cat_3,303
27234,614,cat_4,614
27235,506,cat_0,506
27236,589,cat_1,589
27237,302,cat_2,302
27238,386,cat_3,386
27239,247,cat_4,247
27240,17,cat_0,17
27241,54,cat_1,54
27242,588,cat_2,588
27243,927,cat_3,927
27244,389,cat_4,389
27245,780,cat_0,780
27246,139,cat_1,139
27247,146,cat_2,146
27248,434,cat_3,434
27249,897,cat_4,897
27250,301,cat_0,301
27251,296,cat_1,296
27252,801,cat_2,801
27253,802,cat_3,802
27254,241,cat_4,241
27255,15,cat_0,15
27256,766,cat_1,766
27257,501,cat_2,501
27258,78,cat_3,78
27259,176,cat_4,176
27260,737,cat_0,737
27261,727,cat_1,727
27262,412,cat_2,412
27263,906,cat_3,906
27264,228,cat_4,228
27265,626,cat_0,626
27266,721,cat_1,721
27267,518,cat_2,518
27268,176,cat_3,176
27269,328,cat_4,328
27270,487,cat_0,487
27271,403,cat_1,403
27272,397,cat_2,397
27273,426,cat_3,426
27274,638,cat_4,638
27275,660,cat_0,660
27276,387,cat_1,387
27277,196,cat_2,196
27278,383,cat_3,383
27279,487,cat_4,487
27280,825,cat_0,825
27281,51,cat_1,51
27282,750,cat_2,750
27283,639,cat_3,639
27284,449,cat_4,449
27285,721,cat_0,721
27286,516,cat_1,516
27287,451,cat_2,451
27288,992,cat_3,992
27289,922,cat_4,922
27290,105,cat_0,105
27291,636,cat_1,636
27292,170,cat_2,170
27293,388,cat_3,388
27294,721,cat_4,721
27295,112,cat_0,112
27296,475,cat_1,475
27297,946,cat_2,946
27298,688,cat_3,688
27299,477,cat_4,477
27300,579,cat_0,579
27301,224,cat_1,224
27302,745,cat_2,745
27303,216,cat_3,216
27304,657,cat_4,657
27305,267,cat_0,267
27306,998,cat_1,998
27307,417,cat_2,417
27308,60,cat_3,60
27309,739,cat_4,739
27310,237,cat_0,237
27311,26,cat_1,26
27312,716,cat_2,716
27313,59,cat_3,59
27314,293,cat_4,293
27315,304,cat_0,304
27316,436,cat_1,436
27317,124,cat_2,124
27318,725,cat_3,725
27319,520,cat_4,520
27320,592,cat_0,592
27321,99,cat_1,99
27322,631,cat_2,631
27323,169,cat_3,169
27324,675,cat_4,675
27325,428,cat_0,428
27326,116,cat_1,116
27327,555,cat_2,555
27328,541,cat_3,541
27329,504,cat_4,504
27330,35,cat_0,35
27331,463,cat_1,463
27332,888,cat_2,888
27333,15,cat_3,15
27334,242,cat_4,242
27335,281,cat_0,281
27336,392,cat_1,392
27337,444,cat_2,444
27338,619,cat_3,619
27339,534,cat_4,534
27340,434,cat_0,434
27341,919,cat_1,919
27342,690,cat_2,690
27343,498,cat_3,498
27344,436,cat_4,436
27345,828,cat_0,828
27346,421,cat_1,421
27347,707,cat_2,707
27348,767,cat_3,767
27349,982,cat_4,982
27350,589,cat_0,589
27351,980,cat_1,980
27352,444,cat_2,444
27353,974,cat_3,974
27354,396,cat_4,396
27355,592,cat_0,592
27356,14,cat_1,14
27357,525,cat_2,525
27358,964,cat_3,964
27359,150,cat_4,150
27360,624,cat_0,624
27361,623,cat_1,623
27362,610,cat_2,610
27363,896,cat_3,896
27364,371,cat_4,371
27365,910,cat_0,910
27366,297,cat_1,297
27367,648,cat_2,648
27368,409,cat_3,409
27369,994,cat_4,994
27370,370,cat_0,370
27371,412,cat_1,412
27372,53,cat_2,53
27373,974,cat_3,974
27374,698,cat_4,698
27375,662,cat_0,662
27376,309,cat_1,309
27377,735,cat_2,735
27378,548,cat_3,548
27379,251,cat_4,251
27380,637,cat_0,637
27381,371,cat_1,371
27382,414,cat_2,414
27383,143,cat_3,143
27384,281,cat_4,281
27385,57,cat_0,57
27386,446,cat_1,446
27387,641,cat_2,641
27388,274,cat_3,274
27389,991,cat_4,991
27390,882,cat_0,882
27391,532,cat_1,532
27392,363,cat_2,363
27393,575,cat_3,575
27394,190,cat_4,190
27395,850,cat_0,850
27396,495,cat_1,495
27397,714,cat_2,714
27398,99,cat_3,99
27399,797,cat_4,797
27400,758,cat_0,758
27401,157,cat_1,157
27402,933,cat_2,933
27403,608,cat_3,608
27404,247,cat_4,247
27405,596,cat_0,596
27406,362,cat_1,362
27407,847,cat_2,847
27408,894,cat_3,894
27409,499,cat_4,499
27410,772,cat_0,772
27411,273,cat_1,273
27412,574,cat_2,574
27413,814,cat_3,814
27414,726,cat_4,726
27415,402,cat_0,402
27416,770,cat_1,770
27417,960,cat_2,960
27418,757,cat_3,757
27419,202,cat_4,202
27420,883,cat_0,883
27421,953,cat_1,953
27422,516,cat_2,516
27423,233,cat_3,233
27424,34,cat_4,34
27425,376,cat_0,376
27426,539,cat_1,539
27427,358,cat_2,358
27428,144,cat_3,144
27429,185,cat_4,185
27430,225,cat_0,225
27431,45,cat_1,45
27432,178,cat_2,178
27433,958,cat_3,958
27434,617,cat_4,617
27435,592,cat_0,592
27436,743,cat_1,743
27437,484,cat_2,484
27438,318,cat_3,318
27439,948,cat_4,948
27440,403,cat_0,403
27441,818,cat_1,818
27442,717,cat_2,717
27443,945,cat_3,945
27444,734,cat_4,734
27445,229,cat_0,229
27446,383,cat_1,383
27447,103,cat_2,103
27448,578,cat_3,578
27449,126,cat_4,126
27450,331,cat_0,331
27451,217,cat_1,217
27452,193,cat_2,193
27453,860,cat_3,860
27454,901,cat_4,901
27455,881,cat_0,881
27456,950,cat_1,950
27457,305,cat_2,305
27458,743,cat_3,743
27459,660,cat_4,660
27460,633,cat_0,633
27461,352,cat_1,352
27462,92,cat_2,92
27463,277,cat_3,277
27464,971,cat_4,971
27465,239,cat_0,239
27466,338,cat_1,338
27467,350,cat_2,350
27468,615,cat_3,615
27469,96,cat_4,96
27470,450,cat_0,450
27471,894,cat_1,894
27472,614,cat_2,614
27473,931,cat_3,931
27474,539,cat_4,539
27475,503,cat_0,503
27476,404,cat_1,404
27477,682,cat_2,682
27478,860,cat_3,860
27479,427,cat_4,427
27480,396,cat_0,396
27481,861,cat_1,861
27482,391,cat_2,391
27483,356,cat_3,356
27484,385,cat_4,385
27485,576,cat_0,576
27486,21,cat_1,21
27487,931,cat_2,931
27488,293,cat_3,293
27489,912,cat_4,912
27490,869,cat_0,869
27491,676,cat_1,676
27492,455,cat_2,455
27493,580,cat_3,580
27494,64,cat_4,64
27495,552,cat_0,552
27496,95,cat_1,95
27497,813,cat_2,813
27498,247,cat_3,247
27499,288,cat_4,288
27500,610,cat_0,610
27501,504,cat_1,504
27502,135,cat_2,135
27503,29,cat_3,29
27504,578,cat_4,578
27505,321,cat_0,321
27506,319,cat_1,319
27507,737,cat_2,737
27508,17,cat_3,17
27509,653,cat_4,653
27510,859,cat_0,859
27511,675,cat_1,675
27512,358,cat_2,358
27513,584,cat_3,584
27514,331,cat_4,331
27515,445,cat_0,445
27516,146,cat_1,146
27517,937,cat_2,937
27518,435,cat_3,435
27519,20,cat_4,20
27520,564,cat_0,564
27521,607,cat_1,607
27522,861,cat_2,861
27523,923,cat_3,923
27524,555,cat_4,555
27525,405,cat_0,405
27526,594,cat_1,594
27527,823,cat_2,823
27528,282,cat_3,282
27529,698,cat_4,698
27530,846,cat_0,846
27531,336,cat_1,336
27532,972,cat_2,972
27533,664,cat_3,664
27534,457,cat_4,457
27535,665,cat_0,665
27536,238,cat_1,238
27537,244,cat_2,244
27538,475,cat_3,475
27539,953,cat_4,953
27540,918,cat_0,918
27541,898,cat_1,898
27542,540,cat_2,540
27543,461,cat_3,461
27544,350,cat_4,350
27545,226,cat_0,226
27546,859,cat_1,859
27547,92,cat_2,92
27548,240,cat_3,240
27549,121,cat_4,121
27550,256,cat_0,256
27551,757,cat_1,757
27552,622,cat_2,622
27553,355,cat_3,355
27554,796,cat_4,796
27555,390,cat_0,390
27556,721,cat_1,721
27557,454,cat_2,454
27558,573,cat_3,573
27559,329,cat_4,329
27560,587,cat_0,587
27561,800,cat_1,800
27562,32,cat_2,32
27563,133,cat_3,133
27564,816,cat_4,816
27565,203,cat_0,203
27566,519,cat_1,519
27567,135,cat_2,135
27568,686,cat_3,686
27569,673,cat_4,673
27570,119,cat_0,119
27571,430,cat_1,430
27572,796,cat_2,796
27573,635,cat_3,635
27574,718,cat_4,718
27575,668,cat_0,668
27576,170,cat_1,170
27577,27,cat_2,27
27578,909,cat_3,909
27579,989,cat_4,989
27580,590,cat_0,590
27581,964,cat_1,964
27582,187,cat_2,187
27583,638,cat_3,638
27584,344,cat_4,344
27585,401,cat_0,401
27586,944,cat_1,944
27587,531,cat_2,531
27588,947,cat_3,947
27589,172,cat_4,172
27590,158,cat_0,158
27591,595,cat_1,595
27592,690,cat_2,690
27593,709,cat_3,709
27594,188,cat_4,188
27595,503,cat_0,503
27596,907,cat_1,907
27597,522,cat_2,522
27598,991,cat_3,991
27599,868,cat_4,868
27600,471,cat_0,471
27601,966,cat_1,966
27602,740,cat_2,740
27603,487,cat_3,487
27604,671,cat_4,671
27605,445,cat_0,445
27606,835,cat_1,835
27607,462,cat_2,462
27608,7,cat_3,7
27609,487,cat_4,487
27610,523,cat_0,523
27611,655,cat_1,655
27612,735,cat_2,735
27613,317,cat_3,317
27614,818,cat_4,818
27615,728,cat_0,728
27616,486,cat_1,486
27617,838,cat_2,838
27618,208,cat_3,208
27619,628,cat_4,628
27620,361,cat_0,361
27621,865,cat_1,865
27622,152,cat_2,152
27623,680,cat_3,680
27624,463,cat_4,463
27625,441,cat_0,441
27626,629,cat_1,629
27627,447,cat_2,447
27628,282,cat_3,282
27629,46,cat_4,46
27630,216,cat_0,216
27631,91,cat_1,91
27632,852,cat_2,852
27633,329,cat_3,329
27634,449,cat_4,449
27635,311,cat_0,311
27636,567,cat_1,567
27637,321,cat_2,321
27638,384,cat_3,384
27639,774,cat_4,774
27640,366,cat_0,366
27641,715,cat_1,715
27642,951,cat_2,951
27643,759,cat_3,759
27644,174,cat_4,174
27645,23,cat_0,23
27646,610,cat_1,610
27647,508,cat_2,508
27648,311,cat_3,311
27649,568,cat_4,568
27650,770,cat_0,770
27651,753,cat_1,753
27652,342,cat_2,342
27653,656,cat_3,656
27654,577,cat_4,577
27655,806,cat_0,806
27656,163,cat_1,163
27657,102,cat_2,102
27658,455,cat_3,455
27659,57,cat_4,57
27660,335,cat_0,335
27661,265,cat_1,265
27662,101,cat_2,101
27663,920,cat_3,920
27664,38,cat_4,38
27665,173,cat_0,173
27666,851,cat_1,851
27667,464,cat_2,464
27668,184,cat_3,184
27669,500,cat_4,500
27670,934,cat_0,934
27671,190,cat_1,190
27672,984,cat_2,984
27673,736,cat_3,736
27674,257,cat_4,257
27675,565,cat_0,565
27676,312,cat_1,312
27677,189,cat_2,189
27678,83,cat_3,83
27679,658,cat_4,658
27680,99,cat_0,99
27681,761,cat_1,761
27682,144,cat_2,144
27683,190,cat_3,190
27684,318,cat_4,318
27685,242,cat_0,242
27686,312,cat_1,312
27687,116,cat_2,116
27688,25,cat_3,25
27689,889,cat_4,889
27690,900,cat_0,900
27691,522,cat_1,522
27692,389,cat_2,389
27693,276,cat_3,276
27694,624,cat_4,624
27695,592,cat_0,592
27696,579,cat_1,579
27697,37,cat_2,37
27698,990,cat_3,990
27699,322,cat_4,322
27700,900,cat_0,900
27701,365,cat_1,365
27702,618,cat_2,618
27703,513,cat_3,513
27704,139,cat_4,139
27705,512,cat_0,512
27706,957,cat_1,957
27707,265,cat_2,265
27708,275,cat_3,275
27709,111,cat_4,111
27710,757,cat_0,757
27711,920,cat_1,920
27712,847,cat_2,847
27713,355,cat_3,355
27714,96,cat_4,96
27715,340,cat_0,340
27716,888,cat_1,888
27717,182,cat_2,182
27718,170,cat_3,170
27719,663,cat_4,663
27720,889,cat_0,889
27721,600,cat_1,600
27722,365,cat_2,365
27723,794,cat_3,794
27724,819,cat_4,819
27725,804,cat_0,804
27726,736,cat_1,736
27727,501,cat_2,501
27728,147,cat_3,147
27729,810,cat_4,810
27730,89,cat_0,89
27731,117,cat_1,117
27732,91,cat_2,91
27733,802,cat_3,802
27734,971,cat_4,971
27735,788,cat_0,788
27736,610,cat_1,610
27737,731,cat_2,731
27738,171,cat_3,171
27739,218,cat_4,218
27740,561,cat_0,561
27741,774,cat_1,774
27742,849,cat_2,849
27743,199,cat_3,199
27744,134,cat_4,134
27745,845,cat_0,845
27746,381,cat_1,381
27747,517,cat_2,517
27748,199,cat_3,199
27749,250,cat_4,250
27750,489,cat_0,489
27751,229,cat_1,229
27752,399,cat_2,399
27753,291,cat_3,291
27754,732,cat_4,732
27755,907,cat_0,907
27756,706,cat_1,706
27757,333,cat_2,333
27758,49,cat_3,49
27759,579,cat_4,579
27760,500,cat_0,500
27761,23,cat_1,23
27762,626,cat_2,626
27763,262,cat_3,262
27764,435,cat_4,435
27765,958,cat_0,958
27766,912,cat_1,912
27767,275,cat_2,275
27768,860,cat_3,860
27769,138,cat_4,138
27770,826,cat_0,826
27771,996,cat_1,996
27772,315,cat_2,315
27773,894,cat_3,894
27774,719,cat_4,719
27775,699,cat_0,699
27776,461,cat_1,461
27777,120,cat_2,120
27778,82,cat_3,82
27779,505,cat_4,505
27780,472,cat_0,472
27781,754,cat_1,754
27782,507,cat_2,507
27783,843,cat_3,843
27784,604,cat_4,604
27785,208,cat_0,208
27786,509,cat_1,509
27787,271,cat_2,271
27788,820,cat_3,820
27789,762,cat_4,762
27790,117,cat_0,117
27791,928,cat_1,928
27792,953,cat_2,953
27793,777,cat_3,777
27794,404,cat_4,404
27795,850,cat_0,850
27796,545,cat_1,545
27797,342,cat_2,342
27798,746,cat_3,746
27799,879,cat_4,879
27800,73,cat_0,73
27801,383,cat_1,383
27802,17,cat_2,17
27803,815,cat_3,815
27804,598,cat_4,598
27805,956,cat_0,956
27806,379,cat_1,379
27807,669,cat_2,669
27808,784,cat_3,784
27809,583,cat_4,583
27810,113,cat_0,113
27811,882,cat_1,882
27812,205,cat_2,205
27813,314,cat_3,314
27814,989,cat_4,989
27815,593,cat_0,593
27816,13,cat_1,13
27817,927,cat_2,927
27818,326,cat_3,326
27819,598,cat_4,598
27820,632,cat_0,632
27821,206,cat_1,206
27822,175,cat_2,175
27823,892,cat_3,892
27824,460,cat_4,460
27825,417,cat_0,417
27826,38,cat_1,38
27827,801,cat_2,801
27828,169,cat_3,169
27829,314,cat_4,314
27830,360,cat_0,360
27831,614,cat_1,614
27832,215,cat_2,215
27833,104,cat_3,104
27834,966,cat_4,966
27835,716,cat_0,716
27836,840,cat_1,840
27837,623,cat_2,623
27838,499,cat_3,499
27839,945,cat_4,945
27840,264,cat_0,264
27841,804,cat_1,804
27842,70,cat_2,70
27843,473,cat_3,473
27844,239,cat_4,239
27845,387,cat_0,387
27846,962,cat_1,962
27847,845,cat_2,845
27848,554,cat_3,554
27849,898,cat_4,898
27850,111,cat_0,111
27851,575,cat_1,575
27852,91,cat_2,91
27853,610,cat_3,610
27854,355,cat_4,355
27855,62,cat_0,62
27856,899,cat_1,899
27857,766,cat_2,766
27858,749,cat_3,749
27859,904,cat_4,904
27860,407,cat_0,407
27861,84,cat_1,84
27862,14,cat_2,14
27863,417,cat_3,417
27864,869,cat_4,869
27865,694,cat_0,694
27866,829,cat_1,829
27867,226,cat_2,226
27868,501,cat_3,501
27869,738,cat_4,738
27870,12,cat_0,12
27871,586,cat_1,586
27872,242,cat_2,242
27873,632,cat_3,632
27874,852,cat_4,852
27875,642,cat_0,642
27876,837,cat_1,837
27877,272,cat_2,272
27878,151,cat_3,151
27879,20,cat_4,20
27880,268,cat_0,268
27881,922,cat_1,922
27882,275,cat_2,275
27883,478,cat_3,478
27884,203,cat_4,203
27885,815,cat_0,815
27886,995,cat_1,995
27887,203,cat_2,203
27888,895,cat_3,895
27889,396,cat_4,396
27890,721,cat_0,721
27891,252,cat_1,252
27892,745,cat_2,745
27893,160,cat_3,160
27894,492,cat_4,492
27895,697,cat_0,697
27896,886,cat_1,886
27897,536,cat_2,536
27898,49,cat_3,49
27899,425,cat_4,425
27900,839,cat_0,839
27901,695,cat_1,695
27902,433,cat_2,433
27903,354,cat_3,354
27904,450,cat_4,450
27905,896,cat_0,896
27906,599,cat_1,599
27907,101,cat_2,101
27908,833,cat_3,833
27909,345,cat_4,345
27910,142,cat_0,142
27911,119,cat_1,119
27912,426,cat_2,426
27913,913,cat_3,913
27914,206,cat_4,206
27915,521,cat_0,521
27916,902,cat_1,902
27917,294,cat_2,294
27918,827,cat_3,827
27919,970,cat_4,970
27920,324,cat_0,324
27921,679,cat_1,679
27922,45,cat_2,45
27923,622,cat_3,622
27924,229,cat_4,229
27925,96,cat_0,96
27926,213,cat_1,213
27927,827,cat_2,827
27928,185,cat_3,185
27929,252,cat_4,252
27930,353,cat_0,353
27931,709,cat_1,709
27932,588,cat_2,588
27933,819,cat_3,819
27934,828,cat_4,828
27935,483,cat_0,483
27936,496,cat_1,496
27937,127,cat_2,127
27938,851,cat_3,851
27939,311,cat_4,311
27940,662,cat_0,662
27941,623,cat_1,623
27942,460,cat_2,460
27943,570,cat_3,570
27944,425,cat_4,425
27945,547,cat_0,547
27946,570,cat_1,570
27947,760,cat_2,760
27948,20,cat_3,20
27949,105,cat_4,105
27950,572,cat_0,572
27951,220,cat_1,220
27952,192,cat_2,192
27953,420,cat_3,420
27954,685,cat_4,685
27955,188,cat_0,188
27956,176,cat_1,176
27957,30,cat_2,30
27958,398,cat_3,398
27959,730,cat_4,730
27960,543,cat_0,543
27961,839,cat_1,839
27962,459,cat_2,459
27963,212,cat_3,212
27964,222,cat_4,222
27965,501,cat_0,501
27966,45,cat_1,45
27967,317,cat_2,317
27968,455,cat_3,455
27969,79,cat_4,79
27970,679,cat_0,679
27971,146,cat_1,146
27972,676,cat_2,676
27973,153,cat_3,153
27974,984,cat_4,984
27975,320,cat_0,320
27976,684,cat_1,684
27977,751,cat_2,751
27978,578,cat_3,578
27979,147,cat_4,147
27980,96,cat_0,96
27981,909,cat_1,909
27982,795,cat_2,795
27983,506,cat_3,506
27984,808,cat_4,808
27985,811,cat_0,811
27986,403,cat_1,403
27987,881,cat_2,881
27988,956,cat_3,956
27989,645,cat_4,645
27990,606,cat_0,606
27991,991,cat_1,991
27992,781,cat_2,781
27993,266,cat_3,266
27994,356,cat_4,356
27995,656,cat_0,656
27996,974,cat_1,974
27997,182,cat_2,182
27998,725,cat_3,725
27999,806,cat_4,806
28000,845,cat_0,845
28001,657,cat_1,657
28002,557,cat_2,557
28003,179,cat_3,179
28004,199,cat_4,199
28005,469,cat_0,469
28006,293,cat_1,293
28007,207,cat_2,207
28008,486,cat_3,486
28009,975,cat_4,975
28010,216,cat_0,216
28011,646,cat_1,646
28012,800,cat_2,800
28013,387,cat_3,387
28014,244,cat_4,244
28015,337,cat_0,337
28016,897,cat_1,897
28017,686,cat_2,686
28018,750,cat_3,750
28019,813,cat_4,813
28020,248,cat_0,248
28021,57,cat_1,57
28022,850,cat_2,850
28023,41,cat_3,41
28024,851,cat_4,851
28025,558,cat_0,558
28026,401,cat_1,401
28027,41,cat_2,41
28028,876,cat_3,876
28029,562,cat_4,562
28030,108,cat_0,108
28031,214,cat_1,214
28032,479,cat_2,479
28033,732,cat_3,732
28034,229,cat_4,229
28035,483,cat_0,483
28036,338,cat_1,338
28037,397,cat_2,397
28038,68,cat_3,68
28039,993,cat_4,993
28040,607,cat_0,607
28041,782,cat_1,782
28042,678,cat_2,678
28043,375,cat_3,375
28044,959,cat_4,959
28045,555,cat_0,555
28046,24,cat_1,24
28047,733,cat_2,733
28048,111,cat_3,111
28049,870,cat_4,870
28050,477,cat_0,477
28051,5,cat_1,5
28052,48,cat_2,48
28053,345,cat_3,345
28054,881,cat_4,881
28055,256,cat_0,256
28056,940,cat_1,940
28057,72,cat_2,72
28058,131,cat_3,131
28059,516,cat_4,516
28060,135,cat_0,135
28061,655,cat_1,655
28062,311,cat_2,311
28063,548,cat_3,548
28064,124,cat_4,124
28065,752,cat_0,752
28066,467,cat_1,467
28067,767,cat_2,767
28068,451,cat_3,451
28069,488,cat_4,488
28070,251,cat_0,251
28071,767,cat_1,767
28072,474,cat_2,474
28073,791,cat_3,791
28074,603,cat_4,603
28075,968,cat_0,968
28076,61,cat_1,61
28077,673,cat_2,673
28078,150,cat_3,150
28079,265,cat_4,265
28080,322,cat_0,322
28081,949,cat_1,949
28082,101,cat_2,101
28083,442,cat_3,442
28084,367,cat_4,367
28085,443,cat_0,443
28086,406,cat_1,406
28087,100,cat_2,100
28088,529,cat_3,529
28089,513,cat_4,513
28090,223,cat_0,223
28091,777,cat_1,777
28092,569,cat_2,569
28093,721,cat_3,721
28094,135,cat_4,135
28095,244,cat_0,244
28096,183,cat_1,183
28097,200,cat_2,200
28098,987,cat_3,987
28099,727,cat_4,727
28100,877,cat_0,877
28101,289,cat_1,289
28102,860,cat_2,860
28103,310,cat_3,310
28104,323,cat_4,323
28105,745,cat_0,745
28106,883,cat_1,883
28107,969,cat_2,969
28108,432,cat_3,432
28109,21,cat_4,21
28110,13,cat_0,13
28111,963,cat_1,963
28112,150,cat_2,150
28113,841,cat_3,841
28114,145,cat_4,145
28115,255,cat_0,255
28116,48,cat_1,48
28117,547,cat_2,547
28118,105,cat_3,105
28119,976,cat_4,976
28120,791,cat_0,791
28121,154,cat_1,154
28122,156,cat_2,156
28123,175,cat_3,175
28124,352,cat_4,352
28125,462,cat_0,462
28126,191,cat_1,191
28127,21,cat_2,21
28128,329,cat_3,329
28129,678,cat_4,678
28130,42,cat_0,42
28131,204,cat_1,204
28132,499,cat_2,499
28133,950,cat_3,950
28134,583,cat_4,583
28135,931,cat_0,931
28136,943,cat_1,943
28137,92,cat_2,92
28138,157,cat_3,157
28139,183,cat_4,183
28140,883,cat_0,883
28141,443,cat_1,443
28142,631,cat_2,631
28143,643,cat_3,643
28144,547,cat_4,547
28145,374,cat_0,374
28146,57,cat_1,57
28147,37,cat_2,37
28148,535,cat_3,535
28149,404,cat_4,404
28150,75,cat_0,75
28151,2,cat_1,2
28152,294,cat_2,294
28153,110,cat_3,110
28154,989,cat_4,989
28155,387,cat_0,387
28156,563,cat_1,563
28157,706,cat_2,706
28158,462,cat_3,462
28159,905,cat_4,905
28160,272,cat_0,272
28161,288,cat_1,288
28162,728,cat_2,728
28163,926,cat_3,926
28164,452,cat_4,452
28165,933,cat_0,933
28166,647,cat_1,647
28167,467,cat_2,467
28168,769,cat_3,769
28169,981,cat_4,981
28170,278,cat_0,278
28171,345,cat_1,345
28172,731,cat_2,731
28173,803,cat_3,803
28174,210,cat_4,210
28175,577,cat_0,577
28176,678,cat_1,678
28177,814,cat_2,814
28178,219,cat_3,219
28179,322,cat_4,322
28180,98,cat_0,98
28181,386,cat_1,386
28182,969,cat_2,969
28183,626,cat_3,626
28184,728,cat_4,728
28185,341,cat_0,341
28186,156,cat_1,156
28187,204,cat_2,204
28188,443,cat_3,443
28189,841,cat_4,841
28190,311,cat_0,311
28191,633,cat_1,633
28192,852,cat_2,852
28193,574,cat_3,574
28194,671,cat_4,671
28195,332,cat_0,332
28196,254,cat_1,254
28197,253,cat_2,253
28198,405,cat_3,405
28199,135,cat_4,135
28200,40,cat_0,40
28201,164,cat_1,164
28202,576,cat_2,576
28203,552,cat_3,552
28204,542,cat_4,542
28205,477,cat_0,477
28206,700,cat_1,700
28207,746,cat_2,746
28208,177,cat_3,177
28209,752,cat_4,752
28210,692,cat_0,692
28211,285,cat_1,285
28212,260,cat_2,260
28213,264,cat_3,264
28214,374,cat_4,374
28215,109,cat_0,109
28216,801,cat_1,801
28217,414,cat_2,414
28218,358,cat_3,358
28219,61,cat_4,61
28220,718,cat_0,718
28221,322,cat_1,322
28222,681,cat_2,681
28223,84,cat_3,84
28224,904,cat_4,904
28225,131,cat_0,131
28226,646,cat_1,646
28227,306,cat_2,306
28228,785,cat_3,785
28229,712,cat_4,712
28230,955,cat_0,955
28231,823,cat_1,823
28232,56,cat_2,56
28233,202,cat_3,202
28234,188,cat_4,188
28235,87,cat_0,87
28236,134,cat_1,134
28237,772,cat_2,772
28238,215,cat_3,215
28239,983,cat_4,983
28240,554,cat_0,554
28241,895,cat_1,895
28242,448,cat_2,448
28243,227,cat_3,227
28244,694,cat_4,694
28245,195,cat_0,195
28246,592,cat_1,592
28247,145,cat_2,145
28248,789,cat_3,789
28249,416,cat_4,416
28250,933,cat_0,933
28251,893,cat_1,893
28252,134,cat_2,134
28253,696,cat_3,696
28254,866,cat_4,866
28255,723,cat_0,723
28256,185,cat_1,185
28257,169,cat_2,169
28258,861,cat_3,861
28259,152,cat_4,152
28260,198,cat_0,198
28261,244,cat_1,244
28262,410,cat_2,410
28263,48,cat_3,48
28264,407,cat_4,407
28265,655,cat_0,655
28266,363,cat_1,363
28267,645,cat_2,645
28268,61,cat_3,61
28269,4,cat_4,4
28270,919,cat_0,919
28271,644,cat_1,644
28272,439,cat_2,439
28273,414,cat_3,414
28274,811,cat_4,811
28275,191,cat_0,191
28276,785,cat_1,785
28277,57,cat_2,57
28278,261,cat_3,261
28279,896,cat_4,896
28280,736,cat_0,736
28281,392,cat_1,392
28282,684,cat_2,684
28283,968,cat_3,968
28284,643,cat_4,643
28285,807,cat_0,807
28286,39,cat_1,39
28287,900,cat_2,900
28288,622,cat_3,622
28289,953,cat_4,953
28290,860,cat_0,860
28291,300,cat_1,300
28292,152,cat_2,152
28293,204,cat_3,204
28294,799,cat_4,799
28295,660,cat_0,660
28296,663,cat_1,663
28297,224,cat_2,224
28298,308,cat_3,308
28299,612,cat_4,612
28300,359,cat_0,359
28301,200,cat_1,200
28302,961,cat_2,961
28303,952,cat_3,952
28304,694,cat_4,694
28305,712,cat_0,712
28306,520,cat_1,520
28307,574,cat_2,574
28308,436,cat_3,436
28309,962,cat_4,962
28310,660,cat_0,660
28311,278,cat_1,278
28312,623,cat_2,623
28313,529,cat_3,529
28314,17,cat_4,17
28315,708,cat_0,708
28316,667,cat_1,667
28317,999,cat_2,999
28318,18,cat_3,18
28319,237,cat_4,237
28320,941,cat_0,941
28321,847,cat_1,847
28322,659,cat_2,659
28323,353,cat_3,353
28324,308,cat_4,308
28325,808,cat_0,808
28326,73,cat_1,73
28327,201,cat_2,201
28328,389,cat_3,389
28329,852,cat_4,852
28330,544,cat_0,544
28331,859,cat_1,859
28332,670,cat_2,670
28333,262,cat_3,262
28334,520,cat_4,520
28335,882,cat_0,882
28336,543,cat_1,543
28337,647,cat_2,647
28338,636,cat_3,636
28339,800,cat_4,800
28340,807,cat_0,807
28341,887,cat_1,887
28342,208,cat_2,208
28343,777,cat_3,777
28344,661,cat_4,661
28345,120,cat_0,120
28346,383,cat_1,383
28347,668,cat_2,668
28348,381,cat_3,381
28349,597,cat_4,597
28350,744,cat_0,744
28351,797,cat_1,797
28352,311,cat_2,311
28353,607,cat_3,607
28354,140,cat_4,140
28355,483,cat_0,483
28356,465,cat_1,465
28357,445,cat_2,445
28358,450,cat_3,450
28359,624,cat_4,624
28360,356,cat_0,356
28361,403,cat_1,403
28362,982,cat_2,982
28363,548,cat_3,548
28364,834,cat_4,834
28365,289,cat_0,289
28366,412,cat_1,412
28367,605,cat_2,605
28368,299,cat_3,299
28369,207,cat_4,207
28370,26,cat_0,26
28371,314,cat_1,314
28372,657,cat_2,657
28373,220,cat_3,220
28374,543,cat_4,543
28375,48,cat_0,48
28376,801,cat_1,801
28377,202,cat_2,202
28378,305,cat_3,305
28379,648,cat_4,648
28380,690,cat_0,690
28381,99,cat_1,99
28382,614,cat_2,614
28383,537,cat_3,537
28384,285,cat_4,285
28385,403,cat_0,403
28386,850,cat_1,850
28387,976,cat_2,976
28388,602,cat_3,602
28389,699,cat_4,699
28390,791,cat_0,791
28391,703,cat_1,703
28392,912,cat_2,912
28393,374,cat_3,374
28394,87,cat_4,87
28395,714,cat_0,714
28396,460,cat_1,460
28397,435,cat_2,435
28398,160,cat_3,160
28399,308,cat_4,308
28400,625,cat_0,625
28401,579,cat_1,579
28402,525,cat_2,525
28403,341,cat_3,341
28404,559,cat_4,559
28405,82,cat_0,82
28406,89,cat_1,89
28407,24,cat_2,24
28408,820,cat_3,820
28409,994,cat_4,994
28410,964,cat_0,964
28411,998,cat_1,998
28412,733,cat_2,733
28413,647,cat_3,647
28414,903,cat_4,903
28415,916,cat_0,916
28416,861,cat_1,861
28417,493,cat_2,493
28418,990,cat_3,990
28419,262,cat_4,262
28420,181,cat_0,181
28421,727,cat_1,727
28422,862,cat_2,862
28423,780,cat_3,780
28424,101,cat_4,101
28425,422,cat_0,422
28426,731,cat_1,731
28427,806,cat_2,806
28428,552,cat_3,552
28429,505,cat_4,505
28430,507,cat_0,507
28431,660,cat_1,660
28432,586,cat_2,586
28433,663,cat_3,663
28434,910,cat_4,910
28435,597,cat_0,597
28436,191,cat_1,191
28437,799,cat_2,799
28438,676,cat_3,676
28439,148,cat_4,148
28440,107,cat_0,107
28441,854,cat_1,854
28442,479,cat_2,479
28443,723,cat_3,723
28444,298,cat_4,298
28445,214,cat_0,214
28446,549,cat_1,549
28447,337,cat_2,337
28448,809,cat_3,809
28449,992,cat_4,992
28450,502,cat_0,502
28451,623,cat_1,623
28452,295,cat_2,295
28453,448,cat_3,448
28454,479,cat_4,479
28455,132,cat_0,132
28456,337,cat_1,337
28457,413,cat_2,413
28458,992,cat_3,992
28459,989,cat_4,989
28460,294,cat_0,294
28461,949,cat_1,949
28462,322,cat_2,322
28463,536,cat_3,536
28464,520,cat_4,520
28465,513,cat_0,513
28466,578,cat_1,578
28467,260,cat_2,260
28468,453,cat_3,453
28469,995,cat_4,995
28470,462,cat_0,462
28471,406,cat_1,406
28472,647,cat_2,647
28473,610,cat_3,610
28474,937,cat_4,937
28475,653,cat_0,653
28476,524,cat_1,524
28477,621,cat_2,621
28478,835,cat_3,835
28479,438,cat_4,438
28480,630,cat_0,630
28481,140,cat_1,140
28482,128,cat_2,128
28483,940,cat_3,940
28484,901,cat_4,901
28485,558,cat_0,558
28486,689,cat_1,689
28487,37,cat_2,37
28488,828,cat_3,828
28489,393,cat_4,393
28490,574,cat_0,574
28491,980,cat_1,980
28492,92,cat_2,92
28493,313,cat_3,313
28494,758,cat_4,758
28495,400,cat_0,400
28496,255,cat_1,255
28497,716,cat_2,716
28498,406,cat_3,406
28499,50,cat_4,50
28500,515,cat_0,515
28501,876,cat_1,876
28502,149,cat_2,149
28503,349,cat_3,349
28504,217,cat_4,217
28505,930,cat_0,930
28506,933,cat_1,933
28507,299,cat_2,299
28508,87,cat_3,87
28509,543,cat_4,543
28510,326,cat_0,326
28511,353,cat_1,353
28512,86,cat_2,86
28513,203,cat_3,203
28514,854,cat_4,854
28515,254,cat_0,254
28516,822,cat_1,822
28517,264,cat_2,264
28518,739,cat_3,739
28519,809,cat_4,809
28520,15,cat_0,15
28521,28,cat_1,28
28522,832,cat_2,832
28523,173,cat_3,173
28524,42,cat_4,42
28525,223,cat_0,223
28526,267,cat_1,267
28527,347,cat_2,347
28528,268,cat_3,268
28529,325,cat_4,325
28530,439,cat_0,439
28531,35,cat_1,35
28532,139,cat_2,139
28533,612,cat_3,612
28534,926,cat_4,926
28535,132,cat_0,132
28536,695,cat_1,695
28537,878,cat_2,878
28538,645,cat_3,645
28539,715,cat_4,715
28540,139,cat_0,139
28541,479,cat_1,479
28542,572,cat_2,572
28543,601,cat_3,601
28544,620,cat_4,620
28545,541,cat_0,541
28546,756,cat_1,756
28547,277,cat_2,277
28548,630,cat_3,630
28549,402,cat_4,402
28550,882,cat_0,882
28551,303,cat_1,303
28552,394,cat_2,394
28553,854,cat_3,854
28554,508,cat_4,508
28555,443,cat_0,443
28556,590,cat_1,590
28557,218,cat_2,218
28558,788,cat_3,788
28559,864,cat_4,864
28560,368,cat_0,368
28561,603,cat_1,603
28562,277,cat_2,277
28563,568,cat_3,568
28564,51,cat_4,51
28565,330,cat_0,330
28566,192,cat_1,192
28567,422,cat_2,422
28568,622,cat_3,622
28569,292,cat_4,292
28570,170,cat_0,170
28571,530,cat_1,530
28572,589,cat_2,589
28573,72,cat_3,72
28574,391,cat_4,391
28575,471,cat_0,471
28576,299,cat_1,299
28577,568,cat_2,568
28578,66,cat_3,66
28579,890,cat_4,890
28580,50,cat_0,50
28581,90,cat_1,90
28582,444,cat_2,444
28583,418,cat_3,418
28584,785,cat_4,785
28585,806,cat_0,806
28586,860,cat_1,860
28587,86,cat_2,86
28588,112,cat_3,112
28589,1,cat_4,1
28590,612,cat_0,612
28591,556,cat_1,556
28592,462,cat_2,462
28593,45,cat_3,45
28594,480,cat_4,480
28595,643,cat_0,643
28596,278,cat_1,278
28597,203,cat_2,203
28598,182,cat_3,182
28599,534,cat_4,534
28600,578,cat_0,578
28601,198,cat_1,198
28602,719,cat_2,719
28603,404,cat_3,404
28604,965,cat_4,965
28605,405,cat_0,405
28606,69,cat_1,69
28607,703,cat_2,703
28608,414,cat_3,414
28609,500,cat_4,500
28610,798,cat_0,798
28611,480,cat_1,480
28612,409,cat_2,409
28613,141,cat_3,141
28614,808,cat_4,808
28615,821,cat_0,821
28616,625,cat_1,625
28617,20,cat_2,20
28618,366,cat_3,366
28619,669,cat_4,669
28620,774,cat_0,774
28621,774,cat_1,774
28622,50,cat_2,50
28623,835,cat_3,835
28624,922,cat_4,922
28625,174,cat_0,174
28626,940,cat_1,940
28627,258,cat_2,258
28628,885,cat_3,885
28629,171,cat_4,171
28630,814,cat_0,814
28631,54,cat_1,54
28632,60,cat_2,60
28633,832,cat_3,832
28634,743,cat_4,743
28635,181,cat_0,181
28636,989,cat_1,989
28637,965,cat_2,965
28638,232,cat_3,232
28639,871,cat_4,871
28640,345,cat_0,345
28641,687,cat_1,687
28642,646,cat_2,646
28643,482,cat_3,482
28644,206,cat_4,206
28645,427,cat_0,427
28646,575,cat_1,575
28647,203,cat_2,203
28648,156,cat_3,156
28649,367,cat_4,367
28650,413,cat_0,413
28651,743,cat_1,743
28652,890,cat_2,890
28653,391,cat_3,391
28654,336,cat_4,336
28655,458,cat_0,458
28656,384,cat_1,384
28657,683,cat_2,683
28658,203,cat_3,203
28659,190,cat_4,190
28660,823,cat_0,823
28661,449,cat_1,449
28662,495,cat_2,495
28663,202,cat_3,202
28664,254,cat_4,254
28665,639,cat_0,639
28666,865,cat_1,865
28667,923,cat_2,923
28668,963,cat_3,963
28669,330,cat_4,330
28670,456,cat_0,456
28671,121,cat_1,121
28672,650,cat_2,650
28673,371,cat_3,371
28674,419,cat_4,419
28675,551,cat_0,551
28676,817,cat_1,817
28677,258,cat_2,258
28678,732,cat_3,732
28679,586,cat_4,586
28680,718,cat_0,718
28681,866,cat_1,866
28682,434,cat_2,434
28683,263,cat_3,263
28684,74,cat_4,74
28685,417,cat_0,417
28686,177,cat_1,177
28687,37,cat_2,37
28688,430,cat_3,430
28689,401,cat_4,401
28690,856,cat_0,856
28691,834,cat_1,834
28692,107,cat_2,107
28693,571,cat_3,571
28694,867,cat_4,867
28695,877,cat_0,877
28696,500,cat_1,500
28697,574,cat_2,574
28698,24,cat_3,24
28699,53,cat_4,53
28700,526,cat_0,526
28701,144,cat_1,144
28702,520,cat_2,520
28703,747,cat_3,747
28704,368,cat_4,368
28705,34,cat_0,34
28706,460,cat_1,460
28707,844,cat_2,844
28708,622,cat_3,622
28709,558,cat_4,558
28710,452,cat_0,452
28711,817,cat_1,817
28712,764,cat_2,764
28713,247,cat_3,247
28714,322,cat_4,322
28715,191,cat_0,191
28716,330,cat_1,330
28717,480,cat_2,480
28718,597,cat_3,597
28719,247,cat_4,247
28720,428,cat_0,428
28721,604,cat_1,604
28722,325,cat_2,325
28723,444,cat_3,444
28724,982,cat_4,982
28725,926,cat_0,926
28726,352,cat_1,352
28727,958,cat_2,958
28728,434,cat_3,434
28729,53,cat_4,53
28730,30,cat_0,30
28731,270,cat_1,270
28732,572,cat_2,572
28733,390,cat_3,390
28734,722,cat_4,722
28735,203,cat_0,203
28736,413,cat_1,413
28737,991,cat_2,991
28738,866,cat_3,866
28739,414,cat_4,414
28740,345,cat_0,345
28741,806,cat_1,806
28742,716,cat_2,716
28743,526,cat_3,526
28744,971,cat_4,971
28745,884,cat_0,884
28746,341,cat_1,341
28747,317,cat_2,317
28748,974,cat_3,974
28749,989,cat_4,989
28750,553,cat_0,553
28751,26,cat_1,26
28752,714,cat_2,714
28753,78,cat_3,78
28754,169,cat_4,169
28755,562,cat_0,562
28756,850,cat_1,850
28757,677,cat_2,677
28758,292,cat_3,292
28759,241,cat_4,241
28760,245,cat_0,245
28761,509,cat_1,509
28762,635,cat_2,635
28763,120,cat_3,120
28764,956,cat_4,956
28765,881,cat_0,881
28766,245,cat_1,245
28767,293,cat_2,293
28768,277,cat_3,277
28769,107,cat_4,107
28770,431,cat_0,431
28771,578,cat_1,578
28772,907,cat_2,907
28773,60,cat_3,60
28774,665,cat_4,665
28775,426,cat_0,426
28776,2,cat_1,2
28777,633,cat_2,633
28778,689,cat_3,689
28779,232,cat_4,232
28780,521,cat_0,521
28781,718,cat_1,718
28782,86,cat_2,86
28783,473,cat_3,473
28784,308,cat_4,308
28785,565,cat_0,565
28786,545,cat_1,545
28787,544,cat_2,544
28788,966,cat_3,966
28789,34,cat_4,34
28790,697,cat_0,697
28791,733,cat_1,733
28792,393,cat_2,393
28793,566,cat_3,566
28794,840,cat_4,840
28795,242,cat_0,242
28796,880,cat_1,880
28797,664,cat_2,664
28798,616,cat_3,616
28799,364,cat_4,364
28800,611,cat_0,611
28801,951,cat_1,951
28802,223,cat_2,223
28803,95,cat_3,95
28804,670,cat_4,670
28805,406,cat_0,406
28806,556,cat_1,556
28807,906,cat_2,906
28808,413,cat_3,413
28809,583,cat_4,583
28810,341,cat_0,341
28811,549,cat_1,549
28812,558,cat_2,558
28813,408,cat_3,408
28814,149,cat_4,149
28815,275,cat_0,275
28816,592,cat_1,592
28817,298,cat_2,298
28818,657,cat_3,657
28819,896,cat_4,896
28820,398,cat_0,398
28821,205,cat_1,205
28822,947,cat_2,947
28823,791,cat_3,791
28824,524,cat_4,524
28825,524,cat_0,524
28826,741,cat_1,741
28827,100,cat_2,100
28828,132,cat_3,132
28829,372,cat_4,372
28830,850,cat_0,850
28831,104,cat_1,104
28832,590,cat_2,590
28833,181,cat_3,181
28834,124,cat_4,124
28835,740,cat_0,740
28836,40,cat_1,40
28837,274,cat_2,274
28838,884,cat_3,884
28839,513,cat_4,513
28840,75,cat_0,75
28841,508,cat_1,508
28842,364,cat_2,364
28843,49,cat_3,49
28844,686,cat_4,686
28845,674,cat_0,674
28846,316,cat_1,316
28847,697,cat_2,697
28848,442,cat_3,442
28849,440,cat_4,440
28850,360,cat_0,360
28851,697,cat_1,697
28852,710,cat_2,710
28853,370,cat_3,370
28854,108,cat_4,108
28855,368,cat_0,368
28856,352,cat_1,352
28857,488,cat_2,488
28858,183,cat_3,183
28859,269,cat_4,269
28860,715,cat_0,715
28861,189,cat_1,189
28862,844,cat_2,844
28863,202,cat_3,202
28864,830,cat_4,830
28865,249,cat_0,249
28866,739,cat_1,739
28867,207,cat_2,207
28868,766,cat_3,766
28869,698,cat_4,698
28870,157,cat_0,157
28871,79,cat_1,79
28872,615,cat_2,615
28873,26,cat_3,26
28874,973,cat_4,973
28875,935,cat_0,935
28876,223,cat_1,223
28877,826,cat_2,826
28878,934,cat_3,934
28879,56,cat_4,56
28880,458,cat_0,458
28881,428,cat_1,428
28882,65,cat_2,65
28883,105,cat_3,105
28884,519,cat_4,519
28885,331,cat_0,331
28886,483,cat_1,483
28887,401,cat_2,401
28888,276,cat_3,276
28889,722,cat_4,722
28890,741,cat_0,741
28891,140,cat_1,140
28892,928,cat_2,928
28893,35,cat_3,35
28894,705,cat_4,705
28895,305,cat_0,305
28896,467,cat_1,467
28897,801,cat_2,801
28898,889,cat_3,889
28899,488,cat_4,488
28900,125,cat_0,125
28901,255,cat_1,255
28902,223,cat_2,223
28903,364,cat_3,364
28904,194,cat_4,194
28905,154,cat_0,154
28906,561,cat_1,561
28907,194,cat_2,194
28908,144,cat_3,144
28909,10,cat_4,10
28910,734,cat_0,734
28911,66,cat_1,66
28912,464,cat_2,464
28913,497,cat_3,497
28914,435,cat_4,435
28915,78,cat_0,78
28916,351,cat_1,351
28917,511,cat_2,511
28918,719,cat_3,719
28919,836,cat_4,836
28920,544,cat_0,544
28921,542,cat_1,542
28922,553,cat_2,553
28923,393,cat_3,393
28924,272,cat_4,272
28925,450,cat_0,450
28926,31,cat_1,31
28927,107,cat_2,107
28928,602,cat_3,602
28929,834,cat_4,834
28930,897,cat_0,897
28931,142,cat_1,142
28932,53,cat_2,53
28933,952,cat_3,952
28934,611,cat_4,611
28935,643,cat_0,643
28936,946,cat_1,946
28937,769,cat_2,769
28938,327,cat_3,327
28939,817,cat_4,817
28940,634,cat_0,634
28941,246,cat_1,246
28942,695,cat_2,695
28943,762,cat_3,762
28944,708,cat_4,708
28945,835,cat_0,835
28946,246,cat_1,246
28947,27,cat_2,27
28948,131,cat_3,131
28949,213,cat_4,213
28950,386,cat_0,386
28951,52,cat_1,52
28952,817,cat_2,817
28953,696,cat_3,696
28954,860,cat_4,860
28955,154,cat_0,154
28956,430,cat_1,430
28957,940,cat_2,940
28958,168,cat_3,168
28959,896,cat_4,896
28960,526,cat_0,526
28961,426,cat_1,426
28962,771,cat_2,771
28963,47,cat_3,47
28964,94,cat_4,94
28965,282,cat_0,282
28966,293,cat_1,293
28967,148,cat_2,148
28968,860,cat_3,860
28969,466,cat_4,466
28970,820,cat_0,820
28971,359,cat_1,359
28972,100,cat_2,100
28973,343,cat_3,343
28974,952,cat_4,952
28975,818,cat_0,818
28976,641,cat_1,641
28977,425,cat_2,425
28978,244,cat_3,244
28979,173,cat_4,173
28980,559,cat_0,559
28981,780,cat_1,780
28982,826,cat_2,826
28983,749,cat_3,749
28984,741,cat_4,741
28985,846,cat_0,846
28986,208,cat_1,208
28987,447,cat_2,447
28988,711,cat_3,711
28989,613,cat_4,613
28990,695,cat_0,695
28991,313,cat_1,313
28992,813,cat_2,813
28993,737,cat_3,737
28994,925,cat_4,925
28995,555,cat_0,555
28996,449,cat_1,449
28997,687,cat_2,687
28998,918,cat_3,918
28999,341,cat_4,341
29000,640,cat_0,640
29001,673,cat_1,673
29002,949,cat_2,949
29003,703,cat_3,703
29004,20,cat_4,20
29005,875,cat_0,875
29006,627,cat_1,627
29007,743,cat_2,743
29008,799,cat_3,799
29009,393,cat_4,393
29010,643,cat_0,643
29011,333,cat_1,333
29012,576,cat_2,576
29013,655,cat_3,655
29014,922,cat_4,922
29015,497,cat_0,497
29016,385,cat_1,385
29017,259,cat_2,259
29018,120,cat_3,120
29019,738,cat_4,738
29020,436,cat_0,436
29021,100,cat_1,100
29022,232,cat_2,232
29023,466,cat_3,466
29024,917,cat_4,917
29025,425,cat_0,425
29026,382,cat_1,382
29027,39,cat_2,39
29028,286,cat_3,286
29029,571,cat_4,571
29030,502,cat_0,502
29031,202,cat_1,202
29032,443,cat_2,443
29033,239,cat_3,239
29034,526,cat_4,526
29035,759,cat_0,759
29036,34,cat_1,34
29037,977,cat_2,977
29038,704,cat_3,704
29039,961,cat_4,961
29040,17,cat_0,17
29041,281,cat_1,281
29042,177,cat_2,177
29043,132,cat_3,132
29044,900,cat_4,900
29045,905,cat_0,905
29046,643,cat_1,643
29047,848,cat_2,848
29048,402,cat_3,402
29049,526,cat_4,526
29050,579,cat_0,579
29051,891,cat_1,891
29052,678,cat_2,678
29053,706,cat_3,706
29054,724,cat_4,724
29055,763,cat_0,763
29056,149,cat_1,149
29057,829,cat_2,829
29058,669,cat_3,669
29059,863,cat_4,863
29060,10,cat_0,10
29061,491,cat_1,491
29062,110,cat_2,110
29063,346,cat_3,346
29064,69,cat_4,69
29065,705,cat_0,705
29066,14,cat_1,14
29067,146,cat_2,146
29068,193,cat_3,193
29069,686,cat_4,686
29070,894,cat_0,894
29071,227,cat_1,227
29072,839,cat_2,839
29073,679,cat_3,679
29074,691,cat_4,691
29075,272,cat_0,272
29076,513,cat_1,513
29077,291,cat_2,291
29078,270,cat_3,270
29079,138,cat_4,138
29080,189,cat_0,189
29081,278,cat_1,278
29082,221,cat_2,221
29083,237,cat_3,237
29084,324,cat_4,324
29085,853,cat_0,853
29086,738,cat_1,738
29087,148,cat_2,148
29088,566,cat_3,566
29089,38,cat_4,38
29090,85,cat_0,85
29091,987,cat_1,987
29092,137,cat_2,137
29093,686,cat_3,686
29094,734,cat_4,734
29095,5,cat_0,5
29096,567,cat_1,567
29097,4,cat_2,4
29098,135,cat_3,135
29099,982,cat_4,982
29100,730,cat_0,730
29101,769,cat_1,769
29102,6,cat_2,6
29103,665,cat_3,665
29104,540,cat_4,540
29105,759,cat_0,759
29106,522,cat_1,522
29107,499,cat_2,499
29108,485,cat_3,485
29109,157,cat_4,157
29110,252,cat_0,252
29111,179,cat_1,179
29112,3,cat_2,3
29113,61,cat_3,61
29114,856,cat_4,856
29115,181,cat_0,181
29116,575,cat_1,575
29117,489,cat_2,489
29118,346,cat_3,346
29119,403,cat_4,403
29120,57,cat_0,57
29121,170,cat_1,170
29122,461,cat_2,461
29123,766,cat_3,766
29124,453,cat_4,453
29125,101,cat_0,101
29126,873,cat_1,873
29127,571,cat_2,571
29128,928,cat_3,928
29129,658,cat_4,658
29130,723,cat_0,723
29131,478,cat_1,478
29132,710,cat_2,710
29133,885,cat_3,885
29134,652,cat_4,652
29135,853,cat_0,853
29136,896,cat_1,896
29137,657,cat_2,657
29138,801,cat_3,801
29139,23,cat_4,23
29140,649,cat_0,649
29141,907,cat_1,907
29142,273,cat_2,273
29143,122,cat_3,122
29144,981,cat_4,981
29145,109,cat_0,109
29146,788,cat_1,788
29147,145,cat_2,145
29148,496,cat_3,496
29149,6,cat_4,6
29150,89,cat_0,89
29151,934,cat_1,934
29152,880,cat_2,880
29153,138,cat_3,138
29154,615,cat_4,615
29155,244,cat_0,244
29156,960,cat_1,960
29157,271,cat_2,271
29158,780,cat_3,780
29159,755,cat_4,755
29160,240,cat_0,240
29161,946,cat_1,946
29162,396,cat_2,396
29163,66,cat_3,66
29164,639,cat_4,639
29165,96,cat_0,96
29166,174,cat_1,174
29167,160,cat_2,160
29168,331,cat_3,331
29169,492,cat_4,492
29170,112,cat_0,112
29171,154,cat_1,154
29172,860,cat_2,860
29173,760,cat_3,760
29174,856,cat_4,856
29175,998,cat_0,998
29176,836,cat_1,836
29177,837,cat_2,837
29178,143,cat_3,143
29179,915,cat_4,915
29180,491,cat_0,491
29181,900,cat_1,900
29182,407,cat_2,407
29183,185,cat_3,185
29184,364,cat_4,364
29185,633,cat_0,633
29186,253,cat_1,253
29187,435,cat_2,435
29188,782,cat_3,782
29189,28,cat_4,28
29190,477,cat_0,477
29191,445,cat_1,445
29192,69,cat_2,69
29193,375,cat_3,375
29194,8,cat_4,8
29195,726,cat_0,726
29196,196,cat_1,196
29197,807,cat_2,807
29198,156,cat_3,156
29199,24,cat_4,24
29200,744,cat_0,744
29201,342,cat_1,342
29202,392,cat_2,392
29203,731,cat_3,731
29204,537,cat_4,537
29205,136,cat_0,136
29206,409,cat_1,409
29207,29,cat_2,29
29208,241,cat_3,241
29209,791,cat_4,791
29210,998,cat_0,998
29211,958,cat_1,958
29212,5,cat_2,5
29213,838,cat_3,838
29214,349,cat_4,349
29215,456,cat_0,456
29216,875,cat_1,875
29217,867,cat_2,867
29218,179,cat_3,179
29219,622,cat_4,622
29220,536,cat_0,536
29221,491,cat_1,491
29222,561,cat_2,561
29223,855,cat_3,855
29224,55,cat_4,55
29225,391,cat_0,391
29226,976,cat_1,976
29227,167,cat_2,167
29228,946,cat_3,946
29229,221,cat_4,221
29230,393,cat_0,393
29231,366,cat_1,366
29232,847,cat_2,847
29233,964,cat_3,964
29234,268,cat_4,268
29235,421,cat_0,421
29236,812,cat_1,812
29237,127,cat_2,127
29238,145,cat_3,145
29239,215,cat_4,215
29240,900,cat_0,900
29241,622,cat_1,622
29242,578,cat_2,578
29243,621,cat_3,621
29244,564,cat_4,564
29245,293,cat_0,293
29246,786,cat_1,786
29247,190,cat_2,190
29248,537,cat_3,537
29249,797,cat_4,797
29250,813,cat_0,813
29251,834,cat_1,834
29252,106,cat_2,106
29253,103,cat_3,103
29254,528,cat_4,528
29255,938,cat_0,938
29256,466,cat_1,466
29257,483,cat_2,483
29258,314,cat_3,314
29259,893,cat_4,893
29260,184,cat_0,184
29261,372,cat_1,372
29262,336,cat_2,336
29263,224,cat_3,224
29264,459,cat_4,459
29265,276,cat_0,276
29266,878,cat_1,878
29267,569,cat_2,569
29268,679,cat_3,679
29269,642,cat_4,642
29270,828,cat_0,828
29271,808,cat_1,808
29272,998,cat_2,998
29273,649,cat_3,649
29274,581,cat_4,581
29275,709,cat_0,709
29276,64,cat_1,64
29277,179,cat_2,179
29278,474,cat_3,474
29279,953,cat_4,953
29280,734,cat_0,734
29281,928,cat_1,928
29282,568,cat_2,568
29283,183,cat_3,183
29284,698,cat_4,698
29285,143,cat_0,143
29286,557,cat_1,557
29287,948,cat_2,948
29288,322,cat_3,322
29289,488,cat_4,488
29290,543,cat_0,543
29291,212,cat_1,212
29292,871,cat_2,871
29293,338,cat_3,338
29294,85,cat_4,85
29295,228,cat_0,228
29296,825,cat_1,825
29297,432,cat_2,432
29298,601,cat_3,601
29299,578,cat_4,578
29300,494,cat_0,494
29301,510,cat_1,510
29302,753,cat_2,753
29303,135,cat_3,135
29304,15,cat_4,15
29305,89,cat_0,89
29306,279,cat_1,279
29307,865,cat_2,865
29308,782,cat_3,782
29309,339,cat_4,339
29310,706,cat_0,706
29311,144,cat_1,144
29312,253,cat_2,253
29313,533,cat_3,533
29314,944,cat_4,944
29315,129,cat_0,129
29316,345,cat_1,345
29317,787,cat_2,787
29318,626,cat_3,626
29319,84,cat_4,84
29320,891,cat_0,891
29321,475,cat_1,475
29322,360,cat_2,360
29323,549,cat_3,549
29324,811,cat_4,811
29325,778,cat_0,778
29326,721,cat_1,721
29327,537,cat_2,537
29328,150,cat_3,150
29329,620,cat_4,620
29330,263,cat_0,263
29331,469,cat_1,469
29332,295,cat_2,295
29333,161,cat_3,161
29334,22,cat_4,22
29335,869,cat_0,869
29336,895,cat_1,895
29337,561,cat_2,561
29338,160,cat_3,160
29339,714,cat_4,714
29340,360,cat_0,360
29341,145,cat_1,145
29342,998,cat_2,998
29343,426,cat_3,426
29344,634,cat_4,634
29345,887,cat_0,887
29346,680,cat_1,680
29347,143,cat_2,143
29348,514,cat_3,514
29349,14,cat_4,14
29350,683,cat_0,683
29351,307,cat_1,307
29352,286,cat_2,286
29353,849,cat_3,849
29354,269,cat_4,269
29355,311,cat_0,311
29356,740,cat_1,740
29357,948,cat_2,948
29358,77,cat_3,77
29359,755,cat_4,755
29360,764,cat_0,764
29361,838,cat_1,838
29362,59,cat_2,59
29363,139,cat_3,139
29364,384,cat_4,384
29365,631,cat_0,631
29366,746,cat_1,746
29367,329,cat_2,329
29368,813,cat_3,813
29369,684,cat_4,684
29370,679,cat_0,679
29371,416,cat_1,416
29372,925,cat_2,925
29373,526,cat_3,526
29374,31,cat_4,31
29375,257,cat_0,257
29376,643,cat_1,643
29377,918,cat_2,918
29378,449,cat_3,449
29379,559,cat_4,559
29380,73,cat_0,73
29381,593,cat_1,593
29382,610,cat_2,610
29383,574,cat_3,574
29384,729,cat_4,729
29385,371,cat_0,371
29386,236,cat_1,236
29387,665,cat_2,665
29388,234,cat_3,234
29389,501,cat_4,501
29390,422,cat_0,422
29391,5,cat_1,5
29392,753,cat_2,753
29393,183,cat_3,183
29394,264,cat_4,264
29395,94,cat_0,94
29396,87,cat_1,87
29397,881,cat_2,881
29398,419,cat_3,419
29399,709,cat_4,709
29400,913,cat_0,913
29401,323,cat_1,323
29402,847,cat_2,847
29403,446,cat_3,446
29404,895,cat_4,895
29405,862,cat_0,862
29406,614,cat_1,614
29407,98,cat_2,98
29408,652,cat_3,652
29409,967,cat_4,967
29410,346,cat_0,346
29411,664,cat_1,664
29412,206,cat_2,206
29413,280,cat_3,280
29414,461,cat_4,461
29415,886,cat_0,886
29416,123,cat_1,123
29417,185,cat_2,185
29418,227,cat_3,227
29419,692,cat_4,692
29420,773,cat_0,773
29421,921,cat_1,921
29422,518,cat_2,518
29423,107,cat_3,107
29424,197,cat_4,197
29425,149,cat_0,149
29426,883,cat_1,883
29427,508,cat_2,508
29428,21,cat_3,21
29429,232,cat_4,232
29430,85,cat_0,85
29431,884,cat_1,884
29432,507,cat_2,507
29433,225,cat_3,225
29434,23,cat_4,23
29435,825,cat_0,825
29436,832,cat_1,832
29437,487,cat_2,487
29438,999,cat_3,999
29439,537,cat_4,537
29440,797,cat_0,797
29441,891,cat_1,891
29442,689,cat_2,689
29443,454,cat_3,454
29444,762,cat_4,762
29445,121,cat_0,121
29446,857,cat_1,857
29447,521,cat_2,521
29448,671,cat_3,671
29449,183,cat_4,183
29450,226,cat_0,226
29451,25,cat_1,25
29452,392,cat_2,392
29453,798,cat_3,798
29454,414,cat_4,414
29455,449,cat_0,449
29456,491,cat_1,491
29457,466,cat_2,466
29458,241,cat_3,241
29459,156,cat_4,156
29460,334,cat_0,334
29461,976,cat_1,976
29462,882,cat_2,882
29463,149,cat_3,149
29464,857,cat_4,857
29465,346,cat_0,346
29466,312,cat_1,312
29467,582,cat_2,582
29468,255,cat_3,255
29469,605,cat_4,605
29470,214,cat_0,214
29471,803,cat_1,803
29472,652,cat_2,652
29473,616,cat_3,616
29474,939,cat_4,939
29475,456,cat_0,456
29476,109,cat_1,109
29477,409,cat_2,409
29478,969,cat_3,969
29479,917,cat_4,917
29480,190,cat_0,190
29481,821,cat_1,821
29482,921,cat_2,921
29483,518,cat_3,518
29484,831,cat_4,831
29485,925,cat_0,925
29486,797,cat_1,797
29487,58,cat_2,58
29488,78,cat_3,78
29489,41,cat_4,41
29490,530,cat_0,530
29491,198,cat_1,198
29492,706,cat_2,706
29493,594,cat_3,594
29494,851,cat_4,851
29495,331,cat_0,331
29496,445,cat_1,445
29497,998,cat_2,998
29498,41,cat_3,41
29499,723,cat_4,723
29500,223,cat_0,223
29501,455,cat_1,455
29502,30,cat_2,30
29503,736,cat_3,736
29504,435,cat_4,435
29505,795,cat_0,795
29506,857,cat_1,857
29507,631,cat_2,631
29508,401,cat_3,401
29509,154,cat_4,154
29510,552,cat_0,552
29511,479,cat_1,479
29512,969,cat_2,969
29513,402,cat_3,402
29514,35,cat_4,35
29515,686,cat_0,686
29516,5,cat_1,5
29517,227,cat_2,227
29518,437,cat_3,437
29519,505,cat_4,505
29520,973,cat_0,973
29521,98,cat_1,98
29522,897,cat_2,897
29523,618,cat_3,618
29524,469,cat_4,469
29525,82,cat_0,82
29526,581,cat_1,581
29527,518,cat_2,518
29528,662,cat_3,662
29529,553,cat_4,553
29530,128,cat_0,128
29531,100,cat_1,100
29532,339,cat_2,339
29533,475,cat_3,475
29534,599,cat_4,599
29535,21,cat_0,21
29536,364,cat_1,364
29537,991,cat_2,991
29538,848,cat_3,848
29539,101,cat_4,101
29540,885,cat_0,885
29541,963,cat_1,963
29542,797,cat_2,797
29543,672,cat_3,672
29544,430,cat_4,430
29545,301,cat_0,301
29546,649,cat_1,649
29547,675,cat_2,675
29548,440,cat_3,440
29549,180,cat_4,180
29550,500,cat_0,500
29551,390,cat_1,390
29552,84,cat_2,84
29553,560,cat_3,560
29554,412,cat_4,412
29555,163,cat_0,163
29556,318,cat_1,318
29557,389,cat_2,389
29558,169,cat_3,169
29559,391,cat_4,391
29560,335,cat_0,335
29561,142,cat_1,142
29562,84,cat_2,84
29563,703,cat_3,703
29564,786,cat_4,786
29565,608,cat_0,608
29566,862,cat_1,862
29567,172,cat_2,172
29568,679,cat_3,679
29569,260,cat_4,260
29570,439,cat_0,439
29571,9,cat_1,9
29572,294,cat_2,294
29573,222,cat_3,222
29574,264,cat_4,264
29575,130,cat_0,130
29576,613,cat_1,613
29577,427,cat_2,427
29578,393,cat_3,393
29579,685,cat_4,685
29580,869,cat_0,869
29581,479,cat_1,479
29582,874,cat_2,874
29583,993,cat_3,993
29584,232,cat_4,232
29585,755,cat_0,755
29586,456,cat_1,456
29587,950,cat_2,950
29588,624,cat_3,624
29589,291,cat_4,291
29590,608,cat_0,608
29591,666,cat_1,666
29592,349,cat_2,349
29593,833,cat_3,833
29594,388,cat_4,388
29595,851,cat_0,851
29596,241,cat_1,241
29597,956,cat_2,956
29598,438,cat_3,438
29599,788,cat_4,788
29600,580,cat_0,580
29601,467,cat_1,467
29602,655,cat_2,655
29603,292,cat_3,292
29604,673,cat_4,673
29605,469,cat_0,469
29606,747,cat_1,747
29607,126,cat_2,126
29608,3,cat_3,3
29609,396,cat_4,396
29610,447,cat_0,447
29611,338,cat_1,338
29612,741,cat_2,741
29613,735,cat_3,735
29614,38,cat_4,38
29615,457,cat_0,457
29616,655,cat_1,655
29617,335,cat_2,335
29618,78,cat_3,78
29619,267,cat_4,267
29620,336,cat_0,336
29621,191,cat_1,191
29622,622,cat_2,622
29623,802,cat_3,802
29624,690,cat_4,690
29625,154,cat_0,154
29626,553,cat_1,553
29627,800,cat_2,800
29628,821,cat_3,821
29629,600,cat_4,600
29630,339,cat_0,339
29631,434,cat_1,434
29632,812,cat_2,812
29633,264,cat_3,264
29634,100,cat_4,100
29635,344,cat_0,344
29636,837,cat_1,837
29637,880,cat_2,880
29638,822,cat_3,822
29639,250,cat_4,250
29640,317,cat_0,317
29641,551,cat_1,551
29642,147,cat_2,147
29643,499,cat_3,499
29644,598,cat_4,598
29645,575,cat_0,575
29646,547,cat_1,547
29647,386,cat_2,386
29648,885,cat_3,885
29649,518,cat_4,518
29650,725,cat_0,725
29651,652,cat_1,652
29652,623,cat_2,623
29653,5,cat_3,5
29654,227,cat_4,227
29655,277,cat_0,277
29656,123,cat_1,123
29657,413,cat_2,413
29658,741,cat_3,741
29659,366,cat_4,366
29660,182,cat_0,182
29661,218,cat_1,218
29662,569,cat_2,569
29663,957,cat_3,957
29664,609,cat_4,609
29665,479,cat_0,479
29666,539,cat_1,539
29667,109,cat_2,109
29668,471,cat_3,471
29669,321,cat_4,321
29670,357,cat_0,357
29671,613,cat_1,613
29672,345,cat_2,345
29673,408,cat_3,408
29674,581,cat_4,581
29675,899,cat_0,899
29676,512,cat_1,512
29677,710,cat_2,710
29678,795,cat_3,795
29679,252,cat_4,252
29680,899,cat_0,899
29681,576,cat_1,576
29682,596,cat_2,596
29683,54,cat_3,54
29684,52,cat_4,52
29685,252,cat_0,252
29686,703,cat_1,703
29687,270,cat_2,270
29688,517,cat_3,517
29689,591,cat_4,591
29690,512,cat_0,512
29691,671,cat_1,671
29692,879,cat_2,879
29693,293,cat_3,293
29694,190,cat_4,190
29695,496,cat_0,496
29696,512,cat_1,512
29697,799,cat_2,799
29698,98,cat_3,98
29699,131,cat_4,131
29700,768,cat_0,768
29701,993,cat_1,993
29702,446,cat_2,446
29703,893,cat_3,893
29704,106,cat_4,106
29705,173,cat_0,173
29706,770,cat_1,770
29707,949,cat_2,949
29708,183,cat_3,183
29709,188,cat_4,188
29710,821,cat_0,821
29711,197,cat_1,197
29712,595,cat_2,595
29713,950,cat_3,950
29714,361,cat_4,361
29715,16,cat_0,16
29716,48,cat_1,48
29717,937,cat_2,937
29718,622,cat_3,622
29719,664,cat_4,664
29720,786,cat_0,786
29721,349,cat_1,349
29722,385,cat_2,385
29723,725,cat_3,725
29724,656,cat_4,656
29725,959,cat_0,959
29726,436,cat_1,436
29727,322,cat_2,322
29728,85,cat_3,85
29729,701,cat_4,701
29730,661,cat_0,661
29731,477,cat_1,477
29732,191,cat_2,191
29733,924,cat_3,924
29734,289,cat_4,289
29735,516,cat_0,516
29736,693,cat_1,693
29737,614,cat_2,614
29738,140,cat_3,140
29739,115,cat_4,115
29740,981,cat_0,981
29741,73,cat_1,73
29742,772,cat_2,772
29743,292,cat_3,292
29744,998,cat_4,998
29745,931,cat_0,931
29746,548,cat_1,548
29747,539,cat_2,539
29748,20,cat_3,20
29749,602,cat_4,602
29750,359,cat_0,359
29751,77,cat_1,77
29752,920,cat_2,920
29753,17,cat_3,17
29754,797,cat_4,797
29755,85,cat_0,85
29756,440,cat_1,440
29757,555,cat_2,555
29758,210,cat_3,210
29759,566,cat_4,566
29760,720,cat_0,720
29761,992,cat_1,992
29762,663,cat_2,663
29763,514,cat_3,514
29764,487,cat_4,487
29765,114,cat_0,114
29766,736,cat_1,736
29767,775,cat_2,775
29768,621,cat_3,621
29769,843,cat_4,843
29770,249,cat_0,249
29771,663,cat_1,663
29772,686,cat_2,686
29773,395,cat_3,395
29774,786,cat_4,786
29775,44,cat_0,44
29776,132,cat_1,132
29777,493,cat_2,493
29778,454,cat_3,454
29779,718,cat_4,718
29780,967,cat_0,967
29781,851,cat_1,851
29782,278,cat_2,278
29783,171,cat_3,171
29784,333,cat_4,333
29785,748,cat_0,748
29786,104,cat_1,104
29787,693,cat_2,693
29788,286,cat_3,286
29789,820,cat_4,820
29790,282,cat_0,282
29791,957,cat_1,957
29792,662,cat_2,662
29793,763,cat_3,763
29794,583,cat_4,583
29795,505,cat_0,505
29796,823,cat_1,823
29797,683,cat_2,683
29798,155,cat_3,155
29799,966,cat_4,966
29800,401,cat_0,401
29801,693,cat_1,693
29802,875,cat_2,875
29803,315,cat_3,315
29804,843,cat_4,843
29805,486,cat_0,486
29806,647,cat_1,647
29807,154,cat_2,154
29808,289,cat_3,289
29809,584,cat_4,584
29810,362,cat_0,362
29811,620,cat_1,620
29812,410,cat_2,410
29813,192,cat_3,192
29814,530,cat_4,530
29815,830,cat_0,830
29816,825,cat_1,825
29817,872,cat_2,872
29818,250,cat_3,250
29819,83,cat_4,83
29820,609,cat_0,609
29821,724,cat_1,724
29822,167,cat_2,167
29823,562,cat_3,562
29824,323,cat_4,323
29825,440,cat_0,440
29826,148,cat_1,148
29827,188,cat_2,188
29828,15,cat_3,15
29829,113,cat_4,113
29830,321,cat_0,321
29831,114,cat_1,114
29832,793,cat_2,793
29833,974,cat_3,974
29834,410,cat_4,410
29835,355,cat_0,355
29836,210,cat_1,210
29837,837,cat_2,837
29838,394,cat_3,394
29839,183,cat_4,183
29840,404,cat_0,404
29841,132,cat_1,132
29842,249,cat_2,249
29843,615,cat_3,615
29844,179,cat_4,179
29845,143,cat_0,143
29846,496,cat_1,496
29847,532,cat_2,532
29848,999,cat_3,999
29849,262,cat_4,262
29850,30,cat_0,30
29851,329,cat_1,329
29852,753,cat_2,753
29853,124,cat_3,124
29854,268,cat_4,268
29855,719,cat_0,719
29856,732,cat_1,732
29857,130,cat_2,130
29858,769,cat_3,769
29859,710,cat_4,710
29860,162,cat_0,162
29861,655,cat_1,655
29862,311,cat_2,311
29863,235,cat_3,235
29864,191,cat_4,191
29865,104,cat_0,104
29866,860,cat_1,860
29867,80,cat_2,80
29868,423,cat_3,423
29869,370,cat_4,370
29870,553,cat_0,553
29871,403,cat_1,403
29872,150,cat_2,150
29873,622,cat_3,622
29874,430,cat_4,430
29875,439,cat_0,439
29876,114,cat_1,114
29877,213,cat_2,213
29878,825,cat_3,825
29879,589,cat_4,589
29880,406,cat_0,406
29881,118,cat_1,118
29882,630,cat_2,630
29883,264,cat_3,264
29884,559,cat_4,559
29885,849,cat_0,849
29886,550,cat_1,550
29887,589,cat_2,589
29888,496,cat_3,496
29889,708,cat_4,708
29890,505,cat_0,505
29891,793,cat_1,793
29892,699,cat_2,699
29893,480,cat_3,480
29894,715,cat_4,715
29895,608,cat_0,608
29896,488,cat_1,488
29897,530,cat_2,530
29898,875,cat_3,875
29899,74,cat_4,74
29900,741,cat_0,741
29901,752,cat_1,752
29902,167,cat_2,167
29903,503,cat_3,503
29904,852,cat_4,852
29905,557,cat_0,557
29906,744,cat_1,744
29907,84,cat_2,84
29908,621,cat_3,621
29909,581,cat_4,581
29910,233,cat_0,233
29911,727,cat_1,727
29912,367,cat_2,367
29913,951,cat_3,951
29914,51,cat_4,51
29915,455,cat_0,455
29916,139,cat_1,139
29917,904,cat_2,904
29918,553,cat_3,553
29919,181,cat_4,181
29920,75,cat_0,75
29921,383,cat_1,383
29922,837,cat_2,837
29923,601,cat_3,601
29924,217,cat_4,217
29925,701,cat_0,701
29926,924,cat_1,924
29927,748,cat_2,748
29928,178,cat_3,178
29929,422,cat_4,422
29930,633,cat_0,633
29931,656,cat_1,656
29932,372,cat_2,372
29933,715,cat_3,715
29934,691,cat_4,691
29935,390,cat_0,390
29936,302,cat_1,302
29937,311,cat_2,311
29938,410,cat_3,410
29939,700,cat_4,700
29940,272,cat_0,272
29941,53,cat_1,53
29942,391,cat_2,391
29943,9,cat_3,9
29944,310,cat_4,310
29945,633,cat_0,633
29946,457,cat_1,457
29947,565,cat_2,565
29948,350,cat_3,350
29949,68,cat_4,68
29950,272,cat_0,272
29951,954,cat_1,954
29952,877,cat_2,877
29953,446,cat_3,446
29954,38,cat_4,38
29955,426,cat_0,426
29956,715,cat_1,715
29957,549,cat_2,549
29958,406,cat_3,406
29959,104,cat_4,104
29960,274,cat_0,274
29961,482,cat_1,482
29962,226,cat_2,226
29963,251,cat_3,251
29964,354,cat_4,354
29965,281,cat_0,281
29966,271,cat_1,271
29967,357,cat_2,357
29968,622,cat_3,622
29969,314,cat_4,314
29970,184,cat_0,184
29971,692,cat_1,692
29972,134,cat_2,134
29973,566,cat_3,566
29974,905,cat_4,905
29975,599,cat_0,599
29976,512,cat_1,512
29977,603,cat_2,603
29978,182,cat_3,182
29979,992,cat_4,992
29980,728,cat_0,728
29981,852,cat_1,852
29982,514,cat_2,514
29983,506,cat_3,506
29984,221,cat_4,221
29985,781,cat_0,781
29986,900,cat_1,900
29987,392,cat_2,392
29988,315,cat_3,315
29989,815,cat_4,815
29990,310,cat_0,310
29991,777,cat_1,777
29992,547,cat_2,547
29993,396,cat_3,396
29994,349,cat_4,349
29995,915,cat_0,915
29996,122,cat_1,122
29997,306,cat_2,306
29998,343,cat_3,343
29999,26,cat_4,26
30000,237,cat_0,237
30001,58,cat_1,58
30002,974,cat_2,974
30003,218,cat_3,218
30004,987,cat_4,987
30005,573,cat_0,573
30006,346,cat_1,346
30007,810,cat_2,810
30008,527,cat_3,527
30009,667,cat_4,667
30010,921,cat_0,921
30011,339,cat_1,339
30012,353,cat_2,353
30013,652,cat_3,652
30014,786,cat_4,786
30015,135,cat_0,135
30016,462,cat_1,462
30017,33,cat_2,33
30018,843,cat_3,843
30019,783,cat_4,783
30020,259,cat_0,259
30021,810,cat_1,810
30022,658,cat_2,658
30023,309,cat_3,309
30024,96,cat_4,96
30025,826,cat_0,826
30026,530,cat_1,530
30027,576,cat_2,576
30028,736,cat_3,736
30029,189,cat_4,189
30030,612,cat_0,612
30031,917,cat_1,917
30032,230,cat_2,230
30033,602,cat_3,602
30034,553,cat_4,553
30035,69,cat_0,69
30036,195,cat_1,195
30037,366,cat_2,366
30038,758,cat_3,758
30039,689,cat_4,689
30040,942,cat_0,942
30041,49,cat_1,49
30042,390,cat_2,390
30043,776,cat_3,776
30044,777,cat_4,777
30045,971,cat_0,971
30046,430,cat_1,430
30047,401,cat_2,401
30048,937,cat_3,937
30049,324,cat_4,324
30050,618,cat_0,618
30051,54,cat_1,54
30052,636,cat_2,636
30053,991,cat_3,991
30054,482,cat_4,482
30055,182,cat_0,182
30056,877,cat_1,877
30057,707,cat_2,707
30058,457,cat_3,457
30059,116,cat_4,116
30060,784,cat_0,784
30061,501,cat_1,501
30062,916,cat_2,916
30063,131,cat_3,131
30064,677,cat_4,677
30065,598,cat_0,598
30066,462,cat_1,462
30067,867,cat_2,867
30068,1,cat_3,1
30069,72,cat_4,72
30070,183,cat_0,183
30071,525,cat_1,525
30072,63,cat_2,63
30073,344,cat_3,344
30074,647,cat_4,647
30075,490,cat_0,490
30076,543,cat_1,543
30077,541,cat_2,541
30078,595,cat_3,595
30079,600,cat_4,600
30080,255,cat_0,255
30081,628,cat_1,628
30082,209,cat_2,209
30083,400,cat_3,400
30084,25,cat_4,25
30085,115,cat_0,115
30086,925,cat_1,925
30087,575,cat_2,575
30088,135,cat_3,135
30089,366,cat_4,366
30090,938,cat_0,938
30091,401,cat_1,401
30092,710,cat_2,710
30093,252,cat_3,252
30094,996,cat_4,996
30095,542,cat_0,542
30096,582,cat_1,582
30097,702,cat_2,702
30098,407,cat_3,407
30099,217,cat_4,217
30100,823,cat_0,823
30101,500,cat_1,500
30102,663,cat_2,663
30103,453,cat_3,453
30104,826,cat_4,826
30105,74,cat_0,74
30106,889,cat_1,889
30107,709,cat_2,709
30108,852,cat_3,852
30109,113,cat_4,113
30110,352,cat_0,352
30111,563,cat_1,563
30112,125,cat_2,125
30113,874,cat_3,874
30114,511,cat_4,511
30115,274,cat_0,274
30116,193,cat_1,193
30117,777,cat_2,777
30118,776,cat_3,776
30119,150,cat_4,150
30120,966,cat_0,966
30121,328,cat_1,328
30122,223,cat_2,223
30123,229,cat_3,229
30124,988,cat_4,988
30125,846,cat_0,846
30126,633,cat_1,633
30127,528,cat_2,528
30128,824,cat_3,824
30129,477,cat_4,477
30130,738,cat_0,738
30131,496,cat_1,496
30132,867,cat_2,867
30133,796,cat_3,796
30134,59,cat_4,59
30135,544,cat_0,544
30136,830,cat_1,830
30137,857,cat_2,857
30138,268,cat_3,268
30139,384,cat_4,384
30140,461,cat_0,461
30141,638,cat_1,638
30142,260,cat_2,260
30143,294,cat_3,294
30144,413,cat_4,413
30145,129,cat_0,129
30146,553,cat_1,553
30147,851,cat_2,851
30148,769,cat_3,769
30149,991,cat_4,991
30150,295,cat_0,295
30151,462,cat_1,462
30152,899,cat_2,899
30153,469,cat_3,469
30154,179,cat_4,179
30155,302,cat_0,302
30156,468,cat_1,468
30157,247,cat_2,247
30158,781,cat_3,781
30159,335,cat_4,335
30160,429,cat_0,429
30161,273,cat_1,273
30162,743,cat_2,743
30163,240,cat_3,240
30164,92,cat_4,92
30165,400,cat_0,400
30166,932,cat_1,932
30167,577,cat_2,577
30168,247,cat_3,247
30169,204,cat_4,204
30170,821,cat_0,821
30171,874,cat_1,874
30172,332,cat_2,332
30173,16,cat_3,16
30174,399,cat_4,399
30175,603,cat_0,603
30176,409,cat_1,409
30177,557,cat_2,557
30178,703,cat_3,703
30179,484,cat_4,484
30180,381,cat_0,381
30181,153,cat_1,153
30182,460,cat_2,460
30183,557,cat_3,557
30184,889,cat_4,889
30185,9,cat_0,9
30186,844,cat_1,844
30187,344,cat_2,344
30188,953,cat_3,953
30189,619,cat_4,619
30190,316,cat_0,316
30191,784,cat_1,784
30192,393,cat_2,393
30193,38,cat_3,38
30194,311,cat_4,311
30195,234,cat_0,234
30196,699,cat_1,699
30197,421,cat_2,421
30198,706,cat_3,706
30199,990,cat_4,990
30200,411,cat_0,411
30201,418,cat_1,418
30202,353,cat_2,353
30203,307,cat_3,307
30204,69,cat_4,69
30205,394,cat_0,394
30206,966,cat_1,966
30207,485,cat_2,485
30208,446,cat_3,446
30209,785,cat_4,785
30210,52,cat_0,52
30211,960,cat_1,960
30212,993,cat_2,993
30213,301,cat_3,301
30214,536,cat_4,536
30215,331,cat_0,331
30216,837,cat_1,837
30217,133,cat_2,133
30218,308,cat_3,308
30219,343,cat_4,343
30220,276,cat_0,276
30221,715,cat_1,715
30222,74,cat_2,74
30223,812,cat_3,812
30224,756,cat_4,756
30225,381,cat_0,381
30226,770,cat_1,770
30227,179,cat_2,179
30228,665,cat_3,665
30229,458,cat_4,458
30230,717,cat_0,717
30231,760,cat_1,760
30232,449,cat_2,449
30233,142,cat_3,142
30234,560,cat_4,560
30235,621,cat_0,621
30236,603,cat_1,603
30237,572,cat_2,572
30238,463,cat_3,463
30239,228,cat_4,228
30240,202,cat_0,202
30241,839,cat_1,839
30242,380,cat_2,380
30243,216,cat_3,216
30244,259,cat_4,259
30245,356,cat_0,356
30246,76,cat_1,76
30247,315,cat_2,315
30248,106,cat_3,106
30249,955,cat_4,955
30250,243,cat_0,243
30251,101,cat_1,101
30252,812,cat_2,812
30253,367,cat_3,367
30254,575,cat_4,575
30255,882,cat_0,882
30256,230,cat_1,230
30257,312,cat_2,312
30258,263,cat_3,263
30259,295,cat_4,295
30260,44,cat_0,44
30261,184,cat_1,184
30262,76,cat_2,76
30263,424,cat_3,424
30264,612,cat_4,612
30265,484,cat_0,484
30266,782,cat_1,782
30267,456,cat_2,456
30268,299,cat_3,299
30269,464,cat_4,464
30270,234,cat_0,234
30271,498,cat_1,498
30272,697,cat_2,697
30273,940,cat_3,940
30274,238,cat_4,238
30275,172,cat_0,172
30276,761,cat_1,761
30277,48,cat_2,48
30278,153,cat_3,153
30279,661,cat_4,661
30280,313,cat_0,313
30281,138,cat_1,138
30282,522,cat_2,522
30283,414,cat_3,414
30284,295,cat_4,295
30285,916,cat_0,916
30286,438,cat_1,438
30287,965,cat_2,965
30288,192,cat_3,192
30289,919,cat_4,919
30290,992,cat_0,992
30291,598,cat_1,598
30292,994,cat_2,994
30293,278,cat_3,278
30294,607,cat_4,607
30295,330,cat_0,330
30296,151,cat_1,151
30297,955,cat_2,955
30298,954,cat_3,954
30299,661,cat_4,661
30300,695,cat_0,695
30301,7,cat_1,7
30302,283,cat_2,283
30303,787,cat_3,787
30304,631,cat_4,631
30305,357,cat_0,357
30306,763,cat_1,763
30307,187,cat_2,187
30308,900,cat_3,900
30309,293,cat_4,293
30310,437,cat_0,437
30311,894,cat_1,894
30312,404,cat_2,404
30313,23,cat_3,23
30314,353,cat_4,353
30315,631,cat_0,631
30316,14,cat_1,14
30317,298,cat_2,298
30318,982,cat_3,982
30319,104,cat_4,104
30320,580,cat_0,580
30321,346,cat_1,346
30322,925,cat_2,925
30323,481,cat_3,481
30324,21,cat_4,21
30325,403,cat_0,403
30326,950,cat_1,950
30327,20,cat_2,20
30328,982,cat_3,982
30329,259,cat_4,259
30330,699,cat_0,699
30331,197,cat_1,197
30332,460,cat_2,460
30333,859,cat_3,859
30334,457,cat_4,457
30335,733,cat_0,733
30336,150,cat_1,150
30337,59,cat_2,59
30338,387,cat_3,387
30339,658,cat_4,658
30340,673,cat_0,673
30341,34,cat_1,34
30342,985,cat_2,985
30343,301,cat_3,301
30344,38,cat_4,38
30345,4,cat_0,4
30346,978,cat_1,978
30347,143,cat_2,143
30348,672,cat_3,672
30349,468,cat_4,468
30350,429,cat_0,429
30351,817,cat_1,817
30352,597,cat_2,597
30353,330,cat_3,330
30354,951,cat_4,951
30355,654,cat_0,654
30356,422,cat_1,422
30357,998,cat_2,998
30358,236,cat_3,236
30359,273,cat_4,273
30360,410,cat_0,410
30361,895,cat_1,895
30362,964,cat_2,964
30363,367,cat_3,367
30364,105,cat_4,105
30365,893,cat_0,893
30366,456,cat_1,456
30367,413,cat_2,413
30368,36,cat_3,36
30369,521,cat_4,521
30370,528,cat_0,528
30371,344,cat_1,344
30372,399,cat_2,399
30373,980,cat_3,980
30374,120,cat_4,120
30375,102,cat_0,102
30376,832,cat_1,832
30377,147,cat_2,147
30378,420,cat_3,420
30379,74,cat_4,74
30380,470,cat_0,470
30381,943,cat_1,943
30382,294,cat_2,294
30383,337,cat_3,337
30384,792,cat_4,792
30385,700,cat_0,700
30386,883,cat_1,883
30387,935,cat_2,935
30388,41,cat_3,41
30389,660,cat_4,660
30390,386,cat_0,386
30391,35,cat_1,35
30392,240,cat_2,240
30393,90,cat_3,90
30394,567,cat_4,567
30395,613,cat_0,613
30396,417,cat_1,417
30397,610,cat_2,610
30398,559,cat_3,559
30399,893,cat_4,893
30400,62,cat_0,62
30401,396,cat_1,396
30402,770,cat_2,770
30403,74,cat_3,74
30404,650,cat_4,650
30405,637,cat_0,637
30406,623,cat_1,623
30407,336,cat_2,336
30408,683,cat_3,683
30409,379,cat_4,379
30410,255,cat_0,255
30411,873,cat_1,873
30412,352,cat_2,352
30413,260,cat_3,260
30414,80,cat_4,80
30415,9,cat_0,9
30416,151,cat_1,151
30417,503,cat_2,503
30418,624,cat_3,624
30419,939,cat_4,939
30420,172,cat_0,172
30421,138,cat_1,138
30422,599,cat_2,599
30423,943,cat_3,943
30424,114,cat_4,114
30425,262,cat_0,262
30426,203,cat_1,203
30427,87,cat_2,87
30428,463,cat_3,463
30429,430,cat_4,430
30430,714,cat_0,714
30431,180,cat_1,180
30432,356,cat_2,356
30433,757,cat_3,757
30434,340,cat_4,340
30435,512,cat_0,512
30436,511,cat_1,511
30437,593,cat_2,593
30438,986,cat_3,986
30439,688,cat_4,688
30440,741,cat_0,741
30441,22,cat_1,22
30442,127,cat_2,127
30443,468,cat_3,468
30444,147,cat_4,147
30445,155,cat_0,155
30446,355,cat_1,355
30447,548,cat_2,548
30448,179,cat_3,179
30449,319,cat_4,319
30450,32,cat_0,32
30451,407,cat_1,407
30452,615,cat_2,615
30453,368,cat_3,368
30454,275,cat_4,275
30455,168,cat_0,168
30456,791,cat_1,791
30457,829,cat_2,829
30458,626,cat_3,626
30459,61,cat_4,61
30460,83,cat_0,83
30461,807,cat_1,807
30462,93,cat_2,93
30463,528,cat_3,528
30464,591,cat_4,591
30465,10,cat_0,10
30466,873,cat_1,873
30467,793,cat_2,793
30468,957,cat_3,957
30469,470,cat_4,470
30470,837,cat_0,837
30471,893,cat_1,893
30472,56,cat_2,56
30473,89,cat_3,89
30474,972,cat_4,972
30475,459,cat_0,459
30476,721,cat_1,721
30477,861,cat_2,861
30478,788,cat_3,788
30479,991,cat_4,991
30480,906,cat_0,906
30481,597,cat_1,597
30482,280,cat_2,280
30483,769,cat_3,769
30484,887,cat_4,887
30485,85,cat_0,85
30486,235,cat_1,235
30487,897,cat_2,897
30488,426,cat_3,426
30489,356,cat_4,356
30490,279,cat_0,279
30491,496,cat_1,496
30492,93,cat_2,93
30493,222,cat_3,222
30494,816,cat_4,816
30495,834,cat_0,834
30496,818,cat_1,818
30497,232,cat_2,232
30498,730,cat_3,730
30499,358,cat_4,358
30500,852,cat_0,852
30501,458,cat_1,458
30502,698,cat_2,698
30503,558,cat_3,558
30504,627,cat_4,627
30505,765,cat_0,765
30506,199,cat_1,199
30507,963,cat_2,963
30508,438,cat_3,438
30509,48,cat_4,48
30510,776,cat_0,776
30511,262,cat_1,262
30512,79,cat_2,79
30513,766,cat_3,766
30514,307,cat_4,307
30515,741,cat_0,741
30516,881,cat_1,881
30517,18,cat_2,18
30518,530,cat_3,530
30519,648,cat_4,648
30520,580,cat_0,580
30521,761,cat_1,761
30522,283,cat_2,283
30523,236,cat_3,236
30524,416,cat_4,416
30525,697,cat_0,697
30526,586,cat_1,586
30527,673,cat_2,673
30528,825,cat_3,825
30529,348,cat_4,348
30530,334,cat_0,334
30531,266,cat_1,266
30532,657,cat_2,657
30533,785,cat_3,785
30534,117,cat_4,117
30535,51,cat_0,51
30536,835,cat_1,835
30537,392,cat_2,392
30538,4,cat_3,4
30539,225,cat_4,225
30540,733,cat_0,733
30541,794,cat_1,794
30542,466,cat_2,466
30543,164,cat_3,164
30544,635,cat_4,635
30545,258,cat_0,258
30546,37,cat_1,37
30547,252,cat_2,252
30548,127,cat_3,127
30549,291,cat_4,291
30550,965,cat_0,965
30551,481,cat_1,481
30552,269,cat_2,269
30553,653,cat_3,653
30554,625,cat_4,625
30555,384,cat_0,384
30556,377,cat_1,377
30557,552,cat_2,552
30558,296,cat_3,296
30559,243,cat_4,243
30560,336,cat_0,336
30561,14,cat_1,14
30562,850,cat_2,850
30563,51,cat_3,51
30564,955,cat_4,955
30565,808,cat_0,808
30566,12,cat_1,12
30567,835,cat_2,835
30568,117,cat_3,117
30569,254,cat_4,254
30570,195,cat_0,195
30571,331,cat_1,331
30572,165,cat_2,165
30573,584,cat_3,584
30574,373,cat_4,373
30575,504,cat_0,504
30576,948,cat_1,948
30577,714,cat_2,714
30578,857,cat_3,857
30579,586,cat_4,586
30580,973,cat_0,973
30581,503,cat_1,503
30582,234,cat_2,234
30583,815,cat_3,815
30584,594,cat_4,594
30585,329,cat_0,329
30586,904,cat_1,904
30587,16,cat_2,16
30588,57,cat_3,57
30589,965,cat_4,965
30590,244,cat_0,244
30591,490,cat_1,490
30592,697,cat_2,697
30593,874,cat_3,874
30594,170,cat_4,170
30595,851,cat_0,851
30596,627,cat_1,627
30597,489,cat_2,489
30598,706,cat_3,706
30599,592,cat_4,592
30600,283,cat_0,283
30601,943,cat_1,943
30602,65,cat_2,65
30603,567,cat_3,567
30604,969,cat_4,969
30605,388,cat_0,388
30606,730,cat_1,730
30607,888,cat_2,888
30608,410,cat_3,410
30609,651,cat_4,651
30610,125,cat_0,125
30611,772,cat_1,772
30612,689,cat_2,689
30613,367,cat_3,367
30614,770,cat_4,770
30615,466,cat_0,466
30616,964,cat_1,964
30617,939,cat_2,939
30618,504,cat_3,504
30619,801,cat_4,801
30620,773,cat_0,773
30621,505,cat_1,505
30622,815,cat_2,815
30623,715,cat_3,715
30624,572,cat_4,572
30625,670,cat_0,670
30626,29,cat_1,29
30627,794,cat_2,794
30628,554,cat_3,554
30629,758,cat_4,758
30630,856,cat_0,856
30631,786,cat_1,786
30632,800,cat_2,800
30633,468,cat_3,468
30634,359,cat_4,359
30635,411,cat_0,411
30636,8,cat_1,8
30637,108,cat_2,108
30638,727,cat_3,727
30639,68,cat_4,68
30640,502,cat_0,502
30641,350,cat_1,350
30642,575,cat_2,575
30643,451,cat_3,451
30644,19,cat_4,19
30645,587,cat_0,587
30646,414,cat_1,414
30647,463,cat_2,463
30648,773,cat_3,773
30649,269,cat_4,269
30650,897,cat_0,897
30651,392,cat_1,392
30652,523,cat_2,523
30653,591,cat_3,591
30654,842,cat_4,842
30655,59,cat_0,59
30656,272,cat_1,272
30657,600,cat_2,600
30658,753,cat_3,753
30659,767,cat_4,767
30660,405,cat_0,405
30661,989,cat_1,989
30662,880,cat_2,880
30663,37,cat_3,37
30664,719,cat_4,719
30665,309,cat_0,309
30666,129,cat_1,129
30667,672,cat_2,672
30668,766,cat_3,766
30669,574,cat_4,574
30670,102,cat_0,102
30671,87,cat_1,87
30672,767,cat_2,767
30673,794,cat_3,794
30674,383,cat_4,383
30675,432,cat_0,432
30676,527,cat_1,527
30677,436,cat_2,436
30678,975,cat_3,975
30679,356,cat_4,356
30680,568,cat_0,568
30681,39,cat_1,39
30682,393,cat_2,393
30683,378,cat_3,378
30684,31,cat_4,31
30685,216,cat_0,216
30686,505,cat_1,505
30687,233,cat_2,233
30688,672,cat_3,672
30689,387,cat_4,387
30690,985,cat_0,985
30691,169,cat_1,169
30692,700,cat_2,700
30693,964,cat_3,964
30694,151,cat_4,151
30695,949,cat_0,949
30696,398,cat_1,398
30697,203,cat_2,203
30698,890,cat_3,890
30699,455,cat_4,455
30700,464,cat_0,464
30701,854,cat_1,854
30702,706,cat_2,706
30703,77,cat_3,77
30704,170,cat_4,170
30705,191,cat_0,191
30706,213,cat_1,213
30707,633,cat_2,633
30708,806,cat_3,806
30709,698,cat_4,698
30710,817,cat_0,817
30711,139,cat_1,139
30712,614,cat_2,614
30713,245,cat_3,245
30714,705,cat_4,705
30715,510,cat_0,510
30716,227,cat_1,227
30717,816,cat_2,816
30718,799,cat_3,799
30719,687,cat_4,687
30720,288,cat_0,288
30721,738,cat_1,738
30722,321,cat_2,321
30723,648,cat_3,648
30724,187,cat_4,187
30725,566,cat_0,566
30726,208,cat_1,208
30727,76,cat_2,76
30728,666,cat_3,666
30729,844,cat_4,844
30730,505,cat_0,505
30731,373,cat_1,373
30732,284,cat_2,284
30733,80,cat_3,80
30734,850,cat_4,850
30735,750,cat_0,750
30736,298,cat_1,298
30737,402,cat_2,402
30738,229,cat_3,229
30739,667,cat_4,667
30740,666,cat_0,666
30741,766,cat_1,766
30742,558,cat_2,558
30743,108,cat_3,108
30744,173,cat_4,173
30745,395,cat_0,395
30746,38,cat_1,38
30747,734,cat_2,734
30748,106,cat_3,106
30749,377,cat_4,377
30750,792,cat_0,792
30751,714,cat_1,714
30752,424,cat_2,424
30753,528,cat_3,528
30754,255,cat_4,255
30755,33,cat_0,33
30756,825,cat_1,825
30757,504,cat_2,504
30758,802,cat_3,802
30759,874,cat_4,874
30760,582,cat_0,582
30761,696,cat_1,696
30762,852,cat_2,852
30763,44,cat_3,44
30764,256,cat_4,256
30765,765,cat_0,765
30766,960,cat_1,960
30767,337,cat_2,337
30768,250,cat_3,250
30769,750,cat_4,750
30770,4,cat_0,4
30771,313,cat_1,313
30772,770,cat_2,770
30773,333,cat_3,333
30774,725,cat_4,725
30775,189,cat_0,189
30776,753,cat_1,753
30777,442,cat_2,442
30778,734,cat_3,734
30779,783,cat_4,783
30780,629,cat_0,629
30781,987,cat_1,987
30782,349,cat_2,349
30783,883,cat_3,883
30784,1000,cat_4,1000
30785,862,cat_0,862
30786,442,cat_1,442
30787,193,cat_2,193
30788,912,cat_3,912
30789,374,cat_4,374
30790,371,cat_0,371
30791,374,cat_1,374
30792,843,cat_2,843
30793,351,cat_3,351
30794,299,cat_4,299
30795,50,cat_0,50
30796,988,cat_1,988
30797,191,cat_2,191
30798,145,cat_3,145
30799,503,cat_4,503
30800,931,cat_0,931
30801,788,cat_1,788
30802,777,cat_2,777
30803,883,cat_3,883
30804,74,cat_4,74
30805,36,cat_0,36
30806,978,cat_1,978
30807,78,cat_2,78
30808,958,cat_3,958
30809,707,cat_4,707
30810,351,cat_0,351
30811,772,cat_1,772
30812,660,cat_2,660
30813,55,cat_3,55
30814,203,cat_4,203
30815,781,cat_0,781
30816,589,cat_1,589
30817,866,cat_2,866
30818,866,cat_3,866
30819,197,cat_4,197
30820,394,cat_0,394
30821,886,cat_1,886
30822,55,cat_2,55
30823,303,cat_3,303
30824,909,cat_4,909
30825,227,cat_0,227
30826,859,cat_1,859
30827,50,cat_2,50
30828,375,cat_3,375
30829,364,cat_4,364
30830,297,cat_0,297
30831,660,cat_1,660
30832,156,cat_2,156
30833,441,cat_3,441
30834,138,cat_4,138
30835,86,cat_0,86
30836,310,cat_1,310
30837,946,cat_2,946
30838,320,cat_3,320
30839,280,cat_4,280
30840,969,cat_0,969
30841,134,cat_1,134
30842,236,cat_2,236
30843,5,cat_3,5
30844,656,cat_4,656
30845,658,cat_0,658
30846,407,cat_1,407
30847,21,cat_2,21
30848,936,cat_3,936
30849,666,cat_4,666
30850,97,cat_0,97
30851,373,cat_1,373
30852,425,cat_2,425
30853,953,cat_3,953
30854,79,cat_4,79
30855,612,cat_0,612
30856,234,cat_1,234
30857,177,cat_2,177
30858,215,cat_3,215
30859,699,cat_4,699
30860,644,cat_0,644
30861,565,cat_1,565
30862,140,cat_2,140
30863,278,cat_3,278
30864,210,cat_4,210
30865,130,cat_0,130
30866,824,cat_1,824
30867,464,cat_2,464
30868,756,cat_3,756
30869,759,cat_4,759
30870,157,cat_0,157
30871,21,cat_1,21
30872,158,cat_2,158
30873,156,cat_3,156
30874,737,cat_4,737
30875,493,cat_0,493
30876,65,cat_1,65
30877,419,cat_2,419
30878,850,cat_3,850
30879,927,cat_4,927
30880,442,cat_0,442
30881,469,cat_1,469
30882,802,cat_2,802
30883,363,cat_3,363
30884,269,cat_4,269
30885,641,cat_0,641
30886,791,cat_1,791
30887,533,cat_2,533
30888,68,cat_3,68
30889,669,cat_4,669
30890,552,cat_0,552
30891,771,cat_1,771
30892,179,cat_2,179
30893,632,cat_3,632
30894,820,cat_4,820
30895,473,cat_0,473
30896,148,cat_1,148
30897,197,cat_2,197
30898,867,cat_3,867
30899,974,cat_4,974
30900,774,cat_0,774
30901,357,cat_1,357
30902,227,cat_2,227
30903,207,cat_3,207
30904,229,cat_4,229
30905,303,cat_0,303
30906,972,cat_1,972
30907,530,cat_2,530
30908,314,cat_3,314
30909,855,cat_4,855
30910,543,cat_0,543
30911,553,cat_1,553
30912,264,cat_2,264
30913,251,cat_3,251
30914,338,cat_4,338
30915,495,cat_0,495
30916,267,cat_1,267
30917,169,cat_2,169
30918,513,cat_3,513
30919,852,cat_4,852
30920,111,cat_0,111
30921,421,cat_1,421
30922,715,cat_2,715
30923,819,cat_3,819
30924,950,cat_4,950
30925,632,cat_0,632
30926,300,cat_1,300
30927,632,cat_2,632
30928,109,cat_3,109
30929,730,cat_4,730
30930,754,cat_0,754
30931,73,cat_1,73
30932,690,cat_2,690
30933,306,cat_3,306
30934,427,cat_4,427
30935,172,cat_0,172
30936,790,cat_1,790
30937,758,cat_2,758
30938,547,cat_3,547
30939,655,cat_4,655
30940,225,cat_0,225
30941,449,cat_1,449
30942,112,cat_2,112
30943,221,cat_3,221
30944,588,cat_4,588
30945,203,cat_0,203
30946,98,cat_1,98
30947,874,cat_2,874
30948,956,cat_3,956
30949,315,cat_4,315
30950,468,cat_0,468
30951,443,cat_1,443
30952,264,cat_2,264
30953,665,cat_3,665
30954,300,cat_4,300
30955,725,cat_0,725
30956,22,cat_1,22
30957,861,cat_2,861
30958,783,cat_3,783
30959,191,cat_4,191
30960,774,cat_0,774
30961,626,cat_1,626
30962,603,cat_2,603
30963,267,cat_3,267
30964,384,cat_4,384
30965,418,cat_0,418
30966,455,cat_1,455
30967,42,cat_2,42
30968,187,cat_3,187
30969,192,cat_4,192
30970,12,cat_0,12
30971,651,cat_1,651
30972,899,cat_2,899
30973,127,cat_3,127
30974,805,cat_4,805
30975,327,cat_0,327
30976,672,cat_1,672
30977,941,cat_2,941
30978,510,cat_3,510
30979,751,cat_4,751
30980,265,cat_0,265
30981,363,cat_1,363
30982,963,cat_2,963
30983,521,cat_3,521
30984,825,cat_4,825
30985,982,cat_0,982
30986,276,cat_1,276
30987,369,cat_2,369
30988,935,cat_3,935
30989,943,cat_4,943
30990,465,cat_0,465
30991,547,cat_1,547
30992,935,cat_2,935
30993,643,cat_3,643
30994,481,cat_4,481
30995,558,cat_0,558
30996,979,cat_1,979
30997,744,cat_2,744
30998,121,cat_3,121
30999,35,cat_4,35
31000,270,cat_0,270
31001,428,cat_1,428
31002,999,cat_2,999
31003,709,cat_3,709
31004,18,cat_4,18
31005,302,cat_0,302
31006,980,cat_1,980
31007,72,cat_2,72
31008,529,cat_3,529
31009,788,cat_4,788
31010,653,cat_0,653
31011,580,cat_1,580
31012,402,cat_2,402
31013,577,cat_3,577
31014,771,cat_4,771
31015,390,cat_0,390
31016,964,cat_1,964
31017,341,cat_2,341
31018,409,cat_3,409
31019,271,cat_4,271
31020,494,cat_0,494
31021,395,cat_1,395
31022,340,cat_2,340
31023,891,cat_3,891
31024,185,cat_4,185
31025,370,cat_0,370
31026,497,cat_1,497
31027,49,cat_2,49
31028,731,cat_3,731
31029,589,cat_4,589
31030,94,cat_0,94
31031,159,cat_1,159
31032,765,cat_2,765
31033,246,cat_3,246
31034,705,cat_4,705
31035,418,cat_0,418
31036,19,cat_1,19
31037,201,cat_2,201
31038,834,cat_3,834
31039,412,cat_4,412
31040,824,cat_0,824
31041,54,cat_1,54
31042,366,cat_2,366
31043,429,cat_3,429
31044,25,cat_4,25
31045,44,cat_0,44
31046,84,cat_1,84
31047,689,cat_2,689
31048,722,cat_3,722
31049,224,cat_4,224
31050,138,cat_0,138
31051,522,cat_1,522
31052,773,cat_2,773
31053,743,cat_3,743
31054,879,cat_4,879
31055,534,cat_0,534
31056,1,cat_1,1
31057,45,cat_2,45
31058,109,cat_3,109
31059,123,cat_4,123
31060,756,cat_0,756
31061,819,cat_1,819
31062,869,cat_2,869
31063,864,cat_3,864
31064,396,cat_4,396
31065,515,cat_0,515
31066,931,cat_1,931
31067,822,cat_2,822
31068,317,cat_3,317
31069,121,cat_4,121
31070,168,cat_0,168
31071,500,cat_1,500
31072,913,cat_2,913
31073,250,cat_3,250
31074,238,cat_4,238
31075,575,cat_0,575
31076,805,cat_1,805
31077,619,cat_2,619
31078,686,cat_3,686
31079,151,cat_4,151
31080,144,cat_0,144
31081,352,cat_1,352
31082,202,cat_2,202
31083,955,cat_3,955
31084,848,cat_4,848
31085,417,cat_0,417
31086,623,cat_1,623
31087,342,cat_2,342
31088,309,cat_3,309
31089,298,cat_4,298
31090,830,cat_0,830
31091,969,cat_1,969
31092,97,cat_2,97
31093,782,cat_3,782
31094,499,cat_4,499
31095,857,cat_0,857
31096,256,cat_1,256
31097,79,cat_2,79
31098,595,cat_3,595
31099,634,cat_4,634
31100,165,cat_0,165
31101,284,cat_1,284
31102,43,cat_2,43
31103,760,cat_3,760
31104,953,cat_4,953
31105,388,cat_0,388
31106,158,cat_1,158
31107,95,cat_2,95
31108,355,cat_3,355
31109,526,cat_4,526
31110,724,cat_0,724
31111,317,cat_1,317
31112,891,cat_2,891
31113,889,cat_3,889
31114,992,cat_4,992
31115,131,cat_0,131
31116,71,cat_1,71
31117,756,cat_2,756
31118,431,cat_3,431
31119,46,cat_4,46
31120,897,cat_0,897
31121,582,cat_1,582
31122,125,cat_2,125
31123,943,cat_3,943
31124,377,cat_4,377
31125,650,cat_0,650
31126,130,cat_1,130
31127,517,cat_2,517
31128,480,cat_3,480
31129,704,cat_4,704
31130,852,cat_0,852
31131,285,cat_1,285
31132,483,cat_2,483
31133,894,cat_3,894
31134,65,cat_4,65
31135,776,cat_0,776
31136,414,cat_1,414
31137,596,cat_2,596
31138,280,cat_3,280
31139,267,cat_4,267
31140,937,cat_0,937
31141,609,cat_1,609
31142,90,cat_2,90
31143,484,cat_3,484
31144,563,cat_4,563
31145,717,cat_0,717
31146,674,cat_1,674
31147,611,cat_2,611
31148,480,cat_3,480
31149,738,cat_4,738
31150,968,cat_0,968
31151,444,cat_1,444
31152,704,cat_2,704
31153,120,cat_3,120
31154,358,cat_4,358
31155,972,cat_0,972
31156,367,cat_1,367
31157,230,cat_2,230
31158,331,cat_3,331
31159,105,cat_4,105
31160,89,cat_0,89
31161,175,cat_1,175
31162,5,cat_2,5
31163,895,cat_3,895
31164,594,cat_4,594
31165,59,cat_0,59
31166,441,cat_1,441
31167,516,cat_2,516
31168,595,cat_3,595
31169,76,cat_4,76
31170,727,cat_0,727
31171,471,cat_1,471
31172,236,cat_2,236
31173,471,cat_3,471
31174,681,cat_4,681
31175,535,cat_0,535
31176,528,cat_1,528
31177,865,cat_2,865
31178,258,cat_3,258
31179,210,cat_4,210
31180,52,cat_0,52
31181,172,cat_1,172
31182,729,cat_2,729
31183,614,cat_3,614
31184,359,cat_4,359
31185,126,cat_0,126
31186,179,cat_1,179
31187,46,cat_2,46
31188,72,cat_3,72
31189,373,cat_4,373
31190,122,cat_0,122
31191,732,cat_1,732
31192,679,cat_2,679
31193,236,cat_3,236
31194,414,cat_4,414
31195,849,cat_0,849
31196,204,cat_1,204
31197,995,cat_2,995
31198,323,cat_3,323
31199,514,cat_4,514
31200,804,cat_0,804
31201,339,cat_1,339
31202,824,cat_2,824
31203,966,cat_3,966
31204,807,cat_4,807
31205,730,cat_0,730
31206,718,cat_1,718
31207,690,cat_2,690
31208,148,cat_3,148
31209,36,cat_4,36
31210,413,cat_0,413
31211,631,cat_1,631
31212,292,cat_2,292
31213,728,cat_3,728
31214,696,cat_4,696
31215,294,cat_0,294
31216,621,cat_1,621
31217,367,cat_2,367
31218,966,cat_3,966
31219,919,cat_4,919
31220,46,cat_0,46
31221,30,cat_1,30
31222,286,cat_2,286
31223,937,cat_3,937
31224,957,cat_4,957
31225,386,cat_0,386
31226,329,cat_1,329
31227,992,cat_2,992
31228,96,cat_3,96
31229,728,cat_4,728
31230,780,cat_0,780
31231,782,cat_1,782
31232,633,cat_2,633
31233,5,cat_3,5
31234,105,cat_4,105
31235,838,cat_0,838
31236,941,cat_1,941
31237,390,cat_2,390
31238,180,cat_3,180
31239,397,cat_4,397
31240,890,cat_0,890
31241,843,cat_1,843
31242,666,cat_2,666
31243,943,cat_3,943
31244,190,cat_4,190
31245,404,cat_0,404
31246,225,cat_1,225
31247,261,cat_2,261
31248,266,cat_3,266
31249,306,cat_4,306
31250,66,cat_0,66
31251,808,cat_1,808
31252,224,cat_2,224
31253,795,cat_3,795
31254,390,cat_4,390
31255,44,cat_0,44
31256,152,cat_1,152
31257,72,cat_2,72
31258,181,cat_3,181
31259,405,cat_4,405
31260,777,cat_0,777
31261,328,cat_1,328
31262,478,cat_2,478
31263,98,cat_3,98
31264,406,cat_4,406
31265,481,cat_0,481
31266,695,cat_1,695
31267,572,cat_2,572
31268,781,cat_3,781
31269,985,cat_4,985
31270,132,cat_0,132
31271,897,cat_1,897
31272,959,cat_2,959
31273,755,cat_3,755
31274,374,cat_4,374
31275,737,cat_0,737
31276,114,cat_1,114
31277,514,cat_2,514
31278,586,cat_3,586
31279,237,cat_4,237
31280,198,cat_0,198
31281,779,cat_1,779
31282,762,cat_2,762
31283,687,cat_3,687
31284,419,cat_4,419
31285,430,cat_0,430
31286,615,cat_1,615
31287,726,cat_2,726
31288,257,cat_3,257
31289,303,cat_4,303
31290,437,cat_0,437
31291,828,cat_1,828
31292,732,cat_2,732
31293,414,cat_3,414
31294,183,cat_4,183
31295,407,cat_0,407
31296,308,cat_1,308
31297,295,cat_2,295
31298,310,cat_3,310
31299,588,cat_4,588
31300,345,cat_0,345
31301,115,cat_1,115
31302,18,cat_2,18
31303,645,cat_3,645
31304,919,cat_4,919
31305,36,cat_0,36
31306,144,cat_1,144
31307,106,cat_2,106
31308,419,cat_3,419
31309,288,cat_4,288
31310,278,cat_0,278
31311,259,cat_1,259
31312,76,cat_2,76
31313,748,cat_3,748
31314,819,cat_4,819
31315,803,cat_0,803
31316,559,cat_1,559
31317,159,cat_2,159
31318,914,cat_3,914
31319,455,cat_4,455
31320,159,cat_0,159
31321,706,cat_1,706
31322,57,cat_2,57
31323,652,cat_3,652
31324,71,cat_4,71
31325,723,cat_0,723
31326,93,cat_1,93
31327,366,cat_2,366
31328,893,cat_3,893
31329,929,cat_4,929
31330,547,cat_0,547
31331,867,cat_1,867
31332,585,cat_2,585
31333,750,cat_3,750
31334,655,cat_4,655
31335,630,cat_0,630
31336,823,cat_1,823
31337,912,cat_2,912
31338,481,cat_3,481
31339,358,cat_4,358
31340,447,cat_0,447
31341,882,cat_1,882
31342,39,cat_2,39
31343,263,cat_3,263
31344,295,cat_4,295
31345,802,cat_0,802
31346,449,cat_1,449
31347,148,cat_2,148
31348,699,cat_3,699
31349,30,cat_4,30
31350,413,cat_0,413
31351,758,cat_1,758
31352,801,cat_2,801
31353,14,cat_3,14
31354,494,cat_4,494
31355,83,cat_0,83
31356,773,cat_1,773
31357,987,cat_2,987
31358,971,cat_3,971
31359,187,cat_4,187
31360,376,cat_0,376
31361,588,cat_1,588
31362,192,cat_2,192
31363,138,cat_3,138
31364,740,cat_4,740
31365,428,cat_0,428
31366,821,cat_1,821
31367,459,cat_2,459
31368,247,cat_3,247
31369,22,cat_4,22
31370,812,cat_0,812
31371,559,cat_1,559
31372,600,cat_2,600
31373,478,cat_3,478
31374,17,cat_4,17
31375,908,cat_0,908
31376,7,cat_1,7
31377,801,cat_2,801
31378,890,cat_3,890
31379,856,cat_4,856
31380,513,cat_0,513
31381,30,cat_1,30
31382,267,cat_2,267
31383,704,cat_3,704
31384,37,cat_4,37
31385,210,cat_0,210
31386,523,cat_1,523
31387,583,cat_2,583
31388,411,cat_3,411
31389,902,cat_4,902
31390,118,cat_0,118
31391,617,cat_1,617
31392,214,cat_2,214
31393,175,cat_3,175
31394,136,cat_4,136
31395,261,cat_0,261
31396,322,cat_1,322
31397,63,cat_2,63
31398,560,cat_3,560
31399,221,cat_4,221
31400,617,cat_0,617
31401,662,cat_1,662
31402,514,cat_2,514
31403,464,cat_3,464
31404,630,cat_4,630
31405,117,cat_0,117
31406,624,cat_1,624
31407,949,cat_2,949
31408,751,cat_3,751
31409,991,cat_4,991
31410,188,cat_0,188
31411,664,cat_1,664
31412,453,cat_2,453
31413,157,cat_3,157
31414,133,cat_4,133
31415,183,cat_0,183
31416,527,cat_1,527
31417,487,cat_2,487
31418,426,cat_3,426
31419,776,cat_4,776
31420,448,cat_0,448
31421,224,cat_1,224
31422,465,cat_2,465
31423,587,cat_3,587
31424,923,cat_4,923
31425,637,cat_0,637
31426,542,cat_1,542
31427,148,cat_2,148
31428,665,cat_3,665
31429,260,cat_4,260
31430,516,cat_0,516
31431,758,cat_1,758
31432,715,cat_2,715
31433,56,cat_3,56
31434,662,cat_4,662
31435,42,cat_0,42
31436,653,cat_1,653
31437,409,cat_2,409
31438,139,cat_3,139
31439,853,cat_4,853
31440,352,cat_0,352
31441,500,cat_1,500
31442,413,cat_2,413
31443,63,cat_3,63
31444,81,cat_4,81
31445,349,cat_0,349
31446,139,cat_1,139
31447,157,cat_2,157
31448,207,cat_3,207
31449,221,cat_4,221
31450,681,cat_0,681
31451,405,cat_1,405
31452,30,cat_2,30
31453,362,cat_3,362
31454,547,cat_4,547
31455,50,cat_0,50
31456,256,cat_1,256
31457,985,cat_2,985
31458,906,cat_3,906
31459,878,cat_4,878
31460,786,cat_0,786
31461,152,cat_1,152
31462,733,cat_2,733
31463,207,cat_3,207
31464,325,cat_4,325
31465,235,cat_0,235
31466,347,cat_1,347
31467,45,cat_2,45
31468,623,cat_3,623
31469,217,cat_4,217
31470,962,cat_0,962
31471,93,cat_1,93
31472,263,cat_2,263
31473,271,cat_3,271
31474,80,cat_4,80
31475,416,cat_0,416
31476,93,cat_1,93
31477,77,cat_2,77
31478,46,cat_3,46
31479,29,cat_4,29
31480,79,cat_0,79
31481,695,cat_1,695
31482,508,cat_2,508
31483,128,cat_3,128
31484,841,cat_4,841
31485,70,cat_0,70
31486,523,cat_1,523
31487,500,cat_2,500
31488,62,cat_3,62
31489,639,cat_4,639
31490,909,cat_0,909
31491,780,cat_1,780
31492,678,cat_2,678
31493,444,cat_3,444
31494,91,cat_4,91
31495,489,cat_0,489
31496,384,cat_1,384
31497,801,cat_2,801
31498,741,cat_3,741
31499,968,cat_4,968
31500,131,cat_0,131
31501,446,cat_1,446
31502,580,cat_2,580
31503,190,cat_3,190
31504,687,cat_4,687
31505,734,cat_0,734
31506,527,cat_1,527
31507,57,cat_2,57
31508,859,cat_3,859
31509,357,cat_4,357
31510,299,cat_0,299
31511,309,cat_1,309
31512,512,cat_2,512
31513,961,cat_3,961
31514,505,cat_4,505
31515,917,cat_0,917
31516,387,cat_1,387
31517,399,cat_2,399
31518,988,cat_3,988
31519,864,cat_4,864
31520,436,cat_0,436
31521,19,cat_1,19
31522,673,cat_2,673
31523,528,cat_3,528
31524,851,cat_4,851
31525,607,cat_0,607
31526,282,cat_1,282
31527,710,cat_2,710
31528,197,cat_3,197
31529,336,cat_4,336
31530,661,cat_0,661
31531,44,cat_1,44
31532,862,cat_2,862
31533,986,cat_3,986
31534,260,cat_4,260
31535,484,cat_0,484
31536,530,cat_1,530
31537,944,cat_2,944
31538,746,cat_3,746
31539,102,cat_4,102
31540,20,cat_0,20
31541,592,cat_1,592
31542,762,cat_2,762
31543,760,cat_3,760
31544,254,cat_4,254
31545,390,cat_0,390
31546,880,cat_1,880
31547,31,cat_2,31
31548,767,cat_3,767
31549,836,cat_4,836
31550,823,cat_0,823
31551,236,cat_1,236
31552,152,cat_2,152
31553,391,cat_3,391
31554,286,cat_4,286
31555,299,cat_0,299
31556,914,cat_1,914
31557,416,cat_2,416
31558,760,cat_3,760
31559,989,cat_4,989
31560,635,cat_0,635
31561,901,cat_1,901
31562,713,cat_2,713
31563,120,cat_3,120
31564,281,cat_4,281
31565,353,cat_0,353
31566,272,cat_1,272
31567,69,cat_2,69
31568,672,cat_3,672
31569,761,cat_4,761
31570,542,cat_0,542
31571,558,cat_1,558
31572,929,cat_2,929
31573,191,cat_3,191
31574,390,cat_4,390
31575,155,cat_0,155
31576,2,cat_1,2
31577,928,cat_2,928
31578,439,cat_3,439
31579,873,cat_4,873
31580,594,cat_0,594
31581,269,cat_1,269
31582,127,cat_2,127
31583,280,cat_3,280
31584,630,cat_4,630
31585,593,cat_0,593
31586,591,cat_1,591
31587,190,cat_2,190
31588,228,cat_3,228
31589,568,cat_4,568
31590,381,cat_0,381
31591,178,cat_1,178
31592,182,cat_2,182
31593,789,cat_3,789
31594,618,cat_4,618
31595,185,cat_0,185
31596,680,cat_1,680
31597,641,cat_2,641
31598,215,cat_3,215
31599,808,cat_4,808
31600,739,cat_0,739
31601,282,cat_1,282
31602,250,cat_2,250
31603,52,cat_3,52
31604,476,cat_4,476
31605,225,cat_0,225
31606,26,cat_1,26
31607,138,cat_2,138
31608,903,cat_3,903
31609,11,cat_4,11
31610,436,cat_0,436
31611,565,cat_1,565
31612,604,cat_2,604
31613,281,cat_3,281
31614,683,cat_4,683
31615,874,cat_0,874
31616,589,cat_1,589
31617,654,cat_2,654
31618,611,cat_3,611
31619,381,cat_4,381
31620,818,cat_0,818
31621,331,cat_1,331
31622,44,cat_2,44
31623,181,cat_3,181
31624,265,cat_4,265
31625,885,cat_0,885
31626,668,cat_1,668
31627,898,cat_2,898
31628,117,cat_3,117
31629,317,cat_4,317
31630,469,cat_0,469
31631,242,cat_1,242
31632,575,cat_2,575
31633,355,cat_3,355
31634,926,cat_4,926
31635,750,cat_0,750
31636,144,cat_1,144
31637,617,cat_2,617
31638,726,cat_3,726
31639,224,cat_4,224
31640,393,cat_0,393
31641,37,cat_1,37
31642,988,cat_2,988
31643,76,cat_3,76
31644,539,cat_4,539
31645,427,cat_0,427
31646,199,cat_1,199
31647,865,cat_2,865
31648,666,cat_3,666
31649,733,cat_4,733
31650,442,cat_0,442
31651,768,cat_1,768
31652,239,cat_2,239
31653,131,cat_3,131
31654,880,cat_4,880
31655,251,cat_0,251
31656,247,cat_1,247
31657,64,cat_2,64
31658,925,cat_3,925
31659,230,cat_4,230
31660,658,cat_0,658
31661,233,cat_1,233
31662,444,cat_2,444
31663,673,cat_3,673
31664,340,cat_4,340
31665,965,cat_0,965
31666,292,cat_1,292
31667,123,cat_2,123
31668,620,cat_3,620
31669,22,cat_4,22
31670,780,cat_0,780
31671,202,cat_1,202
31672,409,cat_2,409
31673,425,cat_3,425
31674,903,cat_4,903
31675,110,cat_0,110
31676,523,cat_1,523
31677,203,cat_2,203
31678,56,cat_3,56
31679,210,cat_4,210
31680,2,cat_0,2
31681,828,cat_1,828
31682,654,cat_2,654
31683,122,cat_3,122
31684,618,cat_4,618
31685,11,cat_0,11
31686,108,cat_1,108
31687,26,cat_2,26
31688,619,cat_3,619
31689,110,cat_4,110
31690,212,cat_0,212
31691,379,cat_1,379
31692,947,cat_2,947
31693,18,cat_3,18
31694,574,cat_4,574
31695,836,cat_0,836
31696,697,cat_1,697
31697,377,cat_2,377
31698,634,cat_3,634
31699,945,cat_4,945
31700,311,cat_0,311
31701,957,cat_1,957
31702,666,cat_2,666
31703,430,cat_3,430
31704,799,cat_4,799
31705,352,cat_0,352
31706,618,cat_1,618
31707,623,cat_2,623
31708,544,cat_3,544
31709,404,cat_4,404
31710,532,cat_0,532
31711,203,cat_1,203
31712,127,cat_2,127
31713,71,cat_3,71
31714,576,cat_4,576
31715,284,cat_0,284
31716,769,cat_1,769
31717,697,cat_2,697
31718,738,cat_3,738
31719,561,cat_4,561
31720,493,cat_0,493
31721,383,cat_1,383
31722,38,cat_2,38
31723,488,cat_3,488
31724,631,cat_4,631
31725,671,cat_0,671
31726,424,cat_1,424
31727,312,cat_2,312
31728,224,cat_3,224
31729,902,cat_4,902
31730,779,cat_0,779
31731,404,cat_1,404
31732,539,cat_2,539
31733,466,cat_3,466
31734,368,cat_4,368
31735,959,cat_0,959
31736,523,cat_1,523
31737,821,cat_2,821
31738,632,cat_3,632
31739,504,cat_4,504
31740,319,cat_0,319
31741,988,cat_1,988
31742,73,cat_2,73
31743,433,cat_3,433
31744,901,cat_4,901
31745,2,cat_0,2
31746,572,cat_1,572
31747,498,cat_2,498
31748,744,cat_3,744
31749,472,cat_4,472
31750,472,cat_0,472
31751,258,cat_1,258
31752,358,cat_2,358
31753,534,cat_3,534
31754,376,cat_4,376
31755,771,cat_0,771
31756,32,cat_1,32
31757,171,cat_2,171
31758,253,cat_3,253
31759,783,cat_4,783
31760,900,cat_0,900
31761,88,cat_1,88
31762,98,cat_2,98
31763,726,cat_3,726
31764,928,cat_4,928
31765,900,cat_0,900
31766,315,cat_1,315
31767,153,cat_2,153
31768,59,cat_3,59
31769,481,cat_4,481
31770,781,cat_0,781
31771,434,cat_1,434
31772,735,cat_2,735
31773,1,cat_3,1
31774,331,cat_4,331
31775,505,cat_0,505
31776,98,cat_1,98
31777,36,cat_2,36
31778,993,cat_3,993
31779,116,cat_4,116
31780,670,cat_0,670
31781,849,cat_1,849
31782,975,cat_2,975
31783,449,cat_3,449
31784,394,cat_4,394
31785,687,cat_0,687
31786,54,cat_1,54
31787,188,cat_2,188
31788,604,cat_3,604
31789,702,cat_4,702
31790,588,cat_0,588
31791,569,cat_1,569
31792,758,cat_2,758
31793,557,cat_3,557
31794,595,cat_4,595
31795,721,cat_0,721
31796,491,cat_1,491
31797,415,cat_2,415
31798,73,cat_3,73
31799,867,cat_4,867
31800,940,cat_0,940
31801,675,cat_1,675
31802,766,cat_2,766
31803,488,cat_3,488
31804,549,cat_4,549
31805,177,cat_0,177
31806,605,cat_1,605
31807,840,cat_2,840
31808,546,cat_3,546
31809,96,cat_4,96
31810,851,cat_0,851
31811,972,cat_1,972
31812,269,cat_2,269
31813,908,cat_3,908
31814,811,cat_4,811
31815,719,cat_0,719
31816,994,cat_1,994
31817,773,cat_2,773
31818,411,cat_3,411
31819,579,cat_4,579
31820,560,cat_0,560
31821,186,cat_1,186
31822,89,cat_2,89
31823,53,cat_3,53
31824,480,cat_4,480
31825,964,cat_0,964
31826,307,cat_1,307
31827,657,cat_2,657
31828,601,cat_3,601
31829,490,cat_4,490
31830,792,cat_0,792
31831,641,cat_1,641
31832,807,cat_2,807
31833,256,cat_3,256
31834,836,cat_4,836
31835,176,cat_0,176
31836,786,cat_1,786
31837,843,cat_2,843
31838,68,cat_3,68
31839,516,cat_4,516
31840,481,cat_0,481
31841,484,cat_1,484
31842,43,cat_2,43
31843,88,cat_3,88
31844,249,cat_4,249
31845,106,cat_0,106
31846,862,cat_1,862
31847,89,cat_2,89
31848,448,cat_3,448
31849,31,cat_4,31
31850,749,cat_0,749
31851,393,cat_1,393
31852,19,cat_2,19
31853,971,cat_3,971
31854,885,cat_4,885
31855,668,cat_0,668
31856,836,cat_1,836
31857,597,cat_2,597
31858,283,cat_3,283
31859,563,cat_4,563
31860,247,cat_0,247
31861,995,cat_1,995
31862,829,cat_2,829
31863,24,cat_3,24
31864,878,cat_4,878
31865,454,cat_0,454
31866,93,cat_1,93
31867,956,cat_2,956
31868,27,cat_3,27
31869,971,cat_4,971
31870,792,cat_0,792
31871,632,cat_1,632
31872,677,cat_2,677
31873,407,cat_3,407
31874,14,cat_4,14
31875,157,cat_0,157
31876,150,cat_1,150
31877,434,cat_2,434
31878,532,cat_3,532
31879,765,cat_4,765
31880,223,cat_0,223
31881,992,cat_1,992
31882,562,cat_2,562
31883,447,cat_3,447
31884,954,cat_4,954
31885,469,cat_0,469
31886,99,cat_1,99
31887,419,cat_2,419
31888,835,cat_3,835
31889,169,cat_4,169
31890,700,cat_0,700
31891,91,cat_1,91
31892,129,cat_2,129
31893,114,cat_3,114
31894,267,cat_4,267
31895,376,cat_0,376
31896,320,cat_1,320
31897,769,cat_2,769
31898,501,cat_3,501
31899,221,cat_4,221
31900,754,cat_0,754
31901,441,cat_1,441
31902,555,cat_2,555
31903,111,cat_3,111
31904,440,cat_4,440
31905,619,cat_0,619
31906,309,cat_1,309
31907,318,cat_2,318
31908,294,cat_3,294
31909,506,cat_4,506
31910,463,cat_0,463
31911,347,cat_1,347
31912,837,cat_2,837
31913,914,cat_3,914
31914,565,cat_4,565
31915,364,cat_0,364
31916,878,cat_1,878
31917,185,cat_2,185
31918,770,cat_3,770
31919,263,cat_4,263
31920,518,cat_0,518
31921,8,cat_1,8
31922,778,cat_2,778
31923,123,cat_3,123
31924,754,cat_4,754
31925,237,cat_0,237
31926,377,cat_1,377
31927,437,cat_2,437
31928,611,cat_3,611
31929,77,cat_4,77
31930,131,cat_0,131
31931,811,cat_1,811
31932,741,cat_2,741
31933,988,cat_3,988
31934,186,cat_4,186
31935,251,cat_0,251
31936,837,cat_1,837
31937,842,cat_2,842
31938,739,cat_3,739
31939,588,cat_4,588
31940,477,cat_0,477
31941,268,cat_1,268
31942,646,cat_2,646
31943,612,cat_3,612
31944,996,cat_4,996
31945,147,cat_0,147
31946,555,cat_1,555
31947,382,cat_2,382
31948,514,cat_3,514
31949,928,cat_4,928
31950,471,cat_0,471
31951,441,cat_1,441
31952,449,cat_2,449
31953,460,cat_3,460
31954,401,cat_4,401
31955,50,cat_0,50
31956,954,cat_1,954
31957,449,cat_2,449
31958,593,cat_3,593
31959,721,cat_4,721
31960,708,cat_0,708
31961,605,cat_1,605
31962,657,cat_2,657
31963,631,cat_3,631
31964,796,cat_4,796
31965,514,cat_0,514
31966,664,cat_1,664
31967,580,cat_2,580
31968,332,cat_3,332
31969,923,cat_4,923
31970,686,cat_0,686
31971,479,cat_1,479
31972,855,cat_2,855
31973,904,cat_3,904
31974,725,cat_4,725
31975,457,cat_0,457
31976,646,cat_1,646
31977,683,cat_2,683
31978,653,cat_3,653
31979,513,cat_4,513
31980,201,cat_0,201
31981,587,cat_1,587
31982,508,cat_2,508
31983,383,cat_3,383
31984,354,cat_4,354
31985,858,cat_0,858
31986,910,cat_1,910
31987,757,cat_2,757
31988,945,cat_3,945
31989,328,cat_4,328
31990,438,cat_0,438
31991,800,cat_1,800
31992,71,cat_2,71
31993,819,cat_3,819
31994,714,cat_4,714
31995,863,cat_0,863
31996,386,cat_1,386
31997,294,cat_2,294
31998,292,cat_3,292
31999,744,cat_4,744
32000,949,cat_0,949
32001,367,cat_1,367
32002,424,cat_2,424
32003,250,cat_3,250
32004,692,cat_4,692
32005,692,cat_0,692
32006,31,cat_1,31
32007,268,cat_2,268
32008,105,cat_3,105
32009,435,cat_4,435
32010,153,cat_0,153
32011,713,cat_1,713
32012,29,cat_2,29
32013,360,cat_3,360
32014,478,cat_4,478
32015,588,cat_0,588
32016,19,cat_1,19
32017,772,cat_2,772
32018,822,cat_3,822
32019,338,cat_4,338
32020,854,cat_0,854
32021,481,cat_1,481
32022,119,cat_2,119
32023,62,cat_3,62
32024,714,cat_4,714
32025,251,cat_0,251
32026,579,cat_1,579
32027,61,cat_2,61
32028,136,cat_3,136
32029,64,cat_4,64
32030,935,cat_0,935
32031,472,cat_1,472
32032,217,cat_2,217
32033,115,cat_3,115
32034,95,cat_4,95
32035,861,cat_0,861
32036,447,cat_1,447
32037,782,cat_2,782
32038,350,cat_3,350
32039,811,cat_4,811
32040,995,cat_0,995
32041,349,cat_1,349
32042,874,cat_2,874
32043,114,cat_3,114
32044,771,cat_4,771
32045,298,cat_0,298
32046,699,cat_1,699
32047,497,cat_2,497
32048,560,cat_3,560
32049,529,cat_4,529
32050,904,cat_0,904
32051,433,cat_1,433
32052,256,cat_2,256
32053,392,cat_3,392
32054,350,cat_4,350
32055,146,cat_0,146
32056,573,cat_1,573
32057,238,cat_2,238
32058,529,cat_3,529
32059,650,cat_4,650
32060,926,cat_0,926
32061,529,cat_1,529
32062,882,cat_2,882
32063,425,cat_3,425
32064,588,cat_4,588
32065,628,cat_0,628
32066,268,cat_1,268
32067,397,cat_2,397
32068,359,cat_3,359
32069,586,cat_4,586
32070,963,cat_0,963
32071,255,cat_1,255
32072,471,cat_2,471
32073,845,cat_3,845
32074,233,cat_4,233
32075,463,cat_0,463
32076,26,cat_1,26
32077,427,cat_2,427
32078,654,cat_3,654
32079,903,cat_4,903
32080,494,cat_0,494
32081,970,cat_1,970
32082,776,cat_2,776
32083,233,cat_3,233
32084,429,cat_4,429
32085,53,cat_0,53
32086,975,cat_1,975
32087,253,cat_2,253
32088,726,cat_3,726
32089,59,cat_4,59
32090,538,cat_0,538
32091,360,cat_1,360
32092,137,cat_2,137
32093,768,cat_3,768
32094,992,cat_4,992
32095,745,cat_0,745
32096,624,cat_1,624
32097,417,cat_2,417
32098,166,cat_3,166
32099,72,cat_4,72
32100,291,cat_0,291
32101,768,cat_1,768
32102,285,cat_2,285
32103,283,cat_3,283
32104,494,cat_4,494
32105,604,cat_0,604
32106,537,cat_1,537
32107,296,cat_2,296
32108,412,cat_3,412
32109,30,cat_4,30
32110,456,cat_0,456
32111,648,cat_1,648
32112,261,cat_2,261
32113,291,cat_3,291
32114,253,cat_4,253
32115,436,cat_0,436
32116,624,cat_1,624
32117,423,cat_2,423
32118,605,cat_3,605
32119,233,cat_4,233
32120,815,cat_0,815
32121,836,cat_1,836
32122,217,cat_2,217
32123,844,cat_3,844
32124,562,cat_4,562
32125,156,cat_0,156
32126,328,cat_1,328
32127,724,cat_2,724
32128,144,cat_3,144
32129,538,cat_4,538
32130,820,cat_0,820
32131,543,cat_1,543
32132,280,cat_2,280
32133,124,cat_3,124
32134,759,cat_4,759
32135,742,cat_0,742
32136,478,cat_1,478
32137,756,cat_2,756
32138,465,cat_3,465
32139,388,cat_4,388
32140,587,cat_0,587
32141,141,cat_1,141
32142,870,cat_2,870
32143,448,cat_3,448
32144,109,cat_4,109
32145,151,cat_0,151
32146,418,cat_1,418
32147,728,cat_2,728
32148,84,cat_3,84
32149,704,cat_4,704
32150,122,cat_0,122
32151,895,cat_1,895
32152,736,cat_2,736
32153,309,cat_3,309
32154,857,cat_4,857
32155,730,cat_0,730
32156,122,cat_1,122
32157,648,cat_2,648
32158,637,cat_3,637
32159,597,cat_4,597
32160,426,cat_0,426
32161,736,cat_1,736
32162,708,cat_2,708
32163,937,cat_3,937
32164,725,cat_4,725
32165,263,cat_0,263
32166,149,cat_1,149
32167,474,cat_2,474
32168,144,cat_3,144
32169,197,cat_4,197
32170,237,cat_0,237
32171,349,cat_1,349
32172,196,cat_2,196
32173,233,cat_3,233
32174,804,cat_4,804
32175,708,cat_0,708
32176,960,cat_1,960
32177,134,cat_2,134
32178,35,cat_3,35
32179,971,cat_4,971
32180,40,cat_0,40
32181,433,cat_1,433
32182,427,cat_2,427
32183,855,cat_3,855
32184,658,cat_4,658
32185,752,cat_0,752
32186,993,cat_1,993
32187,52,cat_2,52
32188,673,cat_3,673
32189,598,cat_4,598
32190,184,cat_0,184
32191,665,cat_1,665
32192,771,cat_2,771
32193,615,cat_3,615
32194,78,cat_4,78
32195,504,cat_0,504
32196,163,cat_1,163
32197,362,cat_2,362
32198,874,cat_3,874
32199,616,cat_4,616
32200,510,cat_0,510
32201,622,cat_1,622
32202,826,cat_2,826
32203,464,cat_3,464
32204,329,cat_4,329
32205,975,cat_0,975
32206,576,cat_1,576
32207,579,cat_2,579
32208,921,cat_3,921
32209,945,cat_4,945
32210,549,cat_0,549
32211,296,cat_1,296
32212,33,cat_2,33
32213,589,cat_3,589
32214,534,cat_4,534
32215,549,cat_0,549
32216,526,cat_1,526
32217,727,cat_2,727
32218,686,cat_3,686
32219,140,cat_4,140
32220,146,cat_0,146
32221,590,cat_1,590
32222,585,cat_2,585
32223,976,cat_3,976
32224,914,cat_4,914
32225,916,cat_0,916
32226,252,cat_1,252
32227,184,cat_2,184
32228,170,cat_3,170
32229,261,cat_4,261
32230,123,cat_0,123
32231,337,cat_1,337
32232,982,cat_2,982
32233,620,cat_3,620
32234,948,cat_4,948
32235,792,cat_0,792
32236,551,cat_1,551
32237,709,cat_2,709
32238,703,cat_3,703
32239,860,cat_4,860
32240,289,cat_0,289
32241,227,cat_1,227
32242,712,cat_2,712
32243,294,cat_3,294
32244,496,cat_4,496
32245,82,cat_0,82
32246,186,cat_1,186
32247,673,cat_2,673
32248,641,cat_3,641
32249,679,cat_4,679
32250,46,cat_0,46
32251,642,cat_1,642
32252,880,cat_2,880
32253,508,cat_3,508
32254,700,cat_4,700
32255,101,cat_0,101
32256,120,cat_1,120
32257,52,cat_2,52
32258,971,cat_3,971
32259,174,cat_4,174
32260,858,cat_0,858
32261,470,cat_1,470
32262,996,cat_2,996
32263,756,cat_3,756
32264,929,cat_4,929
32265,852,cat_0,852
32266,596,cat_1,596
32267,956,cat_2,956
32268,370,cat_3,370
32269,279,cat_4,279
32270,455,cat_0,455
32271,605,cat_1,605
32272,812,cat_2,812
32273,791,cat_3,791
32274,308,cat_4,308
32275,605,cat_0,605
32276,903,cat_1,903
32277,406,cat_2,406
32278,591,cat_3,591
32279,305,cat_4,305
32280,251,cat_0,251
32281,473,cat_1,473
32282,923,cat_2,923
32283,921,cat_3,921
32284,803,cat_4,803
32285,153,cat_0,153
32286,671,cat_1,671
32287,341,cat_2,341
32288,867,cat_3,867
32289,710,cat_4,710
32290,309,cat_0,309
32291,326,cat_1,326
32292,883,cat_2,883
32293,125,cat_3,125
32294,444,cat_4,444
32295,768,cat_0,768
32296,595,cat_1,595
32297,974,cat_2,974
32298,633,cat_3,633
32299,66,cat_4,66
32300,34,cat_0,34
32301,149,cat_1,149
32302,940,cat_2,940
32303,712,cat_3,712
32304,688,cat_4,688
32305,940,cat_0,940
32306,254,cat_1,254
32307,953,cat_2,953
32308,782,cat_3,782
32309,622,cat_4,622
32310,885,cat_0,885
32311,670,cat_1,670
32312,406,cat_2,406
32313,361,cat_3,361
32314,978,cat_4,978
32315,761,cat_0,761
32316,742,cat_1,742
32317,383,cat_2,383
32318,873,cat_3,873
32319,479,cat_4,479
32320,115,cat_0,115
32321,486,cat_1,486
32322,443,cat_2,443
32323,896,cat_3,896
32324,437,cat_4,437
32325,192,cat_0,192
32326,994,cat_1,994
32327,62,cat_2,62
32328,966,cat_3,966
32329,860,cat_4,860
32330,850,cat_0,850
32331,720,cat_1,720
32332,175,cat_2,175
32333,735,cat_3,735
32334,380,cat_4,380
32335,386,cat_0,386
32336,545,cat_1,545
32337,948,cat_2,948
32338,425,cat_3,425
32339,864,cat_4,864
32340,828,cat_0,828
32341,986,cat_1,986
32342,227,cat_2,227
32343,303,cat_3,303
32344,515,cat_4,515
32345,417,cat_0,417
32346,7,cat_1,7
32347,875,cat_2,875
32348,586,cat_3,586
32349,474,cat_4,474
32350,573,cat_0,573
32351,522,cat_1,522
32352,199,cat_2,199
32353,364,cat_3,364
32354,403,cat_4,403
32355,383,cat_0,383
32356,181,cat_1,181
32357,877,cat_2,877
32358,196,cat_3,196
32359,575,cat_4,575
32360,169,cat_0,169
32361,662,cat_1,662
32362,301,cat_2,301
32363,43,cat_3,43
32364,416,cat_4,416
32365,85,cat_0,85
32366,239,cat_1,239
32367,962,cat_2,962
32368,190,cat_3,190
32369,573,cat_4,573
32370,678,cat_0,678
32371,384,cat_1,384
32372,357,cat_2,357
32373,929,cat_3,929
32374,729,cat_4,729
32375,834,cat_0,834
32376,351,cat_1,351
32377,363,cat_2,363
32378,676,cat_3,676
32379,862,cat_4,862
32380,988,cat_0,988
32381,662,cat_1,662
32382,495,cat_2,495
32383,606,cat_3,606
32384,20,cat_4,20
32385,958,cat_0,958
32386,517,cat_1,517
32387,70,cat_2,70
32388,580,cat_3,580
32389,227,cat_4,227
32390,661,cat_0,661
32391,283,cat_1,283
32392,39,cat_2,39
32393,800,cat_3,800
32394,599,cat_4,599
32395,955,cat_0,955
32396,243,cat_1,243
32397,956,cat_2,956
32398,834,cat_3,834
32399,350,cat_4,350
32400,590,cat_0,590
32401,206,cat_1,206
32402,930,cat_2,930
32403,431,cat_3,431
32404,89,cat_4,89
32405,804,cat_0,804
32406,175,cat_1,175
32407,7,cat_2,7
32408,729,cat_3,729
32409,43,cat_4,43
32410,883,cat_0,883
32411,175,cat_1,175
32412,552,cat_2,552
32413,470,cat_3,470
32414,673,cat_4,673
32415,82,cat_0,82
32416,755,cat_1,755
32417,357,cat_2,357
32418,572,cat_3,572
32419,565,cat_4,565
32420,933,cat_0,933
32421,883,cat_1,883
32422,666,cat_2,666
32423,157,cat_3,157
32424,746,cat_4,746
32425,494,cat_0,494
32426,792,cat_1,792
32427,520,cat_2,520
32428,818,cat_3,818
32429,970,cat_4,970
32430,77,cat_0,77
32431,397,cat_1,397
32432,726,cat_2,726
32433,621,cat_3,621
32434,210,cat_4,210
32435,114,cat_0,114
32436,118,cat_1,118
32437,7,cat_2,7
32438,971,cat_3,971
32439,892,cat_4,892
32440,381,cat_0,381
32441,921,cat_1,921
32442,288,cat_2,288
32443,767,cat_3,767
32444,990,cat_4,990
32445,44,cat_0,44
32446,344,cat_1,344
32447,69,cat_2,69
32448,372,cat_3,372
32449,474,cat_4,474
32450,72,cat_0,72
32451,484,cat_1,484
32452,152,cat_2,152
32453,46,cat_3,46
32454,164,cat_4,164
32455,760,cat_0,760
32456,681,cat_1,681
32457,234,cat_2,234
32458,464,cat_3,464
32459,209,cat_4,209
32460,588,cat_0,588
32461,908,cat_1,908
32462,1000,cat_2,1000
32463,982,cat_3,982
32464,44,cat_4,44
32465,906,cat_0,906
32466,848,cat_1,848
32467,904,cat_2,904
32468,318,cat_3,318
32469,833,cat_4,833
32470,716,cat_0,716
32471,910,cat_1,910
32472,92,cat_2,92
32473,980,cat_3,980
32474,852,cat_4,852
32475,61,cat_0,61
32476,202,cat_1,202
32477,861,cat_2,861
32478,141,cat_3,141
32479,28,cat_4,28
32480,378,cat_0,378
32481,28,cat_1,28
32482,813,cat_2,813
32483,244,cat_3,244
32484,517,cat_4,517
32485,563,cat_0,563
32486,964,cat_1,964
32487,124,cat_2,124
32488,417,cat_3,417
32489,526,cat_4,526
32490,655,cat_0,655
32491,267,cat_1,267
32492,344,cat_2,344
32493,471,cat_3,471
32494,83,cat_4,83
32495,814,cat_0,814
32496,562,cat_1,562
32497,819,cat_2,819
32498,510,cat_3,510
32499,333,cat_4,333
32500,274,cat_0,274
32501,308,cat_1,308
32502,25,cat_2,25
32503,717,cat_3,717
32504,755,cat_4,755
32505,453,cat_0,453
32506,690,cat_1,690
32507,953,cat_2,953
32508,791,cat_3,791
32509,635,cat_4,635
32510,780,cat_0,780
32511,436,cat_1,436
32512,763,cat_2,763
32513,711,cat_3,711
32514,179,cat_4,179
32515,739,cat_0,739
32516,508,cat_1,508
32517,665,cat_2,665
32518,350,cat_3,350
32519,263,cat_4,263
32520,332,cat_0,332
32521,8,cat_1,8
32522,881,cat_2,881
32523,939,cat_3,939
32524,766,cat_4,766
32525,890,cat_0,890
32526,304,cat_1,304
32527,729,cat_2,729
32528,115,cat_3,115
32529,274,cat_4,274
32530,815,cat_0,815
32531,900,cat_1,900
32532,88,cat_2,88
32533,95,cat_3,95
32534,463,cat_4,463
32535,173,cat_0,173
32536,677,cat_1,677
32537,643,cat_2,643
32538,370,cat_3,370
32539,143,cat_4,143
32540,130,cat_0,130
32541,59,cat_1,59
32542,442,cat_2,442
32543,731,cat_3,731
32544,562,cat_4,562
32545,949,cat_0,949
32546,989,cat_1,989
32547,604,cat_2,604
32548,316,cat_3,316
32549,219,cat_4,219
32550,483,cat_0,483
32551,36,cat_1,36
32552,364,cat_2,364
32553,502,cat_3,502
32554,526,cat_4,526
32555,344,cat_0,344
32556,384,cat_1,384
32557,959,cat_2,959
32558,632,cat_3,632
32559,127,cat_4,127
32560,964,cat_0,964
32561,499,cat_1,499
32562,287,cat_2,287
32563,686,cat_3,686
32564,966,cat_4,966
32565,92,cat_0,92
32566,159,cat_1,159
32567,648,cat_2,648
32568,515,cat_3,515
32569,426,cat_4,426
32570,594,cat_0,594
32571,689,cat_1,689
32572,735,cat_2,735
32573,112,cat_3,112
32574,677,cat_4,677
32575,286,cat_0,286
32576,777,cat_1,777
32577,677,cat_2,677
32578,332,cat_3,332
32579,935,cat_4,935
32580,986,cat_0,986
32581,382,cat_1,382
32582,202,cat_2,202
32583,963,cat_3,963
32584,680,cat_4,680
32585,989,cat_0,989
32586,395,cat_1,395
32587,83,cat_2,83
32588,66,cat_3,66
32589,32,cat_4,32
32590,984,cat_0,984
32591,514,cat_1,514
32592,1000,cat_2,1000
32593,396,cat_3,396
32594,892,cat_4,892
32595,409,cat_0,409
32596,692,cat_1,692
32597,46,cat_2,46
32598,605,cat_3,605
32599,20,cat_4,20
32600,837,cat_0,837
32601,22,cat_1,22
32602,420,cat_2,420
32603,976,cat_3,976
32604,556,cat_4,556
32605,372,cat_0,372
32606,623,cat_1,623
32607,624,cat_2,624
32608,983,cat_3,983
32609,516,cat_4,516
32610,59,cat_0,59
32611,635,cat_1,635
32612,144,cat_2,144
32613,400,cat_3,400
32614,318,cat_4,318
32615,32,cat_0,32
32616,912,cat_1,912
32617,244,cat_2,244
32618,297,cat_3,297
32619,640,cat_4,640
32620,896,cat_0,896
32621,529,cat_1,529
32622,384,cat_2,384
32623,172,cat_3,172
32624,991,cat_4,991
32625,396,cat_0,396
32626,100,cat_1,100
32627,586,cat_2,586
32628,253,cat_3,253
32629,906,cat_4,906
32630,475,cat_0,475
32631,867,cat_1,867
32632,618,cat_2,618
32633,719,cat_3,719
32634,992,cat_4,992
32635,291,cat_0,291
32636,436,cat_1,436
32637,738,cat_2,738
32638,413,cat_3,413
32639,12,cat_4,12
32640,881,cat_0,881
32641,218,cat_1,218
32642,303,cat_2,303
32643,85,cat_3,85
32644,103,cat_4,103
32645,816,cat_0,816
32646,457,cat_1,457
32647,853,cat_2,853
32648,495,cat_3,495
32649,913,cat_4,913
32650,107,cat_0,107
32651,966,cat_1,966
32652,603,cat_2,603
32653,770,cat_3,770
32654,847,cat_4,847
32655,7,cat_0,7
32656,151,cat_1,151
32657,826,cat_2,826
32658,279,cat_3,279
32659,340,cat_4,340
32660,803,cat_0,803
32661,580,cat_1,580
32662,333,cat_2,333
32663,517,cat_3,517
32664,608,cat_4,608
32665,982,cat_0,982
32666,666,cat_1,666
32667,203,cat_2,203
32668,797,cat_3,797
32669,793,cat_4,793
32670,133,cat_0,133
32671,176,cat_1,176
32672,110,cat_2,110
32673,873,cat_3,873
32674,187,cat_4,187
32675,695,cat_0,695
32676,704,cat_1,704
32677,914,cat_2,914
32678,185,cat_3,185
32679,793,cat_4,793
32680,46,cat_0,46
32681,539,cat_1,539
32682,755,cat_2,755
32683,283,cat_3,283
32684,976,cat_4,976
32685,747,cat_0,747
32686,398,cat_1,398
32687,25,cat_2,25
32688,450,cat_3,450
32689,807,cat_4,807
32690,461,cat_0,461
32691,17,cat_1,17
32692,521,cat_2,521
32693,898,cat_3,898
32694,538,cat_4,538
32695,336,cat_0,336
32696,118,cat_1,118
32697,518,cat_2,518
32698,440,cat_3,440
32699,916,cat_4,916
32700,688,cat_0,688
32701,642,cat_1,642
32702,834,cat_2,834
32703,4,cat_3,4
32704,885,cat_4,885
32705,235,cat_0,235
32706,513,cat_1,513
32707,68,cat_2,68
32708,303,cat_3,303
32709,237,cat_4,237
32710,497,cat_0,497
32711,542,cat_1,542
32712,129,cat_2,129
32713,257,cat_3,257
32714,504,cat_4,504
32715,377,cat_0,377
32716,764,cat_1,764
32717,266,cat_2,266
32718,963,cat_3,963
32719,551,cat_4,551
32720,889,cat_0,889
32721,607,cat_1,607
32722,78,cat_2,78
32723,765,cat_3,765
32724,517,cat_4,517
32725,351,cat_0,351
32726,951,cat_1,951
32727,600,cat_2,600
32728,214,cat_3,214
32729,600,cat_4,600
32730,17,cat_0,17
32731,422,cat_1,422
32732,845,cat_2,845
32733,528,cat_3,528
32734,132,cat_4,132
32735,1000,cat_0,1000
32736,458,cat_1,458
32737,891,cat_2,891
32738,532,cat_3,532
32739,690,cat_4,690
32740,151,cat_0,151
32741,392,cat_1,392
32742,393,cat_2,393
32743,158,cat_3,158
32744,705,cat_4,705
32745,935,cat_0,935
32746,334,cat_1,334
32747,462,cat_2,462
32748,750,cat_3,750
32749,886,cat_4,886
32750,667,cat_0,667
32751,702,cat_1,702
32752,449,cat_2,449
32753,432,cat_3,432
32754,969,cat_4,969
32755,701,cat_0,701
32756,224,cat_1,224
32757,95,cat_2,95
32758,125,cat_3,125
32759,804,cat_4,804
32760,977,cat_0,977
32761,225,cat_1,225
32762,553,cat_2,553
32763,774,cat_3,774
32764,547,cat_4,547
32765,138,cat_0,138
32766,230,cat_1,230
32767,515,cat_2,515
32768,786,cat_3,786
32769,618,cat_4,618
32770,302,cat_0,302
32771,460,cat_1,460
32772,321,cat_2,321
32773,795,cat_3,795
32774,109,cat_4,109
32775,58,cat_0,58
32776,658,cat_1,658
32777,797,cat_2,797
32778,912,cat_3,912
32779,116,cat_4,116
32780,766,cat_0,766
32781,297,cat_1,297
32782,776,cat_2,776
32783,953,cat_3,953
32784,926,cat_4,926
32785,756,cat_0,756
32786,88,cat_1,88
32787,70,cat_2,70
32788,133,cat_3,133
32789,279,cat_4,279
32790,215,cat_0,215
32791,870,cat_1,870
32792,432,cat_2,432
32793,419,cat_3,419
32794,198,cat_4,198
32795,745,cat_0,745
32796,870,cat_1,870
32797,576,cat_2,576
32798,539,cat_3,539
32799,752,cat_4,752
32800,388,cat_0,388
32801,180,cat_1,180
32802,986,cat_2,986
32803,274,cat_3,274
32804,824,cat_4,824
32805,656,cat_0,656
32806,319,cat_1,319
32807,809,cat_2,809
32808,316,cat_3,316
32809,993,cat_4,993
32810,38,cat_0,38
32811,735,cat_1,735
32812,455,cat_2,455
32813,47,cat_3,47
32814,859,cat_4,859
32815,540,cat_0,540
32816,174,cat_1,174
32817,136,cat_2,136
32818,365,cat_3,365
32819,808,cat_4,808
32820,821,cat_0,821
32821,801,cat_1,801
32822,878,cat_2,878
32823,479,cat_3,479
32824,977,cat_4,977
32825,585,cat_0,585
32826,642,cat_1,642
32827,667,cat_2,667
32828,244,cat_3,244
32829,464,cat_4,464
32830,986,cat_0,986
32831,977,cat_1,977
32832,919,cat_2,919
32833,533,cat_3,533
32834,903,cat_4,903
32835,806,cat_0,806
32836,104,cat_1,104
32837,670,cat_2,670
32838,991,cat_3,991
32839,733,cat_4,733
32840,278,cat_0,278
32841,405,cat_1,405
32842,905,cat_2,905
32843,126,cat_3,126
32844,192,cat_4,192
32845,192,cat_0,192
32846,812,cat_1,812
32847,698,cat_2,698
32848,182,cat_3,182
32849,29,cat_4,29
32850,70,cat_0,70
32851,814,cat_1,814
32852,407,cat_2,407
32853,439,cat_3,439
32854,386,cat_4,386
32855,305,cat_0,305
32856,173,cat_1,173
32857,706,cat_2,706
32858,628,cat_3,628
32859,291,cat_4,291
32860,296,cat_0,296
32861,744,cat_1,744
32862,868,cat_2,868
32863,369,cat_3,369
32864,922,cat_4,922
32865,266,cat_0,266
32866,916,cat_1,916
32867,126,cat_2,126
32868,43,cat_3,43
32869,535,cat_4,535
32870,985,cat_0,985
32871,627,cat_1,627
32872,866,cat_2,866
32873,122,cat_3,122
32874,962,cat_4,962
32875,292,cat_0,292
32876,520,cat_1,520
32877,355,cat_2,355
32878,746,cat_3,746
32879,899,cat_4,899
32880,532,cat_0,532
32881,42,cat_1,42
32882,64,cat_2,64
32883,288,cat_3,288
32884,790,cat_4,790
32885,498,cat_0,498
32886,889,cat_1,889
32887,685,cat_2,685
32888,658,cat_3,658
32889,702,cat_4,702
32890,818,cat_0,818
32891,441,cat_1,441
32892,568,cat_2,568
32893,614,cat_3,614
32894,960,cat_4,960
32895,810,cat_0,810
32896,706,cat_1,706
32897,636,cat_2,636
32898,880,cat_3,880
32899,535,cat_4,535
32900,273,cat_0,273
32901,459,cat_1,459
32902,941,cat_2,941
32903,594,cat_3,594
32904,332,cat_4,332
32905,856,cat_0,856
32906,6,cat_1,6
32907,380,cat_2,380
32908,124,cat_3,124
32909,901,cat_4,901
32910,248,cat_0,248
32911,396,cat_1,396
32912,561,cat_2,561
32913,70,cat_3,70
32914,780,cat_4,780
32915,833,cat_0,833
32916,280,cat_1,280
32917,424,cat_2,424
32918,184,cat_3,184
32919,492,cat_4,492
32920,406,cat_0,406
32921,920,cat_1,920
32922,870,cat_2,870
32923,183,cat_3,183
32924,123,cat_4,123
32925,121,cat_0,121
32926,885,cat_1,885
32927,859,cat_2,859
32928,936,cat_3,936
32929,565,cat_4,565
32930,723,cat_0,723
32931,229,cat_1,229
32932,803,cat_2,803
32933,506,cat_3,506
32934,316,cat_4,316
32935,537,cat_0,537
32936,163,cat_1,163
32937,673,cat_2,673
32938,240,cat_3,240
32939,181,cat_4,181
32940,980,cat_0,980
32941,507,cat_1,507
32942,215,cat_2,215
32943,814,cat_3,814
32944,580,cat_4,580
32945,512,cat_0,512
32946,514,cat_1,514
32947,996,cat_2,996
32948,401,cat_3,401
32949,831,cat_4,831
32950,840,cat_0,840
32951,281,cat_1,281
32952,977,cat_2,977
32953,780,cat_3,780
32954,485,cat_4,485
32955,44,cat_0,44
32956,318,cat_1,318
32957,841,cat_2,841
32958,744,cat_3,744
32959,107,cat_4,107
32960,424,cat_0,424
32961,281,cat_1,281
32962,75,cat_2,75
32963,469,cat_3,469
32964,314,cat_4,314
32965,222,cat_0,222
32966,526,cat_1,526
32967,780,cat_2,780
32968,726,cat_3,726
32969,126,cat_4,126
32970,315,cat_0,315
32971,162,cat_1,162
32972,143,cat_2,143
32973,140,cat_3,140
32974,527,cat_4,527
32975,785,cat_0,785
32976,949,cat_1,949
32977,761,cat_2,761
32978,436,cat_3,436
32979,467,cat_4,467
32980,863,cat_0,863
32981,661,cat_1,661
32982,906,cat_2,906
32983,882,cat_3,882
32984,931,cat_4,931
32985,875,cat_0,875
32986,95,cat_1,95
32987,7,cat_2,7
32988,784,cat_3,784
32989,832,cat_4,832
32990,274,cat_0,274
32991,111,cat_1,111
32992,387,cat_2,387
32993,430,cat_3,430
32994,714,cat_4,714
32995,71,cat_0,71
32996,854,cat_1,854
32997,732,cat_2,732
32998,864,cat_3,864
32999,633,cat_4,633
33000,658,cat_0,658
33001,491,cat_1,491
33002,205,cat_2,205
33003,554,cat_3,554
33004,897,cat_4,897
33005,141,cat_0,141
33006,352,cat_1,352
33007,920,cat_2,920
33008,800,cat_3,800
33009,311,cat_4,311
33010,445,cat_0,445
33011,419,cat_1,419
33012,779,cat_2,779
33013,814,cat_3,814
33014,482,cat_4,482
33015,822,cat_0,822
33016,727,cat_1,727
33017,698,cat_2,698
33018,846,cat_3,846
33019,169,cat_4,169
33020,461,cat_0,461
33021,621,cat_1,621
33022,757,cat_2,757
33023,434,cat_3,434
33024,339,cat_4,339
33025,808,cat_0,808
33026,376,cat_1,376
33027,408,cat_2,408
33028,517,cat_3,517
33029,713,cat_4,713
33030,326,cat_0,326
33031,161,cat_1,161
33032,590,cat_2,590
33033,568,cat_3,568
33034,952,cat_4,952
33035,511,cat_0,511
33036,582,cat_1,582
33037,540,cat_2,540
33038,925,cat_3,925
33039,301,cat_4,301
33040,232,cat_0,232
33041,981,cat_1,981
33042,108,cat_2,108
33043,445,cat_3,445
33044,606,cat_4,606
33045,941,cat_0,941
33046,816,cat_1,816
33047,295,cat_2,295
33048,110,cat_3,110
33049,236,cat_4,236
33050,395,cat_0,395
33051,191,cat_1,191
33052,490,cat_2,490
33053,798,cat_3,798
33054,964,cat_4,964
33055,270,cat_0,270
33056,658,cat_1,658
33057,117,cat_2,117
33058,302,cat_3,302
33059,387,cat_4,387
33060,159,cat_0,159
33061,841,cat_1,841
33062,64,cat_2,64
33063,771,cat_3,771
33064,511,cat_4,511
33065,247,cat_0,247
33066,557,cat_1,557
33067,596,cat_2,596
33068,319,cat_3,319
33069,204,cat_4,204
33070,592,cat_0,592
33071,579,cat_1,579
33072,63,cat_2,63
33073,222,cat_3,222
33074,683,cat_4,683
33075,750,cat_0,750
33076,624,cat_1,624
33077,348,cat_2,348
33078,185,cat_3,185
33079,843,cat_4,843
33080,948,cat_0,948
33081,926,cat_1,926
33082,423,cat_2,423
33083,996,cat_3,996
33084,271,cat_4,271
33085,510,cat_0,510
33086,359,cat_1,359
33087,948,cat_2,948
33088,739,cat_3,739
33089,875,cat_4,875
33090,23,cat_0,23
33091,283,cat_1,283
33092,794,cat_2,794
33093,420,cat_3,420
33094,636,cat_4,636
33095,594,cat_0,594
33096,870,cat_1,870
33097,166,cat_2,166
33098,493,cat_3,493
33099,757,cat_4,757
33100,359,cat_0,359
33101,249,cat_1,249
33102,501,cat_2,501
33103,57,cat_3,57
33104,540,cat_4,540
33105,44,cat_0,44
33106,369,cat_1,369
33107,666,cat_2,666
33108,964,cat_3,964
33109,403,cat_4,403
33110,219,cat_0,219
33111,750,cat_1,750
33112,735,cat_2,735
33113,131,cat_3,131
33114,277,cat_4,277
33115,980,cat_0,980
33116,138,cat_1,138
33117,844,cat_2,844
33118,183,cat_3,183
33119,338,cat_4,338
33120,194,cat_0,194
33121,98,cat_1,98
33122,556,cat_2,556
33123,91,cat_3,91
33124,29,cat_4,29
33125,35,cat_0,35
33126,53,cat_1,53
33127,889,cat_2,889
33128,307,cat_3,307
33129,631,cat_4,631
33130,94,cat_0,94
33131,515,cat_1,515
33132,240,cat_2,240
33133,683,cat_3,683
33134,990,cat_4,990
33135,656,cat_0,656
33136,723,cat_1,723
33137,657,cat_2,657
33138,320,cat_3,320
33139,350,cat_4,350
33140,172,cat_0,172
33141,804,cat_1,804
33142,37,cat_2,37
33143,802,cat_3,802
33144,273,cat_4,273
33145,62,cat_0,62
33146,804,cat_1,804
33147,791,cat_2,791
33148,302,cat_3,302
33149,334,cat_4,334
33150,454,cat_0,454
33151,186,cat_1,186
33152,275,cat_2,275
33153,86,cat_3,86
33154,239,cat_4,239
33155,467,cat_0,467
33156,755,cat_1,755
33157,540,cat_2,540
33158,373,cat_3,373
33159,915,cat_4,915
33160,317,cat_0,317
33161,841,cat_1,841
33162,69,cat_2,69
33163,624,cat_3,624
33164,380,cat_4,380
33165,644,cat_0,644
33166,879,cat_1,879
33167,847,cat_2,847
33168,111,cat_3,111
33169,397,cat_4,397
33170,833,cat_0,833
33171,593,cat_1,593
33172,432,cat_2,432
33173,587,cat_3,587
33174,907,cat_4,907
33175,259,cat_0,259
33176,126,cat_1,126
33177,321,cat_2,321
33178,692,cat_3,692
33179,25,cat_4,25
33180,709,cat_0,709
33181,623,cat_1,623
33182,232,cat_2,232
33183,502,cat_3,502
33184,891,cat_4,891
33185,421,cat_0,421
33186,682,cat_1,682
33187,49,cat_2,49
33188,482,cat_3,482
33189,431,cat_4,431
33190,736,cat_0,736
33191,14,cat_1,14
33192,315,cat_2,315
33193,903,cat_3,903
33194,691,cat_4,691
33195,101,cat_0,101
33196,48,cat_1,48
33197,514,cat_2,514
33198,836,cat_3,836
33199,876,cat_4,876
33200,775,cat_0,775
33201,456,cat_1,456
33202,367,cat_2,367
33203,197,cat_3,197
33204,81,cat_4,81
33205,879,cat_0,879
33206,230,cat_1,230
33207,971,cat_2,971
33208,410,cat_3,410
33209,380,cat_4,380
33210,241,cat_0,241
33211,691,cat_1,691
33212,528,cat_2,528
33213,822,cat_3,822
33214,555,cat_4,555
33215,169,cat_0,169
33216,65,cat_1,65
33217,156,cat_2,156
33218,278,cat_3,278
33219,373,cat_4,373
33220,729,cat_0,729
33221,990,cat_1,990
33222,731,cat_2,731
33223,195,cat_3,195
33224,668,cat_4,668
33225,41,cat_0,41
33226,693,cat_1,693
33227,78,cat_2,78
33228,415,cat_3,415
33229,535,cat_4,535
33230,324,cat_0,324
33231,208,cat_1,208
33232,687,cat_2,687
33233,702,cat_3,702
33234,528,cat_4,528
33235,949,cat_0,949
33236,959,cat_1,959
33237,424,cat_2,424
33238,620,cat_3,620
33239,120,cat_4,120
33240,787,cat_0,787
33241,575,cat_1,575
33242,400,cat_2,400
33243,928,cat_3,928
33244,123,cat_4,123
33245,503,cat_0,503
33246,407,cat_1,407
33247,571,cat_2,571
33248,381,cat_3,381
33249,436,cat_4,436
33250,294,cat_0,294
33251,616,cat_1,616
33252,587,cat_2,587
33253,951,cat_3,951
33254,513,cat_4,513
33255,381,cat_0,381
33256,256,cat_1,256
33257,211,cat_2,211
33258,263,cat_3,263
33259,826,cat_4,826
33260,139,cat_0,139
33261,259,cat_1,259
33262,381,cat_2,381
33263,130,cat_3,130
33264,430,cat_4,430
33265,223,cat_0,223
33266,801,cat_1,801
33267,797,cat_2,797
33268,754,cat_3,754
33269,165,cat_4,165
33270,588,cat_0,588
33271,837,cat_1,837
33272,642,cat_2,642
33273,84,cat_3,84
33274,8,cat_4,8
33275,877,cat_0,877
33276,593,cat_1,593
33277,115,cat_2,115
33278,678,cat_3,678
33279,574,cat_4,574
33280,734,cat_0,734
33281,365,cat_1,365
33282,100,cat_2,100
33283,932,cat_3,932
33284,11,cat_4,11
33285,286,cat_0,286
33286,771,cat_1,771
33287,712,cat_2,712
33288,31,cat_3,31
33289,878,cat_4,878
33290,35,cat_0,35
33291,378,cat_1,378
33292,528,cat_2,528
33293,451,cat_3,451
33294,387,cat_4,387
33295,6,cat_0,6
33296,119,cat_1,119
33297,924,cat_2,924
33298,739,cat_3,739
33299,544,cat_4,544
33300,451,cat_0,451
33301,275,cat_1,275
33302,492,cat_2,492
33303,57,cat_3,57
33304,156,cat_4,156
33305,333,cat_0,333
33306,501,cat_1,501
33307,100,cat_2,100
33308,565,cat_3,565
33309,436,cat_4,436
33310,728,cat_0,728
33311,167,cat_1,167
33312,660,cat_2,660
33313,571,cat_3,571
33314,318,cat_4,318
33315,875,cat_0,875
33316,55,cat_1,55
33317,644,cat_2,644
33318,11,cat_3,11
33319,428,cat_4,428
33320,995,cat_0,995
33321,953,cat_1,953
33322,609,cat_2,609
33323,23,cat_3,23
33324,735,cat_4,735
33325,443,cat_0,443
33326,78,cat_1,78
33327,819,cat_2,819
33328,388,cat_3,388
33329,921,cat_4,921
33330,573,cat_0,573
33331,288,cat_1,288
33332,386,cat_2,386
33333,960,cat_3,960
33334,417,cat_4,417
33335,990,cat_0,990
33336,94,cat_1,94
33337,750,cat_2,750
33338,716,cat_3,716
33339,594,cat_4,594
33340,688,cat_0,688
33341,586,cat_1,586
33342,703,cat_2,703
33343,741,cat_3,741
33344,364,cat_4,364
33345,230,cat_0,230
33346,461,cat_1,461
33347,231,cat_2,231
33348,340,cat_3,340
33349,813,cat_4,813
33350,269,cat_0,269
33351,475,cat_1,475
33352,601,cat_2,601
33353,668,cat_3,668
33354,198,cat_4,198
33355,591,cat_0,591
33356,400,cat_1,400
33357,32,cat_2,32
33358,338,cat_3,338
33359,55,cat_4,55
33360,103,cat_0,103
33361,774,cat_1,774
33362,865,cat_2,865
33363,457,cat_3,457
33364,476,cat_4,476
33365,100,cat_0,100
33366,375,cat_1,375
33367,600,cat_2,600
33368,47,cat_3,47
33369,854,cat_4,854
33370,232,cat_0,232
33371,547,cat_1,547
33372,974,cat_2,974
33373,93,cat_3,93
33374,89,cat_4,89
33375,29,cat_0,29
33376,55,cat_1,55
33377,550,cat_2,550
33378,964,cat_3,964
33379,806,cat_4,806
33380,158,cat_0,158
33381,868,cat_1,868
33382,434,cat_2,434
33383,615,cat_3,615
33384,670,cat_4,670
33385,684,cat_0,684
33386,829,cat_1,829
33387,214,cat_2,214
33388,381,cat_3,381
33389,471,cat_4,471
33390,915,cat_0,915
33391,865,cat_1,865
33392,639,cat_2,639
33393,964,cat_3,964
33394,406,cat_4,406
33395,471,cat_0,471
33396,226,cat_1,226
33397,283,cat_2,283
33398,496,cat_3,496
33399,271,cat_4,271
33400,103,cat_0,103
33401,633,cat_1,633
33402,706,cat_2,706
33403,256,cat_3,256
33404,825,cat_4,825
33405,299,cat_0,299
33406,901,cat_1,901
33407,216,cat_2,216
33408,215,cat_3,215
33409,936,cat_4,936
33410,41,cat_0,41
33411,201,cat_1,201
33412,659,cat_2,659
33413,802,cat_3,802
33414,869,cat_4,869
33415,214,cat_0,214
33416,737,cat_1,737
33417,545,cat_2,545
33418,794,cat_3,794
33419,577,cat_4,577
33420,740,cat_0,740
33421,351,cat_1,351
33422,391,cat_2,391
33423,901,cat_3,901
33424,303,cat_4,303
33425,871,cat_0,871
33426,933,cat_1,933
33427,231,cat_2,231
33428,978,cat_3,978
33429,549,cat_4,549
33430,742,cat_0,742
33431,700,cat_1,700
33432,612,cat_2,612
33433,614,cat_3,614
33434,709,cat_4,709
33435,892,cat_0,892
33436,544,cat_1,544
33437,241,cat_2,241
33438,828,cat_3,828
33439,118,cat_4,118
33440,136,cat_0,136
33441,69,cat_1,69
33442,737,cat_2,737
33443,164,cat_3,164
33444,90,cat_4,90
33445,329,cat_0,329
33446,308,cat_1,308
33447,849,cat_2,849
33448,58,cat_3,58
33449,77,cat_4,77
33450,923,cat_0,923
33451,90,cat_1,90
33452,146,cat_2,146
33453,702,cat_3,702
33454,206,cat_4,206
33455,73,cat_0,73
33456,89,cat_1,89
33457,650,cat_2,650
33458,471,cat_3,471
33459,97,cat_4,97
33460,858,cat_0,858
33461,902,cat_1,902
33462,496,cat_2,496
33463,187,cat_3,187
33464,229,cat_4,229
33465,191,cat_0,191
33466,517,cat_1,517
33467,519,cat_2,519
33468,520,cat_3,520
33469,577,cat_4,577
33470,616,cat_0,616
33471,913,cat_1,913
33472,280,cat_2,280
33473,588,cat_3,588
33474,954,cat_4,954
33475,975,cat_0,975
33476,56,cat_1,56
33477,855,cat_2,855
33478,432,cat_3,432
33479,423,cat_4,423
33480,771,cat_0,771
33481,198,cat_1,198
33482,650,cat_2,650
33483,670,cat_3,670
33484,21,cat_4,21
33485,739,cat_0,739
33486,851,cat_1,851
33487,587,cat_2,587
33488,578,cat_3,578
33489,785,cat_4,785
33490,699,cat_0,699
33491,155,cat_1,155
33492,469,cat_2,469
33493,670,cat_3,670
33494,668,cat_4,668
33495,143,cat_0,143
33496,649,cat_1,649
33497,733,cat_2,733
33498,46,cat_3,46
33499,941,cat_4,941
33500,495,cat_0,495
33501,819,cat_1,819
33502,299,cat_2,299
33503,623,cat_3,623
33504,753,cat_4,753
33505,119,cat_0,119
33506,651,cat_1,651
33507,950,cat_2,950
33508,49,cat_3,49
33509,87,cat_4,87
33510,588,cat_0,588
33511,215,cat_1,215
33512,192,cat_2,192
33513,223,cat_3,223
33514,984,cat_4,984
33515,398,cat_0,398
33516,486,cat_1,486
33517,265,cat_2,265
33518,885,cat_3,885
33519,199,cat_4,199
33520,332,cat_0,332
33521,786,cat_1,786
33522,494,cat_2,494
33523,239,cat_3,239
33524,720,cat_4,720
33525,227,cat_0,227
33526,282,cat_1,282
33527,650,cat_2,650
33528,651,cat_3,651
33529,215,cat_4,215
33530,804,cat_0,804
33531,515,cat_1,515
33532,774,cat_2,774
33533,380,cat_3,380
33534,310,cat_4,310
33535,512,cat_0,512
33536,670,cat_1,670
33537,260,cat_2,260
33538,373,cat_3,373
33539,287,cat_4,287
33540,633,cat_0,633
33541,984,cat_1,984
33542,253,cat_2,253
33543,619,cat_3,619
33544,729,cat_4,729
33545,390,cat_0,390
33546,553,cat_1,553
33547,252,cat_2,252
33548,511,cat_3,511
33549,7,cat_4,7
33550,623,cat_0,623
33551,261,cat_1,261
33552,787,cat_2,787
33553,586,cat_3,586
33554,232,cat_4,232
33555,123,cat_0,123
33556,268,cat_1,268
33557,953,cat_2,953
33558,601,cat_3,601
33559,337,cat_4,337
33560,818,cat_0,818
33561,167,cat_1,167
33562,727,cat_2,727
33563,665,cat_3,665
33564,26,cat_4,26
33565,241,cat_0,241
33566,985,cat_1,985
33567,916,cat_2,916
33568,232,cat_3,232
33569,45,cat_4,45
33570,923,cat_0,923
33571,468,cat_1,468
33572,567,cat_2,567
33573,560,cat_3,560
33574,476,cat_4,476
33575,513,cat_0,513
33576,636,cat_1,636
33577,941,cat_2,941
33578,707,cat_3,707
33579,619,cat_4,619
33580,836,cat_0,836
33581,691,cat_1,691
33582,217,cat_2,217
33583,208,cat_3,208
33584,201,cat_4,201
33585,974,cat_0,974
33586,492,cat_1,492
33587,747,cat_2,747
33588,292,cat_3,292
33589,693,cat_4,693
33590,824,cat_0,824
33591,554,cat_1,554
33592,666,cat_2,666
33593,227,cat_3,227
33594,881,cat_4,881
33595,280,cat_0,280
33596,665,cat_1,665
33597,571,cat_2,571
33598,269,cat_3,269
33599,194,cat_4,194
33600,681,cat_0,681
33601,679,cat_1,679
33602,228,cat_2,228
33603,337,cat_3,337
33604,951,cat_4,951
33605,141,cat_0,141
33606,153,cat_1,153
33607,452,cat_2,452
33608,672,cat_3,672
33609,233,cat_4,233
33610,587,cat_0,587
33611,874,cat_1,874
33612,477,cat_2,477
33613,557,cat_3,557
33614,530,cat_4,530
33615,610,cat_0,610
33616,648,cat_1,648
33617,450,cat_2,450
33618,247,cat_3,247
33619,501,cat_4,501
33620,581,cat_0,581
33621,697,cat_1,697
33622,26,cat_2,26
33623,283,cat_3,283
33624,217,cat_4,217
33625,418,cat_0,418
33626,772,cat_1,772
33627,297,cat_2,297
33628,295,cat_3,295
33629,95,cat_4,95
33630,139,cat_0,139
33631,676,cat_1,676
33632,343,cat_2,343
33633,201,cat_3,201
33634,545,cat_4,545
33635,898,cat_0,898
33636,801,cat_1,801
33637,215,cat_2,215
33638,414,cat_3,414
33639,605,cat_4,605
33640,775,cat_0,775
33641,886,cat_1,886
33642,546,cat_2,546
33643,848,cat_3,848
33644,751,cat_4,751
33645,690,cat_0,690
33646,277,cat_1,277
33647,475,cat_2,475
33648,961,cat_3,961
33649,818,cat_4,818
33650,206,cat_0,206
33651,386,cat_1,386
33652,51,cat_2,51
33653,553,cat_3,553
33654,292,cat_4,292
33655,99,cat_0,99
33656,176,cat_1,176
33657,654,cat_2,654
33658,109,cat_3,109
33659,292,cat_4,292
33660,190,cat_0,190
33661,764,cat_1,764
33662,876,cat_2,876
33663,766,cat_3,766
33664,854,cat_4,854
33665,363,cat_0,363
33666,420,cat_1,420
33667,980,cat_2,980
33668,549,cat_3,549
33669,700,cat_4,700
33670,671,cat_0,671
33671,381,cat_1,381
33672,985,cat_2,985
33673,773,cat_3,773
33674,23,cat_4,23
33675,433,cat_0,433
33676,855,cat_1,855
33677,502,cat_2,502
33678,162,cat_3,162
33679,511,cat_4,511
33680,224,cat_0,224
33681,261,cat_1,261
33682,414,cat_2,414
33683,265,cat_3,265
33684,997,cat_4,997
33685,671,cat_0,671
33686,737,cat_1,737
33687,551,cat_2,551
33688,704,cat_3,704
33689,275,cat_4,275
33690,152,cat_0,152
33691,487,cat_1,487
33692,101,cat_2,101
33693,381,cat_3,381
33694,137,cat_4,137
33695,335,cat_0,335
33696,870,cat_1,870
33697,566,cat_2,566
33698,68,cat_3,68
33699,360,cat_4,360
33700,256,cat_0,256
33701,474,cat_1,474
33702,189,cat_2,189
33703,222,cat_3,222
33704,719,cat_4,719
33705,319,cat_0,319
33706,842,cat_1,842
33707,775,cat_2,775
33708,808,cat_3,808
33709,718,cat_4,718
33710,553,cat_0,553
33711,108,cat_1,108
33712,353,cat_2,353
33713,776,cat_3,776
33714,17,cat_4,17
33715,191,cat_0,191
33716,761,cat_1,761
33717,324,cat_2,324
33718,197,cat_3,197
33719,435,cat_4,435
33720,522,cat_0,522
33721,360,cat_1,360
33722,562,cat_2,562
33723,864,cat_3,864
33724,253,cat_4,253
33725,427,cat_0,427
33726,444,cat_1,444
33727,252,cat_2,252
33728,968,cat_3,968
33729,645,cat_4,645
33730,135,cat_0,135
33731,651,cat_1,651
33732,477,cat_2,477
33733,609,cat_3,609
33734,871,cat_4,871
33735,576,cat_0,576
33736,738,cat_1,738
33737,438,cat_2,438
33738,147,cat_3,147
33739,814,cat_4,814
33740,951,cat_0,951
33741,26,cat_1,26
33742,969,cat_2,969
33743,155,cat_3,155
33744,586,cat_4,586
33745,903,cat_0,903
33746,956,cat_1,956
33747,325,cat_2,325
33748,844,cat_3,844
33749,412,cat_4,412
33750,619,cat_0,619
33751,144,cat_1,144
33752,539,cat_2,539
33753,925,cat_3,925
33754,447,cat_4,447
33755,290,cat_0,290
33756,745,cat_1,745
33757,770,cat_2,770
33758,260,cat_3,260
33759,261,cat_4,261
33760,972,cat_0,972
33761,681,cat_1,681
33762,713,cat_2,713
33763,794,cat_3,794
33764,960,cat_4,960
33765,528,cat_0,528
33766,645,cat_1,645
33767,755,cat_2,755
33768,692,cat_3,692
33769,740,cat_4,740
33770,927,cat_0,927
33771,672,cat_1,672
33772,541,cat_2,541
33773,824,cat_3,824
33774,115,cat_4,115
33775,145,cat_0,145
33776,393,cat_1,393
33777,385,cat_2,385
33778,517,cat_3,517
33779,493,cat_4,493
33780,679,cat_0,679
33781,76,cat_1,76
33782,959,cat_2,959
33783,59,cat_3,59
33784,993,cat_4,993
33785,995,cat_0,995
33786,91,cat_1,91
33787,344,cat_2,344
33788,472,cat_3,472
33789,352,cat_4,352
33790,401,cat_0,401
33791,757,cat_1,757
33792,228,cat_2,228
33793,750,cat_3,750
33794,48,cat_4,48
33795,412,cat_0,412
33796,771,cat_1,771
33797,692,cat_2,692
33798,465,cat_3,465
33799,399,cat_4,399
33800,659,cat_0,659
33801,89,cat_1,89
33802,478,cat_2,478
33803,801,cat_3,801
33804,353,cat_4,353
33805,814,cat_0,814
33806,981,cat_1,981
33807,734,cat_2,734
33808,79,cat_3,79
33809,785,cat_4,785
33810,556,cat_0,556
33811,896,cat_1,896
33812,677,cat_2,677
33813,669,cat_3,669
33814,636,cat_4,636
33815,919,cat_0,919
33816,715,cat_1,715
33817,845,cat_2,845
33818,142,cat_3,142
33819,321,cat_4,321
33820,599,cat_0,599
33821,749,cat_1,749
33822,447,cat_2,447
33823,508,cat_3,508
33824,384,cat_4,384
33825,320,cat_0,320
33826,725,cat_1,725
33827,231,cat_2,231
33828,643,cat_3,643
33829,468,cat_4,468
33830,505,cat_0,505
33831,977,cat_1,977
33832,308,cat_2,308
33833,978,cat_3,978
33834,208,cat_4,208
33835,227,cat_0,227
33836,794,cat_1,794
33837,577,cat_2,577
33838,487,cat_3,487
33839,779,cat_4,779
33840,481,cat_0,481
33841,971,cat_1,971
33842,516,cat_2,516
33843,807,cat_3,807
33844,294,cat_4,294
33845,829,cat_0,829
33846,385,cat_1,385
33847,425,cat_2,425
33848,3,cat_3,3
33849,902,cat_4,902
33850,372,cat_0,372
33851,213,cat_1,213
33852,125,cat_2,125
33853,37,cat_3,37
33854,29,cat_4,29
33855,89,cat_0,89
33856,490,cat_1,490
33857,702,cat_2,702
33858,300,cat_3,300
33859,28,cat_4,28
33860,602,cat_0,602
33861,286,cat_1,286
33862,176,cat_2,176
33863,791,cat_3,791
33864,752,cat_4,752
33865,346,cat_0,346
33866,285,cat_1,285
33867,450,cat_2,450
33868,61,cat_3,61
33869,396,cat_4,396
33870,769,cat_0,769
33871,384,cat_1,384
33872,564,cat_2,564
33873,386,cat_3,386
33874,862,cat_4,862
33875,410,cat_0,410
33876,88,cat_1,88
33877,38,cat_2,38
33878,902,cat_3,902
33879,497,cat_4,497
33880,639,cat_0,639
33881,205,cat_1,205
33882,85,cat_2,85
33883,88,cat_3,88
33884,938,cat_4,938
33885,412,cat_0,412
33886,755,cat_1,755
33887,794,cat_2,794
33888,128,cat_3,128
33889,428,cat_4,428
33890,962,cat_0,962
33891,148,cat_1,148
33892,5,cat_2,5
33893,986,cat_3,986
33894,660,cat_4,660
33895,607,cat_0,607
33896,304,cat_1,304
33897,3,cat_2,3
33898,809,cat_3,809
33899,279,cat_4,279
33900,70,cat_0,70
33901,442,cat_1,442
33902,372,cat_2,372
33903,497,cat_3,497
33904,916,cat_4,916
33905,330,cat_0,330
33906,747,cat_1,747
33907,508,cat_2,508
33908,543,cat_3,543
33909,742,cat_4,742
33910,427,cat_0,427
33911,624,cat_1,624
33912,826,cat_2,826
33913,707,cat_3,707
33914,544,cat_4,544
33915,49,cat_0,49
33916,167,cat_1,167
33917,243,cat_2,243
33918,493,cat_3,493
33919,488,cat_4,488
33920,61,cat_0,61
33921,610,cat_1,610
33922,190,cat_2,190
33923,239,cat_3,239
33924,429,cat_4,429
33925,353,cat_0,353
33926,203,cat_1,203
33927,584,cat_2,584
33928,73,cat_3,73
33929,720,cat_4,720
33930,181,cat_0,181
33931,258,cat_1,258
33932,560,cat_2,560
33933,783,cat_3,783
33934,570,cat_4,570
33935,747,cat_0,747
33936,423,cat_1,423
33937,69,cat_2,69
33938,533,cat_3,533
33939,633,cat_4,633
33940,604,cat_0,604
33941,187,cat_1,187
33942,938,cat_2,938
33943,53,cat_3,53
33944,350,cat_4,350
33945,690,cat_0,690
33946,216,cat_1,216
33947,594,cat_2,594
33948,772,cat_3,772
33949,404,cat_4,404
33950,310,cat_0,310
33951,70,cat_1,70
33952,471,cat_2,471
33953,214,cat_3,214
33954,122,cat_4,122
33955,713,cat_0,713
33956,608,cat_1,608
33957,737,cat_2,737
33958,63,cat_3,63
33959,474,cat_4,474
33960,85,cat_0,85
33961,954,cat_1,954
33962,4,cat_2,4
33963,500,cat_3,500
33964,679,cat_4,679
33965,684,cat_0,684
33966,261,cat_1,261
33967,886,cat_2,886
33968,724,cat_3,724
33969,503,cat_4,503
33970,525,cat_0,525
33971,800,cat_1,800
33972,790,cat_2,790
33973,982,cat_3,982
33974,629,cat_4,629
33975,117,cat_0,117
33976,422,cat_1,422
33977,762,cat_2,762
33978,837,cat_3,837
33979,587,cat_4,587
33980,335,cat_0,335
33981,496,cat_1,496
33982,692,cat_2,692
33983,797,cat_3,797
33984,520,cat_4,520
33985,398,cat_0,398
33986,397,cat_1,397
33987,235,cat_2,235
33988,915,cat_3,915
33989,464,cat_4,464
33990,34,cat_0,34
33991,767,cat_1,767
33992,95,cat_2,95
33993,309,cat_3,309
33994,362,cat_4,362
33995,273,cat_0,273
33996,287,cat_1,287
33997,501,cat_2,501
33998,468,cat_3,468
33999,185,cat_4,185
34000,704,cat_0,704
34001,359,cat_1,359
34002,167,cat_2,167
34003,482,cat_3,482
34004,550,cat_4,550
34005,437,cat_0,437
34006,381,cat_1,381
34007,391,cat_2,391
34008,168,cat_3,168
34009,886,cat_4,886
34010,922,cat_0,922
34011,646,cat_1,646
34012,410,cat_2,410
34013,83,cat_3,83
34014,309,cat_4,309
34015,640,cat_0,640
34016,233,cat_1,233
34017,744,cat_2,744
34018,291,cat_3,291
34019,107,cat_4,107
34020,579,cat_0,579
34021,889,cat_1,889
34022,318,cat_2,318
34023,97,cat_3,97
34024,314,cat_4,314
34025,273,cat_0,273
34026,991,cat_1,991
34027,514,cat_2,514
34028,563,cat_3,563
34029,43,cat_4,43
34030,399,cat_0,399
34031,759,cat_1,759
34032,770,cat_2,770
34033,161,cat_3,161
34034,318,cat_4,318
34035,819,cat_0,819
34036,775,cat_1,775
34037,869,cat_2,869
34038,153,cat_3,153
34039,55,cat_4,55
34040,777,cat_0,777
34041,896,cat_1,896
34042,251,cat_2,251
34043,339,cat_3,339
34044,117,cat_4,117
34045,12,cat_0,12
34046,976,cat_1,976
34047,220,cat_2,220
34048,720,cat_3,720
34049,261,cat_4,261
34050,467,cat_0,467
34051,621,cat_1,621
34052,175,cat_2,175
34053,394,cat_3,394
34054,488,cat_4,488
34055,817,cat_0,817
34056,200,cat_1,200
34057,714,cat_2,714
34058,521,cat_3,521
34059,406,cat_4,406
34060,929,cat_0,929
34061,493,cat_1,493
34062,57,cat_2,57
34063,14,cat_3,14
34064,412,cat_4,412
34065,159,cat_0,159
34066,313,cat_1,313
34067,441,cat_2,441
34068,305,cat_3,305
34069,193,cat_4,193
34070,835,cat_0,835
34071,269,cat_1,269
34072,65,cat_2,65
34073,184,cat_3,184
34074,983,cat_4,983
34075,442,cat_0,442
34076,1,cat_1,1
34077,656,cat_2,656
34078,938,cat_3,938
34079,588,cat_4,588
34080,268,cat_0,268
34081,176,cat_1,176
34082,710,cat_2,710
34083,394,cat_3,394
34084,399,cat_4,399
34085,480,cat_0,480
34086,98,cat_1,98
34087,418,cat_2,418
34088,794,cat_3,794
34089,41,cat_4,41
34090,275,cat_0,275
34091,212,cat_1,212
34092,554,cat_2,554
34093,531,cat_3,531
34094,956,cat_4,956
34095,784,cat_0,784
34096,683,cat_1,683
34097,455,cat_2,455
34098,653,cat_3,653
34099,8,cat_4,8
34100,407,cat_0,407
34101,802,cat_1,802
34102,356,cat_2,356
34103,873,cat_3,873
34104,359,cat_4,359
34105,993,cat_0,993
34106,840,cat_1,840
34107,953,cat_2,953
34108,875,cat_3,875
34109,529,cat_4,529
34110,276,cat_0,276
34111,918,cat_1,918
34112,482,cat_2,482
34113,560,cat_3,560
34114,265,cat_4,265
34115,342,cat_0,342
34116,42,cat_1,42
34117,787,cat_2,787
34118,410,cat_3,410
34119,140,cat_4,140
34120,977,cat_0,977
34121,967,cat_1,967
34122,177,cat_2,177
34123,394,cat_3,394
34124,66,cat_4,66
34125,731,cat_0,731
34126,531,cat_1,531
34127,176,cat_2,176
34128,119,cat_3,119
34129,15,cat_4,15
34130,608,cat_0,608
34131,379,cat_1,379
34132,682,cat_2,682
34133,221,cat_3,221
34134,915,cat_4,915
34135,811,cat_0,811
34136,661,cat_1,661
34137,714,cat_2,714
34138,187,cat_3,187
34139,334,cat_4,334
34140,670,cat_0,670
34141,717,cat_1,717
34142,970,cat_2,970
34143,986,cat_3,986
34144,222,cat_4,222
34145,943,cat_0,943
34146,817,cat_1,817
34147,886,cat_2,886
34148,643,cat_3,643
34149,36,cat_4,36
34150,511,cat_0,511
34151,122,cat_1,122
34152,453,cat_2,453
34153,345,cat_3,345
34154,406,cat_4,406
34155,698,cat_0,698
34156,842,cat_1,842
34157,160,cat_2,160
34158,88,cat_3,88
34159,70,cat_4,70
34160,950,cat_0,950
34161,336,cat_1,336
34162,29,cat_2,29
34163,128,cat_3,128
34164,217,cat_4,217
34165,417,cat_0,417
34166,743,cat_1,743
34167,652,cat_2,652
34168,681,cat_3,681
34169,943,cat_4,943
34170,378,cat_0,378
34171,785,cat_1,785
34172,367,cat_2,367
34173,514,cat_3,514
34174,838,cat_4,838
34175,954,cat_0,954
34176,464,cat_1,464
34177,378,cat_2,378
34178,653,cat_3,653
34179,846,cat_4,846
34180,472,cat_0,472
34181,64,cat_1,64
34182,711,cat_2,711
34183,915,cat_3,915
34184,691,cat_4,691
34185,299,cat_0,299
34186,957,cat_1,957
34187,91,cat_2,91
34188,466,cat_3,466
34189,854,cat_4,854
34190,547,cat_0,547
34191,236,cat_1,236
34192,980,cat_2,980
34193,765,cat_3,765
34194,722,cat_4,722
34195,485,cat_0,485
34196,858,cat_1,858
34197,829,cat_2,829
34198,964,cat_3,964
34199,702,cat_4,702
34200,948,cat_0,948
34201,69,cat_1,69
34202,518,cat_2,518
34203,338,cat_3,338
34204,517,cat_4,517
34205,587,cat_0,587
34206,446,cat_1,446
34207,480,cat_2,480
34208,845,cat_3,845
34209,872,cat_4,872
34210,442,cat_0,442
34211,42,cat_1,42
34212,649,cat_2,649
34213,308,cat_3,308
34214,409,cat_4,409
34215,729,cat_0,729
34216,206,cat_1,206
34217,262,cat_2,262
34218,374,cat_3,374
34219,208,cat_4,208
34220,452,cat_0,452
34221,181,cat_1,181
34222,839,cat_2,839
34223,140,cat_3,140
34224,971,cat_4,971
34225,151,cat_0,151
34226,986,cat_1,986
34227,264,cat_2,264
34228,152,cat_3,152
34229,16,cat_4,16
34230,573,cat_0,573
34231,309,cat_1,309
34232,216,cat_2,216
34233,547,cat_3,547
34234,843,cat_4,843
34235,556,cat_0,556
34236,312,cat_1,312
34237,483,cat_2,483
34238,3,cat_3,3
34239,101,cat_4,101
34240,228,cat_0,228
34241,178,cat_1,178
34242,469,cat_2,469
34243,30,cat_3,30
34244,416,cat_4,416
34245,46,cat_0,46
34246,989,cat_1,989
34247,695,cat_2,695
34248,305,cat_3,305
34249,958,cat_4,958
34250,116,cat_0,116
34251,775,cat_1,775
34252,120,cat_2,120
34253,344,cat_3,344
34254,74,cat_4,74
34255,434,cat_0,434
34256,83,cat_1,83
34257,76,cat_2,76
34258,66,cat_3,66
34259,247,cat_4,247
34260,554,cat_0,554
34261,3,cat_1,3
34262,336,cat_2,336
34263,124,cat_3,124
34264,837,cat_4,837
34265,27,cat_0,27
34266,351,cat_1,351
34267,2,cat_2,2
34268,304,cat_3,304
34269,662,cat_4,662
34270,196,cat_0,196
34271,667,cat_1,667
34272,384,cat_2,384
34273,253,cat_3,253
34274,845,cat_4,845
34275,392,cat_0,392
34276,270,cat_1,270
34277,281,cat_2,281
34278,58,cat_3,58
34279,664,cat_4,664
34280,104,cat_0,104
34281,21,cat_1,21
34282,74,cat_2,74
34283,992,cat_3,992
34284,415,cat_4,415
34285,983,cat_0,983
34286,221,cat_1,221
34287,656,cat_2,656
34288,75,cat_3,75
34289,709,cat_4,709
34290,286,cat_0,286
34291,619,cat_1,619
34292,349,cat_2,349
34293,461,cat_3,461
34294,935,cat_4,935
34295,98,cat_0,98
34296,138,cat_1,138
34297,531,cat_2,531
34298,113,cat_3,113
34299,25,cat_4,25
34300,909,cat_0,909
34301,416,cat_1,416
34302,861,cat_2,861
34303,71,cat_3,71
34304,750,cat_4,750
34305,804,cat_0,804
34306,362,cat_1,362
34307,623,cat_2,623
34308,19,cat_3,19
34309,611,cat_4,611
34310,402,cat_0,402
34311,415,cat_1,415
34312,928,cat_2,928
34313,642,cat_3,642
34314,882,cat_4,882
34315,945,cat_0,945
34316,70,cat_1,70
34317,999,cat_2,999
34318,938,cat_3,938
34319,991,cat_4,991
34320,694,cat_0,694
34321,492,cat_1,492
34322,34,cat_2,34
34323,886,cat_3,886
34324,10,cat_4,10
34325,100,cat_0,100
34326,159,cat_1,159
34327,517,cat_2,517
34328,123,cat_3,123
34329,609,cat_4,609
34330,224,cat_0,224
34331,613,cat_1,613
34332,586,cat_2,586
34333,84,cat_3,84
34334,764,cat_4,764
34335,761,cat_0,761
34336,132,cat_1,132
34337,558,cat_2,558
34338,600,cat_3,600
34339,920,cat_4,920
34340,587,cat_0,587
34341,58,cat_1,58
34342,583,cat_2,583
34343,596,cat_3,596
34344,775,cat_4,775
34345,376,cat_0,376
34346,585,cat_1,585
34347,719,cat_2,719
34348,295,cat_3,295
34349,603,cat_4,603
34350,506,cat_0,506
34351,139,cat_1,139
34352,58,cat_2,58
34353,623,cat_3,623
34354,709,cat_4,709
34355,435,cat_0,435
34356,36,cat_1,36
34357,272,cat_2,272
34358,206,cat_3,206
34359,78,cat_4,78
34360,580,cat_0,580
34361,204,cat_1,204
34362,259,cat_2,259
34363,581,cat_3,581
34364,196,cat_4,196
34365,35,cat_0,35
34366,425,cat_1,425
34367,89,cat_2,89
34368,988,cat_3,988
34369,841,cat_4,841
34370,391,cat_0,391
34371,250,cat_1,250
34372,29,cat_2,29
34373,495,cat_3,495
34374,534,cat_4,534
34375,395,cat_0,395
34376,454,cat_1,454
34377,644,cat_2,644
34378,381,cat_3,381
34379,682,cat_4,682
34380,740,cat_0,740
34381,858,cat_1,858
34382,606,cat_2,606
34383,938,cat_3,938
34384,210,cat_4,210
34385,590,cat_0,590
34386,556,cat_1,556
34387,818,cat_2,818
34388,987,cat_3,987
34389,203,cat_4,203
34390,705,cat_0,705
34391,860,cat_1,860
34392,497,cat_2,497
34393,972,cat_3,972
34394,59,cat_4,59
34395,397,cat_0,397
34396,379,cat_1,379
34397,904,cat_2,904
34398,687,cat_3,687
34399,730,cat_4,730
34400,676,cat_0,676
34401,867,cat_1,867
34402,643,cat_2,643
34403,84,cat_3,84
34404,634,cat_4,634
34405,644,cat_0,644
34406,200,cat_1,200
34407,422,cat_2,422
34408,249,cat_3,249
34409,931,cat_4,931
34410,448,cat_0,448
34411,478,cat_1,478
34412,885,cat_2,885
34413,559,cat_3,559
34414,592,cat_4,592
34415,891,cat_0,891
34416,232,cat_1,232
34417,609,cat_2,609
34418,476,cat_3,476
34419,590,cat_4,590
34420,738,cat_0,738
34421,192,cat_1,192
34422,55,cat_2,55
34423,888,cat_3,888
34424,15,cat_4,15
34425,709,cat_0,709
34426,541,cat_1,541
34427,368,cat_2,368
34428,655,cat_3,655
34429,386,cat_4,386
34430,812,cat_0,812
34431,746,cat_1,746
34432,601,cat_2,601
34433,718,cat_3,718
34434,914,cat_4,914
34435,548,cat_0,548
34436,442,cat_1,442
34437,611,cat_2,611
34438,777,cat_3,777
34439,915,cat_4,915
34440,197,cat_0,197
34441,105,cat_1,105
34442,704,cat_2,704
34443,299,cat_3,299
34444,525,cat_4,525
34445,335,cat_0,335
34446,415,cat_1,415
34447,900,cat_2,900
34448,210,cat_3,210
34449,948,cat_4,948
34450,15,cat_0,15
34451,400,cat_1,400
34452,390,cat_2,390
34453,861,cat_3,861
34454,618,cat_4,618
34455,426,cat_0,426
34456,734,cat_1,734
34457,174,cat_2,174
34458,777,cat_3,777
34459,452,cat_4,452
34460,717,cat_0,717
34461,809,cat_1,809
34462,186,cat_2,186
34463,400,cat_3,400
34464,278,cat_4,278
34465,968,cat_0,968
34466,417,cat_1,417
34467,460,cat_2,460
34468,445,cat_3,445
34469,559,cat_4,559
34470,937,cat_0,937
34471,873,cat_1,873
34472,975,cat_2,975
34473,381,cat_3,381
34474,611,cat_4,611
34475,981,cat_0,981
34476,109,cat_1,109
34477,473,cat_2,473
34478,154,cat_3,154
34479,404,cat_4,404
34480,535,cat_0,535
34481,414,cat_1,414
34482,696,cat_2,696
34483,121,cat_3,121
34484,865,cat_4,865
34485,27,cat_0,27
34486,500,cat_1,500
34487,922,cat_2,922
34488,397,cat_3,397
34489,161,cat_4,161
34490,682,cat_0,682
34491,605,cat_1,605
34492,647,cat_2,647
34493,498,cat_3,498
34494,35,cat_4,35
34495,126,cat_0,126
34496,199,cat_1,199
34497,490,cat_2,490
34498,505,cat_3,505
34499,69,cat_4,69
34500,355,cat_0,355
34501,857,cat_1,857
34502,819,cat_2,819
34503,905,cat_3,905
34504,999,cat_4,999
34505,9,cat_0,9
34506,501,cat_1,501
34507,337,cat_2,337
34508,77,cat_3,77
34509,794,cat_4,794
34510,798,cat_0,798
34511,635,cat_1,635
34512,874,cat_2,874
34513,163,cat_3,163
34514,384,cat_4,384
34515,177,cat_0,177
34516,820,cat_1,820
34517,796,cat_2,796
34518,161,cat_3,161
34519,68,cat_4,68
34520,94,cat_0,94
34521,913,cat_1,913
34522,102,cat_2,102
34523,989,cat_3,989
34524,211,cat_4,211
34525,454,cat_0,454
34526,759,cat_1,759
34527,550,cat_2,550
34528,451,cat_3,451
34529,490,cat_4,490
34530,418,cat_0,418
34531,688,cat_1,688
34532,54,cat_2,54
34533,524,cat_3,524
34534,210,cat_4,210
34535,681,cat_0,681
34536,144,cat_1,144
34537,528,cat_2,528
34538,712,cat_3,712
34539,703,cat_4,703
34540,921,cat_0,921
34541,69,cat_1,69
34542,675,cat_2,675
34543,946,cat_3,946
34544,127,cat_4,127
34545,963,cat_0,963
34546,84,cat_1,84
34547,78,cat_2,78
34548,905,cat_3,905
34549,79,cat_4,79
34550,518,cat_0,518
34551,6,cat_1,6
34552,515,cat_2,515
34553,31,cat_3,31
34554,632,cat_4,632
34555,297,cat_0,297
34556,306,cat_1,306
34557,536,cat_2,536
34558,526,cat_3,526
34559,668,cat_4,668
34560,34,cat_0,34
34561,862,cat_1,862
34562,97,cat_2,97
34563,453,cat_3,453
34564,535,cat_4,535
34565,805,cat_0,805
34566,293,cat_1,293
34567,364,cat_2,364
34568,923,cat_3,923
34569,814,cat_4,814
34570,18,cat_0,18
34571,978,cat_1,978
34572,27,cat_2,27
34573,355,cat_3,355
34574,63,cat_4,63
34575,319,cat_0,319
34576,776,cat_1,776
34577,516,cat_2,516
34578,253,cat_3,253
34579,25,cat_4,25
34580,788,cat_0,788
34581,899,cat_1,899
34582,470,cat_2,470
34583,504,cat_3,504
34584,525,cat_4,525
34585,685,cat_0,685
34586,360,cat_1,360
34587,467,cat_2,467
34588,179,cat_3,179
34589,173,cat_4,173
34590,834,cat_0,834
34591,218,cat_1,218
34592,687,cat_2,687
34593,447,cat_3,447
34594,536,cat_4,536
34595,494,cat_0,494
34596,328,cat_1,328
34597,632,cat_2,632
34598,582,cat_3,582
34599,958,cat_4,958
34600,152,cat_0,152
34601,369,cat_1,369
34602,203,cat_2,203
34603,196,cat_3,196
34604,844,cat_4,844
34605,965,cat_0,965
34606,758,cat_1,758
34607,713,cat_2,713
34608,807,cat_3,807
34609,416,cat_4,416
34610,470,cat_0,470
34611,360,cat_1,360
34612,126,cat_2,126
34613,760,cat_3,760
34614,631,cat_4,631
34615,592,cat_0,592
34616,858,cat_1,858
34617,927,cat_2,927
34618,224,cat_3,224
34619,653,cat_4,653
34620,985,cat_0,985
34621,967,cat_1,967
34622,213,cat_2,213
34623,659,cat_3,659
34624,536,cat_4,536
34625,62,cat_0,62
34626,249,cat_1,249
34627,552,cat_2,552
34628,89,cat_3,89
34629,845,cat_4,845
34630,901,cat_0,901
34631,586,cat_1,586
34632,439,cat_2,439
34633,703,cat_3,703
34634,629,cat_4,629
34635,705,cat_0,705
34636,485,cat_1,485
34637,204,cat_2,204
34638,737,cat_3,737
34639,981,cat_4,981
34640,1,cat_0,1
34641,622,cat_1,622
34642,40,cat_2,40
34643,648,cat_3,648
34644,879,cat_4,879
34645,148,cat_0,148
34646,237,cat_1,237
34647,197,cat_2,197
34648,952,cat_3,952
34649,144,cat_4,144
34650,669,cat_0,669
34651,32,cat_1,32
34652,985,cat_2,985
34653,738,cat_3,738
34654,525,cat_4,525
34655,813,cat_0,813
34656,506,cat_1,506
34657,741,cat_2,741
34658,871,cat_3,871
34659,650,cat_4,650
34660,310,cat_0,310
34661,262,cat_1,262
34662,133,cat_2,133
34663,43,cat_3,43
34664,310,cat_4,310
34665,293,cat_0,293
34666,103,cat_1,103
34667,463,cat_2,463
34668,863,cat_3,863
34669,475,cat_4,475
34670,853,cat_0,853
34671,900,cat_1,900
34672,186,cat_2,186
34673,237,cat_3,237
34674,899,cat_4,899
34675,326,cat_0,326
34676,358,cat_1,358
34677,183,cat_2,183
34678,843,cat_3,843
34679,596,cat_4,596
34680,366,cat_0,366
34681,484,cat_1,484
34682,9,cat_2,9
34683,493,cat_3,493
34684,248,cat_4,248
34685,847,cat_0,847
34686,790,cat_1,790
34687,881,cat_2,881
34688,338,cat_3,338
34689,960,cat_4,960
34690,833,cat_0,833
34691,739,cat_1,739
34692,228,cat_2,228
34693,869,cat_3,869
34694,938,cat_4,938
34695,427,cat_0,427
34696,660,cat_1,660
34697,113,cat_2,113
34698,736,cat_3,736
34699,820,cat_4,820
34700,315,cat_0,315
34701,634,cat_1,634
34702,122,cat_2,122
34703,780,cat_3,780
34704,591,cat_4,591
34705,172,cat_0,172
34706,249,cat_1,249
34707,252,cat_2,252
34708,703,cat_3,703
34709,907,cat_4,907
34710,371,cat_0,371
34711,450,cat_1,450
34712,850,cat_2,850
34713,434,cat_3,434
34714,457,cat_4,457
34715,374,cat_0,374
34716,828,cat_1,828
34717,709,cat_2,709
34718,159,cat_3,159
34719,153,cat_4,153
34720,250,cat_0,250
34721,577,cat_1,577
34722,217,cat_2,217
34723,422,cat_3,422
34724,101,cat_4,101
34725,722,cat_0,722
34726,455,cat_1,455
34727,862,cat_2,862
34728,624,cat_3,624
34729,821,cat_4,821
34730,489,cat_0,489
34731,712,cat_1,712
34732,186,cat_2,186
34733,536,cat_3,536
34734,634,cat_4,634
34735,179,cat_0,179
34736,499,cat_1,499
34737,607,cat_2,607
34738,55,cat_3,55
34739,696,cat_4,696
34740,955,cat_0,955
34741,688,cat_1,688
34742,756,cat_2,756
34743,712,cat_3,712
34744,700,cat_4,700
34745,226,cat_0,226
34746,186,cat_1,186
34747,836,cat_2,836
34748,386,cat_3,386
34749,899,cat_4,899
34750,264,cat_0,264
34751,446,cat_1,446
34752,137,cat_2,137
34753,453,cat_3,453
34754,45,cat_4,45
34755,908,cat_0,908
34756,82,cat_1,82
34757,450,cat_2,450
34758,602,cat_3,602
34759,851,cat_4,851
34760,521,cat_0,521
34761,89,cat_1,89
34762,85,cat_2,85
34763,101,cat_3,101
34764,413,cat_4,413
34765,304,cat_0,304
34766,612,cat_1,612
34767,601,cat_2,601
34768,601,cat_3,601
34769,820,cat_4,820
34770,286,cat_0,286
34771,755,cat_1,755
34772,831,cat_2,831
34773,234,cat_3,234
34774,673,cat_4,673
34775,646,cat_0,646
34776,842,cat_1,842
34777,296,cat_2,296
34778,1,cat_3,1
34779,795,cat_4,795
34780,693,cat_0,693
34781,692,cat_1,692
34782,975,cat_2,975
34783,956,cat_3,956
34784,561,cat_4,561
34785,75,cat_0,75
34786,405,cat_1,405
34787,538,cat_2,538
34788,469,cat_3,469
34789,131,cat_4,131
34790,253,cat_0,253
34791,336,cat_1,336
34792,630,cat_2,630
34793,329,cat_3,329
34794,623,cat_4,623
34795,355,cat_0,355
34796,829,cat_1,829
34797,119,cat_2,119
34798,692,cat_3,692
34799,166,cat_4,166
34800,113,cat_0,113
34801,298,cat_1,298
34802,435,cat_2,435
34803,720,cat_3,720
34804,660,cat_4,660
34805,644,cat_0,644
34806,629,cat_1,629
34807,308,cat_2,308
34808,157,cat_3,157
34809,726,cat_4,726
34810,229,cat_0,229
34811,838,cat_1,838
34812,458,cat_2,458
34813,156,cat_3,156
34814,720,cat_4,720
34815,131,cat_0,131
34816,254,cat_1,254
34817,665,cat_2,665
34818,633,cat_3,633
34819,564,cat_4,564
34820,775,cat_0,775
34821,790,cat_1,790
34822,346,cat_2,346
34823,589,cat_3,589
34824,976,cat_4,976
34825,710,cat_0,710
34826,233,cat_1,233
34827,281,cat_2,281
34828,463,cat_3,463
34829,457,cat_4,457
34830,218,cat_0,218
34831,907,cat_1,907
34832,764,cat_2,764
34833,90,cat_3,90
34834,589,cat_4,589
34835,819,cat_0,819
34836,931,cat_1,931
34837,204,cat_2,204
34838,78,cat_3,78
34839,986,cat_4,986
34840,64,cat_0,64
34841,150,cat_1,150
34842,628,cat_2,628
34843,523,cat_3,523
34844,951,cat_4,951
34845,529,cat_0,529
34846,791,cat_1,791
34847,655,cat_2,655
34848,164,cat_3,164
34849,304,cat_4,304
34850,513,cat_0,513
34851,172,cat_1,172
34852,447,cat_2,447
34853,303,cat_3,303
34854,374,cat_4,374
34855,112,cat_0,112
34856,802,cat_1,802
34857,654,cat_2,654
34858,521,cat_3,521
34859,621,cat_4,621
34860,759,cat_0,759
34861,967,cat_1,967
34862,469,cat_2,469
34863,110,cat_3,110
34864,339,cat_4,339
34865,421,cat_0,421
34866,462,cat_1,462
34867,528,cat_2,528
34868,781,cat_3,781
34869,479,cat_4,479
34870,331,cat_0,331
34871,761,cat_1,761
34872,946,cat_2,946
34873,42,cat_3,42
34874,730,cat_4,730
34875,148,cat_0,148
34876,488,cat_1,488
34877,836,cat_2,836
34878,508,cat_3,508
34879,366,cat_4,366
34880,404,cat_0,404
34881,22,cat_1,22
34882,192,cat_2,192
34883,248,cat_3,248
34884,27,cat_4,27
34885,471,cat_0,471
34886,875,cat_1,875
34887,370,cat_2,370
34888,506,cat_3,506
34889,604,cat_4,604
34890,431,cat_0,431
34891,794,cat_1,794
34892,286,cat_2,286
34893,747,cat_3,747
34894,632,cat_4,632
34895,455,cat_0,455
34896,310,cat_1,310
34897,310,cat_2,310
34898,595,cat_3,595
34899,450,cat_4,450
34900,141,cat_0,141
34901,141,cat_1,141
34902,650,cat_2,650
34903,513,cat_3,513
34904,137,cat_4,137
34905,414,cat_0,414
34906,106,cat_1,106
34907,345,cat_2,345
34908,822,cat_3,822
34909,809,cat_4,809
34910,851,cat_0,851
34911,399,cat_1,399
34912,721,cat_2,721
34913,769,cat_3,769
34914,219,cat_4,219
34915,520,cat_0,520
34916,176,cat_1,176
34917,735,cat_2,735
34918,159,cat_3,159
34919,288,cat_4,288
34920,188,cat_0,188
34921,755,cat_1,755
34922,711,cat_2,711
34923,81,cat_3,81
34924,66,cat_4,66
34925,399,cat_0,399
34926,321,cat_1,321
34927,982,cat_2,982
34928,655,cat_3,655
34929,944,cat_4,944
34930,789,cat_0,789
34931,411,cat_1,411
34932,57,cat_2,57
34933,479,cat_3,479
34934,197,cat_4,197
34935,298,cat_0,298
34936,835,cat_1,835
34937,947,cat_2,947
34938,324,cat_3,324
34939,463,cat_4,463
34940,393,cat_0,393
34941,232,cat_1,232
34942,406,cat_2,406
34943,599,cat_3,599
34944,127,cat_4,127
34945,63,cat_0,63
34946,892,cat_1,892
34947,442,cat_2,442
34948,752,cat_3,752
34949,830,cat_4,830
34950,401,cat_0,401
34951,553,cat_1,553
34952,925,cat_2,925
34953,754,cat_3,754
34954,208,cat_4,208
34955,763,cat_0,763
34956,577,cat_1,577
34957,625,cat_2,625
34958,669,cat_3,669
34959,583,cat_4,583
34960,214,cat_0,214
34961,856,cat_1,856
34962,955,cat_2,955
34963,910,cat_3,910
34964,960,cat_4,960
34965,298,cat_0,298
34966,21,cat_1,21
34967,778,cat_2,778
34968,76,cat_3,76
34969,307,cat_4,307
34970,813,cat_0,813
34971,34,cat_1,34
34972,581,cat_2,581
34973,401,cat_3,401
34974,102,cat_4,102
34975,132,cat_0,132
34976,23,cat_1,23
34977,212,cat_2,212
34978,245,cat_3,245
34979,65,cat_4,65
34980,533,cat_0,533
34981,995,cat_1,995
34982,477,cat_2,477
34983,569,cat_3,569
34984,289,cat_4,289
34985,190,cat_0,190
34986,775,cat_1,775
34987,373,cat_2,373
34988,525,cat_3,525
34989,507,cat_4,507
34990,997,cat_0,997
34991,995,cat_1,995
34992,160,cat_2,160
34993,281,cat_3,281
34994,553,cat_4,553
34995,137,cat_0,137
34996,503,cat_1,503
34997,134,cat_2,134
34998,168,cat_3,168
34999,251,cat_4,251
35000,1,cat_0,1
35001,864,cat_1,864
35002,318,cat_2,318
35003,803,cat_3,803
35004,401,cat_4,401
35005,146,cat_0,146
35006,486,cat_1,486
35007,697,cat_2,697
35008,954,cat_3,954
35009,731,cat_4,731
35010,725,cat_0,725
35011,579,cat_1,579
35012,933,cat_2,933
35013,215,cat_3,215
35014,119,cat_4,119
35015,720,cat_0,720
35016,225,cat_1,225
35017,499,cat_2,499
35018,67,cat_3,67
35019,574,cat_4,574
35020,712,cat_0,712
35021,513,cat_1,513
35022,154,cat_2,154
35023,442,cat_3,442
35024,538,cat_4,538
35025,675,cat_0,675
35026,682,cat_1,682
35027,911,cat_2,911
35028,154,cat_3,154
35029,308,cat_4,308
35030,42,cat_0,42
35031,198,cat_1,198
35032,953,cat_2,953
35033,873,cat_3,873
35034,451,cat_4,451
35035,933,cat_0,933
35036,963,cat_1,963
35037,461,cat_2,461
35038,481,cat_3,481
35039,812,cat_4,812
35040,895,cat_0,895
35041,944,cat_1,944
35042,946,cat_2,946
35043,835,cat_3,835
35044,522,cat_4,522
35045,73,cat_0,73
35046,301,cat_1,301
35047,411,cat_2,411
35048,306,cat_3,306
35049,355,cat_4,355
35050,245,cat_0,245
35051,834,cat_1,834
35052,33,cat_2,33
35053,126,cat_3,126
35054,36,cat_4,36
35055,103,cat_0,103
35056,360,cat_1,360
35057,100,cat_2,100
35058,530,cat_3,530
35059,704,cat_4,704
35060,912,cat_0,912
35061,70,cat_1,70
35062,560,cat_2,560
35063,42,cat_3,42
35064,542,cat_4,542
35065,999,cat_0,999
35066,667,cat_1,667
35067,73,cat_2,73
35068,140,cat_3,140
35069,209,cat_4,209
35070,96,cat_0,96
35071,325,cat_1,325
35072,905,cat_2,905
35073,381,cat_3,381
35074,408,cat_4,408
35075,801,cat_0,801
35076,566,cat_1,566
35077,748,cat_2,748
35078,958,cat_3,958
35079,309,cat_4,309
35080,342,cat_0,342
35081,643,cat_1,643
35082,629,cat_2,629
35083,311,cat_3,311
35084,950,cat_4,950
35085,519,cat_0,519
35086,174,cat_1,174
35087,994,cat_2,994
35088,43,cat_3,43
35089,208,cat_4,208
35090,366,cat_0,366
35091,930,cat_1,930
35092,571,cat_2,571
35093,227,cat_3,227
35094,222,cat_4,222
35095,392,cat_0,392
35096,628,cat_1,628
35097,40,cat_2,40
35098,450,cat_3,450
35099,320,cat_4,320
35100,242,cat_0,242
35101,150,cat_1,150
35102,939,cat_2,939
35103,192,cat_3,192
35104,957,cat_4,957
35105,239,cat_0,239
35106,684,cat_1,684
35107,679,cat_2,679
35108,916,cat_3,916
35109,66,cat_4,66
35110,566,cat_0,566
35111,785,cat_1,785
35112,712,cat_2,712
35113,23,cat_3,23
35114,214,cat_4,214
35115,681,cat_0,681
35116,282,cat_1,282
35117,95,cat_2,95
35118,709,cat_3,709
35119,928,cat_4,928
35120,687,cat_0,687
35121,792,cat_1,792
35122,586,cat_2,586
35123,146,cat_3,146
35124,504,cat_4,504
35125,377,cat_0,377
35126,410,cat_1,410
35127,654,cat_2,654
35128,458,cat_3,458
35129,301,cat_4,301
35130,906,cat_0,906
35131,921,cat_1,921
35132,522,cat_2,522
35133,240,cat_3,240
35134,745,cat_4,745
35135,912,cat_0,912
35136,639,cat_1,639
35137,414,cat_2,414
35138,805,cat_3,805
35139,514,cat_4,514
35140,414,cat_0,414
35141,898,cat_1,898
35142,480,cat_2,480
35143,402,cat_3,402
35144,907,cat_4,907
35145,40,cat_0,40
35146,240,cat_1,240
35147,98,cat_2,98
35148,462,cat_3,462
35149,741,cat_4,741
35150,919,cat_0,919
35151,379,cat_1,379
35152,81,cat_2,81
35153,244,cat_3,244
35154,282,cat_4,282
35155,715,cat_0,715
35156,619,cat_1,619
35157,169,cat_2,169
35158,357,cat_3,357
35159,650,cat_4,650
35160,997,cat_0,997
35161,754,cat_1,754
35162,432,cat_2,432
35163,862,cat_3,862
35164,233,cat_4,233
35165,391,cat_0,391
35166,30,cat_1,30
35167,986,cat_2,986
35168,552,cat_3,552
35169,961,cat_4,961
35170,122,cat_0,122
35171,458,cat_1,458
35172,997,cat_2,997
35173,8,cat_3,8
35174,282,cat_4,282
35175,998,cat_0,998
35176,257,cat_1,257
35177,914,cat_2,914
35178,717,cat_3,717
35179,400,cat_4,400
35180,505,cat_0,505
35181,845,cat_1,845
35182,630,cat_2,630
35183,703,cat_3,703
35184,636,cat_4,636
35185,894,cat_0,894
35186,796,cat_1,796
35187,688,cat_2,688
35188,997,cat_3,997
35189,58,cat_4,58
35190,484,cat_0,484
35191,322,cat_1,322
35192,86,cat_2,86
35193,525,cat_3,525
35194,627,cat_4,627
35195,739,cat_0,739
35196,319,cat_1,319
35197,635,cat_2,635
35198,131,cat_3,131
35199,862,cat_4,862
35200,658,cat_0,658
35201,487,cat_1,487
35202,97,cat_2,97
35203,404,cat_3,404
35204,356,cat_4,356
35205,918,cat_0,918
35206,325,cat_1,325
35207,905,cat_2,905
35208,382,cat_3,382
35209,431,cat_4,431
35210,704,cat_0,704
35211,71,cat_1,71
35212,111,cat_2,111
35213,671,cat_3,671
35214,58,cat_4,58
35215,413,cat_0,413
35216,33,cat_1,33
35217,992,cat_2,992
35218,510,cat_3,510
35219,518,cat_4,518
35220,25,cat_0,25
35221,963,cat_1,963
35222,152,cat_2,152
35223,145,cat_3,145
35224,837,cat_4,837
35225,975,cat_0,975
35226,75,cat_1,75
35227,579,cat_2,579
35228,440,cat_3,440
35229,316,cat_4,316
35230,757,cat_0,757
35231,807,cat_1,807
35232,812,cat_2,812
35233,264,cat_3,264
35234,273,cat_4,273
35235,918,cat_0,918
35236,44,cat_1,44
35237,414,cat_2,414
35238,186,cat_3,186
35239,937,cat_4,937
35240,949,cat_0,949
35241,725,cat_1,725
35242,53,cat_2,53
35243,604,cat_3,604
35244,604,cat_4,604
35245,519,cat_0,519
35246,140,cat_1,140
35247,540,cat_2,540
35248,796,cat_3,796
35249,295,cat_4,295
35250,616,cat_0,616
35251,285,cat_1,285
35252,673,cat_2,673
35253,379,cat_3,379
35254,499,cat_4,499
35255,135,cat_0,135
35256,392,cat_1,392
35257,516,cat_2,516
35258,232,cat_3,232
35259,716,cat_4,716
35260,697,cat_0,697
35261,550,cat_1,550
35262,213,cat_2,213
35263,489,cat_3,489
35264,530,cat_4,530
35265,692,cat_0,692
35266,860,cat_1,860
35267,373,cat_2,373
35268,65,cat_3,65
35269,267,cat_4,267
35270,64,cat_0,64
35271,709,cat_1,709
35272,913,cat_2,913
35273,679,cat_3,679
35274,265,cat_4,265
35275,221,cat_0,221
35276,851,cat_1,851
35277,82,cat_2,82
35278,5,cat_3,5
35279,577,cat_4,577
35280,430,cat_0,430
35281,589,cat_1,589
35282,855,cat_2,855
35283,408,cat_3,408
35284,263,cat_4,263
35285,16,cat_0,16
35286,122,cat_1,122
35287,430,cat_2,430
35288,211,cat_3,211
35289,511,cat_4,511
35290,857,cat_0,857
35291,100,cat_1,100
35292,811,cat_2,811
35293,549,cat_3,549
35294,339,cat_4,339
35295,776,cat_0,776
35296,897,cat_1,897
35297,664,cat_2,664
35298,439,cat_3,439
35299,562,cat_4,562
35300,306,cat_0,306
35301,879,cat_1,879
35302,448,cat_2,448
35303,863,cat_3,863
35304,49,cat_4,49
35305,338,cat_0,338
35306,352,cat_1,352
35307,700,cat_2,700
35308,348,cat_3,348
35309,194,cat_4,194
35310,725,cat_0,725
35311,796,cat_1,796
35312,555,cat_2,555
35313,170,cat_3,170
35314,895,cat_4,895
35315,355,cat_0,355
35316,378,cat_1,378
35317,670,cat_2,670
35318,143,cat_3,143
35319,831,cat_4,831
35320,778,cat_0,778
35321,822,cat_1,822
35322,860,cat_2,860
35323,43,cat_3,43
35324,797,cat_4,797
35325,946,cat_0,946
35326,25,cat_1,25
35327,499,cat_2,499
35328,760,cat_3,760
35329,709,cat_4,709
35330,972,cat_0,972
35331,191,cat_1,191
35332,882,cat_2,882
35333,367,cat_3,367
35334,279,cat_4,279
35335,585,cat_0,585
35336,203,cat_1,203
35337,642,cat_2,642
35338,375,cat_3,375
35339,333,cat_4,333
35340,529,cat_0,529
35341,452,cat_1,452
35342,218,cat_2,218
35343,222,cat_3,222
35344,84,cat_4,84
35345,443,cat_0,443
35346,128,cat_1,128
35347,184,cat_2,184
35348,168,cat_3,168
35349,305,cat_4,305
35350,47,cat_0,47
35351,118,cat_1,118
35352,871,cat_2,871
35353,929,cat_3,929
35354,671,cat_4,671
35355,135,cat_0,135
35356,620,cat_1,620
35357,69,cat_2,69
35358,881,cat_3,881
35359,577,cat_4,577
35360,406,cat_0,406
35361,624,cat_1,624
35362,971,cat_2,971
35363,195,cat_3,195
35364,569,cat_4,569
35365,165,cat_0,165
35366,982,cat_1,982
35367,267,cat_2,267
35368,453,cat_3,453
35369,408,cat_4,408
35370,62,cat_0,62
35371,958,cat_1,958
35372,115,cat_2,115
35373,455,cat_3,455
35374,831,cat_4,831
35375,416,cat_0,416
35376,575,cat_1,575
35377,494,cat_2,494
35378,554,cat_3,554
35379,123,cat_4,123
35380,766,cat_0,766
35381,498,cat_1,498
35382,920,cat_2,920
35383,467,cat_3,467
35384,893,cat_4,893
35385,276,cat_0,276
35386,451,cat_1,451
35387,97,cat_2,97
35388,580,cat_3,580
35389,641,cat_4,641
35390,295,cat_0,295
35391,388,cat_1,388
35392,552,cat_2,552
35393,725,cat_3,725
35394,961,cat_4,961
35395,499,cat_0,499
35396,1000,cat_1,1000
35397,732,cat_2,732
35398,195,cat_3,195
35399,482,cat_4,482
35400,863,cat_0,863
35401,162,cat_1,162
35402,758,cat_2,758
35403,110,cat_3,110
35404,306,cat_4,306
35405,816,cat_0,816
35406,793,cat_1,793
35407,585,cat_2,585
35408,299,cat_3,299
35409,691,cat_4,691
35410,455,cat_0,455
35411,950,cat_1,950
35412,362,cat_2,362
35413,161,cat_3,161
35414,512,cat_4,512
35415,368,cat_0,368
35416,439,cat_1,439
35417,88,cat_2,88
35418,206,cat_3,206
35419,568,cat_4,568
35420,248,cat_0,248
35421,28,cat_1,28
35422,257,cat_2,257
35423,442,cat_3,442
35424,461,cat_4,461
35425,679,cat_0,679
35426,507,cat_1,507
35427,912,cat_2,912
35428,520,cat_3,520
35429,530,cat_4,530
35430,633,cat_0,633
35431,1000,cat_1,1000
35432,616,cat_2,616
35433,597,cat_3,597
35434,942,cat_4,942
35435,893,cat_0,893
35436,492,cat_1,492
35437,483,cat_2,483
35438,512,cat_3,512
35439,838,cat_4,838
35440,391,cat_0,391
35441,819,cat_1,819
35442,359,cat_2,359
35443,482,cat_3,482
35444,736,cat_4,736
35445,398,cat_0,398
35446,742,cat_1,742
35447,185,cat_2,185
35448,36,cat_3,36
35449,344,cat_4,344
35450,96,cat_0,96
35451,99,cat_1,99
35452,661,cat_2,661
35453,132,cat_3,132
35454,54,cat_4,54
35455,438,cat_0,438
35456,764,cat_1,764
35457,365,cat_2,365
35458,960,cat_3,960
35459,427,cat_4,427
35460,236,cat_0,236
35461,891,cat_1,891
35462,631,cat_2,631
35463,850,cat_3,850
35464,261,cat_4,261
35465,273,cat_0,273
35466,132,cat_1,132
35467,643,cat_2,643
35468,973,cat_3,973
35469,541,cat_4,541
35470,17,cat_0,17
35471,665,cat_1,665
35472,545,cat_2,545
35473,831,cat_3,831
35474,574,cat_4,574
35475,415,cat_0,415
35476,555,cat_1,555
35477,293,cat_2,293
35478,481,cat_3,481
35479,900,cat_4,900
35480,853,cat_0,853
35481,401,cat_1,401
35482,836,cat_2,836
35483,408,cat_3,408
35484,327,cat_4,327
35485,138,cat_0,138
35486,610,cat_1,610
35487,404,cat_2,404
35488,322,cat_3,322
35489,986,cat_4,986
35490,496,cat_0,496
35491,768,cat_1,768
35492,550,cat_2,550
35493,871,cat_3,871
35494,794,cat_4,794
35495,665,cat_0,665
35496,55,cat_1,55
35497,334,cat_2,334
35498,399,cat_3,399
35499,986,cat_4,986
35500,638,cat_0,638
35501,437,cat_1,437
35502,326,cat_2,326
35503,709,cat_3,709
35504,433,cat_4,433
35505,513,cat_0,513
35506,969,cat_1,969
35507,374,cat_2,374
35508,819,cat_3,819
35509,696,cat_4,696
35510,671,cat_0,671
35511,628,cat_1,628
35512,812,cat_2,812
35513,778,cat_3,778
35514,646,cat_4,646
35515,554,cat_0,554
35516,381,cat_1,381
35517,759,cat_2,759
35518,776,cat_3,776
35519,699,cat_4,699
35520,647,cat_0,647
35521,183,cat_1,183
35522,913,cat_2,913
35523,149,cat_3,149
35524,270,cat_4,270
35525,75,cat_0,75
35526,873,cat_1,873
35527,342,cat_2,342
35528,201,cat_3,201
35529,842,cat_4,842
35530,307,cat_0,307
35531,672,cat_1,672
35532,881,cat_2,881
35533,606,cat_3,606
35534,10,cat_4,10
35535,655,cat_0,655
35536,458,cat_1,458
35537,245,cat_2,245
35538,222,cat_3,222
35539,249,cat_4,249
35540,773,cat_0,773
35541,198,cat_1,198
35542,889,cat_2,889
35543,264,cat_3,264
35544,307,cat_4,307
35545,222,cat_0,222
35546,539,cat_1,539
35547,81,cat_2,81
35548,789,cat_3,789
35549,913,cat_4,913
35550,140,cat_0,140
35551,569,cat_1,569
35552,703,cat_2,703
35553,265,cat_3,265
35554,137,cat_4,137
35555,737,cat_0,737
35556,644,cat_1,644
35557,330,cat_2,330
35558,409,cat_3,409
35559,10,cat_4,10
35560,5,cat_0,5
35561,256,cat_1,256
35562,249,cat_2,249
35563,263,cat_3,263
35564,486,cat_4,486
35565,217,cat_0,217
35566,384,cat_1,384
35567,320,cat_2,320
35568,160,cat_3,160
35569,506,cat_4,506
35570,818,cat_0,818
35571,991,cat_1,991
35572,828,cat_2,828
35573,467,cat_3,467
35574,448,cat_4,448
35575,909,cat_0,909
35576,86,cat_1,86
35577,845,cat_2,845
35578,757,cat_3,757
35579,458,cat_4,458
35580,877,cat_0,877
35581,276,cat_1,276
35582,715,cat_2,715
35583,465,cat_3,465
35584,901,cat_4,901
35585,439,cat_0,439
35586,743,cat_1,743
35587,730,cat_2,730
35588,839,cat_3,839
35589,115,cat_4,115
35590,207,cat_0,207
35591,311,cat_1,311
35592,3,cat_2,3
35593,751,cat_3,751
35594,269,cat_4,269
35595,329,cat_0,329
35596,909,cat_1,909
35597,578,cat_2,578
35598,438,cat_3,438
35599,634,cat_4,634
35600,511,cat_0,511
35601,172,cat_1,172
35602,335,cat_2,335
35603,892,cat_3,892
35604,925,cat_4,925
35605,379,cat_0,379
35606,711,cat_1,711
35607,644,cat_2,644
35608,997,cat_3,997
35609,306,cat_4,306
35610,294,cat_0,294
35611,748,cat_1,748
35612,277,cat_2,277
35613,828,cat_3,828
35614,664,cat_4,664
35615,659,cat_0,659
35616,757,cat_1,757
35617,915,cat_2,915
35618,444,cat_3,444
35619,898,cat_4,898
35620,630,cat_0,630
35621,652,cat_1,652
35622,453,cat_2,453
35623,296,cat_3,296
35624,392,cat_4,392
35625,655,cat_0,655
35626,295,cat_1,295
35627,517,cat_2,517
35628,29,cat_3,29
35629,403,cat_4,403
35630,634,cat_0,634
35631,706,cat_1,706
35632,682,cat_2,682
35633,826,cat_3,826
35634,499,cat_4,499
35635,353,cat_0,353
35636,468,cat_1,468
35637,735,cat_2,735
35638,508,cat_3,508
35639,662,cat_4,662
35640,53,cat_0,53
35641,861,cat_1,861
35642,122,cat_2,122
35643,498,cat_3,498
35644,541,cat_4,541
35645,532,cat_0,532
35646,106,cat_1,106
35647,291,cat_2,291
35648,864,cat_3,864
35649,815,cat_4,815
35650,915,cat_0,915
35651,786,cat_1,786
35652,648,cat_2,648
35653,773,cat_3,773
35654,770,cat_4,770
35655,991,cat_0,991
35656,816,cat_1,816
35657,705,cat_2,705
35658,164,cat_3,164
35659,494,cat_4,494
35660,508,cat_0,508
35661,387,cat_1,387
35662,373,cat_2,373
35663,266,cat_3,266
35664,924,cat_4,924
35665,888,cat_0,888
35666,806,cat_1,806
35667,165,cat_2,165
35668,1,cat_3,1
35669,766,cat_4,766
35670,929,cat_0,929
35671,121,cat_1,121
35672,106,cat_2,106
35673,190,cat_3,190
35674,237,cat_4,237
35675,124,cat_0,124
35676,697,cat_1,697
35677,7,cat_2,7
35678,729,cat_3,729
35679,296,cat_4,296
35680,26,cat_0,26
35681,774,cat_1,774
35682,187,cat_2,187
35683,373,cat_3,373
35684,336,cat_4,336
35685,436,cat_0,436
35686,93,cat_1,93
35687,934,cat_2,934
35688,391,cat_3,391
35689,750,cat_4,750
35690,183,cat_0,183
35691,423,cat_1,423
35692,9,cat_2,9
35693,237,cat_3,237
35694,178,cat_4,178
35695,905,cat_0,905
35696,330,cat_1,330
35697,834,cat_2,834
35698,331,cat_3,331
35699,500,cat_4,500
35700,650,cat_0,650
35701,507,cat_1,507
35702,262,cat_2,262
35703,179,cat_3,179
35704,369,cat_4,369
35705,199,cat_0,199
35706,394,cat_1,394
35707,894,cat_2,894
35708,986,cat_3,986
35709,304,cat_4,304
35710,383,cat_0,383
35711,909,cat_1,909
35712,182,cat_2,182
35713,870,cat_3,870
35714,928,cat_4,928
35715,783,cat_0,783
35716,932,cat_1,932
35717,323,cat_2,323
35718,783,cat_3,783
35719,810,cat_4,810
35720,893,cat_0,893
35721,498,cat_1,498
35722,556,cat_2,556
35723,900,cat_3,900
35724,755,cat_4,755
35725,606,cat_0,606
35726,86,cat_1,86
35727,776,cat_2,776
35728,294,cat_3,294
35729,774,cat_4,774
35730,502,cat_0,502
35731,794,cat_1,794
35732,444,cat_2,444
35733,916,cat_3,916
35734,69,cat_4,69
35735,312,cat_0,312
35736,422,cat_1,422
35737,564,cat_2,564
35738,103,cat_3,103
35739,826,cat_4,826
35740,726,cat_0,726
35741,988,cat_1,988
35742,88,cat_2,88
35743,691,cat_3,691
35744,580,cat_4,580
35745,68,cat_0,68
35746,578,cat_1,578
35747,691,cat_2,691
35748,290,cat_3,290
35749,431,cat_4,431
35750,830,cat_0,830
35751,279,cat_1,279
35752,346,cat_2,346
35753,113,cat_3,113
35754,781,cat_4,781
35755,401,cat_0,401
35756,631,cat_1,631
35757,107,cat_2,107
35758,977,cat_3,977
35759,523,cat_4,523
35760,914,cat_0,914
35761,960,cat_1,960
35762,268,cat_2,268
35763,359,cat_3,359
35764,120,cat_4,120
35765,35,cat_0,35
35766,970,cat_1,970
35767,219,cat_2,219
35768,447,cat_3,447
35769,774,cat_4,774
35770,393,cat_0,393
35771,352,cat_1,352
35772,494,cat_2,494
35773,303,cat_3,303
35774,609,cat_4,609
35775,589,cat_0,589
35776,626,cat_1,626
35777,418,cat_2,418
35778,124,cat_3,124
35779,823,cat_4,823
35780,667,cat_0,667
35781,451,cat_1,451
35782,163,cat_2,163
35783,185,cat_3,185
35784,600,cat_4,600
35785,643,cat_0,643
35786,747,cat_1,747
35787,622,cat_2,622
35788,139,cat_3,139
35789,570,cat_4,570
35790,619,cat_0,619
35791,251,cat_1,251
35792,737,cat_2,737
35793,748,cat_3,748
35794,914,cat_4,914
35795,933,cat_0,933
35796,255,cat_1,255
35797,736,cat_2,736
35798,453,cat_3,453
35799,716,cat_4,716
35800,958,cat_0,958
35801,430,cat_1,430
35802,643,cat_2,643
35803,731,cat_3,731
35804,808,cat_4,808
35805,910,cat_0,910
35806,135,cat_1,135
35807,238,cat_2,238
35808,83,cat_3,83
35809,173,cat_4,173
35810,395,cat_0,395
35811,2,cat_1,2
35812,567,cat_2,567
35813,703,cat_3,703
35814,182,cat_4,182
35815,787,cat_0,787
35816,142,cat_1,142
35817,242,cat_2,242
35818,138,cat_3,138
35819,880,cat_4,880
35820,736,cat_0,736
35821,813,cat_1,813
35822,769,cat_2,769
35823,796,cat_3,796
35824,779,cat_4,779
35825,636,cat_0,636
35826,957,cat_1,957
35827,952,cat_2,952
35828,748,cat_3,748
35829,497,cat_4,497
35830,575,cat_0,575
35831,175,cat_1,175
35832,210,cat_2,210
35833,397,cat_3,397
35834,318,cat_4,318
35835,927,cat_0,927
35836,503,cat_1,503
35837,758,cat_2,758
35838,903,cat_3,903
35839,479,cat_4,479
35840,694,cat_0,694
35841,268,cat_1,268
35842,581,cat_2,581
35843,950,cat_3,950
35844,901,cat_4,901
35845,162,cat_0,162
35846,478,cat_1,478
35847,634,cat_2,634
35848,814,cat_3,814
35849,320,cat_4,320
35850,913,cat_0,913
35851,541,cat_1,541
35852,181,cat_2,181
35853,849,cat_3,849
35854,359,cat_4,359
35855,728,cat_0,728
35856,436,cat_1,436
35857,782,cat_2,782
35858,963,cat_3,963
35859,873,cat_4,873
35860,477,cat_0,477
35861,977,cat_1,977
35862,398,cat_2,398
35863,1,cat_3,1
35864,649,cat_4,649
35865,221,cat_0,221
35866,795,cat_1,795
35867,685,cat_2,685
35868,547,cat_3,547
35869,196,cat_4,196
35870,176,cat_0,176
35871,764,cat_1,764
35872,705,cat_2,705
35873,618,cat_3,618
35874,828,cat_4,828
35875,145,cat_0,145
35876,829,cat_1,829
35877,45,cat_2,45
35878,617,cat_3,617
35879,25,cat_4,25
35880,450,cat_0,450
35881,92,cat_1,92
35882,508,cat_2,508
35883,978,cat_3,978
35884,968,cat_4,968
35885,14,cat_0,14
35886,186,cat_1,186
35887,702,cat_2,702
35888,333,cat_3,333
35889,430,cat_4,430
35890,434,cat_0,434
35891,957,cat_1,957
35892,373,cat_2,373
35893,318,cat_3,318
35894,742,cat_4,742
35895,549,cat_0,549
35896,978,cat_1,978
35897,269,cat_2,269
35898,528,cat_3,528
35899,294,cat_4,294
35900,912,cat_0,912
35901,289,cat_1,289
35902,647,cat_2,647
35903,138,cat_3,138
35904,115,cat_4,115
35905,576,cat_0,576
35906,210,cat_1,210
35907,741,cat_2,741
35908,976,cat_3,976
35909,347,cat_4,347
35910,454,cat_0,454
35911,53,cat_1,53
35912,296,cat_2,296
35913,175,cat_3,175
35914,943,cat_4,943
35915,115,cat_0,115
35916,745,cat_1,745
35917,67,cat_2,67
35918,475,cat_3,475
35919,338,cat_4,338
35920,932,cat_0,932
35921,692,cat_1,692
35922,253,cat_2,253
35923,85,cat_3,85
35924,227,cat_4,227
35925,599,cat_0,599
35926,1,cat_1,1
35927,409,cat_2,409
35928,719,cat_3,719
35929,341,cat_4,341
35930,713,cat_0,713
35931,617,cat_1,617
35932,124,cat_2,124
35933,503,cat_3,503
35934,628,cat_4,628
35935,392,cat_0,392
35936,100,cat_1,100
35937,35,cat_2,35
35938,446,cat_3,446
35939,621,cat_4,621
35940,82,cat_0,82
35941,594,cat_1,594
35942,60,cat_2,60
35943,860,cat_3,860
35944,578,cat_4,578
35945,251,cat_0,251
35946,881,cat_1,881
35947,685,cat_2,685
35948,579,cat_3,579
35949,567,cat_4,567
35950,523,cat_0,523
35951,570,cat_1,570
35952,797,cat_2,797
35953,204,cat_3,204
35954,370,cat_4,370
35955,334,cat_0,334
35956,870,cat_1,870
35957,598,cat_2,598
35958,392,cat_3,392
35959,277,cat_4,277
35960,417,cat_0,417
35961,938,cat_1,938
35962,968,cat_2,968
35963,612,cat_3,612
35964,55,cat_4,55
35965,100,cat_0,100
35966,411,cat_1,411
35967,766,cat_2,766
35968,254,cat_3,254
35969,754,cat_4,754
35970,2,cat_0,2
35971,267,cat_1,267
35972,179,cat_2,179
35973,223,cat_3,223
35974,767,cat_4,767
35975,279,cat_0,279
35976,251,cat_1,251
35977,292,cat_2,292
35978,338,cat_3,338
35979,543,cat_4,543
35980,672,cat_0,672
35981,262,cat_1,262
35982,723,cat_2,723
35983,533,cat_3,533
35984,734,cat_4,734
35985,596,cat_0,596
35986,766,cat_1,766
35987,303,cat_2,303
35988,756,cat_3,756
35989,869,cat_4,869
35990,243,cat_0,243
35991,147,cat_1,147
35992,870,cat_2,870
35993,657,cat_3,657
35994,804,cat_4,804
35995,876,cat_0,876
35996,863,cat_1,863
35997,756,cat_2,756
35998,172,cat_3,172
35999,900,cat_4,900
36000,349,cat_0,349
36001,171,cat_1,171
36002,196,cat_2,196
36003,253,cat_3,253
36004,182,cat_4,182
36005,440,cat_0,440
36006,702,cat_1,702
36007,466,cat_2,466
36008,305,cat_3,305
36009,203,cat_4,203
36010,392,cat_0,392
36011,655,cat_1,655
36012,655,cat_2,655
36013,360,cat_3,360
36014,364,cat_4,364
36015,331,cat_0,331
36016,322,cat_1,322
36017,715,cat_2,715
36018,427,cat_3,427
36019,384,cat_4,384
36020,249,cat_0,249
36021,759,cat_1,759
36022,666,cat_2,666
36023,42,cat_3,42
36024,599,cat_4,599
36025,652,cat_0,652
36026,537,cat_1,537
36027,483,cat_2,483
36028,423,cat_3,423
36029,662,cat_4,662
36030,659,cat_0,659
36031,744,cat_1,744
36032,47,cat_2,47
36033,598,cat_3,598
36034,839,cat_4,839
36035,359,cat_0,359
36036,192,cat_1,192
36037,382,cat_2,382
36038,390,cat_3,390
36039,206,cat_4,206
36040,692,cat_0,692
36041,177,cat_1,177
36042,22,cat_2,22
36043,864,cat_3,864
36044,734,cat_4,734
36045,72,cat_0,72
36046,103,cat_1,103
36047,511,cat_2,511
36048,75,cat_3,75
36049,690,cat_4,690
36050,390,cat_0,390
36051,944,cat_1,944
36052,31,cat_2,31
36053,333,cat_3,333
36054,850,cat_4,850
36055,287,cat_0,287
36056,46,cat_1,46
36057,223,cat_2,223
36058,684,cat_3,684
36059,787,cat_4,787
36060,320,cat_0,320
36061,19,cat_1,19
36062,302,cat_2,302
36063,513,cat_3,513
36064,495,cat_4,495
36065,811,cat_0,811
36066,210,cat_1,210
36067,205,cat_2,205
36068,755,cat_3,755
36069,537,cat_4,537
36070,33,cat_0,33
36071,695,cat_1,695
36072,186,cat_2,186
36073,849,cat_3,849
36074,722,cat_4,722
36075,530,cat_0,530
36076,525,cat_1,525
36077,979,cat_2,979
36078,742,cat_3,742
36079,47,cat_4,47
36080,172,cat_0,172
36081,626,cat_1,626
36082,64,cat_2,64
36083,656,cat_3,656
36084,606,cat_4,606
36085,574,cat_0,574
36086,837,cat_1,837
36087,883,cat_2,883
36088,58,cat_3,58
36089,357,cat_4,357
36090,664,cat_0,664
36091,51,cat_1,51
36092,65,cat_2,65
36093,314,cat_3,314
36094,687,cat_4,687
36095,939,cat_0,939
36096,391,cat_1,391
36097,461,cat_2,461
36098,552,cat_3,552
36099,495,cat_4,495
36100,662,cat_0,662
36101,929,cat_1,929
36102,94,cat_2,94
36103,758,cat_3,758
36104,736,cat_4,736
36105,311,cat_0,311
36106,823,cat_1,823
36107,644,cat_2,644
36108,316,cat_3,316
36109,892,cat_4,892
36110,900,cat_0,900
36111,825,cat_1,825
36112,40,cat_2,40
36113,819,cat_3,819
36114,35,cat_4,35
36115,391,cat_0,391
36116,547,cat_1,547
36117,57,cat_2,57
36118,733,cat_3,733
36119,666,cat_4,666
36120,274,cat_0,274
36121,709,cat_1,709
36122,298,cat_2,298
36123,677,cat_3,677
36124,833,cat_4,833
36125,430,cat_0,430
36126,260,cat_1,260
36127,770,cat_2,770
36128,646,cat_3,646
36129,589,cat_4,589
36130,391,cat_0,391
36131,945,cat_1,945
36132,669,cat_2,669
36133,110,cat_3,110
36134,294,cat_4,294
36135,255,cat_0,255
36136,358,cat_1,358
36137,315,cat_2,315
36138,547,cat_3,547
36139,102,cat_4,102
36140,931,cat_0,931
36141,997,cat_1,997
36142,480,cat_2,480
36143,896,cat_3,896
36144,520,cat_4,520
36145,802,cat_0,802
36146,507,cat_1,507
36147,275,cat_2,275
36148,909,cat_3,909
36149,114,cat_4,114
36150,689,cat_0,689
36151,370,cat_1,370
36152,691,cat_2,691
36153,821,cat_3,821
36154,914,cat_4,914
36155,202,cat_0,202
36156,905,cat_1,905
36157,742,cat_2,742
36158,499,cat_3,499
36159,904,cat_4,904
36160,112,cat_0,112
36161,7,cat_1,7
36162,321,cat_2,321
36163,632,cat_3,632
36164,241,cat_4,241
36165,493,cat_0,493
36166,83,cat_1,83
36167,663,cat_2,663
36168,474,cat_3,474
36169,402,cat_4,402
36170,508,cat_0,508
36171,529,cat_1,529
36172,608,cat_2,608
36173,242,cat_3,242
36174,229,cat_4,229
36175,750,cat_0,750
36176,245,cat_1,245
36177,472,cat_2,472
36178,33,cat_3,33
36179,237,cat_4,237
36180,867,cat_0,867
36181,765,cat_1,765
36182,102,cat_2,102
36183,475,cat_3,475
36184,80,cat_4,80
36185,534,cat_0,534
36186,947,cat_1,947
36187,962,cat_2,962
36188,379,cat_3,379
36189,133,cat_4,133
36190,877,cat_0,877
36191,851,cat_1,851
36192,320,cat_2,320
36193,755,cat_3,755
36194,737,cat_4,737
36195,935,cat_0,935
36196,182,cat_1,182
36197,409,cat_2,409
36198,739,cat_3,739
36199,33,cat_4,33
36200,213,cat_0,213
36201,5,cat_1,5
36202,721,cat_2,721
36203,460,cat_3,460
36204,10,cat_4,10
36205,603,cat_0,603
36206,434,cat_1,434
36207,819,cat_2,819
36208,921,cat_3,921
36209,534,cat_4,534
36210,17,cat_0,17
36211,865,cat_1,865
36212,469,cat_2,469
36213,485,cat_3,485
36214,530,cat_4,530
36215,58,cat_0,58
36216,19,cat_1,19
36217,171,cat_2,171
36218,827,cat_3,827
36219,947,cat_4,947
36220,441,cat_0,441
36221,660,cat_1,660
36222,907,cat_2,907
36223,347,cat_3,347
36224,3,cat_4,3
36225,814,cat_0,814
36226,842,cat_1,842
36227,909,cat_2,909
36228,404,cat_3,404
36229,637,cat_4,637
36230,274,cat_0,274
36231,564,cat_1,564
36232,134,cat_2,134
36233,920,cat_3,920
36234,384,cat_4,384
36235,283,cat_0,283
36236,205,cat_1,205
36237,116,cat_2,116
36238,737,cat_3,737
36239,200,cat_4,200
36240,116,cat_0,116
36241,571,cat_1,571
36242,801,cat_2,801
36243,63,cat_3,63
36244,88,cat_4,88
36245,30,cat_0,30
36246,842,cat_1,842
36247,464,cat_2,464
36248,826,cat_3,826
36249,330,cat_4,330
36250,82,cat_0,82
36251,267,cat_1,267
36252,832,cat_2,832
36253,570,cat_3,570
36254,589,cat_4,589
36255,754,cat_0,754
36256,277,cat_1,277
36257,673,cat_2,673
36258,794,cat_3,794
36259,349,cat_4,349
36260,52,cat_0,52
36261,759,cat_1,759
36262,585,cat_2,585
36263,768,cat_3,768
36264,410,cat_4,410
36265,845,cat_0,845
36266,430,cat_1,430
36267,85,cat_2,85
36268,740,cat_3,740
36269,753,cat_4,753
36270,437,cat_0,437
36271,863,cat_1,863
36272,951,cat_2,951
36273,372,cat_3,372
36274,126,cat_4,126
36275,43,cat_0,43
36276,126,cat_1,126
36277,592,cat_2,592
36278,370,cat_3,370
36279,997,cat_4,997
36280,764,cat_0,764
36281,849,cat_1,849
36282,945,cat_2,945
36283,175,cat_3,175
36284,48,cat_4,48
36285,977,cat_0,977
36286,68,cat_1,68
36287,3,cat_2,3
36288,377,cat_3,377
36289,159,cat_4,159
36290,293,cat_0,293
36291,154,cat_1,154
36292,788,cat_2,788
36293,784,cat_3,784
36294,717,cat_4,717
36295,468,cat_0,468
36296,297,cat_1,297
36297,276,cat_2,276
36298,54,cat_3,54
36299,471,cat_4,471
36300,874,cat_0,874
36301,688,cat_1,688
36302,570,cat_2,570
36303,563,cat_3,563
36304,103,cat_4,103
36305,646,cat_0,646
36306,540,cat_1,540
36307,322,cat_2,322
36308,80,cat_3,80
36309,432,cat_4,432
36310,254,cat_0,254
36311,564,cat_1,564
36312,268,cat_2,268
36313,572,cat_3,572
36314,615,cat_4,615
36315,472,cat_0,472
36316,548,cat_1,548
36317,783,cat_2,783
36318,196,cat_3,196
36319,754,cat_4,754
36320,187,cat_0,187
36321,54,cat_1,54
36322,714,cat_2,714
36323,84,cat_3,84
36324,542,cat_4,542
36325,179,cat_0,179
36326,811,cat_1,811
36327,232,cat_2,232
36328,313,cat_3,313
36329,594,cat_4,594
36330,282,cat_0,282
36331,118,cat_1,118
36332,395,cat_2,395
36333,615,cat_3,615
36334,204,cat_4,204
36335,677,cat_0,677
36336,590,cat_1,590
36337,788,cat_2,788
36338,376,cat_3,376
36339,299,cat_4,299
36340,729,cat_0,729
36341,457,cat_1,457
36342,321,cat_2,321
36343,908,cat_3,908
36344,346,cat_4,346
36345,503,cat_0,503
36346,404,cat_1,404
36347,163,cat_2,163
36348,545,cat_3,545
36349,989,cat_4,989
36350,310,cat_0,310
36351,855,cat_1,855
36352,598,cat_2,598
36353,42,cat_3,42
36354,423,cat_4,423
36355,567,cat_0,567
36356,416,cat_1,416
36357,989,cat_2,989
36358,903,cat_3,903
36359,262,cat_4,262
36360,605,cat_0,605
36361,390,cat_1,390
36362,95,cat_2,95
36363,627,cat_3,627
36364,437,cat_4,437
36365,871,cat_0,871
36366,437,cat_1,437
36367,879,cat_2,879
36368,164,cat_3,164
36369,194,cat_4,194
36370,146,cat_0,146
36371,568,cat_1,568
36372,108,cat_2,108
36373,168,cat_3,168
36374,244,cat_4,244
36375,352,cat_0,352
36376,560,cat_1,560
36377,428,cat_2,428
36378,822,cat_3,822
36379,60,cat_4,60
36380,952,cat_0,952
36381,533,cat_1,533
36382,803,cat_2,803
36383,394,cat_3,394
36384,700,cat_4,700
36385,280,cat_0,280
36386,884,cat_1,884
36387,91,cat_2,91
36388,13,cat_3,13
36389,211,cat_4,211
36390,940,cat_0,940
36391,680,cat_1,680
36392,551,cat_2,551
36393,479,cat_3,479
36394,529,cat_4,529
36395,493,cat_0,493
36396,612,cat_1,612
36397,657,cat_2,657
36398,151,cat_3,151
36399,430,cat_4,430
36400,84,cat_0,84
36401,401,cat_1,401
36402,128,cat_2,128
36403,283,cat_3,283
36404,809,cat_4,809
36405,25,cat_0,25
36406,425,cat_1,425
36407,340,cat_2,340
36408,686,cat_3,686
36409,514,cat_4,514
36410,729,cat_0,729
36411,157,cat_1,157
36412,916,cat_2,916
36413,567,cat_3,567
36414,743,cat_4,743
36415,730,cat_0,730
36416,847,cat_1,847
36417,291,cat_2,291
36418,371,cat_3,371
36419,509,cat_4,509
36420,454,cat_0,454
36421,949,cat_1,949
36422,551,cat_2,551
36423,513,cat_3,513
36424,641,cat_4,641
36425,676,cat_0,676
36426,268,cat_1,268
36427,341,cat_2,341
36428,875,cat_3,875
36429,928,cat_4,928
36430,678,cat_0,678
36431,222,cat_1,222
36432,86,cat_2,86
36433,652,cat_3,652
36434,405,cat_4,405
36435,879,cat_0,879
36436,421,cat_1,421
36437,59,cat_2,59
36438,890,cat_3,890
36439,118,cat_4,118
36440,158,cat_0,158
36441,401,cat_1,401
36442,986,cat_2,986
36443,367,cat_3,367
36444,164,cat_4,164
36445,726,cat_0,726
36446,21,cat_1,21
36447,497,cat_2,497
36448,560,cat_3,560
36449,416,cat_4,416
36450,401,cat_0,401
36451,656,cat_1,656
36452,433,cat_2,433
36453,690,cat_3,690
36454,267,cat_4,267
36455,203,cat_0,203
36456,822,cat_1,822
36457,523,cat_2,523
36458,610,cat_3,610
36459,356,cat_4,356
36460,13,cat_0,13
36461,916,cat_1,916
36462,965,cat_2,965
36463,862,cat_3,862
36464,252,cat_4,252
36465,902,cat_0,902
36466,425,cat_1,425
36467,211,cat_2,211
36468,165,cat_3,165
36469,632,cat_4,632
36470,983,cat_0,983
36471,688,cat_1,688
36472,43,cat_2,43
36473,325,cat_3,325
36474,288,cat_4,288
36475,562,cat_0,562
36476,789,cat_1,789
36477,709,cat_2,709
36478,821,cat_3,821
36479,268,cat_4,268
36480,227,cat_0,227
36481,988,cat_1,988
36482,388,cat_2,388
36483,498,cat_3,498
36484,689,cat_4,689
36485,246,cat_0,246
36486,315,cat_1,315
36487,555,cat_2,555
36488,606,cat_3,606
36489,363,cat_4,363
36490,640,cat_0,640
36491,940,cat_1,940
36492,752,cat_2,752
36493,959,cat_3,959
36494,48,cat_4,48
36495,700,cat_0,700
36496,361,cat_1,361
36497,412,cat_2,412
36498,504,cat_3,504
36499,604,cat_4,604
36500,915,cat_0,915
36501,259,cat_1,259
36502,850,cat_2,850
36503,449,cat_3,449
36504,595,cat_4,595
36505,621,cat_0,621
36506,28,cat_1,28
36507,129,cat_2,129
36508,83,cat_3,83
36509,439,cat_4,439
36510,421,cat_0,421
36511,85,cat_1,85
36512,332,cat_2,332
36513,144,cat_3,144
36514,194,cat_4,194
36515,586,cat_0,586
36516,47,cat_1,47
36517,545,cat_2,545
36518,846,cat_3,846
36519,522,cat_4,522
36520,433,cat_0,433
36521,376,cat_1,376
36522,183,cat_2,183
36523,397,cat_3,397
36524,443,cat_4,443
36525,821,cat_0,821
36526,421,cat_1,421
36527,966,cat_2,966
36528,551,cat_3,551
36529,971,cat_4,971
36530,103,cat_0,103
36531,905,cat_1,905
36532,572,cat_2,572
36533,604,cat_3,604
36534,900,cat_4,900
36535,769,cat_0,769
36536,905,cat_1,905
36537,483,cat_2,483
36538,917,cat_3,917
36539,946,cat_4,946
36540,240,cat_0,240
36541,684,cat_1,684
36542,331,cat_2,331
36543,311,cat_3,311
36544,974,cat_4,974
36545,153,cat_0,153
36546,151,cat_1,151
36547,848,cat_2,848
36548,710,cat_3,710
36549,740,cat_4,740
36550,272,cat_0,272
36551,820,cat_1,820
36552,305,cat_2,305
36553,909,cat_3,909
36554,636,cat_4,636
36555,520,cat_0,520
36556,651,cat_1,651
36557,169,cat_2,169
36558,769,cat_3,769
36559,403,cat_4,403
36560,455,cat_0,455
36561,696,cat_1,696
36562,298,cat_2,298
36563,973,cat_3,973
36564,4,cat_4,4
36565,614,cat_0,614
36566,742,cat_1,742
36567,48,cat_2,48
36568,908,cat_3,908
36569,939,cat_4,939
36570,730,cat_0,730
36571,303,cat_1,303
36572,74,cat_2,74
36573,894,cat_3,894
36574,835,cat_4,835
36575,244,cat_0,244
36576,36,cat_1,36
36577,229,cat_2,229
36578,539,cat_3,539
36579,296,cat_4,296
36580,307,cat_0,307
36581,541,cat_1,541
36582,103,cat_2,103
36583,659,cat_3,659
36584,275,cat_4,275
36585,450,cat_0,450
36586,566,cat_1,566
36587,502,cat_2,502
36588,852,cat_3,852
36589,751,cat_4,751
36590,885,cat_0,885
36591,277,cat_1,277
36592,848,cat_2,848
36593,113,cat_3,113
36594,210,cat_4,210
36595,291,cat_0,291
36596,631,cat_1,631
36597,608,cat_2,608
36598,685,cat_3,685
36599,311,cat_4,311
36600,653,cat_0,653
36601,993,cat_1,993
36602,637,cat_2,637
36603,773,cat_3,773
36604,549,cat_4,549
36605,410,cat_0,410
36606,685,cat_1,685
36607,831,cat_2,831
36608,798,cat_3,798
36609,802,cat_4,802
36610,275,cat_0,275
36611,16,cat_1,16
36612,18,cat_2,18
36613,861,cat_3,861
36614,579,cat_4,579
36615,992,cat_0,992
36616,713,cat_1,713
36617,667,cat_2,667
36618,749,cat_3,749
36619,623,cat_4,623
36620,290,cat_0,290
36621,125,cat_1,125
36622,96,cat_2,96
36623,28,cat_3,28
36624,804,cat_4,804
36625,613,cat_0,613
36626,648,cat_1,648
36627,543,cat_2,543
36628,121,cat_3,121
36629,39,cat_4,39
36630,265,cat_0,265
36631,581,cat_1,581
36632,15,cat_2,15
36633,717,cat_3,717
36634,826,cat_4,826
36635,783,cat_0,783
36636,557,cat_1,557
36637,7,cat_2,7
36638,7,cat_3,7
36639,701,cat_4,701
36640,31,cat_0,31
36641,151,cat_1,151
36642,89,cat_2,89
36643,766,cat_3,766
36644,10,cat_4,10
36645,423,cat_0,423
36646,252,cat_1,252
36647,652,cat_2,652
36648,848,cat_3,848
36649,936,cat_4,936
36650,900,cat_0,900
36651,209,cat_1,209
36652,513,cat_2,513
36653,173,cat_3,173
36654,791,cat_4,791
36655,639,cat_0,639
36656,899,cat_1,899
36657,311,cat_2,311
36658,744,cat_3,744
36659,434,cat_4,434
36660,806,cat_0,806
36661,583,cat_1,583
36662,888,cat_2,888
36663,878,cat_3,878
36664,174,cat_4,174
36665,355,cat_0,355
36666,74,cat_1,74
36667,491,cat_2,491
36668,806,cat_3,806
36669,618,cat_4,618
36670,399,cat_0,399
36671,965,cat_1,965
36672,948,cat_2,948
36673,285,cat_3,285
36674,335,cat_4,335
36675,338,cat_0,338
36676,673,cat_1,673
36677,206,cat_2,206
36678,815,cat_3,815
36679,792,cat_4,792
36680,58,cat_0,58
36681,727,cat_1,727
36682,230,cat_2,230
36683,936,cat_3,936
36684,148,cat_4,148
36685,148,cat_0,148
36686,868,cat_1,868
36687,12,cat_2,12
36688,696,cat_3,696
36689,138,cat_4,138
36690,414,cat_0,414
36691,870,cat_1,870
36692,334,cat_2,334
36693,664,cat_3,664
36694,637,cat_4,637
36695,664,cat_0,664
36696,91,cat_1,91
36697,242,cat_2,242
36698,405,cat_3,405
36699,128,cat_4,128
36700,462,cat_0,462
36701,408,cat_1,408
36702,737,cat_2,737
36703,780,cat_3,780
36704,441,cat_4,441
36705,846,cat_0,846
36706,579,cat_1,579
36707,481,cat_2,481
36708,765,cat_3,765
36709,625,cat_4,625
36710,560,cat_0,560
36711,369,cat_1,369
36712,568,cat_2,568
36713,925,cat_3,925
36714,699,cat_4,699
36715,985,cat_0,985
36716,799,cat_1,799
36717,622,cat_2,622
36718,946,cat_3,946
36719,841,cat_4,841
36720,866,cat_0,866
36721,876,cat_1,876
36722,42,cat_2,42
36723,796,cat_3,796
36724,95,cat_4,95
36725,675,cat_0,675
36726,220,cat_1,220
36727,985,cat_2,985
36728,597,cat_3,597
36729,790,cat_4,790
36730,654,cat_0,654
36731,267,cat_1,267
36732,647,cat_2,647
36733,618,cat_3,618
36734,950,cat_4,950
36735,654,cat_0,654
36736,669,cat_1,669
36737,63,cat_2,63
36738,305,cat_3,305
36739,418,cat_4,418
36740,868,cat_0,868
36741,750,cat_1,750
36742,248,cat_2,248
36743,629,cat_3,629
36744,33,cat_4,33
36745,729,cat_0,729
36746,489,cat_1,489
36747,785,cat_2,785
36748,221,cat_3,221
36749,776,cat_4,776
36750,760,cat_0,760
36751,830,cat_1,830
36752,519,cat_2,519
36753,257,cat_3,257
36754,330,cat_4,330
36755,110,cat_0,110
36756,436,cat_1,436
36757,202,cat_2,202
36758,834,cat_3,834
36759,729,cat_4,729
36760,140,cat_0,140
36761,896,cat_1,896
36762,804,cat_2,804
36763,106,cat_3,106
36764,706,cat_4,706
36765,569,cat_0,569
36766,299,cat_1,299
36767,200,cat_2,200
36768,879,cat_3,879
36769,136,cat_4,136
36770,569,cat_0,569
36771,255,cat_1,255
36772,67,cat_2,67
36773,753,cat_3,753
36774,617,cat_4,617
36775,189,cat_0,189
36776,667,cat_1,667
36777,389,cat_2,389
36778,749,cat_3,749
36779,665,cat_4,665
36780,385,cat_0,385
36781,566,cat_1,566
36782,92,cat_2,92
36783,587,cat_3,587
36784,526,cat_4,526
36785,739,cat_0,739
36786,814,cat_1,814
36787,595,cat_2,595
36788,180,cat_3,180
36789,808,cat_4,808
36790,470,cat_0,470
36791,943,cat_1,943
36792,341,cat_2,341
36793,573,cat_3,573
36794,689,cat_4,689
36795,381,cat_0,381
36796,225,cat_1,225
36797,782,cat_2,782
36798,571,cat_3,571
36799,233,cat_4,233
36800,279,cat_0,279
36801,283,cat_1,283
36802,658,cat_2,658
36803,59,cat_3,59
36804,867,cat_4,867
36805,201,cat_0,201
36806,816,cat_1,816
36807,397,cat_2,397
36808,594,cat_3,594
36809,270,cat_4,270
36810,398,cat_0,398
36811,718,cat_1,718
36812,211,cat_2,211
36813,929,cat_3,929
36814,375,cat_4,375
36815,819,cat_0,819
36816,800,cat_1,800
36817,294,cat_2,294
36818,130,cat_3,130
36819,769,cat_4,769
36820,116,cat_0,116
36821,397,cat_1,397
36822,505,cat_2,505
36823,524,cat_3,524
36824,229,cat_4,229
36825,75,cat_0,75
36826,288,cat_1,288
36827,92,cat_2,92
36828,534,cat_3,534
36829,118,cat_4,118
36830,119,cat_0,119
36831,184,cat_1,184
36832,131,cat_2,131
36833,47,cat_3,47
36834,814,cat_4,814
36835,520,cat_0,520
36836,848,cat_1,848
36837,814,cat_2,814
36838,901,cat_3,901
36839,413,cat_4,413
36840,682,cat_0,682
36841,834,cat_1,834
36842,765,cat_2,765
36843,823,cat_3,823
36844,267,cat_4,267
36845,832,cat_0,832
36846,232,cat_1,232
36847,759,cat_2,759
36848,42,cat_3,42
36849,139,cat_4,139
36850,228,cat_0,228
36851,401,cat_1,401
36852,292,cat_2,292
36853,722,cat_3,722
36854,164,cat_4,164
36855,9,cat_0,9
36856,763,cat_1,763
36857,138,cat_2,138
36858,966,cat_3,966
36859,504,cat_4,504
36860,235,cat_0,235
36861,652,cat_1,652
36862,84,cat_2,84
36863,426,cat_3,426
36864,292,cat_4,292
36865,111,cat_0,111
36866,560,cat_1,560
36867,942,cat_2,942
36868,461,cat_3,461
36869,880,cat_4,880
36870,958,cat_0,958
36871,104,cat_1,104
36872,713,cat_2,713
36873,748,cat_3,748
36874,653,cat_4,653
36875,639,cat_0,639
36876,573,cat_1,573
36877,404,cat_2,404
36878,624,cat_3,624
36879,689,cat_4,689
36880,931,cat_0,931
36881,634,cat_1,634
36882,136,cat_2,136
36883,941,cat_3,941
36884,346,cat_4,346
36885,464,cat_0,464
36886,586,cat_1,586
36887,344,cat_2,344
36888,917,cat_3,917
36889,912,cat_4,912
36890,472,cat_0,472
36891,67,cat_1,67
36892,3,cat_2,3
36893,173,cat_3,173
36894,249,cat_4,249
36895,400,cat_0,400
36896,838,cat_1,838
36897,949,cat_2,949
36898,333,cat_3,333
36899,282,cat_4,282
36900,260,cat_0,260
36901,890,cat_1,890
36902,940,cat_2,940
36903,555,cat_3,555
36904,265,cat_4,265
36905,117,cat_0,117
36906,615,cat_1,615
36907,83,cat_2,83
36908,826,cat_3,826
36909,955,cat_4,955
36910,322,cat_0,322
36911,138,cat_1,138
36912,574,cat_2,574
36913,928,cat_3,928
36914,168,cat_4,168
36915,23,cat_0,23
36916,918,cat_1,918
36917,165,cat_2,165
36918,540,cat_3,540
36919,467,cat_4,467
36920,226,cat_0,226
36921,19,cat_1,19
36922,948,cat_2,948
36923,62,cat_3,62
36924,226,cat_4,226
36925,880,cat_0,880
36926,343,cat_1,343
36927,811,cat_2,811
36928,300,cat_3,300
36929,435,cat_4,435
36930,500,cat_0,500
36931,506,cat_1,506
36932,830,cat_2,830
36933,98,cat_3,98
36934,238,cat_4,238
36935,400,cat_0,400
36936,194,cat_1,194
36937,465,cat_2,465
36938,336,cat_3,336
36939,528,cat_4,528
36940,14,cat_0,14
36941,894,cat_1,894
36942,738,cat_2,738
36943,519,cat_3,519
36944,943,cat_4,943
36945,782,cat_0,782
36946,107,cat_1,107
36947,196,cat_2,196
36948,224,cat_3,224
36949,813,cat_4,813
36950,650,cat_0,650
36951,124,cat_1,124
36952,89,cat_2,89
36953,634,cat_3,634
36954,155,cat_4,155
36955,972,cat_0,972
36956,98,cat_1,98
36957,195,cat_2,195
36958,355,cat_3,355
36959,692,cat_4,692
36960,283,cat_0,283
36961,223,cat_1,223
36962,265,cat_2,265
36963,712,cat_3,712
36964,167,cat_4,167
36965,690,cat_0,690
36966,225,cat_1,225
36967,351,cat_2,351
36968,221,cat_3,221
36969,100,cat_4,100
36970,372,cat_0,372
36971,880,cat_1,880
36972,328,cat_2,328
36973,970,cat_3,970
36974,12,cat_4,12
36975,183,cat_0,183
36976,552,cat_1,552
36977,719,cat_2,719
36978,407,cat_3,407
36979,114,cat_4,114
36980,745,cat_0,745
36981,150,cat_1,150
36982,500,cat_2,500
36983,612,cat_3,612
36984,298,cat_4,298
36985,772,cat_0,772
36986,226,cat_1,226
36987,854,cat_2,854
36988,986,cat_3,986
36989,84,cat_4,84
36990,499,cat_0,499
36991,961,cat_1,961
36992,133,cat_2,133
36993,199,cat_3,199
36994,207,cat_4,207
36995,629,cat_0,629
36996,283,cat_1,283
36997,668,cat_2,668
36998,846,cat_3,846
36999,81,cat_4,81
37000,519,cat_0,519
37001,822,cat_1,822
37002,660,cat_2,660
37003,87,cat_3,87
37004,882,cat_4,882
37005,511,cat_0,511
37006,493,cat_1,493
37007,169,cat_2,169
37008,547,cat_3,547
37009,505,cat_4,505
37010,833,cat_0,833
37011,144,cat_1,144
37012,25,cat_2,25
37013,714,cat_3,714
37014,305,cat_4,305
37015,769,cat_0,769
37016,238,cat_1,238
37017,255,cat_2,255
37018,462,cat_3,462
37019,668,cat_4,668
37020,694,cat_0,694
37021,278,cat_1,278
37022,6,cat_2,6
37023,726,cat_3,726
37024,969,cat_4,969
37025,450,cat_0,450
37026,415,cat_1,415
37027,716,cat_2,716
37028,1,cat_3,1
37029,853,cat_4,853
37030,783,cat_0,783
37031,838,cat_1,838
37032,83,cat_2,83
37033,311,cat_3,311
37034,484,cat_4,484
37035,874,cat_0,874
37036,241,cat_1,241
37037,872,cat_2,872
37038,701,cat_3,701
37039,184,cat_4,184
37040,419,cat_0,419
37041,735,cat_1,735
37042,926,cat_2,926
37043,804,cat_3,804
37044,931,cat_4,931
37045,433,cat_0,433
37046,512,cat_1,512
37047,283,cat_2,283
37048,898,cat_3,898
37049,825,cat_4,825
37050,946,cat_0,946
37051,584,cat_1,584
37052,845,cat_2,845
37053,969,cat_3,969
37054,450,cat_4,450
37055,692,cat_0,692
37056,582,cat_1,582
37057,534,cat_2,534
37058,458,cat_3,458
37059,392,cat_4,392
37060,314,cat_0,314
37061,770,cat_1,770
37062,636,cat_2,636
37063,394,cat_3,394
37064,483,cat_4,483
37065,819,cat_0,819
37066,857,cat_1,857
37067,185,cat_2,185
37068,561,cat_3,561
37069,328,cat_4,328
37070,724,cat_0,724
37071,393,cat_1,393
37072,532,cat_2,532
37073,35,cat_3,35
37074,141,cat_4,141
37075,14,cat_0,14
37076,835,cat_1,835
37077,101,cat_2,101
37078,161,cat_3,161
37079,570,cat_4,570
37080,657,cat_0,657
37081,986,cat_1,986
37082,651,cat_2,651
37083,292,cat_3,292
37084,907,cat_4,907
37085,188,cat_0,188
37086,775,cat_1,775
37087,481,cat_2,481
37088,417,cat_3,417
37089,465,cat_4,465
37090,974,cat_0,974
37091,552,cat_1,552
37092,868,cat_2,868
37093,510,cat_3,510
37094,363,cat_4,363
37095,718,cat_0,718
37096,681,cat_1,681
37097,211,cat_2,211
37098,192,cat_3,192
37099,428,cat_4,428
37100,481,cat_0,481
37101,833,cat_1,833
37102,886,cat_2,886
37103,600,cat_3,600
37104,623,cat_4,623
37105,643,cat_0,643
37106,87,cat_1,87
37107,498,cat_2,498
37108,346,cat_3,346
37109,17,cat_4,17
37110,908,cat_0,908
37111,632,cat_1,632
37112,384,cat_2,384
37113,937,cat_3,937
37114,324,cat_4,324
37115,444,cat_0,444
37116,858,cat_1,858
37117,458,cat_2,458
37118,19,cat_3,19
37119,914,cat_4,914
37120,79,cat_0,79
37121,408,cat_1,408
37122,327,cat_2,327
37123,600,cat_3,600
37124,899,cat_4,899
37125,27,cat_0,27
37126,509,cat_1,509
37127,528,cat_2,528
37128,254,cat_3,254
37129,212,cat_4,212
37130,150,cat_0,150
37131,95,cat_1,95
37132,310,cat_2,310
37133,926,cat_3,926
37134,486,cat_4,486
37135,802,cat_0,802
37136,233,cat_1,233
37137,937,cat_2,937
37138,794,cat_3,794
37139,931,cat_4,931
37140,671,cat_0,671
37141,811,cat_1,811
37142,689,cat_2,689
37143,50,cat_3,50
37144,533,cat_4,533
37145,891,cat_0,891
37146,859,cat_1,859
37147,168,cat_2,168
37148,730,cat_3,730
37149,259,cat_4,259
37150,156,cat_0,156
37151,567,cat_1,567
37152,812,cat_2,812
37153,457,cat_3,457
37154,813,cat_4,813
37155,830,cat_0,830
37156,108,cat_1,108
37157,941,cat_2,941
37158,777,cat_3,777
37159,401,cat_4,401
37160,292,cat_0,292
37161,898,cat_1,898
37162,121,cat_2,121
37163,37,cat_3,37
37164,688,cat_4,688
37165,974,cat_0,974
37166,916,cat_1,916
37167,886,cat_2,886
37168,157,cat_3,157
37169,485,cat_4,485
37170,808,cat_0,808
37171,166,cat_1,166
37172,507,cat_2,507
37173,387,cat_3,387
37174,15,cat_4,15
37175,415,cat_0,415
37176,506,cat_1,506
37177,334,cat_2,334
37178,57,cat_3,57
37179,777,cat_4,777
37180,998,cat_0,998
37181,711,cat_1,711
37182,901,cat_2,901
37183,120,cat_3,120
37184,835,cat_4,835
37185,294,cat_0,294
37186,748,cat_1,748
37187,85,cat_2,85
37188,648,cat_3,648
37189,862,cat_4,862
37190,27,cat_0,27
37191,299,cat_1,299
37192,44,cat_2,44
37193,207,cat_3,207
37194,612,cat_4,612
37195,82,cat_0,82
37196,958,cat_1,958
37197,284,cat_2,284
37198,449,cat_3,449
37199,295,cat_4,295
37200,47,cat_0,47
37201,9,cat_1,9
37202,519,cat_2,519
37203,703,cat_3,703
37204,250,cat_4,250
37205,298,cat_0,298
37206,36,cat_1,36
37207,885,cat_2,885
37208,407,cat_3,407
37209,59,cat_4,59
37210,943,cat_0,943
37211,833,cat_1,833
37212,379,cat_2,379
37213,615,cat_3,615
37214,894,cat_4,894
37215,546,cat_0,546
37216,660,cat_1,660
37217,654,cat_2,654
37218,276,cat_3,276
37219,557,cat_4,557
37220,151,cat_0,151
37221,209,cat_1,209
37222,809,cat_2,809
37223,758,cat_3,758
37224,327,cat_4,327
37225,51,cat_0,51
37226,950,cat_1,950
37227,581,cat_2,581
37228,28,cat_3,28
37229,229,cat_4,229
37230,945,cat_0,945
37231,326,cat_1,326
37232,884,cat_2,884
37233,167,cat_3,167
37234,483,cat_4,483
37235,391,cat_0,391
37236,50,cat_1,50
37237,729,cat_2,729
37238,161,cat_3,161
37239,230,cat_4,230
37240,739,cat_0,739
37241,466,cat_1,466
37242,816,cat_2,816
37243,862,cat_3,862
37244,855,cat_4,855
37245,920,cat_0,920
37246,551,cat_1,551
37247,19,cat_2,19
37248,409,cat_3,409
37249,228,cat_4,228
37250,54,cat_0,54
37251,215,cat_1,215
37252,939,cat_2,939
37253,365,cat_3,365
37254,429,cat_4,429
37255,605,cat_0,605
37256,1000,cat_1,1000
37257,705,cat_2,705
37258,85,cat_3,85
37259,307,cat_4,307
37260,50,cat_0,50
37261,108,cat_1,108
37262,481,cat_2,481
37263,989,cat_3,989
37264,849,cat_4,849
37265,159,cat_0,159
37266,45,cat_1,45
37267,291,cat_2,291
37268,606,cat_3,606
37269,73,cat_4,73
37270,901,cat_0,901
37271,586,cat_1,586
37272,679,cat_2,679
37273,764,cat_3,764
37274,378,cat_4,378
37275,42,cat_0,42
37276,271,cat_1,271
37277,517,cat_2,517
37278,842,cat_3,842
37279,368,cat_4,368
37280,67,cat_0,67
37281,177,cat_1,177
37282,307,cat_2,307
37283,838,cat_3,838
37284,972,cat_4,972
37285,773,cat_0,773
37286,179,cat_1,179
37287,825,cat_2,825
37288,326,cat_3,326
37289,760,cat_4,760
37290,548,cat_0,548
37291,796,cat_1,796
37292,774,cat_2,774
37293,968,cat_3,968
37294,64,cat_4,64
37295,42,cat_0,42
37296,546,cat_1,546
37297,92,cat_2,92
37298,956,cat_3,956
37299,621,cat_4,621
37300,171,cat_0,171
37301,28,cat_1,28
37302,577,cat_2,577
37303,203,cat_3,203
37304,437,cat_4,437
37305,856,cat_0,856
37306,801,cat_1,801
37307,317,cat_2,317
37308,294,cat_3,294
37309,467,cat_4,467
37310,806,cat_0,806
37311,181,cat_1,181
37312,972,cat_2,972
37313,605,cat_3,605
37314,283,cat_4,283
37315,729,cat_0,729
37316,173,cat_1,173
37317,104,cat_2,104
37318,437,cat_3,437
37319,769,cat_4,769
37320,961,cat_0,961
37321,144,cat_1,144
37322,646,cat_2,646
37323,334,cat_3,334
37324,322,cat_4,322
37325,53,cat_0,53
37326,648,cat_1,648
37327,349,cat_2,349
37328,78,cat_3,78
37329,304,cat_4,304
37330,581,cat_0,581
37331,740,cat_1,740
37332,145,cat_2,145
37333,874,cat_3,874
37334,104,cat_4,104
37335,238,cat_0,238
37336,242,cat_1,242
37337,187,cat_2,187
37338,973,cat_3,973
37339,305,cat_4,305
37340,726,cat_0,726
37341,659,cat_1,659
37342,21,cat_2,21
37343,408,cat_3,408
37344,169,cat_4,169
37345,300,cat_0,300
37346,136,cat_1,136
37347,578,cat_2,578
37348,818,cat_3,818
37349,764,cat_4,764
37350,217,cat_0,217
37351,686,cat_1,686
37352,356,cat_2,356
37353,611,cat_3,611
37354,971,cat_4,971
37355,500,cat_0,500
37356,1000,cat_1,1000
37357,972,cat_2,972
37358,787,cat_3,787
37359,875,cat_4,875
37360,710,cat_0,710
37361,946,cat_1,946
37362,667,cat_2,667
37363,53,cat_3,53
37364,939,cat_4,939
37365,297,cat_0,297
37366,173,cat_1,173
37367,397,cat_2,397
37368,271,cat_3,271
37369,879,cat_4,879
37370,881,cat_0,881
37371,300,cat_1,300
37372,744,cat_2,744
37373,495,cat_3,495
37374,38,cat_4,38
37375,75,cat_0,75
37376,618,cat_1,618
37377,399,cat_2,399
37378,969,cat_3,969
37379,434,cat_4,434
37380,64,cat_0,64
37381,243,cat_1,243
37382,485,cat_2,485
37383,457,cat_3,457
37384,51,cat_4,51
37385,615,cat_0,615
37386,244,cat_1,244
37387,119,cat_2,119
37388,806,cat_3,806
37389,396,cat_4,396
37390,8,cat_0,8
37391,206,cat_1,206
37392,29,cat_2,29
37393,752,cat_3,752
37394,33,cat_4,33
37395,834,cat_0,834
37396,85,cat_1,85
37397,776,cat_2,776
37398,739,cat_3,739
37399,682,cat_4,682
37400,533,cat_0,533
37401,848,cat_1,848
37402,44,cat_2,44
37403,630,cat_3,630
37404,832,cat_4,832
37405,16,cat_0,16
37406,982,cat_1,982
37407,48,cat_2,48
37408,149,cat_3,149
37409,887,cat_4,887
37410,645,cat_0,645
37411,963,cat_1,963
37412,490,cat_2,490
37413,549,cat_3,549
37414,89,cat_4,89
37415,992,cat_0,992
37416,990,cat_1,990
37417,694,cat_2,694
37418,954,cat_3,954
37419,493,cat_4,493
37420,238,cat_0,238
37421,6,cat_1,6
37422,97,cat_2,97
37423,175,cat_3,175
37424,552,cat_4,552
37425,972,cat_0,972
37426,242,cat_1,242
37427,129,cat_2,129
37428,414,cat_3,414
37429,535,cat_4,535
37430,614,cat_0,614
37431,953,cat_1,953
37432,147,cat_2,147
37433,592,cat_3,592
37434,220,cat_4,220
37435,412,cat_0,412
37436,9,cat_1,9
37437,488,cat_2,488
37438,390,cat_3,390
37439,409,cat_4,409
37440,834,cat_0,834
37441,261,cat_1,261
37442,669,cat_2,669
37443,583,cat_3,583
37444,975,cat_4,975
37445,702,cat_0,702
37446,726,cat_1,726
37447,505,cat_2,505
37448,678,cat_3,678
37449,290,cat_4,290
37450,112,cat_0,112
37451,369,cat_1,369
37452,550,cat_2,550
37453,513,cat_3,513
37454,246,cat_4,246
37455,30,cat_0,30
37456,972,cat_1,972
37457,526,cat_2,526
37458,504,cat_3,504
37459,423,cat_4,423
37460,557,cat_0,557
37461,672,cat_1,672
37462,796,cat_2,796
37463,838,cat_3,838
37464,291,cat_4,291
37465,918,cat_0,918
37466,862,cat_1,862
37467,7,cat_2,7
37468,105,cat_3,105
37469,80,cat_4,80
37470,318,cat_0,318
37471,584,cat_1,584
37472,801,cat_2,801
37473,195,cat_3,195
37474,928,cat_4,928
37475,21,cat_0,21
37476,871,cat_1,871
37477,519,cat_2,519
37478,551,cat_3,551
37479,962,cat_4,962
37480,863,cat_0,863
37481,232,cat_1,232
37482,323,cat_2,323
37483,722,cat_3,722
37484,648,cat_4,648
37485,638,cat_0,638
37486,129,cat_1,129
37487,424,cat_2,424
37488,554,cat_3,554
37489,867,cat_4,867
37490,292,cat_0,292
37491,195,cat_1,195
37492,786,cat_2,786
37493,883,cat_3,883
37494,885,cat_4,885
37495,358,cat_0,358
37496,828,cat_1,828
37497,437,cat_2,437
37498,291,cat_3,291
37499,561,cat_4,561
37500,824,cat_0,824
37501,15,cat_1,15
37502,213,cat_2,213
37503,875,cat_3,875
37504,787,cat_4,787
37505,2,cat_0,2
37506,582,cat_1,582
37507,842,cat_2,842
37508,592,cat_3,592
37509,859,cat_4,859
37510,726,cat_0,726
37511,890,cat_1,890
37512,444,cat_2,444
37513,672,cat_3,672
37514,855,cat_4,855
37515,672,cat_0,672
37516,463,cat_1,463
37517,301,cat_2,301
37518,139,cat_3,139
37519,465,cat_4,465
37520,59,cat_0,59
37521,274,cat_1,274
37522,3,cat_2,3
37523,197,cat_3,197
37524,885,cat_4,885
37525,337,cat_0,337
37526,728,cat_1,728
37527,973,cat_2,973
37528,148,cat_3,148
37529,59,cat_4,59
37530,316,cat_0,316
37531,975,cat_1,975
37532,79,cat_2,79
37533,68,cat_3,68
37534,714,cat_4,714
37535,635,cat_0,635
37536,112,cat_1,112
37537,281,cat_2,281
37538,800,cat_3,800
37539,232,cat_4,232
37540,996,cat_0,996
37541,798,cat_1,798
37542,830,cat_2,830
37543,458,cat_3,458
37544,326,cat_4,326
37545,864,cat_0,864
37546,862,cat_1,862
37547,34,cat_2,34
37548,59,cat_3,59
37549,675,cat_4,675
37550,58,cat_0,58
37551,269,cat_1,269
37552,893,cat_2,893
37553,886,cat_3,886
37554,787,cat_4,787
37555,576,cat_0,576
37556,284,cat_1,284
37557,943,cat_2,943
37558,16,cat_3,16
37559,23,cat_4,23
37560,167,cat_0,167
37561,784,cat_1,784
37562,74,cat_2,74
37563,708,cat_3,708
37564,27,cat_4,27
37565,133,cat_0,133
37566,813,cat_1,813
37567,928,cat_2,928
37568,834,cat_3,834
37569,826,cat_4,826
37570,911,cat_0,911
37571,22,cat_1,22
37572,319,cat_2,319
37573,196,cat_3,196
37574,323,cat_4,323
37575,62,cat_0,62
37576,63,cat_1,63
37577,122,cat_2,122
37578,321,cat_3,321
37579,658,cat_4,658
37580,972,cat_0,972
37581,685,cat_1,685
37582,702,cat_2,702
37583,953,cat_3,953
37584,564,cat_4,564
37585,368,cat_0,368
37586,647,cat_1,647
37587,897,cat_2,897
37588,588,cat_3,588
37589,626,cat_4,626
37590,260,cat_0,260
37591,194,cat_1,194
37592,200,cat_2,200
37593,311,cat_3,311
37594,655,cat_4,655
37595,573,cat_0,573
37596,726,cat_1,726
37597,482,cat_2,482
37598,67,cat_3,67
37599,841,cat_4,841
37600,927,cat_0,927
37601,483,cat_1,483
37602,888,cat_2,888
37603,312,cat_3,312
37604,270,cat_4,270
37605,27,cat_0,27
37606,750,cat_1,750
37607,421,cat_2,421
37608,732,cat_3,732
37609,195,cat_4,195
37610,570,cat_0,570
37611,707,cat_1,707
37612,456,cat_2,456
37613,641,cat_3,641
37614,238,cat_4,238
37615,964,cat_0,964
37616,738,cat_1,738
37617,366,cat_2,366
37618,806,cat_3,806
37619,908,cat_4,908
37620,638,cat_0,638
37621,774,cat_1,774
37622,450,cat_2,450
37623,383,cat_3,383
37624,249,cat_4,249
37625,167,cat_0,167
37626,198,cat_1,198
37627,298,cat_2,298
37628,944,cat_3,944
37629,273,cat_4,273
37630,600,cat_0,600
37631,774,cat_1,774
37632,63,cat_2,63
37633,6,cat_3,6
37634,43,cat_4,43
37635,569,cat_0,569
37636,674,cat_1,674
37637,458,cat_2,458
37638,253,cat_3,253
37639,928,cat_4,928
37640,1,cat_0,1
37641,993,cat_1,993
37642,516,cat_2,516
37643,551,cat_3,551
37644,951,cat_4,951
37645,668,cat_0,668
37646,333,cat_1,333
37647,54,cat_2,54
37648,609,cat_3,609
37649,783,cat_4,783
37650,67,cat_0,67
37651,741,cat_1,741
37652,718,cat_2,718
37653,962,cat_3,962
37654,534,cat_4,534
37655,443,cat_0,443
37656,776,cat_1,776
37657,593,cat_2,593
37658,86,cat_3,86
37659,440,cat_4,440
37660,912,cat_0,912
37661,589,cat_1,589
37662,87,cat_2,87
37663,934,cat_3,934
37664,186,cat_4,186
37665,481,cat_0,481
37666,431,cat_1,431
37667,569,cat_2,569
37668,543,cat_3,543
37669,603,cat_4,603
37670,185,cat_0,185
37671,542,cat_1,542
37672,155,cat_2,155
37673,334,cat_3,334
37674,106,cat_4,106
37675,453,cat_0,453
37676,191,cat_1,191
37677,136,cat_2,136
37678,180,cat_3,180
37679,693,cat_4,693
37680,882,cat_0,882
37681,145,cat_1,145
37682,903,cat_2,903
37683,433,cat_3,433
37684,483,cat_4,483
37685,435,cat_0,435
37686,841,cat_1,841
37687,199,cat_2,199
37688,719,cat_3,719
37689,203,cat_4,203
37690,964,cat_0,964
37691,914,cat_1,914
37692,743,cat_2,743
37693,760,cat_3,760
37694,894,cat_4,894
37695,903,cat_0,903
37696,831,cat_1,831
37697,189,cat_2,189
37698,489,cat_3,489
37699,759,cat_4,759
37700,910,cat_0,910
37701,548,cat_1,548
37702,791,cat_2,791
37703,386,cat_3,386
37704,67,cat_4,67
37705,524,cat_0,524
37706,778,cat_1,778
37707,230,cat_2,230
37708,228,cat_3,228
37709,100,cat_4,100
37710,821,cat_0,821
37711,577,cat_1,577
37712,679,cat_2,679
37713,555,cat_3,555
37714,979,cat_4,979
37715,304,cat_0,304
37716,673,cat_1,673
37717,454,cat_2,454
37718,392,cat_3,392
37719,361,cat_4,361
37720,403,cat_0,403
37721,221,cat_1,221
37722,704,cat_2,704
37723,289,cat_3,289
37724,663,cat_4,663
37725,554,cat_0,554
37726,504,cat_1,504
37727,677,cat_2,677
37728,834,cat_3,834
37729,437,cat_4,437
37730,246,cat_0,246
37731,212,cat_1,212
37732,491,cat_2,491
37733,78,cat_3,78
37734,210,cat_4,210
37735,929,cat_0,929
37736,839,cat_1,839
37737,911,cat_2,911
37738,375,cat_3,375
37739,673,cat_4,673
37740,22,cat_0,22
37741,251,cat_1,251
37742,477,cat_2,477
37743,779,cat_3,779
37744,746,cat_4,746
37745,36,cat_0,36
37746,352,cat_1,352
37747,241,cat_2,241
37748,743,cat_3,743
37749,435,cat_4,435
37750,422,cat_0,422
37751,570,cat_1,570
37752,339,cat_2,339
37753,343,cat_3,343
37754,35,cat_4,35
37755,350,cat_0,350
37756,525,cat_1,525
37757,108,cat_2,108
37758,627,cat_3,627
37759,593,cat_4,593
37760,569,cat_0,569
37761,638,cat_1,638
37762,476,cat_2,476
37763,455,cat_3,455
37764,425,cat_4,425
37765,859,cat_0,859
37766,192,cat_1,192
37767,92,cat_2,92
37768,308,cat_3,308
37769,433,cat_4,433
37770,837,cat_0,837
37771,169,cat_1,169
37772,821,cat_2,821
37773,609,cat_3,609
37774,302,cat_4,302
37775,267,cat_0,267
37776,514,cat_1,514
37777,649,cat_2,649
37778,714,cat_3,714
37779,997,cat_4,997
37780,936,cat_0,936
37781,886,cat_1,886
37782,145,cat_2,145
37783,521,cat_3,521
37784,913,cat_4,913
37785,209,cat_0,209
37786,531,cat_1,531
37787,397,cat_2,397
37788,976,cat_3,976
37789,461,cat_4,461
37790,96,cat_0,96
37791,328,cat_1,328
37792,347,cat_2,347
37793,257,cat_3,257
37794,292,cat_4,292
37795,405,cat_0,405
37796,375,cat_1,375
37797,606,cat_2,606
37798,906,cat_3,906
37799,243,cat_4,243
37800,698,cat_0,698
37801,845,cat_1,845
37802,317,cat_2,317
37803,723,cat_3,723
37804,43,cat_4,43
37805,370,cat_0,370
37806,585,cat_1,585
37807,879,cat_2,879
37808,760,cat_3,760
37809,375,cat_4,375
37810,758,cat_0,758
37811,262,cat_1,262
37812,580,cat_2,580
37813,434,cat_3,434
37814,565,cat_4,565
37815,797,cat_0,797
37816,949,cat_1,949
37817,537,cat_2,537
37818,977,cat_3,977
37819,109,cat_4,109
37820,922,cat_0,922
37821,18,cat_1,18
37822,401,cat_2,401
37823,520,cat_3,520
37824,159,cat_4,159
37825,484,cat_0,484
37826,306,cat_1,306
37827,670,cat_2,670
37828,385,cat_3,385
37829,212,cat_4,212
37830,182,cat_0,182
37831,955,cat_1,955
37832,811,cat_2,811
37833,684,cat_3,684
37834,178,cat_4,178
37835,37,cat_0,37
37836,785,cat_1,785
37837,276,cat_2,276
37838,387,cat_3,387
37839,63,cat_4,63
37840,806,cat_0,806
37841,150,cat_1,150
37842,679,cat_2,679
37843,716,cat_3,716
37844,580,cat_4,580
37845,46,cat_0,46
37846,332,cat_1,332
37847,156,cat_2,156
37848,582,cat_3,582
37849,663,cat_4,663
37850,21,cat_0,21
37851,654,cat_1,654
37852,862,cat_2,862
37853,237,cat_3,237
37854,625,cat_4,625
37855,862,cat_0,862
37856,988,cat_1,988
37857,243,cat_2,243
37858,512,cat_3,512
37859,910,cat_4,910
37860,780,cat_0,780
37861,888,cat_1,888
37862,112,cat_2,112
37863,306,cat_3,306
37864,1,cat_4,1
37865,977,cat_0,977
37866,993,cat_1,993
37867,848,cat_2,848
37868,550,cat_3,550
37869,386,cat_4,386
37870,715,cat_0,715
37871,808,cat_1,808
37872,889,cat_2,889
37873,967,cat_3,967
37874,723,cat_4,723
37875,131,cat_0,131
37876,469,cat_1,469
37877,287,cat_2,287
37878,126,cat_3,126
37879,825,cat_4,825
37880,224,cat_0,224
37881,201,cat_1,201
37882,933,cat_2,933
37883,807,cat_3,807
37884,60,cat_4,60
37885,621,cat_0,621
37886,81,cat_1,81
37887,256,cat_2,256
37888,241,cat_3,241
37889,20,cat_4,20
37890,256,cat_0,256
37891,963,cat_1,963
37892,847,cat_2,847
37893,875,cat_3,875
37894,862,cat_4,862
37895,437,cat_0,437
37896,781,cat_1,781
37897,996,cat_2,996
37898,435,cat_3,435
37899,369,cat_4,369
37900,585,cat_0,585
37901,446,cat_1,446
37902,919,cat_2,919
37903,993,cat_3,993
37904,554,cat_4,554
37905,481,cat_0,481
37906,630,cat_1,630
37907,133,cat_2,133
37908,430,cat_3,430
37909,324,cat_4,324
37910,232,cat_0,232
37911,61,cat_1,61
37912,416,cat_2,416
37913,72,cat_3,72
37914,318,cat_4,318
37915,869,cat_0,869
37916,749,cat_1,749
37917,760,cat_2,760
37918,633,cat_3,633
37919,980,cat_4,980
37920,970,cat_0,970
37921,337,cat_1,337
37922,256,cat_2,256
37923,8,cat_3,8
37924,941,cat_4,941
37925,389,cat_0,389
37926,611,cat_1,611
37927,623,cat_2,623
37928,458,cat_3,458
37929,758,cat_4,758
37930,695,cat_0,695
37931,618,cat_1,618
37932,458,cat_2,458
37933,380,cat_3,380
37934,748,cat_4,748
37935,799,cat_0,799
37936,653,cat_1,653
37937,929,cat_2,929
37938,587,cat_3,587
37939,971,cat_4,971
37940,101,cat_0,101
37941,953,cat_1,953
37942,717,cat_2,717
37943,457,cat_3,457
37944,526,cat_4,526
37945,241,cat_0,241
37946,954,cat_1,954
37947,705,cat_2,705
37948,667,cat_3,667
37949,697,cat_4,697
37950,175,cat_0,175
37951,208,cat_1,208
37952,32,cat_2,32
37953,788,cat_3,788
37954,666,cat_4,666
37955,565,cat_0,565
37956,675,cat_1,675
37957,286,cat_2,286
37958,577,cat_3,577
37959,107,cat_4,107
37960,671,cat_0,671
37961,780,cat_1,780
37962,624,cat_2,624
37963,881,cat_3,881
37964,484,cat_4,484
37965,434,cat_0,434
37966,616,cat_1,616
37967,142,cat_2,142
37968,248,cat_3,248
37969,257,cat_4,257
37970,482,cat_0,482
37971,570,cat_1,570
37972,361,cat_2,361
37973,711,cat_3,711
37974,833,cat_4,833
37975,553,cat_0,553
37976,252,cat_1,252
37977,626,cat_2,626
37978,18,cat_3,18
37979,687,cat_4,687
37980,176,cat_0,176
37981,899,cat_1,899
37982,627,cat_2,627
37983,44,cat_3,44
37984,287,cat_4,287
37985,986,cat_0,986
37986,770,cat_1,770
37987,270,cat_2,270
37988,92,cat_3,92
37989,422,cat_4,422
37990,558,cat_0,558
37991,788,cat_1,788
37992,13,cat_2,13
37993,554,cat_3,554
37994,569,cat_4,569
37995,364,cat_0,364
37996,852,cat_1,852
37997,457,cat_2,457
37998,255,cat_3,255
37999,892,cat_4,892
38000,842,cat_0,842
38001,613,cat_1,613
38002,54,cat_2,54
38003,430,cat_3,430
38004,137,cat_4,137
38005,228,cat_0,228
38006,842,cat_1,842
38007,680,cat_2,680
38008,369,cat_3,369
38009,227,cat_4,227
38010,730,cat_0,730
38011,625,cat_1,625
38012,869,cat_2,869
38013,725,cat_3,725
38014,220,cat_4,220
38015,453,cat_0,453
38016,884,cat_1,884
38017,884,cat_2,884
38018,303,cat_3,303
38019,628,cat_4,628
38020,949,cat_0,949
38021,485,cat_1,485
38022,66,cat_2,66
38023,474,cat_3,474
38024,111,cat_4,111
38025,555,cat_0,555
38026,279,cat_1,279
38027,440,cat_2,440
38028,234,cat_3,234
38029,872,cat_4,872
38030,98,cat_0,98
38031,577,cat_1,577
38032,787,cat_2,787
38033,666,cat_3,666
38034,125,cat_4,125
38035,129,cat_0,129
38036,110,cat_1,110
38037,998,cat_2,998
38038,604,cat_3,604
38039,933,cat_4,933
38040,695,cat_0,695
38041,751,cat_1,751
38042,365,cat_2,365
38043,319,cat_3,319
38044,465,cat_4,465
38045,258,cat_0,258
38046,456,cat_1,456
38047,537,cat_2,537
38048,605,cat_3,605
38049,119,cat_4,119
38050,407,cat_0,407
38051,767,cat_1,767
38052,667,cat_2,667
38053,817,cat_3,817
38054,547,cat_4,547
38055,564,cat_0,564
38056,261,cat_1,261
38057,439,cat_2,439
38058,317,cat_3,317
38059,275,cat_4,275
38060,738,cat_0,738
38061,846,cat_1,846
38062,130,cat_2,130
38063,17,cat_3,17
38064,281,cat_4,281
38065,685,cat_0,685
38066,400,cat_1,400
38067,414,cat_2,414
38068,134,cat_3,134
38069,283,cat_4,283
38070,851,cat_0,851
38071,109,cat_1,109
38072,441,cat_2,441
38073,475,cat_3,475
38074,280,cat_4,280
38075,130,cat_0,130
38076,521,cat_1,521
38077,857,cat_2,857
38078,260,cat_3,260
38079,237,cat_4,237
38080,696,cat_0,696
38081,991,cat_1,991
38082,235,cat_2,235
38083,155,cat_3,155
38084,680,cat_4,680
38085,573,cat_0,573
38086,873,cat_1,873
38087,560,cat_2,560
38088,78,cat_3,78
38089,334,cat_4,334
38090,10,cat_0,10
38091,587,cat_1,587
38092,491,cat_2,491
38093,175,cat_3,175
38094,834,cat_4,834
38095,718,cat_0,718
38096,355,cat_1,355
38097,105,cat_2,105
38098,461,cat_3,461
38099,898,cat_4,898
38100,440,cat_0,440
38101,588,cat_1,588
38102,643,cat_2,643
38103,594,cat_3,594
38104,845,cat_4,845
38105,166,cat_0,166
38106,86,cat_1,86
38107,903,cat_2,903
38108,590,cat_3,590
38109,619,cat_4,619
38110,453,cat_0,453
38111,45,cat_1,45
38112,825,cat_2,825
38113,125,cat_3,125
38114,418,cat_4,418
38115,849,cat_0,849
38116,25,cat_1,25
38117,394,cat_2,394
38118,319,cat_3,319
38119,522,cat_4,522
38120,85,cat_0,85
38121,60,cat_1,60
38122,729,cat_2,729
38123,984,cat_3,984
38124,797,cat_4,797
38125,594,cat_0,594
38126,783,cat_1,783
38127,677,cat_2,677
38128,812,cat_3,812
38129,699,cat_4,699
38130,700,cat_0,700
38131,135,cat_1,135
38132,76,cat_2,76
38133,840,cat_3,840
38134,186,cat_4,186
38135,19,cat_0,19
38136,970,cat_1,970
38137,744,cat_2,744
38138,69,cat_3,69
38139,37,cat_4,37
38140,150,cat_0,150
38141,289,cat_1,289
38142,375,cat_2,375
38143,934,cat_3,934
38144,745,cat_4,745
38145,467,cat_0,467
38146,623,cat_1,623
38147,779,cat_2,779
38148,441,cat_3,441
38149,4,cat_4,4
38150,500,cat_0,500
38151,35,cat_1,35
38152,674,cat_2,674
38153,484,cat_3,484
38154,645,cat_4,645
38155,857,cat_0,857
38156,960,cat_1,960
38157,574,cat_2,574
38158,415,cat_3,415
38159,954,cat_4,954
38160,484,cat_0,484
38161,894,cat_1,894
38162,269,cat_2,269
38163,390,cat_3,390
38164,310,cat_4,310
38165,181,cat_0,181
38166,855,cat_1,855
38167,909,cat_2,909
38168,54,cat_3,54
38169,468,cat_4,468
38170,166,cat_0,166
38171,880,cat_1,880
38172,857,cat_2,857
38173,656,cat_3,656
38174,318,cat_4,318
38175,878,cat_0,878
38176,502,cat_1,502
38177,453,cat_2,453
38178,488,cat_3,488
38179,253,cat_4,253
38180,538,cat_0,538
38181,571,cat_1,571
38182,425,cat_2,425
38183,339,cat_3,339
38184,226,cat_4,226
38185,953,cat_0,953
38186,569,cat_1,569
38187,401,cat_2,401
38188,680,cat_3,680
38189,6,cat_4,6
38190,627,cat_0,627
38191,50,cat_1,50
38192,102,cat_2,102
38193,49,cat_3,49
38194,943,cat_4,943
38195,488,cat_0,488
38196,657,cat_1,657
38197,248,cat_2,248
38198,877,cat_3,877
38199,713,cat_4,713
38200,586,cat_0,586
38201,6,cat_1,6
38202,198,cat_2,198
38203,731,cat_3,731
38204,610,cat_4,610
38205,802,cat_0,802
38206,459,cat_1,459
38207,460,cat_2,460
38208,140,cat_3,140
38209,797,cat_4,797
38210,885,cat_0,885
38211,355,cat_1,355
38212,740,cat_2,740
38213,990,cat_3,990
38214,182,cat_4,182
38215,113,cat_0,113
38216,339,cat_1,339
38217,177,cat_2,177
38218,760,cat_3,760
38219,197,cat_4,197
38220,999,cat_0,999
38221,768,cat_1,768
38222,68,cat_2,68
38223,41,cat_3,41
38224,940,cat_4,940
38225,751,cat_0,751
38226,410,cat_1,410
38227,166,cat_2,166
38228,744,cat_3,744
38229,411,cat_4,411
38230,812,cat_0,812
38231,588,cat_1,588
38232,893,cat_2,893
38233,365,cat_3,365
38234,112,cat_4,112
38235,972,cat_0,972
38236,606,cat_1,606
38237,441,cat_2,441
38238,829,cat_3,829
38239,176,cat_4,176
38240,131,cat_0,131
38241,243,cat_1,243
38242,503,cat_2,503
38243,900,cat_3,900
38244,943,cat_4,943
38245,674,cat_0,674
38246,839,cat_1,839
38247,175,cat_2,175
38248,950,cat_3,950
38249,716,cat_4,716
38250,544,cat_0,544
38251,590,cat_1,590
38252,761,cat_2,761
38253,658,cat_3,658
38254,861,cat_4,861
38255,871,cat_0,871
38256,149,cat_1,149
38257,697,cat_2,697
38258,683,cat_3,683
38259,696,cat_4,696
38260,715,cat_0,715
38261,878,cat_1,878
38262,571,cat_2,571
38263,105,cat_3,105
38264,221,cat_4,221
38265,65,cat_0,65
38266,112,cat_1,112
38267,321,cat_2,321
38268,334,cat_3,334
38269,132,cat_4,132
38270,629,cat_0,629
38271,966,cat_1,966
38272,650,cat_2,650
38273,578,cat_3,578
38274,894,cat_4,894
38275,886,cat_0,886
38276,827,cat_1,827
38277,775,cat_2,775
38278,391,cat_3,391
38279,896,cat_4,896
38280,403,cat_0,403
38281,285,cat_1,285
38282,711,cat_2,711
38283,250,cat_3,250
38284,607,cat_4,607
38285,691,cat_0,691
38286,178,cat_1,178
38287,527,cat_2,527
38288,751,cat_3,751
38289,459,cat_4,459
38290,434,cat_0,434
38291,787,cat_1,787
38292,135,cat_2,135
38293,33,cat_3,33
38294,827,cat_4,827
38295,414,cat_0,414
38296,231,cat_1,231
38297,764,cat_2,764
38298,714,cat_3,714
38299,16,cat_4,16
38300,569,cat_0,569
38301,773,cat_1,773
38302,928,cat_2,928
38303,229,cat_3,229
38304,808,cat_4,808
38305,45,cat_0,45
38306,548,cat_1,548
38307,756,cat_2,756
38308,284,cat_3,284
38309,588,cat_4,588
38310,529,cat_0,529
38311,884,cat_1,884
38312,127,cat_2,127
38313,705,cat_3,705
38314,965,cat_4,965
38315,221,cat_0,221
38316,80,cat_1,80
38317,228,cat_2,228
38318,548,cat_3,548
38319,486,cat_4,486
38320,952,cat_0,952
38321,861,cat_1,861
38322,718,cat_2,718
38323,739,cat_3,739
38324,895,cat_4,895
38325,78,cat_0,78
38326,571,cat_1,571
38327,83,cat_2,83
38328,130,cat_3,130
38329,580,cat_4,580
38330,945,cat_0,945
38331,159,cat_1,159
38332,554,cat_2,554
38333,756,cat_3,756
38334,848,cat_4,848
38335,194,cat_0,194
38336,908,cat_1,908
38337,891,cat_2,891
38338,8,cat_3,8
38339,880,cat_4,880
38340,486,cat_0,486
38341,553,cat_1,553
38342,569,cat_2,569
38343,534,cat_3,534
38344,176,cat_4,176
38345,543,cat_0,543
38346,851,cat_1,851
38347,528,cat_2,528
38348,564,cat_3,564
38349,507,cat_4,507
38350,249,cat_0,249
38351,758,cat_1,758
38352,491,cat_2,491
38353,403,cat_3,403
38354,678,cat_4,678
38355,279,cat_0,279
38356,55,cat_1,55
38357,498,cat_2,498
38358,127,cat_3,127
38359,725,cat_4,725
38360,575,cat_0,575
38361,560,cat_1,560
38362,499,cat_2,499
38363,768,cat_3,768
38364,908,cat_4,908
38365,998,cat_0,998
38366,471,cat_1,471
38367,202,cat_2,202
38368,433,cat_3,433
38369,441,cat_4,441
38370,44,cat_0,44
38371,159,cat_1,159
38372,445,cat_2,445
38373,93,cat_3,93
38374,634,cat_4,634
38375,249,cat_0,249
38376,141,cat_1,141
38377,330,cat_2,330
38378,326,cat_3,326
38379,659,cat_4,659
38380,362,cat_0,362
38381,29,cat_1,29
38382,292,cat_2,292
38383,61,cat_3,61
38384,950,cat_4,950
38385,565,cat_0,565
38386,687,cat_1,687
38387,465,cat_2,465
38388,623,cat_3,623
38389,607,cat_4,607
38390,948,cat_0,948
38391,664,cat_1,664
38392,693,cat_2,693
38393,392,cat_3,392
38394,566,cat_4,566
38395,72,cat_0,72
38396,72,cat_1,72
38397,937,cat_2,937
38398,741,cat_3,741
38399,826,cat_4,826
38400,188,cat_0,188
38401,540,cat_1,540
38402,690,cat_2,690
38403,448,cat_3,448
38404,980,cat_4,980
38405,144,cat_0,144
38406,480,cat_1,480
38407,872,cat_2,872
38408,23,cat_3,23
38409,844,cat_4,844
38410,102,cat_0,102
38411,668,cat_1,668
38412,376,cat_2,376
38413,523,cat_3,523
38414,68,cat_4,68
38415,536,cat_0,536
38416,911,cat_1,911
38417,836,cat_2,836
38418,880,cat_3,880
38419,420,cat_4,420
38420,759,cat_0,759
38421,747,cat_1,747
38422,290,cat_2,290
38423,887,cat_3,887
38424,501,cat_4,501
38425,571,cat_0,571
38426,450,cat_1,450
38427,478,cat_2,478
38428,970,cat_3,970
38429,616,cat_4,616
38430,682,cat_0,682
38431,981,cat_1,981
38432,729,cat_2,729
38433,946,cat_3,946
38434,808,cat_4,808
38435,204,cat_0,204
38436,618,cat_1,618
38437,730,cat_2,730
38438,216,cat_3,216
38439,641,cat_4,641
38440,557,cat_0,557
38441,127,cat_1,127
38442,513,cat_2,513
38443,750,cat_3,750
38444,249,cat_4,249
38445,646,cat_0,646
38446,227,cat_1,227
38447,163,cat_2,163
38448,652,cat_3,652
38449,663,cat_4,663
38450,548,cat_0,548
38451,837,cat_1,837
38452,299,cat_2,299
38453,972,cat_3,972
38454,400,cat_4,400
38455,384,cat_0,384
38456,284,cat_1,284
38457,558,cat_2,558
38458,48,cat_3,48
38459,704,cat_4,704
38460,315,cat_0,315
38461,980,cat_1,980
38462,524,cat_2,524
38463,765,cat_3,765
38464,365,cat_4,365
38465,118,cat_0,118
38466,173,cat_1,173
38467,958,cat_2,958
38468,757,cat_3,757
38469,243,cat_4,243
38470,723,cat_0,723
38471,157,cat_1,157
38472,622,cat_2,622
38473,217,cat_3,217
38474,810,cat_4,810
38475,356,cat_0,356
38476,149,cat_1,149
38477,554,cat_2,554
38478,455,cat_3,455
38479,924,cat_4,924
38480,495,cat_0,495
38481,429,cat_1,429
38482,852,cat_2,852
38483,385,cat_3,385
38484,494,cat_4,494
38485,186,cat_0,186
38486,77,cat_1,77
38487,470,cat_2,470
38488,609,cat_3,609
38489,626,cat_4,626
38490,924,cat_0,924
38491,676,cat_1,676
38492,753,cat_2,753
38493,820,cat_3,820
38494,686,cat_4,686
38495,48,cat_0,48
38496,959,cat_1,959
38497,150,cat_2,150
38498,412,cat_3,412
38499,290,cat_4,290
38500,935,cat_0,935
38501,958,cat_1,958
38502,893,cat_2,893
38503,216,cat_3,216
38504,742,cat_4,742
38505,59,cat_0,59
38506,6,cat_1,6
38507,720,cat_2,720
38508,867,cat_3,867
38509,242,cat_4,242
38510,823,cat_0,823
38511,989,cat_1,989
38512,954,cat_2,954
38513,450,cat_3,450
38514,792,cat_4,792
38515,594,cat_0,594
38516,742,cat_1,742
38517,268,cat_2,268
38518,500,cat_3,500
38519,405,cat_4,405
38520,537,cat_0,537
38521,196,cat_1,196
38522,598,cat_2,598
38523,60,cat_3,60
38524,124,cat_4,124
38525,154,cat_0,154
38526,144,cat_1,144
38527,354,cat_2,354
38528,21,cat_3,21
38529,700,cat_4,700
38530,922,cat_0,922
38531,56,cat_1,56
38532,287,cat_2,287
38533,981,cat_3,981
38534,616,cat_4,616
38535,310,cat_0,310
38536,552,cat_1,552
38537,341,cat_2,341
38538,775,cat_3,775
38539,777,cat_4,777
38540,705,cat_0,705
38541,385,cat_1,385
38542,943,cat_2,943
38543,254,cat_3,254
38544,378,cat_4,378
38545,879,cat_0,879
38546,534,cat_1,534
38547,346,cat_2,346
38548,26,cat_3,26
38549,915,cat_4,915
38550,960,cat_0,960
38551,682,cat_1,682
38552,787,cat_2,787
38553,122,cat_3,122
38554,319,cat_4,319
38555,53,cat_0,53
38556,854,cat_1,854
38557,880,cat_2,880
38558,838,cat_3,838
38559,280,cat_4,280
38560,208,cat_0,208
38561,568,cat_1,568
38562,127,cat_2,127
38563,286,cat_3,286
38564,461,cat_4,461
38565,271,cat_0,271
38566,735,cat_1,735
38567,797,cat_2,797
38568,543,cat_3,543
38569,563,cat_4,563
38570,716,cat_0,716
38571,343,cat_1,343
38572,917,cat_2,917
38573,746,cat_3,746
38574,871,cat_4,871
38575,103,cat_0,103
38576,203,cat_1,203
38577,647,cat_2,647
38578,220,cat_3,220
38579,912,cat_4,912
38580,729,cat_0,729
38581,901,cat_1,901
38582,551,cat_2,551
38583,695,cat_3,695
38584,939,cat_4,939
38585,991,cat_0,991
38586,759,cat_1,759
38587,597,cat_2,597
38588,193,cat_3,193
38589,901,cat_4,901
38590,644,cat_0,644
38591,741,cat_1,741
38592,629,cat_2,629
38593,236,cat_3,236
38594,315,cat_4,315
38595,153,cat_0,153
38596,556,cat_1,556
38597,563,cat_2,563
38598,50,cat_3,50
38599,550,cat_4,550
38600,454,cat_0,454
38601,485,cat_1,485
38602,189,cat_2,189
38603,451,cat_3,451
38604,75,cat_4,75
38605,438,cat_0,438
38606,987,cat_1,987
38607,975,cat_2,975
38608,520,cat_3,520
38609,350,cat_4,350
38610,29,cat_0,29
38611,272,cat_1,272
38612,613,cat_2,613
38613,863,cat_3,863
38614,582,cat_4,582
38615,915,cat_0,915
38616,768,cat_1,768
38617,767,cat_2,767
38618,553,cat_3,553
38619,324,cat_4,324
38620,982,cat_0,982
38621,173,cat_1,173
38622,568,cat_2,568
38623,454,cat_3,454
38624,757,cat_4,757
38625,982,cat_0,982
38626,606,cat_1,606
38627,335,cat_2,335
38628,109,cat_3,109
38629,763,cat_4,763
38630,828,cat_0,828
38631,563,cat_1,563
38632,788,cat_2,788
38633,524,cat_3,524
38634,294,cat_4,294
38635,328,cat_0,328
38636,782,cat_1,782
38637,733,cat_2,733
38638,103,cat_3,103
38639,657,cat_4,657
38640,534,cat_0,534
38641,983,cat_1,983
38642,940,cat_2,940
38643,376,cat_3,376
38644,19,cat_4,19
38645,101,cat_0,101
38646,920,cat_1,920
38647,916,cat_2,916
38648,44,cat_3,44
38649,514,cat_4,514
38650,498,cat_0,498
38651,875,cat_1,875
38652,862,cat_2,862
38653,417,cat_3,417
38654,198,cat_4,198
38655,123,cat_0,123
38656,941,cat_1,941
38657,129,cat_2,129
38658,863,cat_3,863
38659,64,cat_4,64
38660,512,cat_0,512
38661,602,cat_1,602
38662,873,cat_2,873
38663,472,cat_3,472
38664,207,cat_4,207
38665,84,cat_0,84
38666,56,cat_1,56
38667,460,cat_2,460
38668,771,cat_3,771
38669,879,cat_4,879
38670,482,cat_0,482
38671,957,cat_1,957
38672,347,cat_2,347
38673,915,cat_3,915
38674,706,cat_4,706
38675,584,cat_0,584
38676,255,cat_1,255
38677,580,cat_2,580
38678,617,cat_3,617
38679,259,cat_4,259
38680,100,cat_0,100
38681,323,cat_1,323
38682,643,cat_2,643
38683,902,cat_3,902
38684,311,cat_4,311
38685,103,cat_0,103
38686,588,cat_1,588
38687,464,cat_2,464
38688,87,cat_3,87
38689,992,cat_4,992
38690,722,cat_0,722
38691,777,cat_1,777
38692,883,cat_2,883
38693,996,cat_3,996
38694,612,cat_4,612
38695,546,cat_0,546
38696,800,cat_1,800
38697,596,cat_2,596
38698,95,cat_3,95
38699,841,cat_4,841
38700,119,cat_0,119
38701,885,cat_1,885
38702,826,cat_2,826
38703,103,cat_3,103
38704,959,cat_4,959
38705,206,cat_0,206
38706,876,cat_1,876
38707,264,cat_2,264
38708,991,cat_3,991
38709,278,cat_4,278
38710,275,cat_0,275
38711,653,cat_1,653
38712,266,cat_2,266
38713,146,cat_3,146
38714,174,cat_4,174
38715,112,cat_0,112
38716,51,cat_1,51
38717,789,cat_2,789
38718,563,cat_3,563
38719,743,cat_4,743
38720,619,cat_0,619
38721,498,cat_1,498
38722,993,cat_2,993
38723,340,cat_3,340
38724,697,cat_4,697
38725,880,cat_0,880
38726,856,cat_1,856
38727,711,cat_2,711
38728,399,cat_3,399
38729,17,cat_4,17
38730,20,cat_0,20
38731,285,cat_1,285
38732,55,cat_2,55
38733,568,cat_3,568
38734,188,cat_4,188
38735,249,cat_0,249
38736,877,cat_1,877
38737,741,cat_2,741
38738,639,cat_3,639
38739,957,cat_4,957
38740,937,cat_0,937
38741,894,cat_1,894
38742,709,cat_2,709
38743,745,cat_3,745
38744,24,cat_4,24
38745,962,cat_0,962
38746,23,cat_1,23
38747,894,cat_2,894
38748,546,cat_3,546
38749,905,cat_4,905
38750,185,cat_0,185
38751,773,cat_1,773
38752,249,cat_2,249
38753,997,cat_3,997
38754,182,cat_4,182
38755,331,cat_0,331
38756,631,cat_1,631
38757,167,cat_2,167
38758,230,cat_3,230
38759,220,cat_4,220
38760,464,cat_0,464
38761,659,cat_1,659
38762,183,cat_2,183
38763,444,cat_3,444
38764,758,cat_4,758
38765,221,cat_0,221
38766,381,cat_1,381
38767,633,cat_2,633
38768,169,cat_3,169
38769,586,cat_4,586
38770,64,cat_0,64
38771,46,cat_1,46
38772,232,cat_2,232
38773,12,cat_3,12
38774,768,cat_4,768
38775,668,cat_0,668
38776,448,cat_1,448
38777,117,cat_2,117
38778,16,cat_3,16
38779,485,cat_4,485
38780,65,cat_0,65
38781,16,cat_1,16
38782,588,cat_2,588
38783,914,cat_3,914
38784,473,cat_4,473
38785,567,cat_0,567
38786,503,cat_1,503
38787,900,cat_2,900
38788,695,cat_3,695
38789,304,cat_4,304
38790,913,cat_0,913
38791,74,cat_1,74
38792,969,cat_2,969
38793,493,cat_3,493
38794,707,cat_4,707
38795,600,cat_0,600
38796,209,cat_1,209
38797,720,cat_2,720
38798,31,cat_3,31
38799,527,cat_4,527
38800,316,cat_0,316
38801,693,cat_1,693
38802,905,cat_2,905
38803,35,cat_3,35
38804,613,cat_4,613
38805,275,cat_0,275
38806,45,cat_1,45
38807,452,cat_2,452
38808,715,cat_3,715
38809,250,cat_4,250
38810,218,cat_0,218
38811,546,cat_1,546
38812,296,cat_2,296
38813,327,cat_3,327
38814,547,cat_4,547
38815,990,cat_0,990
38816,445,cat_1,445
38817,149,cat_2,149
38818,530,cat_3,530
38819,310,cat_4,310
38820,416,cat_0,416
38821,798,cat_1,798
38822,309,cat_2,309
38823,913,cat_3,913
38824,230,cat_4,230
38825,647,cat_0,647
38826,230,cat_1,230
38827,414,cat_2,414
38828,378,cat_3,378
38829,235,cat_4,235
38830,787,cat_0,787
38831,871,cat_1,871
38832,513,cat_2,513
38833,644,cat_3,644
38834,170,cat_4,170
38835,307,cat_0,307
38836,126,cat_1,126
38837,32,cat_2,32
38838,855,cat_3,855
38839,732,cat_4,732
38840,570,cat_0,570
38841,673,cat_1,673
38842,993,cat_2,993
38843,751,cat_3,751
38844,814,cat_4,814
38845,665,cat_0,665
38846,102,cat_1,102
38847,328,cat_2,328
38848,949,cat_3,949
38849,132,cat_4,132
38850,901,cat_0,901
38851,747,cat_1,747
38852,74,cat_2,74
38853,433,cat_3,433
38854,216,cat_4,216
38855,826,cat_0,826
38856,435,cat_1,435
38857,22,cat_2,22
38858,532,cat_3,532
38859,750,cat_4,750
38860,588,cat_0,588
38861,750,cat_1,750
38862,27,cat_2,27
38863,798,cat_3,798
38864,406,cat_4,406
38865,116,cat_0,116
38866,721,cat_1,721
38867,265,cat_2,265
38868,940,cat_3,940
38869,830,cat_4,830
38870,867,cat_0,867
38871,660,cat_1,660
38872,113,cat_2,113
38873,913,cat_3,913
38874,368,cat_4,368
38875,390,cat_0,390
38876,923,cat_1,923
38877,857,cat_2,857
38878,159,cat_3,159
38879,975,cat_4,975
38880,867,cat_0,867
38881,879,cat_1,879
38882,590,cat_2,590
38883,10,cat_3,10
38884,122,cat_4,122
38885,790,cat_0,790
38886,188,cat_1,188
38887,718,cat_2,718
38888,32,cat_3,32
38889,223,cat_4,223
38890,50,cat_0,50
38891,315,cat_1,315
38892,45,cat_2,45
38893,82,cat_3,82
38894,66,cat_4,66
38895,114,cat_0,114
38896,318,cat_1,318
38897,235,cat_2,235
38898,187,cat_3,187
38899,451,cat_4,451
38900,881,cat_0,881
38901,384,cat_1,384
38902,74,cat_2,74
38903,869,cat_3,869
38904,170,cat_4,170
38905,403,cat_0,403
38906,633,cat_1,633
38907,810,cat_2,810
38908,113,cat_3,113
38909,821,cat_4,821
38910,901,cat_0,901
38911,502,cat_1,502
38912,377,cat_2,377
38913,88,cat_3,88
38914,803,cat_4,803
38915,549,cat_0,549
38916,958,cat_1,958
38917,103,cat_2,103
38918,274,cat_3,274
38919,518,cat_4,518
38920,894,cat_0,894
38921,404,cat_1,404
38922,522,cat_2,522
38923,781,cat_3,781
38924,102,cat_4,102
38925,281,cat_0,281
38926,680,cat_1,680
38927,766,cat_2,766
38928,495,cat_3,495
38929,729,cat_4,729
38930,831,cat_0,831
38931,554,cat_1,554
38932,541,cat_2,541
38933,13,cat_3,13
38934,866,cat_4,866
38935,116,cat_0,116
38936,86,cat_1,86
38937,725,cat_2,725
38938,668,cat_3,668
38939,811,cat_4,811
38940,748,cat_0,748
38941,695,cat_1,695
38942,849,cat_2,849
38943,959,cat_3,959
38944,405,cat_4,405
38945,78,cat_0,78
38946,732,cat_1,732
38947,679,cat_2,679
38948,794,cat_3,794
38949,98,cat_4,98
38950,717,cat_0,717
38951,528,cat_1,528
38952,56,cat_2,56
38953,761,cat_3,761
38954,361,cat_4,361
38955,246,cat_0,246
38956,402,cat_1,402
38957,212,cat_2,212
38958,613,cat_3,613
38959,705,cat_4,705
38960,655,cat_0,655
38961,910,cat_1,910
38962,857,cat_2,857
38963,299,cat_3,299
38964,652,cat_4,652
38965,710,cat_0,710
38966,525,cat_1,525
38967,890,cat_2,890
38968,153,cat_3,153
38969,879,cat_4,879
38970,25,cat_0,25
38971,469,cat_1,469
38972,969,cat_2,969
38973,451,cat_3,451
38974,276,cat_4,276
38975,76,cat_0,76
38976,834,cat_1,834
38977,770,cat_2,770
38978,857,cat_3,857
38979,131,cat_4,131
38980,834,cat_0,834
38981,895,cat_1,895
38982,476,cat_2,476
38983,260,cat_3,260
38984,148,cat_4,148
38985,476,cat_0,476
38986,144,cat_1,144
38987,555,cat_2,555
38988,409,cat_3,409
38989,899,cat_4,899
38990,903,cat_0,903
38991,743,cat_1,743
38992,460,cat_2,460
38993,29,cat_3,29
38994,371,cat_4,371
38995,441,cat_0,441
38996,142,cat_1,142
38997,37,cat_2,37
38998,861,cat_3,861
38999,881,cat_4,881
39000,420,cat_0,420
39001,726,cat_1,726
39002,316,cat_2,316
39003,817,cat_3,817
39004,648,cat_4,648
39005,443,cat_0,443
39006,18,cat_1,18
39007,337,cat_2,337
39008,472,cat_3,472
39009,89,cat_4,89
39010,950,cat_0,950
39011,437,cat_1,437
39012,486,cat_2,486
39013,756,cat_3,756
39014,770,cat_4,770
39015,261,cat_0,261
39016,898,cat_1,898
39017,941,cat_2,941
39018,184,cat_3,184
39019,683,cat_4,683
39020,178,cat_0,178
39021,336,cat_1,336
39022,307,cat_2,307
39023,201,cat_3,201
39024,378,cat_4,378
39025,191,cat_0,191
39026,299,cat_1,299
39027,879,cat_2,879
39028,838,cat_3,838
39029,389,cat_4,389
39030,974,cat_0,974
39031,93,cat_1,93
39032,392,cat_2,392
39033,722,cat_3,722
39034,297,cat_4,297
39035,968,cat_0,968
39036,235,cat_1,235
39037,99,cat_2,99
39038,536,cat_3,536
39039,632,cat_4,632
39040,772,cat_0,772
39041,332,cat_1,332
39042,377,cat_2,377
39043,981,cat_3,981
39044,983,cat_4,983
39045,330,cat_0,330
39046,702,cat_1,702
39047,838,cat_2,838
39048,800,cat_3,800
39049,375,cat_4,375
39050,741,cat_0,741
39051,984,cat_1,984
39052,85,cat_2,85
39053,779,cat_3,779
39054,252,cat_4,252
39055,587,cat_0,587
39056,344,cat_1,344
39057,530,cat_2,530
39058,665,cat_3,665
39059,852,cat_4,852
39060,25,cat_0,25
39061,869,cat_1,869
39062,936,cat_2,936
39063,653,cat_3,653
39064,908,cat_4,908
39065,146,cat_0,146
39066,982,cat_1,982
39067,220,cat_2,220
39068,595,cat_3,595
39069,568,cat_4,568
39070,181,cat_0,181
39071,122,cat_1,122
39072,814,cat_2,814
39073,683,cat_3,683
39074,574,cat_4,574
39075,176,cat_0,176
39076,686,cat_1,686
39077,650,cat_2,650
39078,69,cat_3,69
39079,945,cat_4,945
39080,506,cat_0,506
39081,405,cat_1,405
39082,904,cat_2,904
39083,28,cat_3,28
39084,73,cat_4,73
39085,692,cat_0,692
39086,977,cat_1,977
39087,657,cat_2,657
39088,217,cat_3,217
39089,683,cat_4,683
39090,798,cat_0,798
39091,862,cat_1,862
39092,786,cat_2,786
39093,834,cat_3,834
39094,316,cat_4,316
39095,803,cat_0,803
39096,717,cat_1,717
39097,145,cat_2,145
39098,196,cat_3,196
39099,6,cat_4,6
39100,628,cat_0,628
39101,204,cat_1,204
39102,817,cat_2,817
39103,546,cat_3,546
39104,910,cat_4,910
39105,566,cat_0,566
39106,88,cat_1,88
39107,727,cat_2,727
39108,383,cat_3,383
39109,571,cat_4,571
39110,236,cat_0,236
39111,914,cat_1,914
39112,626,cat_2,626
39113,818,cat_3,818
39114,274,cat_4,274
39115,17,cat_0,17
39116,192,cat_1,192
39117,404,cat_2,404
39118,233,cat_3,233
39119,333,cat_4,333
39120,392,cat_0,392
39121,240,cat_1,240
39122,410,cat_2,410
39123,455,cat_3,455
39124,3,cat_4,3
39125,824,cat_0,824
39126,202,cat_1,202
39127,343,cat_2,343
39128,522,cat_3,522
39129,941,cat_4,941
39130,271,cat_0,271
39131,677,cat_1,677
39132,13,cat_2,13
39133,968,cat_3,968
39134,167,cat_4,167
39135,8,cat_0,8
39136,591,cat_1,591
39137,484,cat_2,484
39138,452,cat_3,452
39139,635,cat_4,635
39140,844,cat_0,844
39141,630,cat_1,630
39142,34,cat_2,34
39143,53,cat_3,53
39144,816,cat_4,816
39145,446,cat_0,446
39146,28,cat_1,28
39147,17,cat_2,17
39148,909,cat_3,909
39149,144,cat_4,144
39150,486,cat_0,486
39151,562,cat_1,562
39152,266,cat_2,266
39153,297,cat_3,297
39154,910,cat_4,910
39155,260,cat_0,260
39156,404,cat_1,404
39157,994,cat_2,994
39158,972,cat_3,972
39159,786,cat_4,786
39160,641,cat_0,641
39161,580,cat_1,580
39162,428,cat_2,428
39163,533,cat_3,533
39164,35,cat_4,35
39165,880,cat_0,880
39166,690,cat_1,690
39167,675,cat_2,675
39168,851,cat_3,851
39169,651,cat_4,651
39170,66,cat_0,66
39171,134,cat_1,134
39172,29,cat_2,29
39173,893,cat_3,893
39174,787,cat_4,787
39175,183,cat_0,183
39176,748,cat_1,748
39177,875,cat_2,875
39178,454,cat_3,454
39179,696,cat_4,696
39180,928,cat_0,928
39181,663,cat_1,663
39182,15,cat_2,15
39183,178,cat_3,178
39184,923,cat_4,923
39185,509,cat_0,509
39186,865,cat_1,865
39187,682,cat_2,682
39188,192,cat_3,192
39189,510,cat_4,510
39190,95,cat_0,95
39191,676,cat_1,676
39192,136,cat_2,136
39193,849,cat_3,849
39194,662,cat_4,662
39195,185,cat_0,185
39196,27,cat_1,27
39197,142,cat_2,142
39198,339,cat_3,339
39199,170,cat_4,170
39200,500,cat_0,500
39201,49,cat_1,49
39202,79,cat_2,79
39203,654,cat_3,654
39204,561,cat_4,561
39205,477,cat_0,477
39206,919,cat_1,919
39207,346,cat_2,346
39208,534,cat_3,534
39209,663,cat_4,663
39210,207,cat_0,207
39211,999,cat_1,999
39212,828,cat_2,828
39213,804,cat_3,804
39214,505,cat_4,505
39215,263,cat_0,263
39216,899,cat_1,899
39217,130,cat_2,130
39218,678,cat_3,678
39219,258,cat_4,258
39220,568,cat_0,568
39221,329,cat_1,329
39222,343,cat_2,343
39223,144,cat_3,144
39224,193,cat_4,193
39225,458,cat_0,458
39226,369,cat_1,369
39227,924,cat_2,924
39228,626,cat_3,626
39229,272,cat_4,272
39230,135,cat_0,135
39231,969,cat_1,969
39232,971,cat_2,971
39233,253,cat_3,253
39234,4,cat_4,4
39235,651,cat_0,651
39236,8,cat_1,8
39237,200,cat_2,200
39238,670,cat_3,670
39239,261,cat_4,261
39240,436,cat_0,436
39241,481,cat_1,481
39242,899,cat_2,899
39243,287,cat_3,287
39244,605,cat_4,605
39245,966,cat_0,966
39246,28,cat_1,28
39247,254,cat_2,254
39248,917,cat_3,917
39249,118,cat_4,118
39250,839,cat_0,839
39251,473,cat_1,473
39252,459,cat_2,459
39253,840,cat_3,840
39254,142,cat_4,142
39255,886,cat_0,886
39256,692,cat_1,692
39257,209,cat_2,209
39258,367,cat_3,367
39259,557,cat_4,557
39260,679,cat_0,679
39261,791,cat_1,791
39262,675,cat_2,675
39263,538,cat_3,538
39264,346,cat_4,346
39265,386,cat_0,386
39266,950,cat_1,950
39267,974,cat_2,974
39268,213,cat_3,213
39269,68,cat_4,68
39270,771,cat_0,771
39271,512,cat_1,512
39272,693,cat_2,693
39273,821,cat_3,821
39274,80,cat_4,80
39275,130,cat_0,130
39276,811,cat_1,811
39277,498,cat_2,498
39278,147,cat_3,147
39279,242,cat_4,242
39280,945,cat_0,945
39281,17,cat_1,17
39282,527,cat_2,527
39283,205,cat_3,205
39284,943,cat_4,943
39285,104,cat_0,104
39286,891,cat_1,891
39287,342,cat_2,342
39288,335,cat_3,335
39289,25,cat_4,25
39290,835,cat_0,835
39291,780,cat_1,780
39292,680,cat_2,680
39293,36,cat_3,36
39294,445,cat_4,445
39295,411,cat_0,411
39296,133,cat_1,133
39297,631,cat_2,631
39298,962,cat_3,962
39299,2,cat_4,2
39300,512,cat_0,512
39301,186,cat_1,186
39302,139,cat_2,139
39303,927,cat_3,927
39304,222,cat_4,222
39305,118,cat_0,118
39306,802,cat_1,802
39307,134,cat_2,134
39308,648,cat_3,648
39309,616,cat_4,616
39310,32,cat_0,32
39311,842,cat_1,842
39312,894,cat_2,894
39313,640,cat_3,640
39314,129,cat_4,129
39315,882,cat_0,882
39316,104,cat_1,104
39317,763,cat_2,763
39318,858,cat_3,858
39319,657,cat_4,657
39320,605,cat_0,605
39321,938,cat_1,938
39322,818,cat_2,818
39323,842,cat_3,842
39324,128,cat_4,128
39325,348,cat_0,348
39326,134,cat_1,134
39327,876,cat_2,876
39328,497,cat_3,497
39329,629,cat_4,629
39330,173,cat_0,173
39331,132,cat_1,132
39332,454,cat_2,454
39333,424,cat_3,424
39334,851,cat_4,851
39335,821,cat_0,821
39336,930,cat_1,930
39337,177,cat_2,177
39338,644,cat_3,644
39339,397,cat_4,397
39340,725,cat_0,725
39341,748,cat_1,748
39342,706,cat_2,706
39343,381,cat_3,381
39344,718,cat_4,718
39345,432,cat_0,432
39346,326,cat_1,326
39347,658,cat_2,658
39348,461,cat_3,461
39349,293,cat_4,293
39350,372,cat_0,372
39351,534,cat_1,534
39352,469,cat_2,469
39353,447,cat_3,447
39354,182,cat_4,182
39355,462,cat_0,462
39356,537,cat_1,537
39357,10,cat_2,10
39358,901,cat_3,901
39359,500,cat_4,500
39360,83,cat_0,83
39361,136,cat_1,136
39362,9,cat_2,9
39363,373,cat_3,373
39364,119,cat_4,119
39365,576,cat_0,576
39366,175,cat_1,175
39367,340,cat_2,340
39368,160,cat_3,160
39369,759,cat_4,759
39370,364,cat_0,364
39371,564,cat_1,564
39372,781,cat_2,781
39373,842,cat_3,842
39374,629,cat_4,629
39375,627,cat_0,627
39376,680,cat_1,680
39377,879,cat_2,879
39378,114,cat_3,114
39379,265,cat_4,265
39380,511,cat_0,511
39381,170,cat_1,170
39382,480,cat_2,480
39383,1000,cat_3,1000
39384,677,cat_4,677
39385,437,cat_0,437
39386,597,cat_1,597
39387,941,cat_2,941
39388,643,cat_3,643
39389,631,cat_4,631
39390,77,cat_0,77
39391,967,cat_1,967
39392,383,cat_2,383
39393,255,cat_3,255
39394,756,cat_4,756
39395,59,cat_0,59
39396,220,cat_1,220
39397,861,cat_2,861
39398,624,cat_3,624
39399,897,cat_4,897
39400,33,cat_0,33
39401,594,cat_1,594
39402,587,cat_2,587
39403,88,cat_3,88
39404,426,cat_4,426
39405,111,cat_0,111
39406,301,cat_1,301
39407,804,cat_2,804
39408,952,cat_3,952
39409,989,cat_4,989
39410,347,cat_0,347
39411,30,cat_1,30
39412,9,cat_2,9
39413,827,cat_3,827
39414,657,cat_4,657
39415,505,cat_0,505
39416,831,cat_1,831
39417,862,cat_2,862
39418,154,cat_3,154
39419,998,cat_4,998
39420,951,cat_0,951
39421,771,cat_1,771
39422,726,cat_2,726
39423,170,cat_3,170
39424,757,cat_4,757
39425,403,cat_0,403
39426,685,cat_1,685
39427,758,cat_2,758
39428,592,cat_3,592
39429,52,cat_4,52
39430,485,cat_0,485
39431,545,cat_1,545
39432,871,cat_2,871
39433,110,cat_3,110
39434,242,cat_4,242
39435,880,cat_0,880
39436,769,cat_1,769
39437,705,cat_2,705
39438,332,cat_3,332
39439,12,cat_4,12
39440,792,cat_0,792
39441,100,cat_1,100
39442,416,cat_2,416
39443,391,cat_3,391
39444,991,cat_4,991
39445,265,cat_0,265
39446,200,cat_1,200
39447,403,cat_2,403
39448,28,cat_3,28
39449,54,cat_4,54
39450,118,cat_0,118
39451,852,cat_1,852
39452,97,cat_2,97
39453,114,cat_3,114
39454,438,cat_4,438
39455,130,cat_0,130
39456,778,cat_1,778
39457,970,cat_2,970
39458,1000,cat_3,1000
39459,55,cat_4,55
39460,171,cat_0,171
39461,138,cat_1,138
39462,954,cat_2,954
39463,370,cat_3,370
39464,850,cat_4,850
39465,166,cat_0,166
39466,636,cat_1,636
39467,156,cat_2,156
39468,861,cat_3,861
39469,649,cat_4,649
39470,643,cat_0,643
39471,171,cat_1,171
39472,292,cat_2,292
39473,521,cat_3,521
39474,605,cat_4,605
39475,574,cat_0,574
39476,835,cat_1,835
39477,687,cat_2,687
39478,441,cat_3,441
39479,816,cat_4,816
39480,150,cat_0,150
39481,126,cat_1,126
39482,254,cat_2,254
39483,452,cat_3,452
39484,927,cat_4,927
39485,86,cat_0,86
39486,541,cat_1,541
39487,79,cat_2,79
39488,947,cat_3,947
39489,106,cat_4,106
39490,375,cat_0,375
39491,680,cat_1,680
39492,223,cat_2,223
39493,7,cat_3,7
39494,525,cat_4,525
39495,393,cat_0,393
39496,619,cat_1,619
39497,699,cat_2,699
39498,967,cat_3,967
39499,165,cat_4,165
39500,484,cat_0,484
39501,373,cat_1,373
39502,511,cat_2,511
39503,278,cat_3,278
39504,414,cat_4,414
39505,868,cat_0,868
39506,732,cat_1,732
39507,166,cat_2,166
39508,108,cat_3,108
39509,39,cat_4,39
39510,934,cat_0,934
39511,246,cat_1,246
39512,216,cat_2,216
39513,785,cat_3,785
39514,42,cat_4,42
39515,462,cat_0,462
39516,719,cat_1,719
39517,467,cat_2,467
39518,435,cat_3,435
39519,238,cat_4,238
39520,342,cat_0,342
39521,13,cat_1,13
39522,956,cat_2,956
39523,256,cat_3,256
39524,841,cat_4,841
39525,660,cat_0,660
39526,689,cat_1,689
39527,889,cat_2,889
39528,198,cat_3,198
39529,44,cat_4,44
39530,179,cat_0,179
39531,722,cat_1,722
39532,672,cat_2,672
39533,814,cat_3,814
39534,184,cat_4,184
39535,326,cat_0,326
39536,154,cat_1,154
39537,766,cat_2,766
39538,275,cat_3,275
39539,948,cat_4,948
39540,988,cat_0,988
39541,61,cat_1,61
39542,983,cat_2,983
39543,434,cat_3,434
39544,455,cat_4,455
39545,839,cat_0,839
39546,141,cat_1,141
39547,356,cat_2,356
39548,924,cat_3,924
39549,301,cat_4,301
39550,742,cat_0,742
39551,78,cat_1,78
39552,932,cat_2,932
39553,536,cat_3,536
39554,257,cat_4,257
39555,964,cat_0,964
39556,333,cat_1,333
39557,91,cat_2,91
39558,840,cat_3,840
39559,720,cat_4,720
39560,161,cat_0,161
39561,277,cat_1,277
39562,808,cat_2,808
39563,975,cat_3,975
39564,263,cat_4,263
39565,389,cat_0,389
39566,640,cat_1,640
39567,626,cat_2,626
39568,228,cat_3,228
39569,46,cat_4,46
39570,876,cat_0,876
39571,860,cat_1,860
39572,206,cat_2,206
39573,547,cat_3,547
39574,984,cat_4,984
39575,232,cat_0,232
39576,4,cat_1,4
39577,658,cat_2,658
39578,190,cat_3,190
39579,755,cat_4,755
39580,111,cat_0,111
39581,682,cat_1,682
39582,354,cat_2,354
39583,237,cat_3,237
39584,867,cat_4,867
39585,960,cat_0,960
39586,672,cat_1,672
39587,89,cat_2,89
39588,755,cat_3,755
39589,529,cat_4,529
39590,203,cat_0,203
39591,383,cat_1,383
39592,824,cat_2,824
39593,387,cat_3,387
39594,533,cat_4,533
39595,405,cat_0,405
39596,587,cat_1,587
39597,781,cat_2,781
39598,529,cat_3,529
39599,976,cat_4,976
39600,377,cat_0,377
39601,409,cat_1,409
39602,745,cat_2,745
39603,322,cat_3,322
39604,202,cat_4,202
39605,422,cat_0,422
39606,570,cat_1,570
39607,830,cat_2,830
39608,26,cat_3,26
39609,973,cat_4,973
39610,684,cat_0,684
39611,968,cat_1,968
39612,974,cat_2,974
39613,17,cat_3,17
39614,578,cat_4,578
39615,138,cat_0,138
39616,491,cat_1,491
39617,212,cat_2,212
39618,303,cat_3,303
39619,459,cat_4,459
39620,169,cat_0,169
39621,691,cat_1,691
39622,807,cat_2,807
39623,195,cat_3,195
39624,909,cat_4,909
39625,303,cat_0,303
39626,190,cat_1,190
39627,547,cat_2,547
39628,362,cat_3,362
39629,882,cat_4,882
39630,956,cat_0,956
39631,370,cat_1,370
39632,423,cat_2,423
39633,478,cat_3,478
39634,390,cat_4,390
39635,172,cat_0,172
39636,229,cat_1,229
39637,980,cat_2,980
39638,537,cat_3,537
39639,325,cat_4,325
39640,67,cat_0,67
39641,369,cat_1,369
39642,548,cat_2,548
39643,608,cat_3,608
39644,644,cat_4,644
39645,477,cat_0,477
39646,839,cat_1,839
39647,596,cat_2,596
39648,363,cat_3,363
39649,739,cat_4,739
39650,259,cat_0,259
39651,670,cat_1,670
39652,981,cat_2,981
39653,100,cat_3,100
39654,165,cat_4,165
39655,460,cat_0,460
39656,721,cat_1,721
39657,18,cat_2,18
39658,6,cat_3,6
39659,15,cat_4,15
39660,504,cat_0,504
39661,984,cat_1,984
39662,377,cat_2,377
39663,41,cat_3,41
39664,312,cat_4,312
39665,816,cat_0,816
39666,379,cat_1,379
39667,158,cat_2,158
39668,765,cat_3,765
39669,276,cat_4,276
39670,498,cat_0,498
39671,23,cat_1,23
39672,268,cat_2,268
39673,210,cat_3,210
39674,268,cat_4,268
39675,252,cat_0,252
39676,687,cat_1,687
39677,910,cat_2,910
39678,955,cat_3,955
39679,641,cat_4,641
39680,20,cat_0,20
39681,159,cat_1,159
39682,785,cat_2,785
39683,793,cat_3,793
39684,786,cat_4,786
39685,286,cat_0,286
39686,702,cat_1,702
39687,4,cat_2,4
39688,538,cat_3,538
39689,762,cat_4,762
39690,475,cat_0,475
39691,386,cat_1,386
39692,506,cat_2,506
39693,806,cat_3,806
39694,545,cat_4,545
39695,41,cat_0,41
39696,604,cat_1,604
39697,379,cat_2,379
39698,442,cat_3,442
39699,561,cat_4,561
39700,604,cat_0,604
39701,585,cat_1,585
39702,8,cat_2,8
39703,191,cat_3,191
39704,518,cat_4,518
39705,593,cat_0,593
39706,864,cat_1,864
39707,949,cat_2,949
39708,672,cat_3,672
39709,509,cat_4,509
39710,808,cat_0,808
39711,100,cat_1,100
39712,679,cat_2,679
39713,228,cat_3,228
39714,711,cat_4,711
39715,801,cat_0,801
39716,622,cat_1,622
39717,351,cat_2,351
39718,604,cat_3,604
39719,186,cat_4,186
39720,875,cat_0,875
39721,875,cat_1,875
39722,913,cat_2,913
39723,137,cat_3,137
39724,216,cat_4,216
39725,492,cat_0,492
39726,532,cat_1,532
39727,52,cat_2,52
39728,985,cat_3,985
39729,935,cat_4,935
39730,442,cat_0,442
39731,324,cat_1,324
39732,818,cat_2,818
39733,56,cat_3,56
39734,115,cat_4,115
39735,592,cat_0,592
39736,485,cat_1,485
39737,664,cat_2,664
39738,91,cat_3,91
39739,129,cat_4,129
39740,677,cat_0,677
39741,161,cat_1,161
39742,453,cat_2,453
39743,780,cat_3,780
39744,943,cat_4,943
39745,224,cat_0,224
39746,964,cat_1,964
39747,764,cat_2,764
39748,9,cat_3,9
39749,343,cat_4,343
39750,324,cat_0,324
39751,573,cat_1,573
39752,188,cat_2,188
39753,122,cat_3,122
39754,454,cat_4,454
39755,564,cat_0,564
39756,682,cat_1,682
39757,455,cat_2,455
39758,395,cat_3,395
39759,284,cat_4,284
39760,761,cat_0,761
39761,470,cat_1,470
39762,653,cat_2,653
39763,443,cat_3,443
39764,500,cat_4,500
39765,401,cat_0,401
39766,150,cat_1,150
39767,850,cat_2,850
39768,793,cat_3,793
39769,790,cat_4,790
39770,985,cat_0,985
39771,772,cat_1,772
39772,224,cat_2,224
39773,716,cat_3,716
39774,747,cat_4,747
39775,425,cat_0,425
39776,486,cat_1,486
39777,489,cat_2,489
39778,633,cat_3,633
39779,324,cat_4,324
39780,76,cat_0,76
39781,888,cat_1,888
39782,141,cat_2,141
39783,769,cat_3,769
39784,757,cat_4,757
39785,74,cat_0,74
39786,75,cat_1,75
39787,625,cat_2,625
39788,36,cat_3,36
39789,867,cat_4,867
39790,907,cat_0,907
39791,31,cat_1,31
39792,844,cat_2,844
39793,359,cat_3,359
39794,330,cat_4,330
39795,215,cat_0,215
39796,39,cat_1,39
39797,695,cat_2,695
39798,245,cat_3,245
39799,425,cat_4,425
39800,912,cat_0,912
39801,806,cat_1,806
39802,981,cat_2,981
39803,833,cat_3,833
39804,655,cat_4,655
39805,363,cat_0,363
39806,656,cat_1,656
39807,872,cat_2,872
39808,536,cat_3,536
39809,482,cat_4,482
39810,1,cat_0,1
39811,105,cat_1,105
39812,456,cat_2,456
39813,922,cat_3,922
39814,222,cat_4,222
39815,395,cat_0,395
39816,757,cat_1,757
39817,426,cat_2,426
39818,28,cat_3,28
39819,650,cat_4,650
39820,716,cat_0,716
39821,306,cat_1,306
39822,845,cat_2,845
39823,122,cat_3,122
39824,401,cat_4,401
39825,255,cat_0,255
39826,278,cat_1,278
39827,282,cat_2,282
39828,61,cat_3,61
39829,6,cat_4,6
39830,981,cat_0,981
39831,664,cat_1,664
39832,676,cat_2,676
39833,323,cat_3,323
39834,720,cat_4,720
39835,278,cat_0,278
39836,891,cat_1,891
39837,101,cat_2,101
39838,472,cat_3,472
39839,931,cat_4,931
39840,395,cat_0,395
39841,690,cat_1,690
39842,155,cat_2,155
39843,540,cat_3,540
39844,592,cat_4,592
39845,427,cat_0,427
39846,864,cat_1,864
39847,253,cat_2,253
39848,611,cat_3,611
39849,135,cat_4,135
39850,314,cat_0,314
39851,240,cat_1,240
39852,420,cat_2,420
39853,505,cat_3,505
39854,467,cat_4,467
39855,36,cat_0,36
39856,954,cat_1,954
39857,483,cat_2,483
39858,218,cat_3,218
39859,541,cat_4,541
39860,39,cat_0,39
39861,99,cat_1,99
39862,559,cat_2,559
39863,641,cat_3,641
39864,750,cat_4,750
39865,752,cat_0,752
39866,631,cat_1,631
39867,706,cat_2,706
39868,347,cat_3,347
39869,370,cat_4,370
39870,118,cat_0,118
39871,843,cat_1,843
39872,756,cat_2,756
39873,359,cat_3,359
39874,54,cat_4,54
39875,789,cat_0,789
39876,455,cat_1,455
39877,747,cat_2,747
39878,833,cat_3,833
39879,272,cat_4,272
39880,243,cat_0,243
39881,798,cat_1,798
39882,836,cat_2,836
39883,409,cat_3,409
39884,476,cat_4,476
39885,752,cat_0,752
39886,322,cat_1,322
39887,674,cat_2,674
39888,757,cat_3,757
39889,263,cat_4,263
39890,332,cat_0,332
39891,327,cat_1,327
39892,569,cat_2,569
39893,752,cat_3,752
39894,403,cat_4,403
39895,374,cat_0,374
39896,783,cat_1,783
39897,91,cat_2,91
39898,867,cat_3,867
39899,709,cat_4,709
39900,530,cat_0,530
39901,525,cat_1,525
39902,580,cat_2,580
39903,742,cat_3,742
39904,506,cat_4,506
39905,468,cat_0,468
39906,120,cat_1,120
39907,709,cat_2,709
39908,4,cat_3,4
39909,117,cat_4,117
39910,202,cat_0,202
39911,356,cat_1,356
39912,531,cat_2,531
39913,151,cat_3,151
39914,437,cat_4,437
39915,321,cat_0,321
39916,122,cat_1,122
39917,447,cat_2,447
39918,804,cat_3,804
39919,3,cat_4,3
39920,779,cat_0,779
39921,915,cat_1,915
39922,332,cat_2,332
39923,526,cat_3,526
39924,363,cat_4,363
39925,355,cat_0,355
39926,394,cat_1,394
39927,850,cat_2,850
39928,311,cat_3,311
39929,231,cat_4,231
39930,731,cat_0,731
39931,820,cat_1,820
39932,882,cat_2,882
39933,401,cat_3,401
39934,27,cat_4,27
39935,351,cat_0,351
39936,417,cat_1,417
39937,269,cat_2,269
39938,629,cat_3,629
39939,228,cat_4,228
39940,140,cat_0,140
39941,529,cat_1,529
39942,435,cat_2,435
39943,257,cat_3,257
39944,998,cat_4,998
39945,795,cat_0,795
39946,811,cat_1,811
39947,906,cat_2,906
39948,159,cat_3,159
39949,920,cat_4,920
39950,293,cat_0,293
39951,242,cat_1,242
39952,662,cat_2,662
39953,70,cat_3,70
39954,595,cat_4,595
39955,8,cat_0,8
39956,83,cat_1,83
39957,208,cat_2,208
39958,491,cat_3,491
39959,919,cat_4,919
39960,234,cat_0,234
39961,655,cat_1,655
39962,575,cat_2,575
39963,779,cat_3,779
39964,836,cat_4,836
39965,100,cat_0,100
39966,315,cat_1,315
39967,519,cat_2,519
39968,642,cat_3,642
39969,433,cat_4,433
39970,219,cat_0,219
39971,595,cat_1,595
39972,319,cat_2,319
39973,987,cat_3,987
39974,24,cat_4,24
39975,148,cat_0,148
39976,822,cat_1,822
39977,550,cat_2,550
39978,427,cat_3,427
39979,217,cat_4,217
39980,429,cat_0,429
39981,352,cat_1,352
39982,57,cat_2,57
39983,308,cat_3,308
39984,385,cat_4,385
39985,256,cat_0,256
39986,359,cat_1,359
39987,510,cat_2,510
39988,779,cat_3,779
39989,169,cat_4,169
39990,275,cat_0,275
39991,972,cat_1,972
39992,896,cat_2,896
39993,918,cat_3,918
39994,464,cat_4,464
39995,707,cat_0,707
39996,375,cat_1,375
39997,37,cat_2,37
39998,204,cat_3,204
39999,413,cat_4,413
40000,248,cat_0,248
40001,141,cat_1,141
40002,179,cat_2,179
40003,669,cat_3,669
40004,693,cat_4,693
40005,172,cat_0,172
40006,250,cat_1,250
40007,666,cat_2,666
40008,117,cat_3,117
40009,133,cat_4,133
40010,169,cat_0,169
40011,8,cat_1,8
40012,616,cat_2,616
40013,753,cat_3,753
40014,104,cat_4,104
40015,357,cat_0,357
40016,376,cat_1,376
40017,433,cat_2,433
40018,439,cat_3,439
40019,48,cat_4,48
40020,979,cat_0,979
40021,359,cat_1,359
40022,247,cat_2,247
40023,219,cat_3,219
40024,769,cat_4,769
40025,584,cat_0,584
40026,320,cat_1,320
40027,976,cat_2,976
40028,752,cat_3,752
40029,887,cat_4,887
40030,985,cat_0,985
40031,487,cat_1,487
40032,718,cat_2,718
40033,477,cat_3,477
40034,933,cat_4,933
40035,966,cat_0,966
40036,103,cat_1,103
40037,741,cat_2,741
40038,22,cat_3,22
40039,948,cat_4,948
40040,899,cat_0,899
40041,144,cat_1,144
40042,923,cat_2,923
40043,508,cat_3,508
40044,349,cat_4,349
40045,592,cat_0,592
40046,785,cat_1,785
40047,10,cat_2,10
40048,597,cat_3,597
40049,751,cat_4,751
40050,391,cat_0,391
40051,525,cat_1,525
40052,699,cat_2,699
40053,556,cat_3,556
40054,947,cat_4,947
40055,92,cat_0,92
40056,683,cat_1,683
40057,408,cat_2,408
40058,165,cat_3,165
40059,891,cat_4,891
40060,652,cat_0,652
40061,39,cat_1,39
40062,709,cat_2,709
40063,209,cat_3,209
40064,956,cat_4,956
40065,884,cat_0,884
40066,739,cat_1,739
40067,493,cat_2,493
40068,159,cat_3,159
40069,403,cat_4,403
40070,748,cat_0,748
40071,62,cat_1,62
40072,114,cat_2,114
40073,375,cat_3,375
40074,428,cat_4,428
40075,638,cat_0,638
40076,464,cat_1,464
40077,903,cat_2,903
40078,925,cat_3,925
40079,729,cat_4,729
40080,151,cat_0,151
40081,381,cat_1,381
40082,989,cat_2,989
40083,714,cat_3,714
40084,149,cat_4,149
40085,81,cat_0,81
40086,603,cat_1,603
40087,914,cat_2,914
40088,979,cat_3,979
40089,784,cat_4,784
40090,815,cat_0,815
40091,660,cat_1,660
40092,650,cat_2,650
40093,499,cat_3,499
40094,814,cat_4,814
40095,128,cat_0,128
40096,516,cat_1,516
40097,456,cat_2,456
40098,557,cat_3,557
40099,278,cat_4,278
40100,550,cat_0,550
40101,508,cat_1,508
40102,983,cat_2,983
40103,465,cat_3,465
40104,172,cat_4,172
40105,699,cat_0,699
40106,16,cat_1,16
40107,595,cat_2,595
40108,680,cat_3,680
40109,173,cat_4,173
40110,89,cat_0,89
40111,231,cat_1,231
40112,351,cat_2,351
40113,639,cat_3,639
40114,386,cat_4,386
40115,618,cat_0,618
40116,922,cat_1,922
40117,419,cat_2,419
40118,85,cat_3,85
40119,55,cat_4,55
40120,89,cat_0,89
40121,565,cat_1,565
40122,268,cat_2,268
40123,785,cat_3,785
40124,183,cat_4,183
40125,78,cat_0,78
40126,491,cat_1,491
40127,130,cat_2,130
40128,155,cat_3,155
40129,666,cat_4,666
40130,192,cat_0,192
40131,45,cat_1,45
40132,464,cat_2,464
40133,622,cat_3,622
40134,921,cat_4,921
40135,35,cat_0,35
40136,923,cat_1,923
40137,646,cat_2,646
40138,115,cat_3,115
40139,11,cat_4,11
40140,368,cat_0,368
40141,426,cat_1,426
40142,606,cat_2,606
40143,546,cat_3,546
40144,464,cat_4,464
40145,694,cat_0,694
40146,415,cat_1,415
40147,80,cat_2,80
40148,599,cat_3,599
40149,321,cat_4,321
40150,984,cat_0,984
40151,326,cat_1,326
40152,927,cat_2,927
40153,709,cat_3,709
40154,600,cat_4,600
40155,829,cat_0,829
40156,104,cat_1,104
40157,908,cat_2,908
40158,748,cat_3,748
40159,642,cat_4,642
40160,93,cat_0,93
40161,544,cat_1,544
40162,938,cat_2,938
40163,820,cat_3,820
40164,318,cat_4,318
40165,786,cat_0,786
40166,129,cat_1,129
40167,891,cat_2,891
40168,562,cat_3,562
40169,945,cat_4,945
40170,572,cat_0,572
40171,704,cat_1,704
40172,85,cat_2,85
40173,717,cat_3,717
40174,841,cat_4,841
40175,716,cat_0,716
40176,793,cat_1,793
40177,715,cat_2,715
40178,198,cat_3,198
40179,206,cat_4,206
40180,422,cat_0,422
40181,449,cat_1,449
40182,684,cat_2,684
40183,904,cat_3,904
40184,589,cat_4,589
40185,895,cat_0,895
40186,847,cat_1,847
40187,115,cat_2,115
40188,606,cat_3,606
40189,327,cat_4,327
40190,16,cat_0,16
40191,430,cat_1,430
40192,590,cat_2,590
40193,157,cat_3,157
40194,994,cat_4,994
40195,443,cat_0,443
40196,476,cat_1,476
40197,454,cat_2,454
40198,367,cat_3,367
40199,651,cat_4,651
40200,408,cat_0,408
40201,55,cat_1,55
40202,375,cat_2,375
40203,658,cat_3,658
40204,181,cat_4,181
40205,404,cat_0,404
40206,15,cat_1,15
40207,392,cat_2,392
40208,365,cat_3,365
40209,751,cat_4,751
40210,290,cat_0,290
40211,60,cat_1,60
40212,244,cat_2,244
40213,963,cat_3,963
40214,773,cat_4,773
40215,243,cat_0,243
40216,536,cat_1,536
40217,307,cat_2,307
40218,768,cat_3,768
40219,472,cat_4,472
40220,74,cat_0,74
40221,878,cat_1,878
40222,827,cat_2,827
40223,783,cat_3,783
40224,597,cat_4,597
40225,689,cat_0,689
40226,938,cat_1,938
40227,51,cat_2,51
40228,503,cat_3,503
40229,742,cat_4,742
40230,536,cat_0,536
40231,480,cat_1,480
40232,662,cat_2,662
40233,322,cat_3,322
40234,676,cat_4,676
40235,162,cat_0,162
40236,74,cat_1,74
40237,943,cat_2,943
40238,54,cat_3,54
40239,440,cat_4,440
40240,1000,cat_0,1000
40241,142,cat_1,142
40242,407,cat_2,407
40243,897,cat_3,897
40244,148,cat_4,148
40245,250,cat_0,250
40246,62,cat_1,62
40247,708,cat_2,708
40248,519,cat_3,519
40249,339,cat_4,339
40250,542,cat_0,542
40251,742,cat_1,742
40252,880,cat_2,880
40253,855,cat_3,855
40254,424,cat_4,424
40255,768,cat_0,768
40256,201,cat_1,201
40257,527,cat_2,527
40258,899,cat_3,899
40259,785,cat_4,785
40260,484,cat_0,484
40261,75,cat_1,75
40262,704,cat_2,704
40263,89,cat_3,89
40264,295,cat_4,295
40265,629,cat_0,629
40266,597,cat_1,597
40267,83,cat_2,83
40268,419,cat_3,419
40269,949,cat_4,949
40270,607,cat_0,607
40271,268,cat_1,268
40272,644,cat_2,644
40273,285,cat_3,285
40274,364,cat_4,364
40275,690,cat_0,690
40276,812,cat_1,812
40277,674,cat_2,674
40278,759,cat_3,759
40279,135,cat_4,135
40280,949,cat_0,949
40281,468,cat_1,468
40282,866,cat_2,866
40283,395,cat_3,395
40284,373,cat_4,373
40285,958,cat_0,958
40286,270,cat_1,270
40287,167,cat_2,167
40288,236,cat_3,236
40289,50,cat_4,50
40290,144,cat_0,144
40291,361,cat_1,361
40292,723,cat_2,723
40293,156,cat_3,156
40294,259,cat_4,259
40295,185,cat_0,185
40296,472,cat_1,472
40297,944,cat_2,944
40298,847,cat_3,847
40299,429,cat_4,429
40300,262,cat_0,262
40301,979,cat_1,979
40302,537,cat_2,537
40303,689,cat_3,689
40304,278,cat_4,278
40305,757,cat_0,757
40306,999,cat_1,999
40307,433,cat_2,433
40308,470,cat_3,470
40309,988,cat_4,988
40310,238,cat_0,238
40311,690,cat_1,690
40312,171,cat_2,171
40313,609,cat_3,609
40314,218,cat_4,218
40315,183,cat_0,183
40316,560,cat_1,560
40317,597,cat_2,597
40318,324,cat_3,324
40319,221,cat_4,221
40320,539,cat_0,539
40321,443,cat_1,443
40322,593,cat_2,593
40323,80,cat_3,80
40324,87,cat_4,87
40325,375,cat_0,375
40326,598,cat_1,598
40327,590,cat_2,590
40328,340,cat_3,340
40329,547,cat_4,547
40330,817,cat_0,817
40331,715,cat_1,715
40332,216,cat_2,216
40333,196,cat_3,196
40334,718,cat_4,718
40335,923,cat_0,923
40336,878,cat_1,878
40337,739,cat_2,739
40338,868,cat_3,868
40339,950,cat_4,950
40340,860,cat_0,860
40341,357,cat_1,357
40342,142,cat_2,142
40343,355,cat_3,355
40344,926,cat_4,926
40345,874,cat_0,874
40346,403,cat_1,403
40347,557,cat_2,557
40348,359,cat_3,359
40349,109,cat_4,109
40350,165,cat_0,165
40351,339,cat_1,339
40352,287,cat_2,287
40353,609,cat_3,609
40354,389,cat_4,389
40355,636,cat_0,636
40356,771,cat_1,771
40357,932,cat_2,932
40358,45,cat_3,45
40359,349,cat_4,349
40360,26,cat_0,26
40361,396,cat_1,396
40362,706,cat_2,706
40363,417,cat_3,417
40364,675,cat_4,675
40365,137,cat_0,137
40366,397,cat_1,397
40367,152,cat_2,152
40368,250,cat_3,250
40369,624,cat_4,624
40370,242,cat_0,242
40371,93,cat_1,93
40372,665,cat_2,665
40373,493,cat_3,493
40374,486,cat_4,486
40375,259,cat_0,259
40376,706,cat_1,706
40377,748,cat_2,748
40378,73,cat_3,73
40379,278,cat_4,278
40380,990,cat_0,990
40381,893,cat_1,893
40382,503,cat_2,503
40383,700,cat_3,700
40384,901,cat_4,901
40385,371,cat_0,371
40386,868,cat_1,868
40387,319,cat_2,319
40388,593,cat_3,593
40389,186,cat_4,186
40390,760,cat_0,760
40391,122,cat_1,122
40392,205,cat_2,205
40393,762,cat_3,762
40394,466,cat_4,466
40395,254,cat_0,254
40396,446,cat_1,446
40397,133,cat_2,133
40398,168,cat_3,168
40399,942,cat_4,942
40400,665,cat_0,665
40401,449,cat_1,449
40402,327,cat_2,327
40403,264,cat_3,264
40404,301,cat_4,301
40405,892,cat_0,892
40406,26,cat_1,26
40407,319,cat_2,319
40408,487,cat_3,487
40409,401,cat_4,401
40410,456,cat_0,456
40411,903,cat_1,903
40412,835,cat_2,835
40413,998,cat_3,998
40414,179,cat_4,179
40415,313,cat_0,313
40416,424,cat_1,424
40417,868,cat_2,868
40418,205,cat_3,205
40419,899,cat_4,899
40420,530,cat_0,530
40421,811,cat_1,811
40422,786,cat_2,786
40423,613,cat_3,613
40424,642,cat_4,642
40425,943,cat_0,943
40426,168,cat_1,168
40427,785,cat_2,785
40428,974,cat_3,974
40429,694,cat_4,694
40430,146,cat_0,146
40431,190,cat_1,190
40432,544,cat_2,544
40433,986,cat_3,986
40434,154,cat_4,154
40435,674,cat_0,674
40436,888,cat_1,888
40437,814,cat_2,814
40438,321,cat_3,321
40439,54,cat_4,54
40440,38,cat_0,38
40441,344,cat_1,344
40442,108,cat_2,108
40443,153,cat_3,153
40444,815,cat_4,815
40445,476,cat_0,476
40446,836,cat_1,836
40447,458,cat_2,458
40448,270,cat_3,270
40449,613,cat_4,613
40450,242,cat_0,242
40451,286,cat_1,286
40452,536,cat_2,536
40453,664,cat_3,664
40454,356,cat_4,356
40455,167,cat_0,167
40456,220,cat_1,220
40457,961,cat_2,961
40458,419,cat_3,419
40459,601,cat_4,601
40460,783,cat_0,783
40461,649,cat_1,649
40462,118,cat_2,118
40463,726,cat_3,726
40464,873,cat_4,873
40465,423,cat_0,423
40466,443,cat_1,443
40467,429,cat_2,429
40468,256,cat_3,256
40469,947,cat_4,947
40470,711,cat_0,711
40471,33,cat_1,33
40472,821,cat_2,821
40473,530,cat_3,530
40474,497,cat_4,497
40475,894,cat_0,894
40476,379,cat_1,379
40477,282,cat_2,282
40478,814,cat_3,814
40479,315,cat_4,315
40480,358,cat_0,358
40481,164,cat_1,164
40482,805,cat_2,805
40483,102,cat_3,102
40484,36,cat_4,36
40485,444,cat_0,444
40486,821,cat_1,821
40487,467,cat_2,467
40488,979,cat_3,979
40489,648,cat_4,648
40490,132,cat_0,132
40491,983,cat_1,983
40492,931,cat_2,931
40493,767,cat_3,767
40494,102,cat_4,102
40495,541,cat_0,541
40496,659,cat_1,659
40497,378,cat_2,378
40498,818,cat_3,818
40499,658,cat_4,658
40500,736,cat_0,736
40501,286,cat_1,286
40502,294,cat_2,294
40503,244,cat_3,244
40504,942,cat_4,942
40505,697,cat_0,697
40506,834,cat_1,834
40507,640,cat_2,640
40508,510,cat_3,510
40509,901,cat_4,901
40510,844,cat_0,844
40511,80,cat_1,80
40512,785,cat_2,785
40513,430,cat_3,430
40514,620,cat_4,620
40515,7,cat_0,7
40516,998,cat_1,998
40517,227,cat_2,227
40518,968,cat_3,968
40519,296,cat_4,296
40520,199,cat_0,199
40521,213,cat_1,213
40522,662,cat_2,662
40523,468,cat_3,468
40524,381,cat_4,381
40525,201,cat_0,201
40526,759,cat_1,759
40527,684,cat_2,684
40528,642,cat_3,642
40529,865,cat_4,865
40530,688,cat_0,688
40531,316,cat_1,316
40532,831,cat_2,831
40533,965,cat_3,965
40534,438,cat_4,438
40535,71,cat_0,71
40536,992,cat_1,992
40537,423,cat_2,423
40538,708,cat_3,708
40539,572,cat_4,572
40540,222,cat_0,222
40541,872,cat_1,872
40542,522,cat_2,522
40543,287,cat_3,287
40544,636,cat_4,636
40545,344,cat_0,344
40546,26,cat_1,26
40547,367,cat_2,367
40548,303,cat_3,303
40549,953,cat_4,953
40550,950,cat_0,950
40551,301,cat_1,301
40552,652,cat_2,652
40553,310,cat_3,310
40554,228,cat_4,228
40555,386,cat_0,386
40556,44,cat_1,44
40557,792,cat_2,792
40558,809,cat_3,809
40559,359,cat_4,359
40560,139,cat_0,139
40561,538,cat_1,538
40562,263,cat_2,263
40563,564,cat_3,564
40564,145,cat_4,145
40565,656,cat_0,656
40566,189,cat_1,189
40567,576,cat_2,576
40568,721,cat_3,721
40569,453,cat_4,453
40570,817,cat_0,817
40571,224,cat_1,224
40572,821,cat_2,821
40573,146,cat_3,146
40574,790,cat_4,790
40575,130,cat_0,130
40576,56,cat_1,56
40577,967,cat_2,967
40578,504,cat_3,504
40579,350,cat_4,350
40580,616,cat_0,616
40581,878,cat_1,878
40582,635,cat_2,635
40583,540,cat_3,540
40584,829,cat_4,829
40585,517,cat_0,517
40586,468,cat_1,468
40587,853,cat_2,853
40588,347,cat_3,347
40589,678,cat_4,678
40590,122,cat_0,122
40591,998,cat_1,998
40592,874,cat_2,874
40593,667,cat_3,667
40594,816,cat_4,816
40595,63,cat_0,63
40596,135,cat_1,135
40597,371,cat_2,371
40598,583,cat_3,583
40599,629,cat_4,629
40600,191,cat_0,191
40601,109,cat_1,109
40602,226,cat_2,226
40603,143,cat_3,143
40604,12,cat_4,12
40605,267,cat_0,267
40606,735,cat_1,735
40607,637,cat_2,637
40608,565,cat_3,565
40609,476,cat_4,476
40610,997,cat_0,997
40611,348,cat_1,348
40612,22,cat_2,22
40613,871,cat_3,871
40614,895,cat_4,895
40615,794,cat_0,794
40616,576,cat_1,576
40617,574,cat_2,574
40618,151,cat_3,151
40619,736,cat_4,736
40620,236,cat_0,236
40621,895,cat_1,895
40622,94,cat_2,94
40623,902,cat_3,902
40624,842,cat_4,842
40625,455,cat_0,455
40626,846,cat_1,846
40627,360,cat_2,360
40628,779,cat_3,779
40629,815,cat_4,815
40630,583,cat_0,583
40631,404,cat_1,404
40632,528,cat_2,528
40633,59,cat_3,59
40634,745,cat_4,745
40635,98,cat_0,98
40636,131,cat_1,131
40637,485,cat_2,485
40638,69,cat_3,69
40639,181,cat_4,181
40640,925,cat_0,925
40641,201,cat_1,201
40642,709,cat_2,709
40643,357,cat_3,357
40644,396,cat_4,396
40645,935,cat_0,935
40646,513,cat_1,513
40647,840,cat_2,840
40648,617,cat_3,617
40649,364,cat_4,364
40650,832,cat_0,832
40651,910,cat_1,910
40652,104,cat_2,104
40653,243,cat_3,243
40654,406,cat_4,406
40655,811,cat_0,811
40656,669,cat_1,669
40657,63,cat_2,63
40658,640,cat_3,640
40659,868,cat_4,868
40660,761,cat_0,761
40661,137,cat_1,137
40662,803,cat_2,803
40663,727,cat_3,727
40664,615,cat_4,615
40665,382,cat_0,382
40666,634,cat_1,634
40667,879,cat_2,879
40668,403,cat_3,403
40669,957,cat_4,957
40670,683,cat_0,683
40671,511,cat_1,511
40672,281,cat_2,281
40673,897,cat_3,897
40674,986,cat_4,986
40675,554,cat_0,554
40676,947,cat_1,947
40677,1000,cat_2,1000
40678,844,cat_3,844
40679,883,cat_4,883
40680,705,cat_0,705
40681,596,cat_1,596
40682,716,cat_2,716
40683,666,cat_3,666
40684,288,cat_4,288
40685,351,cat_0,351
40686,268,cat_1,268
40687,240,cat_2,240
40688,451,cat_3,451
40689,379,cat_4,379
40690,471,cat_0,471
40691,372,cat_1,372
40692,428,cat_2,428
40693,474,cat_3,474
40694,655,cat_4,655
40695,376,cat_0,376
40696,831,cat_1,831
40697,374,cat_2,374
40698,990,cat_3,990
40699,418,cat_4,418
40700,144,cat_0,144
40701,165,cat_1,165
40702,140,cat_2,140
40703,95,cat_3,95
40704,741,cat_4,741
40705,664,cat_0,664
40706,987,cat_1,987
40707,294,cat_2,294
40708,751,cat_3,751
40709,44,cat_4,44
40710,947,cat_0,947
40711,938,cat_1,938
40712,521,cat_2,521
40713,383,cat_3,383
40714,794,cat_4,794
40715,583,cat_0,583
40716,635,cat_1,635
40717,975,cat_2,975
40718,966,cat_3,966
40719,110,cat_4,110
40720,729,cat_0,729
40721,227,cat_1,227
40722,70,cat_2,70
40723,415,cat_3,415
40724,711,cat_4,711
40725,814,cat_0,814
40726,959,cat_1,959
40727,415,cat_2,415
40728,990,cat_3,990
40729,378,cat_4,378
40730,776,cat_0,776
40731,921,cat_1,921
40732,718,cat_2,718
40733,758,cat_3,758
40734,229,cat_4,229
40735,884,cat_0,884
40736,716,cat_1,716
40737,143,cat_2,143
40738,634,cat_3,634
40739,463,cat_4,463
40740,803,cat_0,803
40741,692,cat_1,692
40742,364,cat_2,364
40743,462,cat_3,462
40744,797,cat_4,797
40745,445,cat_0,445
40746,863,cat_1,863
40747,574,cat_2,574
40748,856,cat_3,856
40749,752,cat_4,752
40750,657,cat_0,657
40751,414,cat_1,414
40752,305,cat_2,305
40753,453,cat_3,453
40754,509,cat_4,509
40755,5,cat_0,5
40756,287,cat_1,287
40757,1,cat_2,1
40758,32,cat_3,32
40759,128,cat_4,128
40760,118,cat_0,118
40761,988,cat_1,988
40762,623,cat_2,623
40763,417,cat_3,417
40764,83,cat_4,83
40765,805,cat_0,805
40766,311,cat_1,311
40767,842,cat_2,842
40768,532,cat_3,532
40769,590,cat_4,590
40770,755,cat_0,755
40771,885,cat_1,885
40772,99,cat_2,99
40773,488,cat_3,488
40774,635,cat_4,635
40775,535,cat_0,535
40776,47,cat_1,47
40777,408,cat_2,408
40778,429,cat_3,429
40779,618,cat_4,618
40780,277,cat_0,277
40781,35,cat_1,35
40782,513,cat_2,513
40783,117,cat_3,117
40784,895,cat_4,895
40785,525,cat_0,525
40786,565,cat_1,565
40787,258,cat_2,258
40788,623,cat_3,623
40789,936,cat_4,936
40790,207,cat_0,207
40791,638,cat_1,638
40792,608,cat_2,608
40793,893,cat_3,893
40794,836,cat_4,836
40795,146,cat_0,146
40796,103,cat_1,103
40797,692,cat_2,692
40798,854,cat_3,854
40799,573,cat_4,573
40800,857,cat_0,857
40801,855,cat_1,855
40802,22,cat_2,22
40803,829,cat_3,829
40804,427,cat_4,427
40805,635,cat_0,635
40806,152,cat_1,152
40807,894,cat_2,894
40808,71,cat_3,71
40809,73,cat_4,73
40810,861,cat_0,861
40811,992,cat_1,992
40812,892,cat_2,892
40813,986,cat_3,986
40814,431,cat_4,431
40815,503,cat_0,503
40816,650,cat_1,650
40817,638,cat_2,638
40818,270,cat_3,270
40819,670,cat_4,670
40820,621,cat_0,621
40821,402,cat_1,402
40822,560,cat_2,560
40823,220,cat_3,220
40824,132,cat_4,132
40825,60,cat_0,60
40826,448,cat_1,448
40827,481,cat_2,481
40828,96,cat_3,96
40829,482,cat_4,482
40830,209,cat_0,209
40831,968,cat_1,968
40832,202,cat_2,202
40833,300,cat_3,300
40834,320,cat_4,320
40835,582,cat_0,582
40836,659,cat_1,659
40837,438,cat_2,438
40838,801,cat_3,801
40839,395,cat_4,395
40840,295,cat_0,295
40841,788,cat_1,788
40842,294,cat_2,294
40843,738,cat_3,738
40844,2,cat_4,2
40845,461,cat_0,461
40846,982,cat_1,982
40847,776,cat_2,776
40848,257,cat_3,257
40849,124,cat_4,124
40850,18,cat_0,18
40851,74,cat_1,74
40852,326,cat_2,326
40853,543,cat_3,543
40854,449,cat_4,449
40855,897,cat_0,897
40856,130,cat_1,130
40857,125,cat_2,125
40858,418,cat_3,418
40859,480,cat_4,480
40860,412,cat_0,412
40861,369,cat_1,369
40862,233,cat_2,233
40863,822,cat_3,822
40864,686,cat_4,686
40865,640,cat_0,640
40866,468,cat_1,468
40867,227,cat_2,227
40868,249,cat_3,249
40869,635,cat_4,635
40870,241,cat_0,241
40871,549,cat_1,549
40872,847,cat_2,847
40873,14,cat_3,14
40874,180,cat_4,180
40875,622,cat_0,622
40876,721,cat_1,721
40877,989,cat_2,989
40878,617,cat_3,617
40879,368,cat_4,368
40880,75,cat_0,75
40881,412,cat_1,412
40882,176,cat_2,176
40883,447,cat_3,447
40884,839,cat_4,839
40885,823,cat_0,823
40886,185,cat_1,185
40887,528,cat_2,528
40888,369,cat_3,369
40889,46,cat_4,46
40890,291,cat_0,291
40891,687,cat_1,687
40892,607,cat_2,607
40893,962,cat_3,962
40894,856,cat_4,856
40895,499,cat_0,499
40896,934,cat_1,934
40897,802,cat_2,802
40898,588,cat_3,588
40899,158,cat_4,158
40900,283,cat_0,283
40901,859,cat_1,859
40902,320,cat_2,320
40903,657,cat_3,657
40904,1,cat_4,1
40905,481,cat_0,481
40906,729,cat_1,729
40907,655,cat_2,655
40908,375,cat_3,375
40909,155,cat_4,155
40910,328,cat_0,328
40911,536,cat_1,536
40912,180,cat_2,180
40913,686,cat_3,686
40914,545,cat_4,545
40915,873,cat_0,873
40916,274,cat_1,274
40917,582,cat_2,582
40918,405,cat_3,405
40919,88,cat_4,88
40920,262,cat_0,262
40921,554,cat_1,554
40922,169,cat_2,169
40923,207,cat_3,207
40924,981,cat_4,981
40925,472,cat_0,472
40926,129,cat_1,129
40927,496,cat_2,496
40928,28,cat_3,28
40929,551,cat_4,551
40930,141,cat_0,141
40931,518,cat_1,518
40932,602,cat_2,602
40933,756,cat_3,756
40934,544,cat_4,544
40935,287,cat_0,287
40936,579,cat_1,579
40937,152,cat_2,152
40938,208,cat_3,208
40939,953,cat_4,953
40940,577,cat_0,577
40941,338,cat_1,338
40942,157,cat_2,157
40943,90,cat_3,90
40944,902,cat_4,902
40945,473,cat_0,473
40946,763,cat_1,763
40947,896,cat_2,896
40948,645,cat_3,645
40949,487,cat_4,487
40950,261,cat_0,261
40951,76,cat_1,76
40952,991,cat_2,991
40953,517,cat_3,517
40954,82,cat_4,82
40955,554,cat_0,554
40956,139,cat_1,139
40957,870,cat_2,870
40958,603,cat_3,603
40959,6,cat_4,6
40960,762,cat_0,762
40961,43,cat_1,43
40962,183,cat_2,183
40963,39,cat_3,39
40964,917,cat_4,917
40965,117,cat_0,117
40966,830,cat_1,830
40967,426,cat_2,426
40968,336,cat_3,336
40969,757,cat_4,757
40970,538,cat_0,538
40971,223,cat_1,223
40972,256,cat_2,256
40973,967,cat_3,967
40974,427,cat_4,427
40975,38,cat_0,38
40976,97,cat_1,97
40977,420,cat_2,420
40978,813,cat_3,813
40979,125,cat_4,125
40980,864,cat_0,864
40981,828,cat_1,828
40982,132,cat_2,132
40983,610,cat_3,610
40984,564,cat_4,564
40985,868,cat_0,868
40986,756,cat_1,756
40987,838,cat_2,838
40988,18,cat_3,18
40989,744,cat_4,744
40990,504,cat_0,504
40991,863,cat_1,863
40992,640,cat_2,640
40993,993,cat_3,993
40994,663,cat_4,663
40995,868,cat_0,868
40996,414,cat_1,414
40997,215,cat_2,215
40998,983,cat_3,983
40999,501,cat_4,501
41000,282,cat_0,282
41001,78,cat_1,78
41002,1,cat_2,1
41003,724,cat_3,724
41004,720,cat_4,720
41005,181,cat_0,181
41006,775,cat_1,775
41007,936,cat_2,936
41008,770,cat_3,770
41009,208,cat_4,208
41010,423,cat_0,423
41011,240,cat_1,240
41012,944,cat_2,944
41013,870,cat_3,870
41014,357,cat_4,357
41015,343,cat_0,343
41016,491,cat_1,491
41017,702,cat_2,702
41018,541,cat_3,541
41019,880,cat_4,880
41020,147,cat_0,147
41021,890,cat_1,890
41022,852,cat_2,852
41023,596,cat_3,596
41024,455,cat_4,455
41025,213,cat_0,213
41026,380,cat_1,380
41027,677,cat_2,677
41028,118,cat_3,118
41029,777,cat_4,777
41030,376,cat_0,376
41031,731,cat_1,731
41032,2,cat_2,2
41033,974,cat_3,974
41034,922,cat_4,922
41035,225,cat_0,225
41036,947,cat_1,947
41037,124,cat_2,124
41038,193,cat_3,193
41039,633,cat_4,633
41040,564,cat_0,564
41041,850,cat_1,850
41042,802,cat_2,802
41043,522,cat_3,522
41044,503,cat_4,503
41045,856,cat_0,856
41046,2,cat_1,2
41047,293,cat_2,293
41048,113,cat_3,113
41049,716,cat_4,716
41050,530,cat_0,530
41051,412,cat_1,412
41052,13,cat_2,13
41053,734,cat_3,734
41054,776,cat_4,776
41055,888,cat_0,888
41056,981,cat_1,981
41057,19,cat_2,19
41058,717,cat_3,717
41059,317,cat_4,317
41060,844,cat_0,844
41061,590,cat_1,590
41062,268,cat_2,268
41063,921,cat_3,921
41064,716,cat_4,716
41065,929,cat_0,929
41066,413,cat_1,413
41067,125,cat_2,125
41068,906,cat_3,906
41069,361,cat_4,361
41070,995,cat_0,995
41071,483,cat_1,483
41072,340,cat_2,340
41073,547,cat_3,547
41074,86,cat_4,86
41075,807,cat_0,807
41076,6,cat_1,6
41077,166,cat_2,166
41078,189,cat_3,189
41079,234,cat_4,234
41080,732,cat_0,732
41081,624,cat_1,624
41082,356,cat_2,356
41083,335,cat_3,335
41084,759,cat_4,759
41085,350,cat_0,350
41086,4,cat_1,4
41087,278,cat_2,278
41088,688,cat_3,688
41089,58,cat_4,58
41090,210,cat_0,210
41091,96,cat_1,96
41092,354,cat_2,354
41093,899,cat_3,899
41094,902,cat_4,902
41095,447,cat_0,447
41096,264,cat_1,264
41097,360,cat_2,360
41098,434,cat_3,434
41099,681,cat_4,681
41100,398,cat_0,398
41101,638,cat_1,638
41102,94,cat_2,94
41103,739,cat_3,739
41104,206,cat_4,206
41105,816,cat_0,816
41106,245,cat_1,245
41107,715,cat_2,715
41108,620,cat_3,620
41109,598,cat_4,598
41110,354,cat_0,354
41111,821,cat_1,821
41112,164,cat_2,164
41113,969,cat_3,969
41114,999,cat_4,999
41115,764,cat_0,764
41116,732,cat_1,732
41117,407,cat_2,407
41118,128,cat_3,128
41119,568,cat_4,568
41120,403,cat_0,403
41121,799,cat_1,799
41122,998,cat_2,998
41123,60,cat_3,60
41124,935,cat_4,935
41125,120,cat_0,120
41126,13,cat_1,13
41127,509,cat_2,509
41128,816,cat_3,816
41129,541,cat_4,541
41130,207,cat_0,207
41131,20,cat_1,20
41132,83,cat_2,83
41133,3,cat_3,3
41134,308,cat_4,308
41135,974,cat_0,974
41136,346,cat_1,346
41137,370,cat_2,370
41138,211,cat_3,211
41139,862,cat_4,862
41140,362,cat_0,362
41141,194,cat_1,194
41142,703,cat_2,703
41143,395,cat_3,395
41144,713,cat_4,713
41145,1000,cat_0,1000
41146,124,cat_1,124
41147,819,cat_2,819
41148,477,cat_3,477
41149,250,cat_4,250
41150,825,cat_0,825
41151,591,cat_1,591
41152,130,cat_2,130
41153,494,cat_3,494
41154,27,cat_4,27
41155,502,cat_0,502
41156,833,cat_1,833
41157,885,cat_2,885
41158,914,cat_3,914
41159,90,cat_4,90
41160,996,cat_0,996
41161,951,cat_1,951
41162,909,cat_2,909
41163,262,cat_3,262
41164,328,cat_4,328
41165,190,cat_0,190
41166,798,cat_1,798
41167,762,cat_2,762
41168,339,cat_3,339
41169,672,cat_4,672
41170,442,cat_0,442
41171,638,cat_1,638
41172,364,cat_2,364
41173,403,cat_3,403
41174,723,cat_4,723
41175,908,cat_0,908
41176,74,cat_1,74
41177,878,cat_2,878
41178,180,cat_3,180
41179,421,cat_4,421
41180,927,cat_0,927
41181,541,cat_1,541
41182,390,cat_2,390
41183,999,cat_3,999
41184,451,cat_4,451
41185,282,cat_0,282
41186,480,cat_1,480
41187,420,cat_2,420
41188,866,cat_3,866
41189,400,cat_4,400
41190,713,cat_0,713
41191,507,cat_1,507
41192,231,cat_2,231
41193,40,cat_3,40
41194,472,cat_4,472
41195,84,cat_0,84
41196,654,cat_1,654
41197,95,cat_2,95
41198,937,cat_3,937
41199,705,cat_4,705
41200,675,cat_0,675
41201,938,cat_1,938
41202,430,cat_2,430
41203,102,cat_3,102
41204,814,cat_4,814
41205,841,cat_0,841
41206,543,cat_1,543
41207,315,cat_2,315
41208,490,cat_3,490
41209,143,cat_4,143
41210,766,cat_0,766
41211,274,cat_1,274
41212,709,cat_2,709
41213,738,cat_3,738
41214,665,cat_4,665
41215,710,cat_0,710
41216,255,cat_1,255
41217,554,cat_2,554
41218,606,cat_3,606
41219,201,cat_4,201
41220,824,cat_0,824
41221,804,cat_1,804
41222,970,cat_2,970
41223,752,cat_3,752
41224,525,cat_4,525
41225,179,cat_0,179
41226,984,cat_1,984
41227,112,cat_2,112
41228,466,cat_3,466
41229,393,cat_4,393
41230,56,cat_0,56
41231,154,cat_1,154
41232,700,cat_2,700
41233,830,cat_3,830
41234,220,cat_4,220
41235,419,cat_0,419
41236,528,cat_1,528
41237,488,cat_2,488
41238,654,cat_3,654
41239,470,cat_4,470
41240,104,cat_0,104
41241,227,cat_1,227
41242,825,cat_2,825
41243,230,cat_3,230
41244,484,cat_4,484
41245,733,cat_0,733
41246,932,cat_1,932
41247,254,cat_2,254
41248,39,cat_3,39
41249,50,cat_4,50
41250,62,cat_0,62
41251,301,cat_1,301
41252,89,cat_2,89
41253,794,cat_3,794
41254,522,cat_4,522
41255,269,cat_0,269
41256,290,cat_1,290
41257,718,cat_2,718
41258,527,cat_3,527
41259,6,cat_4,6
41260,815,cat_0,815
41261,921,cat_1,921
41262,978,cat_2,978
41263,141,cat_3,141
41264,921,cat_4,921
41265,485,cat_0,485
41266,823,cat_1,823
41267,962,cat_2,962
41268,342,cat_3,342
41269,797,cat_4,797
41270,926,cat_0,926
41271,365,cat_1,365
41272,473,cat_2,473
41273,778,cat_3,778
41274,988,cat_4,988
41275,612,cat_0,612
41276,119,cat_1,119
41277,760,cat_2,760
41278,932,cat_3,932
41279,618,cat_4,618
41280,521,cat_0,521
41281,745,cat_1,745
41282,830,cat_2,830
41283,962,cat_3,962
41284,869,cat_4,869
41285,902,cat_0,902
41286,223,cat_1,223
41287,365,cat_2,365
41288,77,cat_3,77
41289,235,cat_4,235
41290,359,cat_0,359
41291,478,cat_1,478
41292,881,cat_2,881
41293,745,cat_3,745
41294,975,cat_4,975
41295,549,cat_0,549
41296,85,cat_1,85
41297,89,cat_2,89
41298,57,cat_3,57
41299,171,cat_4,171
41300,104,cat_0,104
41301,388,cat_1,388
41302,236,cat_2,236
41303,442,cat_3,442
41304,576,cat_4,576
41305,130,cat_0,130
41306,28,cat_1,28
41307,682,cat_2,682
41308,392,cat_3,392
41309,77,cat_4,77
41310,278,cat_0,278
41311,233,cat_1,233
41312,13,cat_2,13
41313,774,cat_3,774
41314,583,cat_4,583
41315,896,cat_0,896
41316,937,cat_1,937
41317,155,cat_2,155
41318,944,cat_3,944
41319,876,cat_4,876
41320,322,cat_0,322
41321,822,cat_1,822
41322,937,cat_2,937
41323,380,cat_3,380
41324,384,cat_4,384
41325,679,cat_0,679
41326,962,cat_1,962
41327,541,cat_2,541
41328,590,cat_3,590
41329,992,cat_4,992
41330,282,cat_0,282
41331,154,cat_1,154
41332,865,cat_2,865
41333,803,cat_3,803
41334,824,cat_4,824
41335,612,cat_0,612
41336,52,cat_1,52
41337,41,cat_2,41
41338,159,cat_3,159
41339,272,cat_4,272
41340,514,cat_0,514
41341,807,cat_1,807
41342,596,cat_2,596
41343,668,cat_3,668
41344,834,cat_4,834
41345,614,cat_0,614
41346,749,cat_1,749
41347,161,cat_2,161
41348,798,cat_3,798
41349,319,cat_4,319
41350,189,cat_0,189
41351,298,cat_1,298
41352,70,cat_2,70
41353,343,cat_3,343
41354,758,cat_4,758
41355,483,cat_0,483
41356,348,cat_1,348
41357,39,cat_2,39
41358,536,cat_3,536
41359,155,cat_4,155
41360,226,cat_0,226
41361,13,cat_1,13
41362,658,cat_2,658
41363,731,cat_3,731
41364,925,cat_4,925
41365,765,cat_0,765
41366,209,cat_1,209
41367,883,cat_2,883
41368,1,cat_3,1
41369,126,cat_4,126
41370,236,cat_0,236
41371,407,cat_1,407
41372,389,cat_2,389
41373,75,cat_3,75
41374,636,cat_4,636
41375,585,cat_0,585
41376,363,cat_1,363
41377,672,cat_2,672
41378,234,cat_3,234
41379,300,cat_4,300
41380,895,cat_0,895
41381,968,cat_1,968
41382,967,cat_2,967
41383,469,cat_3,469
41384,190,cat_4,190
41385,882,cat_0,882
41386,444,cat_1,444
41387,261,cat_2,261
41388,620,cat_3,620
41389,947,cat_4,947
41390,664,cat_0,664
41391,66,cat_1,66
41392,990,cat_2,990
41393,244,cat_3,244
41394,646,cat_4,646
41395,961,cat_0,961
41396,359,cat_1,359
41397,152,cat_2,152
41398,577,cat_3,577
41399,495,cat_4,495
41400,157,cat_0,157
41401,710,cat_1,710
41402,271,cat_2,271
41403,127,cat_3,127
41404,225,cat_4,225
41405,302,cat_0,302
41406,454,cat_1,454
41407,136,cat_2,136
41408,616,cat_3,616
41409,320,cat_4,320
41410,915,cat_0,915
41411,377,cat_1,377
41412,686,cat_2,686
41413,144,cat_3,144
41414,460,cat_4,460
41415,314,cat_0,314
41416,318,cat_1,318
41417,676,cat_2,676
41418,668,cat_3,668
41419,442,cat_4,442
41420,380,cat_0,380
41421,618,cat_1,618
41422,276,cat_2,276
41423,348,cat_3,348
41424,237,cat_4,237
41425,725,cat_0,725
41426,931,cat_1,931
41427,528,cat_2,528
41428,734,cat_3,734
41429,762,cat_4,762
41430,278,cat_0,278
41431,725,cat_1,725
41432,407,cat_2,407
41433,853,cat_3,853
41434,734,cat_4,734
41435,486,cat_0,486
41436,907,cat_1,907
41437,717,cat_2,717
41438,732,cat_3,732
41439,297,cat_4,297
41440,750,cat_0,750
41441,260,cat_1,260
41442,288,cat_2,288
41443,964,cat_3,964
41444,552,cat_4,552
41445,840,cat_0,840
41446,497,cat_1,497
41447,916,cat_2,916
41448,467,cat_3,467
41449,491,cat_4,491
41450,551,cat_0,551
41451,304,cat_1,304
41452,923,cat_2,923
41453,793,cat_3,793
41454,831,cat_4,831
41455,980,cat_0,980
41456,691,cat_1,691
41457,891,cat_2,891
41458,94,cat_3,94
41459,388,cat_4,388
41460,809,cat_0,809
41461,811,cat_1,811
41462,882,cat_2,882
41463,325,cat_3,325
41464,524,cat_4,524
41465,468,cat_0,468
41466,992,cat_1,992
41467,213,cat_2,213
41468,750,cat_3,750
41469,317,cat_4,317
41470,628,cat_0,628
41471,654,cat_1,654
41472,38,cat_2,38
41473,472,cat_3,472
41474,276,cat_4,276
41475,509,cat_0,509
41476,133,cat_1,133
41477,350,cat_2,350
41478,447,cat_3,447
41479,959,cat_4,959
41480,838,cat_0,838
41481,709,cat_1,709
41482,6,cat_2,6
41483,749,cat_3,749
41484,51,cat_4,51
41485,966,cat_0,966
41486,812,cat_1,812
41487,759,cat_2,759
41488,950,cat_3,950
41489,327,cat_4,327
41490,185,cat_0,185
41491,619,cat_1,619
41492,812,cat_2,812
41493,665,cat_3,665
41494,629,cat_4,629
41495,723,cat_0,723
41496,799,cat_1,799
41497,789,cat_2,789
41498,486,cat_3,486
41499,300,cat_4,300
41500,902,cat_0,902
41501,164,cat_1,164
41502,321,cat_2,321
41503,56,cat_3,56
41504,917,cat_4,917
41505,879,cat_0,879
41506,690,cat_1,690
41507,884,cat_2,884
41508,717,cat_3,717
41509,293,cat_4,293
41510,951,cat_0,951
41511,125,cat_1,125
41512,219,cat_2,219
41513,95,cat_3,95
41514,290,cat_4,290
41515,538,cat_0,538
41516,338,cat_1,338
41517,302,cat_2,302
41518,524,cat_3,524
41519,800,cat_4,800
41520,770,cat_0,770
41521,799,cat_1,799
41522,880,cat_2,880
41523,769,cat_3,769
41524,181,cat_4,181
41525,70,cat_0,70
41526,728,cat_1,728
41527,402,cat_2,402
41528,745,cat_3,745
41529,513,cat_4,513
41530,87,cat_0,87
41531,33,cat_1,33
41532,488,cat_2,488
41533,59,cat_3,59
41534,309,cat_4,309
41535,639,cat_0,639
41536,957,cat_1,957
41537,14,cat_2,14
41538,103,cat_3,103
41539,906,cat_4,906
41540,408,cat_0,408
41541,648,cat_1,648
41542,207,cat_2,207
41543,955,cat_3,955
41544,182,cat_4,182
41545,746,cat_0,746
41546,936,cat_1,936
41547,924,cat_2,924
41548,935,cat_3,935
41549,656,cat_4,656
41550,379,cat_0,379
41551,687,cat_1,687
41552,992,cat_2,992
41553,462,cat_3,462
41554,443,cat_4,443
41555,416,cat_0,416
41556,345,cat_1,345
41557,64,cat_2,64
41558,63,cat_3,63
41559,245,cat_4,245
41560,225,cat_0,225
41561,799,cat_1,799
41562,817,cat_2,817
41563,414,cat_3,414
41564,944,cat_4,944
41565,735,cat_0,735
41566,101,cat_1,101
41567,560,cat_2,560
41568,613,cat_3,613
41569,941,cat_4,941
41570,996,cat_0,996
41571,712,cat_1,712
41572,787,cat_2,787
41573,540,cat_3,540
41574,410,cat_4,410
41575,238,cat_0,238
41576,309,cat_1,309
41577,668,cat_2,668
41578,761,cat_3,761
41579,246,cat_4,246
41580,410,cat_0,410
41581,766,cat_1,766
41582,6,cat_2,6
41583,298,cat_3,298
41584,684,cat_4,684
41585,146,cat_0,146
41586,478,cat_1,478
41587,111,cat_2,111
41588,279,cat_3,279
41589,410,cat_4,410
41590,781,cat_0,781
41591,165,cat_1,165
41592,300,cat_2,300
41593,172,cat_3,172
41594,354,cat_4,354
41595,666,cat_0,666
41596,443,cat_1,443
41597,587,cat_2,587
41598,509,cat_3,509
41599,615,cat_4,615
41600,240,cat_0,240
41601,671,cat_1,671
41602,997,cat_2,997
41603,361,cat_3,361
41604,130,cat_4,130
41605,481,cat_0,481
41606,50,cat_1,50
41607,774,cat_2,774
41608,954,cat_3,954
41609,200,cat_4,200
41610,126,cat_0,126
41611,760,cat_1,760
41612,482,cat_2,482
41613,873,cat_3,873
41614,615,cat_4,615
41615,684,cat_0,684
41616,619,cat_1,619
41617,949,cat_2,949
41618,539,cat_3,539
41619,516,cat_4,516
41620,486,cat_0,486
41621,161,cat_1,161
41622,418,cat_2,418
41623,3,cat_3,3
41624,295,cat_4,295
41625,37,cat_0,37
41626,25,cat_1,25
41627,529,cat_2,529
41628,240,cat_3,240
41629,591,cat_4,591
41630,74,cat_0,74
41631,525,cat_1,525
41632,676,cat_2,676
41633,574,cat_3,574
41634,806,cat_4,806
41635,987,cat_0,987
41636,138,cat_1,138
41637,979,cat_2,979
41638,31,cat_3,31
41639,333,cat_4,333
41640,9,cat_0,9
41641,705,cat_1,705
41642,626,cat_2,626
41643,645,cat_3,645
41644,882,cat_4,882
41645,304,cat_0,304
41646,112,cat_1,112
41647,781,cat_2,781
41648,523,cat_3,523
41649,614,cat_4,614
41650,822,cat_0,822
41651,302,cat_1,302
41652,86,cat_2,86
41653,158,cat_3,158
41654,963,cat_4,963
41655,910,cat_0,910
41656,866,cat_1,866
41657,335,cat_2,335
41658,663,cat_3,663
41659,111,cat_4,111
41660,140,cat_0,140
41661,5,cat_1,5
41662,762,cat_2,762
41663,163,cat_3,163
41664,599,cat_4,599
41665,651,cat_0,651
41666,847,cat_1,847
41667,868,cat_2,868
41668,939,cat_3,939
41669,703,cat_4,703
41670,338,cat_0,338
41671,517,cat_1,517
41672,606,cat_2,606
41673,769,cat_3,769
41674,863,cat_4,863
41675,719,cat_0,719
41676,131,cat_1,131
41677,403,cat_2,403
41678,533,cat_3,533
41679,953,cat_4,953
41680,517,cat_0,517
41681,44,cat_1,44
41682,656,cat_2,656
41683,194,cat_3,194
41684,244,cat_4,244
41685,922,cat_0,922
41686,181,cat_1,181
41687,172,cat_2,172
41688,67,cat_3,67
41689,933,cat_4,933
41690,523,cat_0,523
41691,491,cat_1,491
41692,495,cat_2,495
41693,960,cat_3,960
41694,312,cat_4,312
41695,643,cat_0,643
41696,38,cat_1,38
41697,743,cat_2,743
41698,966,cat_3,966
41699,26,cat_4,26
41700,881,cat_0,881
41701,925,cat_1,925
41702,974,cat_2,974
41703,965,cat_3,965
41704,823,cat_4,823
41705,335,cat_0,335
41706,493,cat_1,493
41707,672,cat_2,672
41708,250,cat_3,250
41709,995,cat_4,995
41710,562,cat_0,562
41711,939,cat_1,939
41712,476,cat_2,476
41713,698,cat_3,698
41714,449,cat_4,449
41715,468,cat_0,468
41716,100,cat_1,100
41717,532,cat_2,532
41718,12,cat_3,12
41719,326,cat_4,326
41720,799,cat_0,799
41721,499,cat_1,499
41722,9,cat_2,9
41723,816,cat_3,816
41724,165,cat_4,165
41725,49,cat_0,49
41726,468,cat_1,468
41727,876,cat_2,876
41728,516,cat_3,516
41729,576,cat_4,576
41730,603,cat_0,603
41731,683,cat_1,683
41732,803,cat_2,803
41733,479,cat_3,479
41734,442,cat_4,442
41735,724,cat_0,724
41736,185,cat_1,185
41737,172,cat_2,172
41738,489,cat_3,489
41739,442,cat_4,442
41740,250,cat_0,250
41741,125,cat_1,125
41742,357,cat_2,357
41743,777,cat_3,777
41744,984,cat_4,984
41745,294,cat_0,294
41746,923,cat_1,923
41747,800,cat_2,800
41748,580,cat_3,580
41749,955,cat_4,955
41750,540,cat_0,540
41751,632,cat_1,632
41752,470,cat_2,470
41753,152,cat_3,152
41754,314,cat_4,314
41755,667,cat_0,667
41756,749,cat_1,749
41757,107,cat_2,107
41758,114,cat_3,114
41759,749,cat_4,749
41760,563,cat_0,563
41761,912,cat_1,912
41762,82,cat_2,82
41763,700,cat_3,700
41764,238,cat_4,238
41765,364,cat_0,364
41766,357,cat_1,357
41767,842,cat_2,842
41768,789,cat_3,789
41769,733,cat_4,733
41770,313,cat_0,313
41771,201,cat_1,201
41772,821,cat_2,821
41773,183,cat_3,183
41774,330,cat_4,330
41775,718,cat_0,718
41776,775,cat_1,775
41777,887,cat_2,887
41778,672,cat_3,672
41779,461,cat_4,461
41780,615,cat_0,615
41781,121,cat_1,121
41782,897,cat_2,897
41783,117,cat_3,117
41784,950,cat_4,950
41785,385,cat_0,385
41786,983,cat_1,983
41787,687,cat_2,687
41788,450,cat_3,450
41789,515,cat_4,515
41790,853,cat_0,853
41791,42,cat_1,42
41792,12,cat_2,12
41793,754,cat_3,754
41794,342,cat_4,342
41795,269,cat_0,269
41796,215,cat_1,215
41797,596,cat_2,596
41798,48,cat_3,48
41799,476,cat_4,476
41800,318,cat_0,318
41801,369,cat_1,369
41802,998,cat_2,998
41803,6,cat_3,6
41804,673,cat_4,673
41805,751,cat_0,751
41806,132,cat_1,132
41807,263,cat_2,263
41808,6,cat_3,6
41809,26,cat_4,26
41810,495,cat_0,495
41811,814,cat_1,814
41812,647,cat_2,647
41813,890,cat_3,890
41814,852,cat_4,852
41815,899,cat_0,899
41816,424,cat_1,424
41817,306,cat_2,306
41818,993,cat_3,993
41819,971,cat_4,971
41820,449,cat_0,449
41821,274,cat_1,274
41822,27,cat_2,27
41823,487,cat_3,487
41824,911,cat_4,911
41825,432,cat_0,432
41826,34,cat_1,34
41827,620,cat_2,620
41828,532,cat_3,532
41829,590,cat_4,590
41830,520,cat_0,520
41831,283,cat_1,283
41832,525,cat_2,525
41833,800,cat_3,800
41834,225,cat_4,225
41835,968,cat_0,968
41836,884,cat_1,884
41837,892,cat_2,892
41838,85,cat_3,85
41839,465,cat_4,465
41840,169,cat_0,169
41841,675,cat_1,675
41842,395,cat_2,395
41843,731,cat_3,731
41844,164,cat_4,164
41845,132,cat_0,132
41846,920,cat_1,920
41847,135,cat_2,135
41848,829,cat_3,829
41849,713,cat_4,713
41850,304,cat_0,304
41851,197,cat_1,197
41852,460,cat_2,460
41853,616,cat_3,616
41854,989,cat_4,989
41855,331,cat_0,331
41856,344,cat_1,344
41857,872,cat_2,872
41858,478,cat_3,478
41859,75,cat_4,75
41860,42,cat_0,42
41861,174,cat_1,174
41862,743,cat_2,743
41863,162,cat_3,162
41864,341,cat_4,341
41865,592,cat_0,592
41866,497,cat_1,497
41867,79,cat_2,79
41868,151,cat_3,151
41869,579,cat_4,579
41870,689,cat_0,689
41871,117,cat_1,117
41872,639,cat_2,639
41873,527,cat_3,527
41874,497,cat_4,497
41875,214,cat_0,214
41876,524,cat_1,524
41877,474,cat_2,474
41878,980,cat_3,980
41879,118,cat_4,118
41880,348,cat_0,348
41881,186,cat_1,186
41882,541,cat_2,541
41883,176,cat_3,176
41884,359,cat_4,359
41885,41,cat_0,41
41886,965,cat_1,965
41887,358,cat_2,358
41888,371,cat_3,371
41889,78,cat_4,78
41890,741,cat_0,741
41891,755,cat_1,755
41892,254,cat_2,254
41893,799,cat_3,799
41894,524,cat_4,524
41895,96,cat_0,96
41896,702,cat_1,702
41897,511,cat_2,511
41898,1,cat_3,1
41899,443,cat_4,443
41900,954,cat_0,954
41901,724,cat_1,724
41902,745,cat_2,745
41903,28,cat_3,28
41904,882,cat_4,882
41905,206,cat_0,206
41906,836,cat_1,836
41907,197,cat_2,197
41908,492,cat_3,492
41909,900,cat_4,900
41910,865,cat_0,865
41911,307,cat_1,307
41912,960,cat_2,960
41913,278,cat_3,278
41914,905,cat_4,905
41915,281,cat_0,281
41916,634,cat_1,634
41917,626,cat_2,626
41918,42,cat_3,42
41919,217,cat_4,217
41920,187,cat_0,187
41921,607,cat_1,607
41922,276,cat_2,276
41923,392,cat_3,392
41924,654,cat_4,654
41925,91,cat_0,91
41926,6,cat_1,6
41927,474,cat_2,474
41928,881,cat_3,881
41929,498,cat_4,498
41930,410,cat_0,410
41931,913,cat_1,913
41932,611,cat_2,611
41933,800,cat_3,800
41934,41,cat_4,41
41935,502,cat_0,502
41936,482,cat_1,482
41937,865,cat_2,865
41938,331,cat_3,331
41939,458,cat_4,458
41940,973,cat_0,973
41941,850,cat_1,850
41942,486,cat_2,486
41943,336,cat_3,336
41944,248,cat_4,248
41945,284,cat_0,284
41946,107,cat_1,107
41947,879,cat_2,879
41948,369,cat_3,369
41949,745,cat_4,745
41950,182,cat_0,182
41951,827,cat_1,827
41952,773,cat_2,773
41953,635,cat_3,635
41954,463,cat_4,463
41955,408,cat_0,408
41956,90,cat_1,90
41957,60,cat_2,60
41958,201,cat_3,201
41959,751,cat_4,751
41960,70,cat_0,70
41961,639,cat_1,639
41962,802,cat_2,802
41963,590,cat_3,590
41964,719,cat_4,719
41965,488,cat_0,488
41966,990,cat_1,990
41967,673,cat_2,673
41968,567,cat_3,567
41969,223,cat_4,223
41970,241,cat_0,241
41971,232,cat_1,232
41972,263,cat_2,263
41973,779,cat_3,779
41974,577,cat_4,577
41975,450,cat_0,450
41976,518,cat_1,518
41977,324,cat_2,324
41978,258,cat_3,258
41979,214,cat_4,214
41980,422,cat_0,422
41981,443,cat_1,443
41982,339,cat_2,339
41983,680,cat_3,680
41984,593,cat_4,593
41985,985,cat_0,985
41986,483,cat_1,483
41987,142,cat_2,142
41988,382,cat_3,382
41989,65,cat_4,65
41990,176,cat_0,176
41991,570,cat_1,570
41992,342,cat_2,342
41993,273,cat_3,273
41994,858,cat_4,858
41995,209,cat_0,209
41996,491,cat_1,491
41997,939,cat_2,939
41998,967,cat_3,967
41999,565,cat_4,565
42000,108,cat_0,108
42001,417,cat_1,417
42002,932,cat_2,932
42003,161,cat_3,161
42004,480,cat_4,480
42005,429,cat_0,429
42006,976,cat_1,976
42007,805,cat_2,805
42008,157,cat_3,157
42009,772,cat_4,772
42010,317,cat_0,317
42011,58,cat_1,58
42012,906,cat_2,906
42013,45,cat_3,45
42014,473,cat_4,473
42015,931,cat_0,931
42016,287,cat_1,287
42017,366,cat_2,366
42018,508,cat_3,508
42019,88,cat_4,88
42020,206,cat_0,206
42021,586,cat_1,586
42022,229,cat_2,229
42023,995,cat_3,995
42024,855,cat_4,855
42025,575,cat_0,575
42026,460,cat_1,460
42027,818,cat_2,818
42028,306,cat_3,306
42029,2,cat_4,2
42030,749,cat_0,749
42031,217,cat_1,217
42032,801,cat_2,801
42033,905,cat_3,905
42034,497,cat_4,497
42035,605,cat_0,605
42036,190,cat_1,190
42037,831,cat_2,831
42038,597,cat_3,597
42039,799,cat_4,799
42040,987,cat_0,987
42041,974,cat_1,974
42042,565,cat_2,565
42043,175,cat_3,175
42044,975,cat_4,975
42045,836,cat_0,836
42046,913,cat_1,913
42047,508,cat_2,508
42048,484,cat_3,484
42049,554,cat_4,554
42050,292,cat_0,292
42051,548,cat_1,548
42052,757,cat_2,757
42053,134,cat_3,134
42054,514,cat_4,514
42055,715,cat_0,715
42056,740,cat_1,740
42057,635,cat_2,635
42058,882,cat_3,882
42059,400,cat_4,400
42060,727,cat_0,727
42061,946,cat_1,946
42062,847,cat_2,847
42063,320,cat_3,320
42064,982,cat_4,982
42065,912,cat_0,912
42066,525,cat_1,525
42067,972,cat_2,972
42068,582,cat_3,582
42069,208,cat_4,208
42070,880,cat_0,880
42071,694,cat_1,694
42072,730,cat_2,730
42073,24,cat_3,24
42074,419,cat_4,419
42075,792,cat_0,792
42076,987,cat_1,987
42077,73,cat_2,73
42078,251,cat_3,251
42079,568,cat_4,568
42080,129,cat_0,129
42081,583,cat_1,583
42082,459,cat_2,459
42083,766,cat_3,766
42084,402,cat_4,402
42085,612,cat_0,612
42086,816,cat_1,816
42087,110,cat_2,110
42088,612,cat_3,612
42089,733,cat_4,733
42090,43,cat_0,43
42091,556,cat_1,556
42092,308,cat_2,308
42093,40,cat_3,40
42094,665,cat_4,665
42095,726,cat_0,726
42096,163,cat_1,163
42097,718,cat_2,718
42098,683,cat_3,683
42099,433,cat_4,433
42100,41,cat_0,41
42101,968,cat_1,968
42102,210,cat_2,210
42103,579,cat_3,579
42104,498,cat_4,498
42105,627,cat_0,627
42106,319,cat_1,319
42107,72,cat_2,72
42108,46,cat_3,46
42109,540,cat_4,540
42110,666,cat_0,666
42111,887,cat_1,887
42112,514,cat_2,514
42113,699,cat_3,699
42114,536,cat_4,536
42115,191,cat_0,191
42116,419,cat_1,419
42117,236,cat_2,236
42118,942,cat_3,942
42119,936,cat_4,936
42120,498,cat_0,498
42121,152,cat_1,152
42122,582,cat_2,582
42123,547,cat_3,547
42124,368,cat_4,368
42125,994,cat_0,994
42126,636,cat_1,636
42127,314,cat_2,314
42128,130,cat_3,130
42129,614,cat_4,614
42130,276,cat_0,276
42131,670,cat_1,670
42132,3,cat_2,3
42133,826,cat_3,826
42134,483,cat_4,483
42135,738,cat_0,738
42136,967,cat_1,967
42137,793,cat_2,793
42138,408,cat_3,408
42139,305,cat_4,305
42140,39,cat_0,39
42141,382,cat_1,382
42142,123,cat_2,123
42143,842,cat_3,842
42144,602,cat_4,602
42145,459,cat_0,459
42146,285,cat_1,285
42147,900,cat_2,900
42148,631,cat_3,631
42149,442,cat_4,442
42150,603,cat_0,603
42151,179,cat_1,179
42152,66,cat_2,66
42153,839,cat_3,839
42154,995,cat_4,995
42155,237,cat_0,237
42156,618,cat_1,618
42157,265,cat_2,265
42158,448,cat_3,448
42159,23,cat_4,23
42160,353,cat_0,353
42161,145,cat_1,145
42162,70,cat_2,70
42163,460,cat_3,460
42164,316,cat_4,316
42165,974,cat_0,974
42166,434,cat_1,434
42167,169,cat_2,169
42168,945,cat_3,945
42169,997,cat_4,997
42170,741,cat_0,741
42171,52,cat_1,52
42172,981,cat_2,981
42173,981,cat_3,981
42174,4,cat_4,4
42175,920,cat_0,920
42176,765,cat_1,765
42177,6,cat_2,6
42178,931,cat_3,931
42179,283,cat_4,283
42180,931,cat_0,931
42181,852,cat_1,852
42182,927,cat_2,927
42183,838,cat_3,838
42184,512,cat_4,512
42185,983,cat_0,983
42186,274,cat_1,274
42187,799,cat_2,799
42188,209,cat_3,209
42189,191,cat_4,191
42190,776,cat_0,776
42191,972,cat_1,972
42192,163,cat_2,163
42193,591,cat_3,591
42194,481,cat_4,481
42195,731,cat_0,731
42196,730,cat_1,730
42197,702,cat_2,702
42198,227,cat_3,227
42199,301,cat_4,301
42200,937,cat_0,937
42201,74,cat_1,74
42202,677,cat_2,677
42203,744,cat_3,744
42204,434,cat_4,434
42205,302,cat_0,302
42206,571,cat_1,571
42207,569,cat_2,569
42208,546,cat_3,546
42209,600,cat_4,600
42210,499,cat_0,499
42211,401,cat_1,401
42212,685,cat_2,685
42213,937,cat_3,937
42214,415,cat_4,415
42215,825,cat_0,825
42216,843,cat_1,843
42217,635,cat_2,635
42218,981,cat_3,981
42219,830,cat_4,830
42220,378,cat_0,378
42221,44,cat_1,44
42222,90,cat_2,90
42223,817,cat_3,817
42224,291,cat_4,291
42225,487,cat_0,487
42226,475,cat_1,475
42227,661,cat_2,661
42228,945,cat_3,945
42229,253,cat_4,253
42230,928,cat_0,928
42231,630,cat_1,630
42232,476,cat_2,476
42233,437,cat_3,437
42234,768,cat_4,768
42235,92,cat_0,92
42236,253,cat_1,253
42237,60,cat_2,60
42238,263,cat_3,263
42239,607,cat_4,607
42240,927,cat_0,927
42241,820,cat_1,820
42242,195,cat_2,195
42243,164,cat_3,164
42244,915,cat_4,915
42245,118,cat_0,118
42246,950,cat_1,950
42247,80,cat_2,80
42248,831,cat_3,831
42249,381,cat_4,381
42250,633,cat_0,633
42251,155,cat_1,155
42252,29,cat_2,29
42253,334,cat_3,334
42254,705,cat_4,705
42255,801,cat_0,801
42256,17,cat_1,17
42257,788,cat_2,788
42258,452,cat_3,452
42259,687,cat_4,687
42260,275,cat_0,275
42261,668,cat_1,668
42262,563,cat_2,563
42263,388,cat_3,388
42264,929,cat_4,929
42265,763,cat_0,763
42266,7,cat_1,7
42267,937,cat_2,937
42268,695,cat_3,695
42269,252,cat_4,252
42270,346,cat_0,346
42271,432,cat_1,432
42272,173,cat_2,173
42273,60,cat_3,60
42274,794,cat_4,794
42275,5,cat_0,5
42276,321,cat_1,321
42277,612,cat_2,612
42278,622,cat_3,622
42279,95,cat_4,95
42280,906,cat_0,906
42281,155,cat_1,155
42282,870,cat_2,870
42283,715,cat_3,715
42284,714,cat_4,714
42285,989,cat_0,989
42286,764,cat_1,764
42287,52,cat_2,52
42288,30,cat_3,30
42289,621,cat_4,621
42290,873,cat_0,873
42291,578,cat_1,578
42292,585,cat_2,585
42293,311,cat_3,311
42294,442,cat_4,442
42295,899,cat_0,899
42296,570,cat_1,570
42297,11,cat_2,11
42298,792,cat_3,792
42299,820,cat_4,820
42300,26,cat_0,26
42301,119,cat_1,119
42302,982,cat_2,982
42303,591,cat_3,591
42304,821,cat_4,821
42305,560,cat_0,560
42306,116,cat_1,116
42307,548,cat_2,548
42308,392,cat_3,392
42309,820,cat_4,820
42310,886,cat_0,886
42311,452,cat_1,452
42312,810,cat_2,810
42313,667,cat_3,667
42314,183,cat_4,183
42315,558,cat_0,558
42316,864,cat_1,864
42317,822,cat_2,822
42318,226,cat_3,226
42319,72,cat_4,72
42320,523,cat_0,523
42321,121,cat_1,121
42322,280,cat_2,280
42323,508,cat_3,508
42324,770,cat_4,770
42325,568,cat_0,568
42326,977,cat_1,977
42327,745,cat_2,745
42328,582,cat_3,582
42329,31,cat_4,31
42330,969,cat_0,969
42331,5,cat_1,5
42332,830,cat_2,830
42333,522,cat_3,522
42334,690,cat_4,690
42335,145,cat_0,145
42336,332,cat_1,332
42337,229,cat_2,229
42338,336,cat_3,336
42339,243,cat_4,243
42340,833,cat_0,833
42341,610,cat_1,610
42342,268,cat_2,268
42343,343,cat_3,343
42344,740,cat_4,740
42345,310,cat_0,310
42346,200,cat_1,200
42347,845,cat_2,845
42348,352,cat_3,352
42349,375,cat_4,375
42350,406,cat_0,406
42351,604,cat_1,604
42352,952,cat_2,952
42353,346,cat_3,346
42354,707,cat_4,707
42355,252,cat_0,252
42356,727,cat_1,727
42357,641,cat_2,641
42358,707,cat_3,707
42359,275,cat_4,275
42360,434,cat_0,434
42361,969,cat_1,969
42362,647,cat_2,647
42363,969,cat_3,969
42364,45,cat_4,45
42365,313,cat_0,313
42366,809,cat_1,809
42367,401,cat_2,401
42368,401,cat_3,401
42369,668,cat_4,668
42370,705,cat_0,705
42371,545,cat_1,545
42372,313,cat_2,313
42373,453,cat_3,453
42374,143,cat_4,143
42375,373,cat_0,373
42376,717,cat_1,717
42377,102,cat_2,102
42378,546,cat_3,546
42379,754,cat_4,754
42380,893,cat_0,893
42381,962,cat_1,962
42382,794,cat_2,794
42383,670,cat_3,670
42384,336,cat_4,336
42385,175,cat_0,175
42386,865,cat_1,865
42387,379,cat_2,379
42388,592,cat_3,592
42389,34,cat_4,34
42390,711,cat_0,711
42391,324,cat_1,324
42392,934,cat_2,934
42393,789,cat_3,789
42394,362,cat_4,362
42395,828,cat_0,828
42396,580,cat_1,580
42397,725,cat_2,725
42398,212,cat_3,212
42399,244,cat_4,244
42400,959,cat_0,959
42401,112,cat_1,112
42402,698,cat_2,698
42403,981,cat_3,981
42404,603,cat_4,603
42405,913,cat_0,913
42406,64,cat_1,64
42407,618,cat_2,618
42408,418,cat_3,418
42409,490,cat_4,490
42410,992,cat_0,992
42411,315,cat_1,315
42412,426,cat_2,426
42413,158,cat_3,158
42414,880,cat_4,880
42415,372,cat_0,372
42416,48,cat_1,48
42417,432,cat_2,432
42418,83,cat_3,83
42419,986,cat_4,986
42420,470,cat_0,470
42421,373,cat_1,373
42422,858,cat_2,858
42423,802,cat_3,802
42424,179,cat_4,179
42425,733,cat_0,733
42426,244,cat_1,244
42427,531,cat_2,531
42428,844,cat_3,844
42429,484,cat_4,484
42430,27,cat_0,27
42431,445,cat_1,445
42432,723,cat_2,723
42433,843,cat_3,843
42434,644,cat_4,644
42435,785,cat_0,785
42436,176,cat_1,176
42437,90,cat_2,90
42438,50,cat_3,50
42439,653,cat_4,653
42440,439,cat_0,439
42441,710,cat_1,710
42442,128,cat_2,128
42443,197,cat_3,197
42444,87,cat_4,87
42445,889,cat_0,889
42446,715,cat_1,715
42447,243,cat_2,243
42448,871,cat_3,871
42449,665,cat_4,665
42450,235,cat_0,235
42451,622,cat_1,622
42452,125,cat_2,125
42453,184,cat_3,184
42454,868,cat_4,868
42455,332,cat_0,332
42456,848,cat_1,848
42457,961,cat_2,961
42458,255,cat_3,255
42459,355,cat_4,355
42460,950,cat_0,950
42461,943,cat_1,943
42462,28,cat_2,28
42463,379,cat_3,379
42464,730,cat_4,730
42465,320,cat_0,320
42466,478,cat_1,478
42467,959,cat_2,959
42468,462,cat_3,462
42469,443,cat_4,443
42470,258,cat_0,258
42471,710,cat_1,710
42472,875,cat_2,875
42473,347,cat_3,347
42474,326,cat_4,326
42475,597,cat_0,597
42476,318,cat_1,318
42477,993,cat_2,993
42478,83,cat_3,83
42479,694,cat_4,694
42480,720,cat_0,720
42481,224,cat_1,224
42482,123,cat_2,123
42483,765,cat_3,765
42484,363,cat_4,363
42485,187,cat_0,187
42486,659,cat_1,659
42487,851,cat_2,851
42488,840,cat_3,840
42489,91,cat_4,91
42490,377,cat_0,377
42491,975,cat_1,975
42492,968,cat_2,968
42493,233,cat_3,233
42494,715,cat_4,715
42495,723,cat_0,723
42496,984,cat_1,984
42497,743,cat_2,743
42498,777,cat_3,777
42499,487,cat_4,487
42500,193,cat_0,193
42501,612,cat_1,612
42502,338,cat_2,338
42503,26,cat_3,26
42504,556,cat_4,556
42505,507,cat_0,507
42506,224,cat_1,224
42507,985,cat_2,985
42508,339,cat_3,339
42509,364,cat_4,364
42510,311,cat_0,311
42511,615,cat_1,615
42512,181,cat_2,181
42513,180,cat_3,180
42514,308,cat_4,308
42515,297,cat_0,297
42516,813,cat_1,813
42517,448,cat_2,448
42518,427,cat_3,427
42519,782,cat_4,782
42520,154,cat_0,154
42521,335,cat_1,335
42522,745,cat_2,745
42523,681,cat_3,681
42524,738,cat_4,738
42525,379,cat_0,379
42526,35,cat_1,35
42527,64,cat_2,64
42528,61,cat_3,61
42529,854,cat_4,854
42530,48,cat_0,48
42531,941,cat_1,941
42532,902,cat_2,902
42533,99,cat_3,99
42534,16,cat_4,16
42535,665,cat_0,665
42536,514,cat_1,514
42537,507,cat_2,507
42538,271,cat_3,271
42539,707,cat_4,707
42540,948,cat_0,948
42541,358,cat_1,358
42542,887,cat_2,887
42543,313,cat_3,313
42544,669,cat_4,669
42545,933,cat_0,933
42546,47,cat_1,47
42547,618,cat_2,618
42548,342,cat_3,342
42549,593,cat_4,593
42550,135,cat_0,135
42551,480,cat_1,480
42552,169,cat_2,169
42553,230,cat_3,230
42554,911,cat_4,911
42555,192,cat_0,192
42556,312,cat_1,312
42557,515,cat_2,515
42558,237,cat_3,237
42559,183,cat_4,183
42560,355,cat_0,355
42561,230,cat_1,230
42562,224,cat_2,224
42563,365,cat_3,365
42564,901,cat_4,901
42565,548,cat_0,548
42566,397,cat_1,397
42567,612,cat_2,612
42568,107,cat_3,107
42569,813,cat_4,813
42570,31,cat_0,31
42571,333,cat_1,333
42572,245,cat_2,245
42573,365,cat_3,365
42574,658,cat_4,658
42575,554,cat_0,554
42576,757,cat_1,757
42577,697,cat_2,697
42578,100,cat_3,100
42579,762,cat_4,762
42580,208,cat_0,208
42581,242,cat_1,242
42582,599,cat_2,599
42583,765,cat_3,765
42584,605,cat_4,605
42585,478,cat_0,478
42586,231,cat_1,231
42587,846,cat_2,846
42588,550,cat_3,550
42589,936,cat_4,936
42590,640,cat_0,640
42591,511,cat_1,511
42592,784,cat_2,784
42593,861,cat_3,861
42594,26,cat_4,26
42595,499,cat_0,499
42596,523,cat_1,523
42597,480,cat_2,480
42598,892,cat_3,892
42599,790,cat_4,790
42600,4,cat_0,4
42601,883,cat_1,883
42602,815,cat_2,815
42603,414,cat_3,414
42604,595,cat_4,595
42605,258,cat_0,258
42606,678,cat_1,678
42607,795,cat_2,795
42608,776,cat_3,776
42609,455,cat_4,455
42610,741,cat_0,741
42611,106,cat_1,106
42612,583,cat_2,583
42613,775,cat_3,775
42614,473,cat_4,473
42615,551,cat_0,551
42616,388,cat_1,388
42617,30,cat_2,30
42618,390,cat_3,390
42619,810,cat_4,810
42620,804,cat_0,804
42621,781,cat_1,781
42622,151,cat_2,151
42623,558,cat_3,558
42624,243,cat_4,243
42625,316,cat_0,316
42626,188,cat_1,188
42627,115,cat_2,115
42628,345,cat_3,345
42629,278,cat_4,278
42630,378,cat_0,378
42631,588,cat_1,588
42632,66,cat_2,66
42633,882,cat_3,882
42634,249,cat_4,249
42635,577,cat_0,577
42636,590,cat_1,590
42637,475,cat_2,475
42638,159,cat_3,159
42639,437,cat_4,437
42640,617,cat_0,617
42641,153,cat_1,153
42642,618,cat_2,618
42643,962,cat_3,962
42644,625,cat_4,625
42645,170,cat_0,170
42646,83,cat_1,83
42647,299,cat_2,299
42648,921,cat_3,921
42649,564,cat_4,564
42650,301,cat_0,301
42651,962,cat_1,962
42652,119,cat_2,119
42653,474,cat_3,474
42654,996,cat_4,996
42655,254,cat_0,254
42656,452,cat_1,452
42657,456,cat_2,456
42658,931,cat_3,931
42659,64,cat_4,64
42660,989,cat_0,989
42661,147,cat_1,147
42662,876,cat_2,876
42663,932,cat_3,932
42664,135,cat_4,135
42665,583,cat_0,583
42666,904,cat_1,904
42667,693,cat_2,693
42668,970,cat_3,970
42669,263,cat_4,263
42670,618,cat_0,618
42671,685,cat_1,685
42672,659,cat_2,659
42673,703,cat_3,703
42674,851,cat_4,851
42675,144,cat_0,144
42676,915,cat_1,915
42677,700,cat_2,700
42678,946,cat_3,946
42679,182,cat_4,182
42680,617,cat_0,617
42681,559,cat_1,559
42682,499,cat_2,499
42683,995,cat_3,995
42684,641,cat_4,641
42685,9,cat_0,9
42686,860,cat_1,860
42687,554,cat_2,554
42688,802,cat_3,802
42689,723,cat_4,723
42690,28,cat_0,28
42691,469,cat_1,469
42692,50,cat_2,50
42693,773,cat_3,773
42694,446,cat_4,446
42695,808,cat_0,808
42696,134,cat_1,134
42697,405,cat_2,405
42698,251,cat_3,251
42699,224,cat_4,224
42700,958,cat_0,958
42701,219,cat_1,219
42702,591,cat_2,591
42703,396,cat_3,396
42704,142,cat_4,142
42705,126,cat_0,126
42706,73,cat_1,73
42707,935,cat_2,935
42708,923,cat_3,923
42709,725,cat_4,725
42710,522,cat_0,522
42711,727,cat_1,727
42712,275,cat_2,275
42713,862,cat_3,862
42714,909,cat_4,909
42715,43,cat_0,43
42716,920,cat_1,920
42717,414,cat_2,414
42718,248,cat_3,248
42719,829,cat_4,829
42720,486,cat_0,486
42721,529,cat_1,529
42722,690,cat_2,690
42723,194,cat_3,194
42724,932,cat_4,932
42725,375,cat_0,375
42726,460,cat_1,460
42727,575,cat_2,575
42728,755,cat_3,755
42729,676,cat_4,676
42730,407,cat_0,407
42731,225,cat_1,225
42732,715,cat_2,715
42733,800,cat_3,800
42734,343,cat_4,343
42735,588,cat_0,588
42736,860,cat_1,860
42737,650,cat_2,650
42738,718,cat_3,718
42739,850,cat_4,850
42740,553,cat_0,553
42741,123,cat_1,123
42742,891,cat_2,891
42743,896,cat_3,896
42744,632,cat_4,632
42745,525,cat_0,525
42746,950,cat_1,950
42747,688,cat_2,688
42748,304,cat_3,304
42749,207,cat_4,207
42750,358,cat_0,358
42751,733,cat_1,733
42752,252,cat_2,252
42753,449,cat_3,449
42754,764,cat_4,764
42755,795,cat_0,795
42756,449,cat_1,449
42757,551,cat_2,551
42758,710,cat_3,710
42759,413,cat_4,413
42760,883,cat_0,883
42761,458,cat_1,458
42762,790,cat_2,790
42763,513,cat_3,513
42764,804,cat_4,804
42765,323,cat_0,323
42766,197,cat_1,197
42767,145,cat_2,145
42768,138,cat_3,138
42769,763,cat_4,763
42770,782,cat_0,782
42771,138,cat_1,138
42772,739,cat_2,739
42773,773,cat_3,773
42774,879,cat_4,879
42775,213,cat_0,213
42776,363,cat_1,363
42777,780,cat_2,780
42778,63,cat_3,63
42779,884,cat_4,884
42780,822,cat_0,822
42781,541,cat_1,541
42782,566,cat_2,566
42783,225,cat_3,225
42784,681,cat_4,681
42785,581,cat_0,581
42786,6,cat_1,6
42787,702,cat_2,702
42788,357,cat_3,357
42789,557,cat_4,557
42790,972,cat_0,972
42791,246,cat_1,246
42792,715,cat_2,715
42793,409,cat_3,409
42794,29,cat_4,29
42795,482,cat_0,482
42796,949,cat_1,949
42797,807,cat_2,807
42798,245,cat_3,245
42799,37,cat_4,37
42800,702,cat_0,702
42801,236,cat_1,236
42802,820,cat_2,820
42803,324,cat_3,324
42804,404,cat_4,404
42805,899,cat_0,899
42806,984,cat_1,984
42807,75,cat_2,75
42808,51,cat_3,51
42809,786,cat_4,786
42810,736,cat_0,736
42811,37,cat_1,37
42812,632,cat_2,632
42813,323,cat_3,323
42814,787,cat_4,787
42815,1000,cat_0,1000
42816,264,cat_1,264
42817,448,cat_2,448
42818,984,cat_3,984
42819,67,cat_4,67
42820,894,cat_0,894
42821,535,cat_1,535
42822,389,cat_2,389
42823,5,cat_3,5
42824,479,cat_4,479
42825,83,cat_0,83
42826,390,cat_1,390
42827,494,cat_2,494
42828,40,cat_3,40
42829,635,cat_4,635
42830,795,cat_0,795
42831,994,cat_1,994
42832,374,cat_2,374
42833,622,cat_3,622
42834,614,cat_4,614
42835,261,cat_0,261
42836,821,cat_1,821
42837,270,cat_2,270
42838,846,cat_3,846
42839,728,cat_4,728
42840,420,cat_0,420
42841,583,cat_1,583
42842,545,cat_2,545
42843,984,cat_3,984
42844,145,cat_4,145
42845,919,cat_0,919
42846,713,cat_1,713
42847,814,cat_2,814
42848,585,cat_3,585
42849,240,cat_4,240
42850,569,cat_0,569
42851,9,cat_1,9
42852,510,cat_2,510
42853,558,cat_3,558
42854,512,cat_4,512
42855,47,cat_0,47
42856,967,cat_1,967
42857,161,cat_2,161
42858,126,cat_3,126
42859,862,cat_4,862
42860,976,cat_0,976
42861,918,cat_1,918
42862,532,cat_2,532
42863,528,cat_3,528
42864,155,cat_4,155
42865,778,cat_0,778
42866,201,cat_1,201
42867,33,cat_2,33
42868,305,cat_3,305
42869,985,cat_4,985
42870,571,cat_0,571
42871,540,cat_1,540
42872,976,cat_2,976
42873,103,cat_3,103
42874,595,cat_4,595
42875,126,cat_0,126
42876,783,cat_1,783
42877,527,cat_2,527
42878,511,cat_3,511
42879,856,cat_4,856
42880,886,cat_0,886
42881,751,cat_1,751
42882,423,cat_2,423
42883,844,cat_3,844
42884,701,cat_4,701
42885,727,cat_0,727
42886,780,cat_1,780
42887,739,cat_2,739
42888,478,cat_3,478
42889,554,cat_4,554
42890,689,cat_0,689
42891,510,cat_1,510
42892,652,cat_2,652
42893,990,cat_3,990
42894,509,cat_4,509
42895,835,cat_0,835
42896,132,cat_1,132
42897,472,cat_2,472
42898,60,cat_3,60
42899,275,cat_4,275
42900,262,cat_0,262
42901,10,cat_1,10
42902,10,cat_2,10
42903,654,cat_3,654
42904,570,cat_4,570
42905,374,cat_0,374
42906,522,cat_1,522
42907,424,cat_2,424
42908,610,cat_3,610
42909,728,cat_4,728
42910,683,cat_0,683
42911,656,cat_1,656
42912,468,cat_2,468
42913,267,cat_3,267
42914,359,cat_4,359
42915,844,cat_0,844
42916,439,cat_1,439
42917,195,cat_2,195
42918,942,cat_3,942
42919,853,cat_4,853
42920,92,cat_0,92
42921,625,cat_1,625
42922,100,cat_2,100
42923,883,cat_3,883
42924,900,cat_4,900
42925,129,cat_0,129
42926,180,cat_1,180
42927,392,cat_2,392
42928,704,cat_3,704
42929,332,cat_4,332
42930,81,cat_0,81
42931,49,cat_1,49
42932,931,cat_2,931
42933,492,cat_3,492
42934,763,cat_4,763
42935,473,cat_0,473
42936,75,cat_1,75
42937,925,cat_2,925
42938,260,cat_3,260
42939,977,cat_4,977
42940,1000,cat_0,1000
42941,717,cat_1,717
42942,389,cat_2,389
42943,614,cat_3,614
42944,182,cat_4,182
42945,937,cat_0,937
42946,36,cat_1,36
42947,6,cat_2,6
42948,504,cat_3,504
42949,848,cat_4,848
42950,107,cat_0,107
42951,462,cat_1,462
42952,99,cat_2,99
42953,488,cat_3,488
42954,518,cat_4,518
42955,284,cat_0,284
42956,729,cat_1,729
42957,163,cat_2,163
42958,836,cat_3,836
42959,207,cat_4,207
42960,333,cat_0,333
42961,850,cat_1,850
42962,340,cat_2,340
42963,195,cat_3,195
42964,712,cat_4,712
42965,383,cat_0,383
42966,285,cat_1,285
42967,778,cat_2,778
42968,345,cat_3,345
42969,509,cat_4,509
42970,623,cat_0,623
42971,156,cat_1,156
42972,322,cat_2,322
42973,516,cat_3,516
42974,158,cat_4,158
42975,512,cat_0,512
42976,203,cat_1,203
42977,548,cat_2,548
42978,840,cat_3,840
42979,623,cat_4,623
42980,949,cat_0,949
42981,397,cat_1,397
42982,200,cat_2,200
42983,223,cat_3,223
42984,759,cat_4,759
42985,248,cat_0,248
42986,543,cat_1,543
42987,815,cat_2,815
42988,384,cat_3,384
42989,668,cat_4,668
42990,970,cat_0,970
42991,241,cat_1,241
42992,186,cat_2,186
42993,764,cat_3,764
42994,196,cat_4,196
42995,980,cat_0,980
42996,671,cat_1,671
42997,777,cat_2,777
42998,487,cat_3,487
42999,101,cat_4,101
43000,438,cat_0,438
43001,300,cat_1,300
43002,243,cat_2,243
43003,358,cat_3,358
43004,167,cat_4,167
43005,143,cat_0,143
43006,612,cat_1,612
43007,696,cat_2,696
43008,219,cat_3,219
43009,467,cat_4,467
43010,146,cat_0,146
43011,922,cat_1,922
43012,733,cat_2,733
43013,285,cat_3,285
43014,551,cat_4,551
43015,122,cat_0,122
43016,232,cat_1,232
43017,9,cat_2,9
43018,559,cat_3,559
43019,112,cat_4,112
43020,41,cat_0,41
43021,161,cat_1,161
43022,799,cat_2,799
43023,182,cat_3,182
43024,315,cat_4,315
43025,141,cat_0,141
43026,8,cat_1,8
43027,970,cat_2,970
43028,888,cat_3,888
43029,563,cat_4,563
43030,139,cat_0,139
43031,205,cat_1,205
43032,662,cat_2,662
43033,354,cat_3,354
43034,488,cat_4,488
43035,724,cat_0,724
43036,269,cat_1,269
43037,319,cat_2,319
43038,387,cat_3,387
43039,510,cat_4,510
43040,998,cat_0,998
43041,356,cat_1,356
43042,575,cat_2,575
43043,618,cat_3,618
43044,84,cat_4,84
43045,734,cat_0,734
43046,584,cat_1,584
43047,750,cat_2,750
43048,903,cat_3,903
43049,399,cat_4,399
43050,110,cat_0,110
43051,267,cat_1,267
43052,143,cat_2,143
43053,439,cat_3,439
43054,437,cat_4,437
43055,62,cat_0,62
43056,218,cat_1,218
43057,900,cat_2,900
43058,549,cat_3,549
43059,154,cat_4,154
43060,529,cat_0,529
43061,520,cat_1,520
43062,93,cat_2,93
43063,167,cat_3,167
43064,427,cat_4,427
43065,965,cat_0,965
43066,386,cat_1,386
43067,248,cat_2,248
43068,104,cat_3,104
43069,674,cat_4,674
43070,568,cat_0,568
43071,166,cat_1,166
43072,310,cat_2,310
43073,354,cat_3,354
43074,226,cat_4,226
43075,698,cat_0,698
43076,932,cat_1,932
43077,967,cat_2,967
43078,735,cat_3,735
43079,963,cat_4,963
43080,15,cat_0,15
43081,376,cat_1,376
43082,829,cat_2,829
43083,376,cat_3,376
43084,273,cat_4,273
43085,409,cat_0,409
43086,194,cat_1,194
43087,659,cat_2,659
43088,808,cat_3,808
43089,743,cat_4,743
43090,172,cat_0,172
43091,298,cat_1,298
43092,386,cat_2,386
43093,592,cat_3,592
43094,451,cat_4,451
43095,189,cat_0,189
43096,308,cat_1,308
43097,933,cat_2,933
43098,921,cat_3,921
43099,578,cat_4,578
43100,216,cat_0,216
43101,341,cat_1,341
43102,223,cat_2,223
43103,546,cat_3,546
43104,424,cat_4,424
43105,847,cat_0,847
43106,344,cat_1,344
43107,618,cat_2,618
43108,848,cat_3,848
43109,201,cat_4,201
43110,633,cat_0,633
43111,781,cat_1,781
43112,461,cat_2,461
43113,175,cat_3,175
43114,756,cat_4,756
43115,916,cat_0,916
43116,571,cat_1,571
43117,14,cat_2,14
43118,790,cat_3,790
43119,965,cat_4,965
43120,804,cat_0,804
43121,496,cat_1,496
43122,388,cat_2,388
43123,508,cat_3,508
43124,624,cat_4,624
43125,503,cat_0,503
43126,807,cat_1,807
43127,105,cat_2,105
43128,489,cat_3,489
43129,670,cat_4,670
43130,952,cat_0,952
43131,520,cat_1,520
43132,616,cat_2,616
43133,37,cat_3,37
43134,667,cat_4,667
43135,813,cat_0,813
43136,767,cat_1,767
43137,449,cat_2,449
43138,533,cat_3,533
43139,476,cat_4,476
43140,745,cat_0,745
43141,492,cat_1,492
43142,40,cat_2,40
43143,539,cat_3,539
43144,19,cat_4,19
43145,43,cat_0,43
43146,27,cat_1,27
43147,114,cat_2,114
43148,633,cat_3,633
43149,381,cat_4,381
43150,515,cat_0,515
43151,129,cat_1,129
43152,615,cat_2,615
43153,424,cat_3,424
43154,424,cat_4,424
43155,857,cat_0,857
43156,15,cat_1,15
43157,271,cat_2,271
43158,738,cat_3,738
43159,625,cat_4,625
43160,917,cat_0,917
43161,453,cat_1,453
43162,860,cat_2,860
43163,289,cat_3,289
43164,592,cat_4,592
43165,78,cat_0,78
43166,215,cat_1,215
43167,333,cat_2,333
43168,816,cat_3,816
43169,242,cat_4,242
43170,968,cat_0,968
43171,276,cat_1,276
43172,580,cat_2,580
43173,129,cat_3,129
43174,540,cat_4,540
43175,217,cat_0,217
43176,188,cat_1,188
43177,463,cat_2,463
43178,870,cat_3,870
43179,230,cat_4,230
43180,789,cat_0,789
43181,429,cat_1,429
43182,903,cat_2,903
43183,730,cat_3,730
43184,524,cat_4,524
43185,253,cat_0,253
43186,741,cat_1,741
43187,983,cat_2,983
43188,633,cat_3,633
43189,135,cat_4,135
43190,319,cat_0,319
43191,759,cat_1,759
43192,831,cat_2,831
43193,921,cat_3,921
43194,817,cat_4,817
43195,998,cat_0,998
43196,991,cat_1,991
43197,680,cat_2,680
43198,360,cat_3,360
43199,999,cat_4,999
43200,664,cat_0,664
43201,169,cat_1,169
43202,871,cat_2,871
43203,899,cat_3,899
43204,952,cat_4,952
43205,476,cat_0,476
43206,982,cat_1,982
43207,925,cat_2,925
43208,614,cat_3,614
43209,939,cat_4,939
43210,403,cat_0,403
43211,870,cat_1,870
43212,312,cat_2,312
43213,926,cat_3,926
43214,535,cat_4,535
43215,256,cat_0,256
43216,222,cat_1,222
43217,108,cat_2,108
43218,759,cat_3,759
43219,548,cat_4,548
43220,955,cat_0,955
43221,947,cat_1,947
43222,482,cat_2,482
43223,404,cat_3,404
43224,2,cat_4,2
43225,6,cat_0,6
43226,618,cat_1,618
43227,224,cat_2,224
43228,62,cat_3,62
43229,505,cat_4,505
43230,100,cat_0,100
43231,185,cat_1,185
43232,96,cat_2,96
43233,684,cat_3,684
43234,354,cat_4,354
43235,419,cat_0,419
43236,544,cat_1,544
43237,177,cat_2,177
43238,125,cat_3,125
43239,125,cat_4,125
43240,557,cat_0,557
43241,981,cat_1,981
43242,302,cat_2,302
43243,829,cat_3,829
43244,426,cat_4,426
43245,716,cat_0,716
43246,434,cat_1,434
43247,245,cat_2,245
43248,503,cat_3,503
43249,300,cat_4,300
43250,343,cat_0,343
43251,732,cat_1,732
43252,985,cat_2,985
43253,222,cat_3,222
43254,527,cat_4,527
43255,34,cat_0,34
43256,581,cat_1,581
43257,719,cat_2,719
43258,527,cat_3,527
43259,373,cat_4,373
43260,596,cat_0,596
43261,948,cat_1,948
43262,99,cat_2,99
43263,408,cat_3,408
43264,963,cat_4,963
43265,951,cat_0,951
43266,728,cat_1,728
43267,920,cat_2,920
43268,150,cat_3,150
43269,853,cat_4,853
43270,947,cat_0,947
43271,227,cat_1,227
43272,283,cat_2,283
43273,329,cat_3,329
43274,776,cat_4,776
43275,636,cat_0,636
43276,785,cat_1,785
43277,806,cat_2,806
43278,603,cat_3,603
43279,609,cat_4,609
43280,35,cat_0,35
43281,279,cat_1,279
43282,280,cat_2,280
43283,745,cat_3,745
43284,199,cat_4,199
43285,108,cat_0,108
43286,528,cat_1,528
43287,806,cat_2,806
43288,207,cat_3,207
43289,499,cat_4,499
43290,654,cat_0,654
43291,322,cat_1,322
43292,622,cat_2,622
43293,848,cat_3,848
43294,786,cat_4,786
43295,949,cat_0,949
43296,751,cat_1,751
43297,616,cat_2,616
43298,763,cat_3,763
43299,435,cat_4,435
43300,343,cat_0,343
43301,312,cat_1,312
43302,415,cat_2,415
43303,193,cat_3,193
43304,544,cat_4,544
43305,896,cat_0,896
43306,586,cat_1,586
43307,613,cat_2,613
43308,449,cat_3,449
43309,497,cat_4,497
43310,784,cat_0,784
43311,597,cat_1,597
43312,525,cat_2,525
43313,526,cat_3,526
43314,389,cat_4,389
43315,322,cat_0,322
43316,333,cat_1,333
43317,189,cat_2,189
43318,161,cat_3,161
43319,959,cat_4,959
43320,53,cat_0,53
43321,774,cat_1,774
43322,565,cat_2,565
43323,912,cat_3,912
43324,720,cat_4,720
43325,419,cat_0,419
43326,768,cat_1,768
43327,361,cat_2,361
43328,649,cat_3,649
43329,505,cat_4,505
43330,481,cat_0,481
43331,726,cat_1,726
43332,366,cat_2,366
43333,350,cat_3,350
43334,248,cat_4,248
43335,714,cat_0,714
43336,630,cat_1,630
43337,2,cat_2,2
43338,174,cat_3,174
43339,49,cat_4,49
43340,815,cat_0,815
43341,51,cat_1,51
43342,633,cat_2,633
43343,808,cat_3,808
43344,730,cat_4,730
43345,855,cat_0,855
43346,159,cat_1,159
43347,503,cat_2,503
43348,176,cat_3,176
43349,157,cat_4,157
43350,96,cat_0,96
43351,490,cat_1,490
43352,368,cat_2,368
43353,664,cat_3,664
43354,401,cat_4,401
43355,86,cat_0,86
43356,241,cat_1,241
43357,356,cat_2,356
43358,947,cat_3,947
43359,142,cat_4,142
43360,366,cat_0,366
43361,442,cat_1,442
43362,895,cat_2,895
43363,638,cat_3,638
43364,43,cat_4,43
43365,123,cat_0,123
43366,527,cat_1,527
43367,758,cat_2,758
43368,402,cat_3,402
43369,209,cat_4,209
43370,721,cat_0,721
43371,980,cat_1,980
43372,30,cat_2,30
43373,448,cat_3,448
43374,839,cat_4,839
43375,82,cat_0,82
43376,286,cat_1,286
43377,17,cat_2,17
43378,646,cat_3,646
43379,346,cat_4,346
43380,228,cat_0,228
43381,116,cat_1,116
43382,191,cat_2,191
43383,709,cat_3,709
43384,130,cat_4,130
43385,498,cat_0,498
43386,328,cat_1,328
43387,545,cat_2,545
43388,842,cat_3,842
43389,926,cat_4,926
43390,547,cat_0,547
43391,647,cat_1,647
43392,524,cat_2,524
43393,34,cat_3,34
43394,56,cat_4,56
43395,407,cat_0,407
43396,438,cat_1,438
43397,79,cat_2,79
43398,439,cat_3,439
43399,940,cat_4,940
43400,738,cat_0,738
43401,755,cat_1,755
43402,303,cat_2,303
43403,758,cat_3,758
43404,827,cat_4,827
43405,422,cat_0,422
43406,955,cat_1,955
43407,101,cat_2,101
43408,360,cat_3,360
43409,781,cat_4,781
43410,620,cat_0,620
43411,454,cat_1,454
43412,515,cat_2,515
43413,187,cat_3,187
43414,546,cat_4,546
43415,196,cat_0,196
43416,160,cat_1,160
43417,810,cat_2,810
43418,546,cat_3,546
43419,9,cat_4,9
43420,689,cat_0,689
43421,603,cat_1,603
43422,729,cat_2,729
43423,382,cat_3,382
43424,341,cat_4,341
43425,145,cat_0,145
43426,88,cat_1,88
43427,336,cat_2,336
43428,827,cat_3,827
43429,17,cat_4,17
43430,883,cat_0,883
43431,480,cat_1,480
43432,718,cat_2,718
43433,806,cat_3,806
43434,93,cat_4,93
43435,490,cat_0,490
43436,200,cat_1,200
43437,140,cat_2,140
43438,135,cat_3,135
43439,248,cat_4,248
43440,306,cat_0,306
43441,528,cat_1,528
43442,420,cat_2,420
43443,645,cat_3,645
43444,760,cat_4,760
43445,335,cat_0,335
43446,294,cat_1,294
43447,49,cat_2,49
43448,427,cat_3,427
43449,864,cat_4,864
43450,790,cat_0,790
43451,879,cat_1,879
43452,261,cat_2,261
43453,512,cat_3,512
43454,259,cat_4,259
43455,440,cat_0,440
43456,810,cat_1,810
43457,419,cat_2,419
43458,788,cat_3,788
43459,477,cat_4,477
43460,86,cat_0,86
43461,250,cat_1,250
43462,818,cat_2,818
43463,9,cat_3,9
43464,387,cat_4,387
43465,791,cat_0,791
43466,302,cat_1,302
43467,420,cat_2,420
43468,859,cat_3,859
43469,993,cat_4,993
43470,584,cat_0,584
43471,574,cat_1,574
43472,812,cat_2,812
43473,711,cat_3,711
43474,164,cat_4,164
43475,862,cat_0,862
43476,275,cat_1,275
43477,289,cat_2,289
43478,377,cat_3,377
43479,625,cat_4,625
43480,496,cat_0,496
43481,170,cat_1,170
43482,334,cat_2,334
43483,339,cat_3,339
43484,393,cat_4,393
43485,504,cat_0,504
43486,996,cat_1,996
43487,566,cat_2,566
43488,430,cat_3,430
43489,562,cat_4,562
43490,855,cat_0,855
43491,329,cat_1,329
43492,674,cat_2,674
43493,356,cat_3,356
43494,748,cat_4,748
43495,288,cat_0,288
43496,355,cat_1,355
43497,238,cat_2,238
43498,647,cat_3,647
43499,6,cat_4,6
43500,150,cat_0,150
43501,841,cat_1,841
43502,547,cat_2,547
43503,304,cat_3,304
43504,114,cat_4,114
43505,409,cat_0,409
43506,874,cat_1,874
43507,746,cat_2,746
43508,480,cat_3,480
43509,63,cat_4,63
43510,90,cat_0,90
43511,466,cat_1,466
43512,689,cat_2,689
43513,118,cat_3,118
43514,132,cat_4,132
43515,681,cat_0,681
43516,362,cat_1,362
43517,856,cat_2,856
43518,64,cat_3,64
43519,834,cat_4,834
43520,841,cat_0,841
43521,565,cat_1,565
43522,365,cat_2,365
43523,312,cat_3,312
43524,530,cat_4,530
43525,543,cat_0,543
43526,345,cat_1,345
43527,983,cat_2,983
43528,673,cat_3,673
43529,231,cat_4,231
43530,887,cat_0,887
43531,115,cat_1,115
43532,616,cat_2,616
43533,930,cat_3,930
43534,899,cat_4,899
43535,619,cat_0,619
43536,651,cat_1,651
43537,322,cat_2,322
43538,585,cat_3,585
43539,335,cat_4,335
43540,785,cat_0,785
43541,401,cat_1,401
43542,852,cat_2,852
43543,20,cat_3,20
43544,789,cat_4,789
43545,134,cat_0,134
43546,205,cat_1,205
43547,949,cat_2,949
43548,924,cat_3,924
43549,486,cat_4,486
43550,844,cat_0,844
43551,810,cat_1,810
43552,696,cat_2,696
43553,62,cat_3,62
43554,536,cat_4,536
43555,688,cat_0,688
43556,288,cat_1,288
43557,239,cat_2,239
43558,19,cat_3,19
43559,423,cat_4,423
43560,997,cat_0,997
43561,958,cat_1,958
43562,549,cat_2,549
43563,864,cat_3,864
43564,993,cat_4,993
43565,431,cat_0,431
43566,475,cat_1,475
43567,263,cat_2,263
43568,113,cat_3,113
43569,388,cat_4,388
43570,184,cat_0,184
43571,169,cat_1,169
43572,101,cat_2,101
43573,397,cat_3,397
43574,259,cat_4,259
43575,104,cat_0,104
43576,396,cat_1,396
43577,781,cat_2,781
43578,856,cat_3,856
43579,183,cat_4,183
43580,624,cat_0,624
43581,280,cat_1,280
43582,194,cat_2,194
43583,975,cat_3,975
43584,651,cat_4,651
43585,488,cat_0,488
43586,954,cat_1,954
43587,861,cat_2,861
43588,42,cat_3,42
43589,980,cat_4,980
43590,308,cat_0,308
43591,481,cat_1,481
43592,496,cat_2,496
43593,422,cat_3,422
43594,504,cat_4,504
43595,270,cat_0,270
43596,998,cat_1,998
43597,520,cat_2,520
43598,3,cat_3,3
43599,990,cat_4,990
43600,858,cat_0,858
43601,35,cat_1,35
43602,286,cat_2,286
43603,668,cat_3,668
43604,653,cat_4,653
43605,372,cat_0,372
43606,839,cat_1,839
43607,114,cat_2,114
43608,932,cat_3,932
43609,758,cat_4,758
43610,602,cat_0,602
43611,307,cat_1,307
43612,992,cat_2,992
43613,983,cat_3,983
43614,779,cat_4,779
43615,471,cat_0,471
43616,676,cat_1,676
43617,998,cat_2,998
43618,824,cat_3,824
43619,387,cat_4,387
43620,810,cat_0,810
43621,956,cat_1,956
43622,472,cat_2,472
43623,401,cat_3,401
43624,573,cat_4,573
43625,592,cat_0,592
43626,354,cat_1,354
43627,958,cat_2,958
43628,765,cat_3,765
43629,281,cat_4,281
43630,991,cat_0,991
43631,945,cat_1,945
43632,172,cat_2,172
43633,574,cat_3,574
43634,479,cat_4,479
43635,818,cat_0,818
43636,93,cat_1,93
43637,691,cat_2,691
43638,321,cat_3,321
43639,281,cat_4,281
43640,622,cat_0,622
43641,843,cat_1,843
43642,571,cat_2,571
43643,74,cat_3,74
43644,971,cat_4,971
43645,269,cat_0,269
43646,60,cat_1,60
43647,952,cat_2,952
43648,193,cat_3,193
43649,517,cat_4,517
43650,312,cat_0,312
43651,934,cat_1,934
43652,476,cat_2,476
43653,500,cat_3,500
43654,158,cat_4,158
43655,901,cat_0,901
43656,189,cat_1,189
43657,495,cat_2,495
43658,787,cat_3,787
43659,33,cat_4,33
43660,816,cat_0,816
43661,259,cat_1,259
43662,622,cat_2,622
43663,487,cat_3,487
43664,215,cat_4,215
43665,674,cat_0,674
43666,100,cat_1,100
43667,496,cat_2,496
43668,824,cat_3,824
43669,361,cat_4,361
43670,82,cat_0,82
43671,456,cat_1,456
43672,465,cat_2,465
43673,415,cat_3,415
43674,513,cat_4,513
43675,73,cat_0,73
43676,295,cat_1,295
43677,762,cat_2,762
43678,835,cat_3,835
43679,720,cat_4,720
43680,570,cat_0,570
43681,25,cat_1,25
43682,539,cat_2,539
43683,915,cat_3,915
43684,554,cat_4,554
43685,256,cat_0,256
43686,155,cat_1,155
43687,697,cat_2,697
43688,461,cat_3,461
43689,408,cat_4,408
43690,463,cat_0,463
43691,75,cat_1,75
43692,861,cat_2,861
43693,594,cat_3,594
43694,688,cat_4,688
43695,672,cat_0,672
43696,803,cat_1,803
43697,719,cat_2,719
43698,724,cat_3,724
43699,695,cat_4,695
43700,212,cat_0,212
43701,637,cat_1,637
43702,900,cat_2,900
43703,660,cat_3,660
43704,609,cat_4,609
43705,157,cat_0,157
43706,662,cat_1,662
43707,228,cat_2,228
43708,499,cat_3,499
43709,562,cat_4,562
43710,566,cat_0,566
43711,479,cat_1,479
43712,432,cat_2,432
43713,49,cat_3,49
43714,390,cat_4,390
43715,769,cat_0,769
43716,173,cat_1,173
43717,910,cat_2,910
43718,744,cat_3,744
43719,281,cat_4,281
43720,127,cat_0,127
43721,981,cat_1,981
43722,72,cat_2,72
43723,324,cat_3,324
43724,991,cat_4,991
43725,468,cat_0,468
43726,940,cat_1,940
43727,27,cat_2,27
43728,246,cat_3,246
43729,790,cat_4,790
43730,895,cat_0,895
43731,313,cat_1,313
43732,373,cat_2,373
43733,995,cat_3,995
43734,748,cat_4,748
43735,258,cat_0,258
43736,173,cat_1,173
43737,214,cat_2,214
43738,867,cat_3,867
43739,632,cat_4,632
43740,536,cat_0,536
43741,720,cat_1,720
43742,562,cat_2,562
43743,786,cat_3,786
43744,985,cat_4,985
43745,995,cat_0,995
43746,715,cat_1,715
43747,983,cat_2,983
43748,107,cat_3,107
43749,159,cat_4,159
43750,659,cat_0,659
43751,778,cat_1,778
43752,851,cat_2,851
43753,686,cat_3,686
43754,360,cat_4,360
43755,203,cat_0,203
43756,908,cat_1,908
43757,258,cat_2,258
43758,197,cat_3,197
43759,501,cat_4,501
43760,113,cat_0,113
43761,18,cat_1,18
43762,779,cat_2,779
43763,649,cat_3,649
43764,148,cat_4,148
43765,973,cat_0,973
43766,979,cat_1,979
43767,374,cat_2,374
43768,328,cat_3,328
43769,719,cat_4,719
43770,784,cat_0,784
43771,839,cat_1,839
43772,346,cat_2,346
43773,586,cat_3,586
43774,277,cat_4,277
43775,695,cat_0,695
43776,718,cat_1,718
43777,691,cat_2,691
43778,432,cat_3,432
43779,902,cat_4,902
43780,754,cat_0,754
43781,518,cat_1,518
43782,27,cat_2,27
43783,704,cat_3,704
43784,346,cat_4,346
43785,374,cat_0,374
43786,846,cat_1,846
43787,574,cat_2,574
43788,834,cat_3,834
43789,363,cat_4,363
43790,178,cat_0,178
43791,427,cat_1,427
43792,337,cat_2,337
43793,85,cat_3,85
43794,447,cat_4,447
43795,229,cat_0,229
43796,21,cat_1,21
43797,767,cat_2,767
43798,508,cat_3,508
43799,701,cat_4,701
43800,160,cat_0,160
43801,236,cat_1,236
43802,940,cat_2,940
43803,74,cat_3,74
43804,668,cat_4,668
43805,141,cat_0,141
43806,458,cat_1,458
43807,185,cat_2,185
43808,623,cat_3,623
43809,883,cat_4,883
43810,300,cat_0,300
43811,484,cat_1,484
43812,292,cat_2,292
43813,885,cat_3,885
43814,689,cat_4,689
43815,660,cat_0,660
43816,715,cat_1,715
43817,455,cat_2,455
43818,751,cat_3,751
43819,630,cat_4,630
43820,567,cat_0,567
43821,140,cat_1,140
43822,32,cat_2,32
43823,190,cat_3,190
43824,401,cat_4,401
43825,371,cat_0,371
43826,572,cat_1,572
43827,52,cat_2,52
43828,961,cat_3,961
43829,957,cat_4,957
43830,393,cat_0,393
43831,314,cat_1,314
43832,419,cat_2,419
43833,781,cat_3,781
43834,633,cat_4,633
43835,775,cat_0,775
43836,160,cat_1,160
43837,760,cat_2,760
43838,313,cat_3,313
43839,907,cat_4,907
43840,324,cat_0,324
43841,1000,cat_1,1000
43842,201,cat_2,201
43843,798,cat_3,798
43844,353,cat_4,353
43845,141,cat_0,141
43846,398,cat_1,398
43847,507,cat_2,507
43848,549,cat_3,549
43849,313,cat_4,313
43850,426,cat_0,426
43851,204,cat_1,204
43852,950,cat_2,950
43853,754,cat_3,754
43854,253,cat_4,253
43855,353,cat_0,353
43856,629,cat_1,629
43857,992,cat_2,992
43858,947,cat_3,947
43859,184,cat_4,184
43860,555,cat_0,555
43861,641,cat_1,641
43862,109,cat_2,109
43863,102,cat_3,102
43864,722,cat_4,722
43865,624,cat_0,624
43866,636,cat_1,636
43867,624,cat_2,624
43868,891,cat_3,891
43869,970,cat_4,970
43870,222,cat_0,222
43871,281,cat_1,281
43872,37,cat_2,37
43873,143,cat_3,143
43874,976,cat_4,976
43875,290,cat_0,290
43876,559,cat_1,559
43877,139,cat_2,139
43878,275,cat_3,275
43879,579,cat_4,579
43880,595,cat_0,595
43881,397,cat_1,397
43882,712,cat_2,712
43883,124,cat_3,124
43884,905,cat_4,905
43885,463,cat_0,463
43886,532,cat_1,532
43887,907,cat_2,907
43888,199,cat_3,199
43889,206,cat_4,206
43890,665,cat_0,665
43891,299,cat_1,299
43892,682,cat_2,682
43893,922,cat_3,922
43894,310,cat_4,310
43895,518,cat_0,518
43896,893,cat_1,893
43897,352,cat_2,352
43898,920,cat_3,920
43899,45,cat_4,45
43900,173,cat_0,173
43901,843,cat_1,843
43902,899,cat_2,899
43903,914,cat_3,914
43904,295,cat_4,295
43905,13,cat_0,13
43906,521,cat_1,521
43907,552,cat_2,552
43908,725,cat_3,725
43909,624,cat_4,624
43910,372,cat_0,372
43911,48,cat_1,48
43912,340,cat_2,340
43913,946,cat_3,946
43914,711,cat_4,711
43915,799,cat_0,799
43916,259,cat_1,259
43917,68,cat_2,68
43918,412,cat_3,412
43919,992,cat_4,992
43920,693,cat_0,693
43921,583,cat_1,583
43922,536,cat_2,536
43923,313,cat_3,313
43924,665,cat_4,665
43925,446,cat_0,446
43926,19,cat_1,19
43927,81,cat_2,81
43928,18,cat_3,18
43929,932,cat_4,932
43930,526,cat_0,526
43931,229,cat_1,229
43932,933,cat_2,933
43933,635,cat_3,635
43934,161,cat_4,161
43935,234,cat_0,234
43936,357,cat_1,357
43937,225,cat_2,225
43938,427,cat_3,427
43939,655,cat_4,655
43940,245,cat_0,245
43941,987,cat_1,987
43942,498,cat_2,498
43943,571,cat_3,571
43944,702,cat_4,702
43945,609,cat_0,609
43946,628,cat_1,628
43947,131,cat_2,131
43948,432,cat_3,432
43949,130,cat_4,130
43950,864,cat_0,864
43951,192,cat_1,192
43952,477,cat_2,477
43953,118,cat_3,118
43954,121,cat_4,121
43955,444,cat_0,444
43956,375,cat_1,375
43957,752,cat_2,752
43958,639,cat_3,639
43959,502,cat_4,502
43960,701,cat_0,701
43961,382,cat_1,382
43962,678,cat_2,678
43963,512,cat_3,512
43964,429,cat_4,429
43965,938,cat_0,938
43966,689,cat_1,689
43967,173,cat_2,173
43968,380,cat_3,380
43969,326,cat_4,326
43970,42,cat_0,42
43971,418,cat_1,418
43972,145,cat_2,145
43973,982,cat_3,982
43974,964,cat_4,964
43975,663,cat_0,663
43976,745,cat_1,745
43977,211,cat_2,211
43978,298,cat_3,298
43979,947,cat_4,947
43980,276,cat_0,276
43981,797,cat_1,797
43982,53,cat_2,53
43983,473,cat_3,473
43984,167,cat_4,167
43985,309,cat_0,309
43986,956,cat_1,956
43987,896,cat_2,896
43988,377,cat_3,377
43989,185,cat_4,185
43990,542,cat_0,542
43991,940,cat_1,940
43992,630,cat_2,630
43993,968,cat_3,968
43994,578,cat_4,578
43995,772,cat_0,772
43996,788,cat_1,788
43997,340,cat_2,340
43998,399,cat_3,399
43999,19,cat_4,19
44000,991,cat_0,991
44001,684,cat_1,684
44002,955,cat_2,955
44003,693,cat_3,693
44004,840,cat_4,840
44005,852,cat_0,852
44006,280,cat_1,280
44007,370,cat_2,370
44008,871,cat_3,871
44009,424,cat_4,424
44010,298,cat_0,298
44011,904,cat_1,904
44012,860,cat_2,860
44013,422,cat_3,422
44014,748,cat_4,748
44015,189,cat_0,189
44016,547,cat_1,547
44017,474,cat_2,474
44018,599,cat_3,599
44019,704,cat_4,704
44020,228,cat_0,228
44021,854,cat_1,854
44022,380,cat_2,380
44023,60,cat_3,60
44024,591,cat_4,591
44025,480,cat_0,480
44026,145,cat_1,145
44027,183,cat_2,183
44028,83,cat_3,83
44029,705,cat_4,705
44030,238,cat_0,238
44031,962,cat_1,962
44032,955,cat_2,955
44033,654,cat_3,654
44034,679,cat_4,679
44035,648,cat_0,648
44036,635,cat_1,635
44037,211,cat_2,211
44038,131,cat_3,131
44039,185,cat_4,185
44040,39,cat_0,39
44041,12,cat_1,12
44042,868,cat_2,868
44043,280,cat_3,280
44044,532,cat_4,532
44045,728,cat_0,728
44046,565,cat_1,565
44047,97,cat_2,97
44048,272,cat_3,272
44049,41,cat_4,41
44050,686,cat_0,686
44051,443,cat_1,443
44052,815,cat_2,815
44053,143,cat_3,143
44054,932,cat_4,932
44055,540,cat_0,540
44056,582,cat_1,582
44057,944,cat_2,944
44058,759,cat_3,759
44059,557,cat_4,557
44060,841,cat_0,841
44061,698,cat_1,698
44062,868,cat_2,868
44063,381,cat_3,381
44064,841,cat_4,841
44065,808,cat_0,808
44066,562,cat_1,562
44067,529,cat_2,529
44068,12,cat_3,12
44069,478,cat_4,478
44070,600,cat_0,600
44071,915,cat_1,915
44072,829,cat_2,829
44073,799,cat_3,799
44074,961,cat_4,961
44075,846,cat_0,846
44076,556,cat_1,556
44077,645,cat_2,645
44078,323,cat_3,323
44079,280,cat_4,280
44080,402,cat_0,402
44081,746,cat_1,746
44082,752,cat_2,752
44083,792,cat_3,792
44084,956,cat_4,956
44085,482,cat_0,482
44086,74,cat_1,74
44087,141,cat_2,141
44088,493,cat_3,493
44089,585,cat_4,585
44090,730,cat_0,730
44091,492,cat_1,492
44092,852,cat_2,852
44093,219,cat_3,219
44094,448,cat_4,448
44095,453,cat_0,453
44096,875,cat_1,875
44097,711,cat_2,711
44098,142,cat_3,142
44099,851,cat_4,851
44100,590,cat_0,590
44101,162,cat_1,162
44102,306,cat_2,306
44103,407,cat_3,407
44104,889,cat_4,889
44105,127,cat_0,127
44106,986,cat_1,986
44107,192,cat_2,192
44108,525,cat_3,525
44109,665,cat_4,665
44110,910,cat_0,910
44111,592,cat_1,592
44112,924,cat_2,924
44113,823,cat_3,823
44114,58,cat_4,58
44115,42,cat_0,42
44116,338,cat_1,338
44117,942,cat_2,942
44118,584,cat_3,584
44119,547,cat_4,547
44120,333,cat_0,333
44121,700,cat_1,700
44122,989,cat_2,989
44123,719,cat_3,719
44124,512,cat_4,512
44125,280,cat_0,280
44126,115,cat_1,115
44127,524,cat_2,524
44128,880,cat_3,880
44129,674,cat_4,674
44130,221,cat_0,221
44131,592,cat_1,592
44132,498,cat_2,498
44133,559,cat_3,559
44134,912,cat_4,912
44135,224,cat_0,224
44136,518,cat_1,518
44137,16,cat_2,16
44138,377,cat_3,377
44139,700,cat_4,700
44140,105,cat_0,105
44141,369,cat_1,369
44142,236,cat_2,236
44143,35,cat_3,35
44144,735,cat_4,735
44145,313,cat_0,313
44146,471,cat_1,471
44147,508,cat_2,508
44148,454,cat_3,454
44149,204,cat_4,204
44150,379,cat_0,379
44151,144,cat_1,144
44152,649,cat_2,649
44153,875,cat_3,875
44154,800,cat_4,800
44155,308,cat_0,308
44156,470,cat_1,470
44157,543,cat_2,543
44158,919,cat_3,919
44159,701,cat_4,701
44160,494,cat_0,494
44161,793,cat_1,793
44162,117,cat_2,117
44163,232,cat_3,232
44164,280,cat_4,280
44165,996,cat_0,996
44166,712,cat_1,712
44167,809,cat_2,809
44168,934,cat_3,934
44169,789,cat_4,789
44170,363,cat_0,363
44171,569,cat_1,569
44172,858,cat_2,858
44173,859,cat_3,859
44174,829,cat_4,829
44175,705,cat_0,705
44176,93,cat_1,93
44177,913,cat_2,913
44178,586,cat_3,586
44179,726,cat_4,726
44180,97,cat_0,97
44181,554,cat_1,554
44182,503,cat_2,503
44183,884,cat_3,884
44184,475,cat_4,475
44185,83,cat_0,83
44186,725,cat_1,725
44187,690,cat_2,690
44188,162,cat_3,162
44189,77,cat_4,77
44190,636,cat_0,636
44191,342,cat_1,342
44192,945,cat_2,945
44193,633,cat_3,633
44194,788,cat_4,788
44195,110,cat_0,110
44196,112,cat_1,112
44197,451,cat_2,451
44198,376,cat_3,376
44199,723,cat_4,723
44200,930,cat_0,930
44201,882,cat_1,882
44202,137,cat_2,137
44203,268,cat_3,268
44204,218,cat_4,218
44205,729,cat_0,729
44206,692,cat_1,692
44207,327,cat_2,327
44208,768,cat_3,768
44209,162,cat_4,162
44210,514,cat_0,514
44211,833,cat_1,833
44212,131,cat_2,131
44213,228,cat_3,228
44214,189,cat_4,189
44215,470,cat_0,470
44216,975,cat_1,975
44217,377,cat_2,377
44218,386,cat_3,386
44219,207,cat_4,207
44220,301,cat_0,301
44221,287,cat_1,287
44222,11,cat_2,11
44223,48,cat_3,48
44224,332,cat_4,332
44225,445,cat_0,445
44226,535,cat_1,535
44227,698,cat_2,698
44228,329,cat_3,329
44229,933,cat_4,933
44230,925,cat_0,925
44231,678,cat_1,678
44232,265,cat_2,265
44233,453,cat_3,453
44234,748,cat_4,748
44235,807,cat_0,807
44236,790,cat_1,790
44237,849,cat_2,849
44238,754,cat_3,754
44239,950,cat_4,950
44240,369,cat_0,369
44241,995,cat_1,995
44242,14,cat_2,14
44243,448,cat_3,448
44244,97,cat_4,97
44245,21,cat_0,21
44246,319,cat_1,319
44247,166,cat_2,166
44248,367,cat_3,367
44249,708,cat_4,708
44250,852,cat_0,852
44251,665,cat_1,665
44252,546,cat_2,546
44253,293,cat_3,293
44254,714,cat_4,714
44255,752,cat_0,752
44256,555,cat_1,555
44257,871,cat_2,871
44258,263,cat_3,263
44259,617,cat_4,617
44260,444,cat_0,444
44261,623,cat_1,623
44262,978,cat_2,978
44263,26,cat_3,26
44264,895,cat_4,895
44265,971,cat_0,971
44266,720,cat_1,720
44267,975,cat_2,975
44268,675,cat_3,675
44269,821,cat_4,821
44270,87,cat_0,87
44271,935,cat_1,935
44272,198,cat_2,198
44273,314,cat_3,314
44274,843,cat_4,843
44275,9,cat_0,9
44276,194,cat_1,194
44277,557,cat_2,557
44278,234,cat_3,234
44279,847,cat_4,847
44280,72,cat_0,72
44281,93,cat_1,93
44282,82,cat_2,82
44283,459,cat_3,459
44284,729,cat_4,729
44285,944,cat_0,944
44286,128,cat_1,128
44287,892,cat_2,892
44288,188,cat_3,188
44289,632,cat_4,632
44290,582,cat_0,582
44291,258,cat_1,258
44292,302,cat_2,302
44293,426,cat_3,426
44294,182,cat_4,182
44295,859,cat_0,859
44296,336,cat_1,336
44297,357,cat_2,357
44298,154,cat_3,154
44299,585,cat_4,585
44300,821,cat_0,821
44301,145,cat_1,145
44302,270,cat_2,270
44303,604,cat_3,604
44304,805,cat_4,805
44305,348,cat_0,348
44306,908,cat_1,908
44307,215,cat_2,215
44308,130,cat_3,130
44309,291,cat_4,291
44310,594,cat_0,594
44311,684,cat_1,684
44312,117,cat_2,117
44313,613,cat_3,613
44314,823,cat_4,823
44315,985,cat_0,985
44316,54,cat_1,54
44317,856,cat_2,856
44318,734,cat_3,734
44319,580,cat_4,580
44320,518,cat_0,518
44321,220,cat_1,220
44322,234,cat_2,234
44323,756,cat_3,756
44324,578,cat_4,578
44325,7,cat_0,7
44326,955,cat_1,955
44327,459,cat_2,459
44328,671,cat_3,671
44329,502,cat_4,502
44330,44,cat_0,44
44331,644,cat_1,644
44332,613,cat_2,613
44333,561,cat_3,561
44334,616,cat_4,616
44335,950,cat_0,950
44336,630,cat_1,630
44337,845,cat_2,845
44338,948,cat_3,948
44339,51,cat_4,51
44340,512,cat_0,512
44341,614,cat_1,614
44342,605,cat_2,605
44343,726,cat_3,726
44344,961,cat_4,961
44345,3,cat_0,3
44346,296,cat_1,296
44347,100,cat_2,100
44348,319,cat_3,319
44349,65,cat_4,65
44350,122,cat_0,122
44351,661,cat_1,661
44352,555,cat_2,555
44353,851,cat_3,851
44354,893,cat_4,893
44355,874,cat_0,874
44356,876,cat_1,876
44357,898,cat_2,898
44358,207,cat_3,207
44359,501,cat_4,501
44360,777,cat_0,777
44361,500,cat_1,500
44362,994,cat_2,994
44363,831,cat_3,831
44364,906,cat_4,906
44365,801,cat_0,801
44366,708,cat_1,708
44367,701,cat_2,701
44368,31,cat_3,31
44369,918,cat_4,918
44370,230,cat_0,230
44371,493,cat_1,493
44372,866,cat_2,866
44373,261,cat_3,261
44374,402,cat_4,402
44375,472,cat_0,472
44376,18,cat_1,18
44377,576,cat_2,576
44378,644,cat_3,644
44379,788,cat_4,788
44380,930,cat_0,930
44381,635,cat_1,635
44382,391,cat_2,391
44383,698,cat_3,698
44384,877,cat_4,877
44385,458,cat_0,458
44386,229,cat_1,229
44387,578,cat_2,578
44388,396,cat_3,396
44389,101,cat_4,101
44390,624,cat_0,624
44391,511,cat_1,511
44392,493,cat_2,493
44393,645,cat_3,645
44394,986,cat_4,986
44395,401,cat_0,401
44396,663,cat_1,663
44397,356,cat_2,356
44398,696,cat_3,696
44399,39,cat_4,39
44400,634,cat_0,634
44401,525,cat_1,525
44402,71,cat_2,71
44403,995,cat_3,995
44404,473,cat_4,473
44405,772,cat_0,772
44406,372,cat_1,372
44407,796,cat_2,796
44408,94,cat_3,94
44409,950,cat_4,950
44410,417,cat_0,417
44411,229,cat_1,229
44412,638,cat_2,638
44413,251,cat_3,251
44414,329,cat_4,329
44415,722,cat_0,722
44416,64,cat_1,64
44417,428,cat_2,428
44418,932,cat_3,932
44419,10,cat_4,10
44420,531,cat_0,531
44421,113,cat_1,113
44422,855,cat_2,855
44423,154,cat_3,154
44424,85,cat_4,85
44425,896,cat_0,896
44426,637,cat_1,637
44427,787,cat_2,787
44428,721,cat_3,721
44429,401,cat_4,401
44430,485,cat_0,485
44431,921,cat_1,921
44432,797,cat_2,797
44433,573,cat_3,573
44434,643,cat_4,643
44435,73,cat_0,73
44436,950,cat_1,950
44437,929,cat_2,929
44438,280,cat_3,280
44439,505,cat_4,505
44440,545,cat_0,545
44441,86,cat_1,86
44442,444,cat_2,444
44443,955,cat_3,955
44444,494,cat_4,494
44445,912,cat_0,912
44446,150,cat_1,150
44447,803,cat_2,803
44448,112,cat_3,112
44449,157,cat_4,157
44450,108,cat_0,108
44451,277,cat_1,277
44452,221,cat_2,221
44453,306,cat_3,306
44454,253,cat_4,253
44455,479,cat_0,479
44456,703,cat_1,703
44457,443,cat_2,443
44458,469,cat_3,469
44459,136,cat_4,136
44460,76,cat_0,76
44461,927,cat_1,927
44462,904,cat_2,904
44463,942,cat_3,942
44464,968,cat_4,968
44465,816,cat_0,816
44466,586,cat_1,586
44467,570,cat_2,570
44468,788,cat_3,788
44469,334,cat_4,334
44470,130,cat_0,130
44471,894,cat_1,894
44472,744,cat_2,744
44473,23,cat_3,23
44474,585,cat_4,585
44475,509,cat_0,509
44476,971,cat_1,971
44477,967,cat_2,967
44478,29,cat_3,29
44479,772,cat_4,772
44480,818,cat_0,818
44481,870,cat_1,870
44482,441,cat_2,441
44483,126,cat_3,126
44484,82,cat_4,82
44485,105,cat_0,105
44486,635,cat_1,635
44487,123,cat_2,123
44488,107,cat_3,107
44489,13,cat_4,13
44490,363,cat_0,363
44491,233,cat_1,233
44492,722,cat_2,722
44493,200,cat_3,200
44494,400,cat_4,400
44495,948,cat_0,948
44496,909,cat_1,909
44497,610,cat_2,610
44498,355,cat_3,355
44499,793,cat_4,793
44500,913,cat_0,913
44501,427,cat_1,427
44502,654,cat_2,654
44503,498,cat_3,498
44504,203,cat_4,203
44505,22,cat_0,22
44506,683,cat_1,683
44507,334,cat_2,334
44508,240,cat_3,240
44509,703,cat_4,703
44510,954,cat_0,954
44511,319,cat_1,319
44512,929,cat_2,929
44513,466,cat_3,466
44514,486,cat_4,486
44515,754,cat_0,754
44516,98,cat_1,98
44517,720,cat_2,720
44518,591,cat_3,591
44519,1000,cat_4,1000
44520,219,cat_0,219
44521,802,cat_1,802
44522,551,cat_2,551
44523,53,cat_3,53
44524,591,cat_4,591
44525,829,cat_0,829
44526,969,cat_1,969
44527,703,cat_2,703
44528,596,cat_3,596
44529,58,cat_4,58
44530,306,cat_0,306
44531,132,cat_1,132
44532,959,cat_2,959
44533,181,cat_3,181
44534,548,cat_4,548
44535,765,cat_0,765
44536,200,cat_1,200
44537,226,cat_2,226
44538,93,cat_3,93
44539,909,cat_4,909
44540,497,cat_0,497
44541,727,cat_1,727
44542,222,cat_2,222
44543,218,cat_3,218
44544,139,cat_4,139
44545,548,cat_0,548
44546,233,cat_1,233
44547,323,cat_2,323
44548,600,cat_3,600
44549,261,cat_4,261
44550,567,cat_0,567
44551,944,cat_1,944
44552,254,cat_2,254
44553,168,cat_3,168
44554,529,cat_4,529
44555,864,cat_0,864
44556,639,cat_1,639
44557,302,cat_2,302
44558,974,cat_3,974
44559,233,cat_4,233
44560,100,cat_0,100
44561,157,cat_1,157
44562,515,cat_2,515
44563,891,cat_3,891
44564,952,cat_4,952
44565,457,cat_0,457
44566,358,cat_1,358
44567,716,cat_2,716
44568,505,cat_3,505
44569,11,cat_4,11
44570,8,cat_0,8
44571,330,cat_1,330
44572,370,cat_2,370
44573,240,cat_3,240
44574,787,cat_4,787
44575,402,cat_0,402
44576,804,cat_1,804
44577,92,cat_2,92
44578,570,cat_3,570
44579,373,cat_4,373
44580,261,cat_0,261
44581,929,cat_1,929
44582,498,cat_2,498
44583,473,cat_3,473
44584,614,cat_4,614
44585,202,cat_0,202
44586,220,cat_1,220
44587,518,cat_2,518
44588,282,cat_3,282
44589,923,cat_4,923
44590,749,cat_0,749
44591,69,cat_1,69
44592,54,cat_2,54
44593,468,cat_3,468
44594,764,cat_4,764
44595,781,cat_0,781
44596,88,cat_1,88
44597,815,cat_2,815
44598,934,cat_3,934
44599,479,cat_4,479
44600,183,cat_0,183
44601,354,cat_1,354
44602,339,cat_2,339
44603,910,cat_3,910
44604,263,cat_4,263
44605,290,cat_0,290
44606,703,cat_1,703
44607,726,cat_2,726
44608,580,cat_3,580
44609,808,cat_4,808
44610,131,cat_0,131
44611,37,cat_1,37
44612,886,cat_2,886
44613,345,cat_3,345
44614,368,cat_4,368
44615,165,cat_0,165
44616,145,cat_1,145
44617,674,cat_2,674
44618,792,cat_3,792
44619,259,cat_4,259
44620,644,cat_0,644
44621,74,cat_1,74
44622,285,cat_2,285
44623,853,cat_3,853
44624,616,cat_4,616
44625,92,cat_0,92
44626,435,cat_1,435
44627,191,cat_2,191
44628,554,cat_3,554
44629,655,cat_4,655
44630,240,cat_0,240
44631,293,cat_1,293
44632,537,cat_2,537
44633,414,cat_3,414
44634,224,cat_4,224
44635,572,cat_0,572
44636,234,cat_1,234
44637,468,cat_2,468
44638,496,cat_3,496
44639,514,cat_4,514
44640,380,cat_0,380
44641,588,cat_1,588
44642,549,cat_2,549
44643,670,cat_3,670
44644,517,cat_4,517
44645,385,cat_0,385
44646,302,cat_1,302
44647,339,cat_2,339
44648,486,cat_3,486
44649,405,cat_4,405
44650,680,cat_0,680
44651,880,cat_1,880
44652,907,cat_2,907
44653,567,cat_3,567
44654,888,cat_4,888
44655,295,cat_0,295
44656,243,cat_1,243
44657,258,cat_2,258
44658,111,cat_3,111
44659,640,cat_4,640
44660,954,cat_0,954
44661,65,cat_1,65
44662,368,cat_2,368
44663,480,cat_3,480
44664,131,cat_4,131
44665,654,cat_0,654
44666,283,cat_1,283
44667,692,cat_2,692
44668,172,cat_3,172
44669,725,cat_4,725
44670,775,cat_0,775
44671,162,cat_1,162
44672,59,cat_2,59
44673,327,cat_3,327
44674,527,cat_4,527
44675,871,cat_0,871
44676,689,cat_1,689
44677,753,cat_2,753
44678,180,cat_3,180
44679,346,cat_4,346
44680,307,cat_0,307
44681,656,cat_1,656
44682,717,cat_2,717
44683,107,cat_3,107
44684,50,cat_4,50
44685,695,cat_0,695
44686,386,cat_1,386
44687,151,cat_2,151
44688,116,cat_3,116
44689,758,cat_4,758
44690,863,cat_0,863
44691,952,cat_1,952
44692,585,cat_2,585
44693,910,cat_3,910
44694,218,cat_4,218
44695,56,cat_0,56
44696,934,cat_1,934
44697,630,cat_2,630
44698,582,cat_3,582
44699,788,cat_4,788
44700,515,cat_0,515
44701,57,cat_1,57
44702,588,cat_2,588
44703,211,cat_3,211
44704,166,cat_4,166
44705,114,cat_0,114
44706,102,cat_1,102
44707,437,cat_2,437
44708,975,cat_3,975
44709,452,cat_4,452
44710,422,cat_0,422
44711,962,cat_1,962
44712,52,cat_2,52
44713,903,cat_3,903
44714,452,cat_4,452
44715,207,cat_0,207
44716,865,cat_1,865
44717,606,cat_2,606
44718,211,cat_3,211
44719,833,cat_4,833
44720,248,cat_0,248
44721,308,cat_1,308
44722,233,cat_2,233
44723,397,cat_3,397
44724,244,cat_4,244
44725,379,cat_0,379
44726,310,cat_1,310
44727,101,cat_2,101
44728,235,cat_3,235
44729,378,cat_4,378
44730,192,cat_0,192
44731,121,cat_1,121
44732,852,cat_2,852
44733,681,cat_3,681
44734,193,cat_4,193
44735,397,cat_0,397
44736,623,cat_1,623
44737,747,cat_2,747
44738,960,cat_3,960
44739,267,cat_4,267
44740,512,cat_0,512
44741,165,cat_1,165
44742,4,cat_2,4
44743,591,cat_3,591
44744,731,cat_4,731
44745,419,cat_0,419
44746,182,cat_1,182
44747,390,cat_2,390
44748,171,cat_3,171
44749,952,cat_4,952
44750,163,cat_0,163
44751,801,cat_1,801
44752,994,cat_2,994
44753,488,cat_3,488
44754,281,cat_4,281
44755,415,cat_0,415
44756,710,cat_1,710
44757,456,cat_2,456
44758,707,cat_3,707
44759,42,cat_4,42
44760,755,cat_0,755
44761,937,cat_1,937
44762,664,cat_2,664
44763,504,cat_3,504
44764,576,cat_4,576
44765,186,cat_0,186
44766,800,cat_1,800
44767,635,cat_2,635
44768,691,cat_3,691
44769,870,cat_4,870
44770,576,cat_0,576
44771,731,cat_1,731
44772,298,cat_2,298
44773,203,cat_3,203
44774,29,cat_4,29
44775,234,cat_0,234
44776,791,cat_1,791
44777,271,cat_2,271
44778,18,cat_3,18
44779,773,cat_4,773
44780,369,cat_0,369
44781,513,cat_1,513
44782,113,cat_2,113
44783,807,cat_3,807
44784,257,cat_4,257
44785,750,cat_0,750
44786,322,cat_1,322
44787,419,cat_2,419
44788,986,cat_3,986
44789,903,cat_4,903
44790,256,cat_0,256
44791,149,cat_1,149
44792,159,cat_2,159
44793,369,cat_3,369
44794,76,cat_4,76
44795,93,cat_0,93
44796,731,cat_1,731
44797,85,cat_2,85
44798,219,cat_3,219
44799,207,cat_4,207
44800,730,cat_0,730
44801,925,cat_1,925
44802,817,cat_2,817
44803,510,cat_3,510
44804,241,cat_4,241
44805,676,cat_0,676
44806,252,cat_1,252
44807,248,cat_2,248
44808,709,cat_3,709
44809,668,cat_4,668
44810,633,cat_0,633
44811,873,cat_1,873
44812,396,cat_2,396
44813,262,cat_3,262
44814,883,cat_4,883
44815,328,cat_0,328
44816,379,cat_1,379
44817,758,cat_2,758
44818,595,cat_3,595
44819,894,cat_4,894
44820,741,cat_0,741
44821,45,cat_1,45
44822,315,cat_2,315
44823,418,cat_3,418
44824,465,cat_4,465
44825,953,cat_0,953
44826,943,cat_1,943
44827,894,cat_2,894
44828,622,cat_3,622
44829,1000,cat_4,1000
44830,69,cat_0,69
44831,620,cat_1,620
44832,466,cat_2,466
44833,637,cat_3,637
44834,25,cat_4,25
44835,16,cat_0,16
44836,605,cat_1,605
44837,620,cat_2,620
44838,360,cat_3,360
44839,4,cat_4,4
44840,911,cat_0,911
44841,7,cat_1,7
44842,90,cat_2,90
44843,424,cat_3,424
44844,389,cat_4,389
44845,919,cat_0,919
44846,606,cat_1,606
44847,903,cat_2,903
44848,704,cat_3,704
44849,593,cat_4,593
44850,14,cat_0,14
44851,795,cat_1,795
44852,363,cat_2,363
44853,225,cat_3,225
44854,260,cat_4,260
44855,637,cat_0,637
44856,536,cat_1,536
44857,565,cat_2,565
44858,265,cat_3,265
44859,660,cat_4,660
44860,228,cat_0,228
44861,937,cat_1,937
44862,351,cat_2,351
44863,966,cat_3,966
44864,173,cat_4,173
44865,685,cat_0,685
44866,998,cat_1,998
44867,194,cat_2,194
44868,372,cat_3,372
44869,151,cat_4,151
44870,458,cat_0,458
44871,208,cat_1,208
44872,926,cat_2,926
44873,146,cat_3,146
44874,677,cat_4,677
44875,678,cat_0,678
44876,956,cat_1,956
44877,218,cat_2,218
44878,361,cat_3,361
44879,760,cat_4,760
44880,894,cat_0,894
44881,831,cat_1,831
44882,466,cat_2,466
44883,834,cat_3,834
44884,516,cat_4,516
44885,348,cat_0,348
44886,548,cat_1,548
44887,272,cat_2,272
44888,115,cat_3,115
44889,418,cat_4,418
44890,649,cat_0,649
44891,136,cat_1,136
44892,245,cat_2,245
44893,973,cat_3,973
44894,218,cat_4,218
44895,311,cat_0,311
44896,936,cat_1,936
44897,559,cat_2,559
44898,560,cat_3,560
44899,651,cat_4,651
44900,710,cat_0,710
44901,523,cat_1,523
44902,799,cat_2,799
44903,285,cat_3,285
44904,95,cat_4,95
44905,882,cat_0,882
44906,279,cat_1,279
44907,818,cat_2,818
44908,902,cat_3,902
44909,863,cat_4,863
44910,8,cat_0,8
44911,597,cat_1,597
44912,697,cat_2,697
44913,889,cat_3,889
44914,627,cat_4,627
44915,512,cat_0,512
44916,836,cat_1,836
44917,246,cat_2,246
44918,423,cat_3,423
44919,583,cat_4,583
44920,836,cat_0,836
44921,320,cat_1,320
44922,395,cat_2,395
44923,754,cat_3,754
44924,470,cat_4,470
44925,110,cat_0,110
44926,6,cat_1,6
44927,593,cat_2,593
44928,281,cat_3,281
44929,834,cat_4,834
44930,358,cat_0,358
44931,634,cat_1,634
44932,258,cat_2,258
44933,440,cat_3,440
44934,452,cat_4,452
44935,25,cat_0,25
44936,432,cat_1,432
44937,710,cat_2,710
44938,22,cat_3,22
44939,893,cat_4,893
44940,750,cat_0,750
44941,712,cat_1,712
44942,472,cat_2,472
44943,232,cat_3,232
44944,92,cat_4,92
44945,802,cat_0,802
44946,759,cat_1,759
44947,592,cat_2,592
44948,104,cat_3,104
44949,685,cat_4,685
44950,164,cat_0,164
44951,969,cat_1,969
44952,553,cat_2,553
44953,189,cat_3,189
44954,791,cat_4,791
44955,218,cat_0,218
44956,898,cat_1,898
44957,741,cat_2,741
44958,5,cat_3,5
44959,201,cat_4,201
44960,354,cat_0,354
44961,849,cat_1,849
44962,782,cat_2,782
44963,901,cat_3,901
44964,624,cat_4,624
44965,496,cat_0,496
44966,700,cat_1,700
44967,863,cat_2,863
44968,833,cat_3,833
44969,83,cat_4,83
44970,200,cat_0,200
44971,718,cat_1,718
44972,38,cat_2,38
44973,271,cat_3,271
44974,821,cat_4,821
44975,468,cat_0,468
44976,421,cat_1,421
44977,573,cat_2,573
44978,407,cat_3,407
44979,548,cat_4,548
44980,637,cat_0,637
44981,168,cat_1,168
44982,235,cat_2,235
44983,189,cat_3,189
44984,961,cat_4,961
44985,135,cat_0,135
44986,822,cat_1,822
44987,435,cat_2,435
44988,337,cat_3,337
44989,310,cat_4,310
44990,19,cat_0,19
44991,309,cat_1,309
44992,974,cat_2,974
44993,884,cat_3,884
44994,242,cat_4,242
44995,471,cat_0,471
44996,849,cat_1,849
44997,532,cat_2,532
44998,56,cat_3,56
44999,534,cat_4,534
45000,838,cat_0,838
45001,278,cat_1,278
45002,541,cat_2,541
45003,75,cat_3,75
45004,503,cat_4,503
45005,921,cat_0,921
45006,98,cat_1,98
45007,801,cat_2,801
45008,57,cat_3,57
45009,869,cat_4,869
45010,974,cat_0,974
45011,4,cat_1,4
45012,301,cat_2,301
45013,122,cat_3,122
45014,923,cat_4,923
45015,504,cat_0,504
45016,222,cat_1,222
45017,976,cat_2,976
45018,4,cat_3,4
45019,268,cat_4,268
45020,555,cat_0,555
45021,980,cat_1,980
45022,82,cat_2,82
45023,458,cat_3,458
45024,563,cat_4,563
45025,170,cat_0,170
45026,299,cat_1,299
45027,333,cat_2,333
45028,119,cat_3,119
45029,844,cat_4,844
45030,874,cat_0,874
45031,342,cat_1,342
45032,442,cat_2,442
45033,876,cat_3,876
45034,395,cat_4,395
45035,509,cat_0,509
45036,426,cat_1,426
45037,885,cat_2,885
45038,489,cat_3,489
45039,164,cat_4,164
45040,49,cat_0,49
45041,457,cat_1,457
45042,408,cat_2,408
45043,732,cat_3,732
45044,164,cat_4,164
45045,685,cat_0,685
45046,577,cat_1,577
45047,152,cat_2,152
45048,234,cat_3,234
45049,478,cat_4,478
45050,994,cat_0,994
45051,143,cat_1,143
45052,107,cat_2,107
45053,606,cat_3,606
45054,419,cat_4,419
45055,318,cat_0,318
45056,407,cat_1,407
45057,322,cat_2,322
45058,495,cat_3,495
45059,659,cat_4,659
45060,675,cat_0,675
45061,184,cat_1,184
45062,859,cat_2,859
45063,604,cat_3,604
45064,43,cat_4,43
45065,472,cat_0,472
45066,974,cat_1,974
45067,110,cat_2,110
45068,913,cat_3,913
45069,142,cat_4,142
45070,47,cat_0,47
45071,30,cat_1,30
45072,971,cat_2,971
45073,491,cat_3,491
45074,405,cat_4,405
45075,378,cat_0,378
45076,228,cat_1,228
45077,518,cat_2,518
45078,522,cat_3,522
45079,886,cat_4,886
45080,210,cat_0,210
45081,444,cat_1,444
45082,62,cat_2,62
45083,101,cat_3,101
45084,247,cat_4,247
45085,885,cat_0,885
45086,67,cat_1,67
45087,820,cat_2,820
45088,808,cat_3,808
45089,521,cat_4,521
45090,12,cat_0,12
45091,41,cat_1,41
45092,27,cat_2,27
45093,142,cat_3,142
45094,1000,cat_4,1000
45095,13,cat_0,13
45096,331,cat_1,331
45097,377,cat_2,377
45098,760,cat_3,760
45099,90,cat_4,90
45100,375,cat_0,375
45101,391,cat_1,391
45102,909,cat_2,909
45103,91,cat_3,91
45104,673,cat_4,673
45105,475,cat_0,475
45106,109,cat_1,109
45107,481,cat_2,481
45108,700,cat_3,700
45109,455,cat_4,455
45110,283,cat_0,283
45111,968,cat_1,968
45112,550,cat_2,550
45113,583,cat_3,583
45114,24,cat_4,24
45115,969,cat_0,969
45116,105,cat_1,105
45117,182,cat_2,182
45118,273,cat_3,273
45119,739,cat_4,739
45120,52,cat_0,52
45121,392,cat_1,392
45122,666,cat_2,666
45123,564,cat_3,564
45124,849,cat_4,849
45125,170,cat_0,170
45126,667,cat_1,667
45127,867,cat_2,867
45128,493,cat_3,493
45129,704,cat_4,704
45130,92,cat_0,92
45131,569,cat_1,569
45132,492,cat_2,492
45133,559,cat_3,559
45134,878,cat_4,878
45135,477,cat_0,477
45136,679,cat_1,679
45137,472,cat_2,472
45138,166,cat_3,166
45139,232,cat_4,232
45140,263,cat_0,263
45141,784,cat_1,784
45142,414,cat_2,414
45143,841,cat_3,841
45144,602,cat_4,602
45145,711,cat_0,711
45146,528,cat_1,528
45147,373,cat_2,373
45148,14,cat_3,14
45149,316,cat_4,316
45150,359,cat_0,359
45151,76,cat_1,76
45152,61,cat_2,61
45153,191,cat_3,191
45154,901,cat_4,901
45155,523,cat_0,523
45156,66,cat_1,66
45157,950,cat_2,950
45158,95,cat_3,95
45159,565,cat_4,565
45160,135,cat_0,135
45161,696,cat_1,696
45162,503,cat_2,503
45163,600,cat_3,600
45164,272,cat_4,272
45165,560,cat_0,560
45166,382,cat_1,382
45167,250,cat_2,250
45168,980,cat_3,980
45169,403,cat_4,403
45170,509,cat_0,509
45171,704,cat_1,704
45172,113,cat_2,113
45173,461,cat_3,461
45174,897,cat_4,897
45175,751,cat_0,751
45176,902,cat_1,902
45177,427,cat_2,427
45178,817,cat_3,817
45179,706,cat_4,706
45180,746,cat_0,746
45181,596,cat_1,596
45182,693,cat_2,693
45183,111,cat_3,111
45184,992,cat_4,992
45185,890,cat_0,890
45186,529,cat_1,529
45187,398,cat_2,398
45188,337,cat_3,337
45189,730,cat_4,730
45190,168,cat_0,168
45191,687,cat_1,687
45192,919,cat_2,919
45193,357,cat_3,357
45194,542,cat_4,542
45195,476,cat_0,476
45196,175,cat_1,175
45197,759,cat_2,759
45198,578,cat_3,578
45199,118,cat_4,118
45200,508,cat_0,508
45201,88,cat_1,88
45202,256,cat_2,256
45203,793,cat_3,793
45204,6,cat_4,6
45205,320,cat_0,320
45206,466,cat_1,466
45207,595,cat_2,595
45208,28,cat_3,28
45209,693,cat_4,693
45210,929,cat_0,929
45211,388,cat_1,388
45212,754,cat_2,754
45213,757,cat_3,757
45214,645,cat_4,645
45215,537,cat_0,537
45216,28,cat_1,28
45217,806,cat_2,806
45218,777,cat_3,777
45219,928,cat_4,928
45220,792,cat_0,792
45221,155,cat_1,155
45222,791,cat_2,791
45223,685,cat_3,685
45224,597,cat_4,597
45225,794,cat_0,794
45226,174,cat_1,174
45227,623,cat_2,623
45228,76,cat_3,76
45229,798,cat_4,798
45230,1,cat_0,1
45231,180,cat_1,180
45232,773,cat_2,773
45233,75,cat_3,75
45234,787,cat_4,787
45235,22,cat_0,22
45236,568,cat_1,568
45237,489,cat_2,489
45238,387,cat_3,387
45239,756,cat_4,756
45240,557,cat_0,557
45241,640,cat_1,640
45242,729,cat_2,729
45243,79,cat_3,79
45244,399,cat_4,399
45245,727,cat_0,727
45246,298,cat_1,298
45247,659,cat_2,659
45248,50,cat_3,50
45249,47,cat_4,47
45250,152,cat_0,152
45251,364,cat_1,364
45252,41,cat_2,41
45253,710,cat_3,710
45254,421,cat_4,421
45255,504,cat_0,504
45256,976,cat_1,976
45257,763,cat_2,763
45258,691,cat_3,691
45259,334,cat_4,334
45260,672,cat_0,672
45261,778,cat_1,778
45262,633,cat_2,633
45263,362,cat_3,362
45264,683,cat_4,683
45265,858,cat_0,858
45266,175,cat_1,175
45267,880,cat_2,880
45268,387,cat_3,387
45269,668,cat_4,668
45270,37,cat_0,37
45271,86,cat_1,86
45272,967,cat_2,967
45273,531,cat_3,531
45274,628,cat_4,628
45275,134,cat_0,134
45276,760,cat_1,760
45277,468,cat_2,468
45278,611,cat_3,611
45279,147,cat_4,147
45280,527,cat_0,527
45281,572,cat_1,572
45282,168,cat_2,168
45283,254,cat_3,254
45284,879,cat_4,879
45285,491,cat_0,491
45286,488,cat_1,488
45287,697,cat_2,697
45288,71,cat_3,71
45289,930,cat_4,930
45290,726,cat_0,726
45291,638,cat_1,638
45292,55,cat_2,55
45293,101,cat_3,101
45294,489,cat_4,489
45295,231,cat_0,231
45296,267,cat_1,267
45297,799,cat_2,799
45298,320,cat_3,320
45299,519,cat_4,519
45300,95,cat_0,95
45301,646,cat_1,646
45302,383,cat_2,383
45303,228,cat_3,228
45304,161,cat_4,161
45305,213,cat_0,213
45306,786,cat_1,786
45307,273,cat_2,273
45308,707,cat_3,707
45309,74,cat_4,74
45310,9,cat_0,9
45311,424,cat_1,424
45312,943,cat_2,943
45313,420,cat_3,420
45314,805,cat_4,805
45315,862,cat_0,862
45316,131,cat_1,131
45317,189,cat_2,189
45318,429,cat_3,429
45319,73,cat_4,73
45320,367,cat_0,367
45321,986,cat_1,986
45322,265,cat_2,265
45323,159,cat_3,159
45324,554,cat_4,554
45325,785,cat_0,785
45326,740,cat_1,740
45327,241,cat_2,241
45328,778,cat_3,778
45329,873,cat_4,873
45330,285,cat_0,285
45331,418,cat_1,418
45332,572,cat_2,572
45333,166,cat_3,166
45334,982,cat_4,982
45335,256,cat_0,256
45336,234,cat_1,234
45337,560,cat_2,560
45338,157,cat_3,157
45339,249,cat_4,249
45340,337,cat_0,337
45341,356,cat_1,356
45342,137,cat_2,137
45343,439,cat_3,439
45344,85,cat_4,85
45345,487,cat_0,487
45346,986,cat_1,986
45347,355,cat_2,355
45348,496,cat_3,496
45349,210,cat_4,210
45350,69,cat_0,69
45351,367,cat_1,367
45352,567,cat_2,567
45353,711,cat_3,711
45354,950,cat_4,950
45355,520,cat_0,520
45356,139,cat_1,139
45357,220,cat_2,220
45358,763,cat_3,763
45359,444,cat_4,444
45360,805,cat_0,805
45361,667,cat_1,667
45362,978,cat_2,978
45363,30,cat_3,30
45364,840,cat_4,840
45365,338,cat_0,338
45366,563,cat_1,563
45367,40,cat_2,40
45368,377,cat_3,377
45369,885,cat_4,885
45370,933,cat_0,933
45371,354,cat_1,354
45372,79,cat_2,79
45373,297,cat_3,297
45374,802,cat_4,802
45375,913,cat_0,913
45376,431,cat_1,431
45377,448,cat_2,448
45378,724,cat_3,724
45379,853,cat_4,853
45380,996,cat_0,996
45381,566,cat_1,566
45382,775,cat_2,775
45383,751,cat_3,751
45384,917,cat_4,917
45385,240,cat_0,240
45386,537,cat_1,537
45387,55,cat_2,55
45388,84,cat_3,84
45389,933,cat_4,933
45390,514,cat_0,514
45391,533,cat_1,533
45392,698,cat_2,698
45393,541,cat_3,541
45394,250,cat_4,250
45395,604,cat_0,604
45396,910,cat_1,910
45397,331,cat_2,331
45398,744,cat_3,744
45399,607,cat_4,607
45400,271,cat_0,271
45401,439,cat_1,439
45402,507,cat_2,507
45403,912,cat_3,912
45404,524,cat_4,524
45405,549,cat_0,549
45406,506,cat_1,506
45407,229,cat_2,229
45408,548,cat_3,548
45409,388,cat_4,388
45410,715,cat_0,715
45411,173,cat_1,173
45412,316,cat_2,316
45413,338,cat_3,338
45414,336,cat_4,336
45415,673,cat_0,673
45416,169,cat_1,169
45417,671,cat_2,671
45418,310,cat_3,310
45419,758,cat_4,758
45420,801,cat_0,801
45421,90,cat_1,90
45422,600,cat_2,600
45423,807,cat_3,807
45424,191,cat_4,191
45425,529,cat_0,529
45426,297,cat_1,297
45427,676,cat_2,676
45428,428,cat_3,428
45429,641,cat_4,641
45430,23,cat_0,23
45431,944,cat_1,944
45432,598,cat_2,598
45433,833,cat_3,833
45434,924,cat_4,924
45435,364,cat_0,364
45436,402,cat_1,402
45437,987,cat_2,987
45438,327,cat_3,327
45439,120,cat_4,120
45440,817,cat_0,817
45441,190,cat_1,190
45442,666,cat_2,666
45443,417,cat_3,417
45444,332,cat_4,332
45445,133,cat_0,133
45446,674,cat_1,674
45447,54,cat_2,54
45448,380,cat_3,380
45449,584,cat_4,584
45450,498,cat_0,498
45451,938,cat_1,938
45452,110,cat_2,110
45453,961,cat_3,961
45454,533,cat_4,533
45455,403,cat_0,403
45456,998,cat_1,998
45457,757,cat_2,757
45458,894,cat_3,894
45459,300,cat_4,300
45460,154,cat_0,154
45461,716,cat_1,716
45462,290,cat_2,290
45463,336,cat_3,336
45464,92,cat_4,92
45465,484,cat_0,484
45466,766,cat_1,766
45467,836,cat_2,836
45468,356,cat_3,356
45469,575,cat_4,575
45470,207,cat_0,207
45471,914,cat_1,914
45472,594,cat_2,594
45473,256,cat_3,256
45474,621,cat_4,621
45475,356,cat_0,356
45476,30,cat_1,30
45477,838,cat_2,838
45478,998,cat_3,998
45479,790,cat_4,790
45480,872,cat_0,872
45481,122,cat_1,122
45482,670,cat_2,670
45483,343,cat_3,343
45484,204,cat_4,204
45485,625,cat_0,625
45486,819,cat_1,819
45487,393,cat_2,393
45488,254,cat_3,254
45489,768,cat_4,768
45490,484,cat_0,484
45491,681,cat_1,681
45492,362,cat_2,362
45493,831,cat_3,831
45494,328,cat_4,328
45495,805,cat_0,805
45496,179,cat_1,179
45497,65,cat_2,65
45498,24,cat_3,24
45499,729,cat_4,729
45500,678,cat_0,678
45501,206,cat_1,206
45502,122,cat_2,122
45503,689,cat_3,689
45504,127,cat_4,127
45505,354,cat_0,354
45506,845,cat_1,845
45507,552,cat_2,552
45508,642,cat_3,642
45509,812,cat_4,812
45510,506,cat_0,506
45511,176,cat_1,176
45512,818,cat_2,818
45513,494,cat_3,494
45514,415,cat_4,415
45515,28,cat_0,28
45516,878,cat_1,878
45517,112,cat_2,112
45518,853,cat_3,853
45519,432,cat_4,432
45520,117,cat_0,117
45521,337,cat_1,337
45522,495,cat_2,495
45523,248,cat_3,248
45524,472,cat_4,472
45525,994,cat_0,994
45526,452,cat_1,452
45527,536,cat_2,536
45528,889,cat_3,889
45529,282,cat_4,282
45530,316,cat_0,316
45531,530,cat_1,530
45532,638,cat_2,638
45533,93,cat_3,93
45534,705,cat_4,705
45535,257,cat_0,257
45536,675,cat_1,675
45537,921,cat_2,921
45538,609,cat_3,609
45539,877,cat_4,877
45540,142,cat_0,142
45541,902,cat_1,902
45542,879,cat_2,879
45543,493,cat_3,493
45544,852,cat_4,852
45545,359,cat_0,359
45546,343,cat_1,343
45547,231,cat_2,231
45548,982,cat_3,982
45549,407,cat_4,407
45550,613,cat_0,613
45551,75,cat_1,75
45552,703,cat_2,703
45553,417,cat_3,417
45554,629,cat_4,629
45555,750,cat_0,750
45556,391,cat_1,391
45557,993,cat_2,993
45558,91,cat_3,91
45559,282,cat_4,282
45560,737,cat_0,737
45561,538,cat_1,538
45562,288,cat_2,288
45563,981,cat_3,981
45564,319,cat_4,319
45565,1000,cat_0,1000
45566,316,cat_1,316
45567,734,cat_2,734
45568,581,cat_3,581
45569,7,cat_4,7
45570,383,cat_0,383
45571,526,cat_1,526
45572,966,cat_2,966
45573,383,cat_3,383
45574,152,cat_4,152
45575,389,cat_0,389
45576,936,cat_1,936
45577,239,cat_2,239
45578,871,cat_3,871
45579,389,cat_4,389
45580,624,cat_0,624
45581,69,cat_1,69
45582,605,cat_2,605
45583,2,cat_3,2
45584,326,cat_4,326
45585,543,cat_0,543
45586,151,cat_1,151
45587,823,cat_2,823
45588,148,cat_3,148
45589,165,cat_4,165
45590,645,cat_0,645
45591,897,cat_1,897
45592,227,cat_2,227
45593,38,cat_3,38
45594,243,cat_4,243
45595,50,cat_0,50
45596,290,cat_1,290
45597,158,cat_2,158
45598,476,cat_3,476
45599,446,cat_4,446
45600,871,cat_0,871
45601,236,cat_1,236
45602,49,cat_2,49
45603,712,cat_3,712
45604,685,cat_4,685
45605,398,cat_0,398
45606,355,cat_1,355
45607,752,cat_2,752
45608,349,cat_3,349
45609,256,cat_4,256
45610,18,cat_0,18
45611,849,cat_1,849
45612,758,cat_2,758
45613,152,cat_3,152
45614,2,cat_4,2
45615,118,cat_0,118
45616,120,cat_1,120
45617,156,cat_2,156
45618,104,cat_3,104
45619,1000,cat_4,1000
45620,843,cat_0,843
45621,118,cat_1,118
45622,762,cat_2,762
45623,572,cat_3,572
45624,242,cat_4,242
45625,516,cat_0,516
45626,733,cat_1,733
45627,755,cat_2,755
45628,761,cat_3,761
45629,287,cat_4,287
45630,638,cat_0,638
45631,725,cat_1,725
45632,444,cat_2,444
45633,863,cat_3,863
45634,686,cat_4,686
45635,991,cat_0,991
45636,5,cat_1,5
45637,829,cat_2,829
45638,272,cat_3,272
45639,303,cat_4,303
45640,597,cat_0,597
45641,29,cat_1,29
45642,257,cat_2,257
45643,837,cat_3,837
45644,670,cat_4,670
45645,36,cat_0,36
45646,295,cat_1,295
45647,766,cat_2,766
45648,89,cat_3,89
45649,479,cat_4,479
45650,929,cat_0,929
45651,388,cat_1,388
45652,822,cat_2,822
45653,723,cat_3,723
45654,547,cat_4,547
45655,918,cat_0,918
45656,228,cat_1,228
45657,619,cat_2,619
45658,951,cat_3,951
45659,179,cat_4,179
45660,662,cat_0,662
45661,32,cat_1,32
45662,812,cat_2,812
45663,208,cat_3,208
45664,295,cat_4,295
45665,916,cat_0,916
45666,244,cat_1,244
45667,244,cat_2,244
45668,167,cat_3,167
45669,447,cat_4,447
45670,788,cat_0,788
45671,287,cat_1,287
45672,444,cat_2,444
45673,835,cat_3,835
45674,386,cat_4,386
45675,114,cat_0,114
45676,508,cat_1,508
45677,120,cat_2,120
45678,246,cat_3,246
45679,567,cat_4,567
45680,668,cat_0,668
45681,855,cat_1,855
45682,816,cat_2,816
45683,103,cat_3,103
45684,280,cat_4,280
45685,972,cat_0,972
45686,892,cat_1,892
45687,152,cat_2,152
45688,773,cat_3,773
45689,884,cat_4,884
45690,572,cat_0,572
45691,564,cat_1,564
45692,336,cat_2,336
45693,2,cat_3,2
45694,477,cat_4,477
45695,420,cat_0,420
45696,676,cat_1,676
45697,254,cat_2,254
45698,37,cat_3,37
45699,105,cat_4,105
45700,103,cat_0,103
45701,997,cat_1,997
45702,435,cat_2,435
45703,177,cat_3,177
45704,382,cat_4,382
45705,535,cat_0,535
45706,791,cat_1,791
45707,463,cat_2,463
45708,70,cat_3,70
45709,944,cat_4,944
45710,618,cat_0,618
45711,124,cat_1,124
45712,400,cat_2,400
45713,546,cat_3,546
45714,480,cat_4,480
45715,621,cat_0,621
45716,716,cat_1,716
45717,110,cat_2,110
45718,89,cat_3,89
45719,554,cat_4,554
45720,338,cat_0,338
45721,729,cat_1,729
45722,705,cat_2,705
45723,808,cat_3,808
45724,396,cat_4,396
45725,802,cat_0,802
45726,903,cat_1,903
45727,258,cat_2,258
45728,756,cat_3,756
45729,592,cat_4,592
45730,404,cat_0,404
45731,356,cat_1,356
45732,199,cat_2,199
45733,201,cat_3,201
45734,574,cat_4,574
45735,456,cat_0,456
45736,65,cat_1,65
45737,959,cat_2,959
45738,235,cat_3,235
45739,444,cat_4,444
45740,105,cat_0,105
45741,430,cat_1,430
45742,20,cat_2,20
45743,303,cat_3,303
45744,870,cat_4,870
45745,458,cat_0,458
45746,605,cat_1,605
45747,527,cat_2,527
45748,139,cat_3,139
45749,362,cat_4,362
45750,693,cat_0,693
45751,92,cat_1,92
45752,695,cat_2,695
45753,134,cat_3,134
45754,721,cat_4,721
45755,361,cat_0,361
45756,868,cat_1,868
45757,735,cat_2,735
45758,238,cat_3,238
45759,270,cat_4,270
45760,615,cat_0,615
45761,53,cat_1,53
45762,549,cat_2,549
45763,78,cat_3,78
45764,447,cat_4,447
45765,349,cat_0,349
45766,288,cat_1,288
45767,413,cat_2,413
45768,91,cat_3,91
45769,104,cat_4,104
45770,20,cat_0,20
45771,648,cat_1,648
45772,883,cat_2,883
45773,398,cat_3,398
45774,176,cat_4,176
45775,265,cat_0,265
45776,531,cat_1,531
45777,929,cat_2,929
45778,296,cat_3,296
45779,960,cat_4,960
45780,548,cat_0,548
45781,636,cat_1,636
45782,581,cat_2,581
45783,135,cat_3,135
45784,197,cat_4,197
45785,208,cat_0,208
45786,644,cat_1,644
45787,760,cat_2,760
45788,49,cat_3,49
45789,827,cat_4,827
45790,318,cat_0,318
45791,651,cat_1,651
45792,49,cat_2,49
45793,839,cat_3,839
45794,276,cat_4,276
45795,509,cat_0,509
45796,973,cat_1,973
45797,79,cat_2,79
45798,444,cat_3,444
45799,302,cat_4,302
45800,167,cat_0,167
45801,347,cat_1,347
45802,4,cat_2,4
45803,464,cat_3,464
45804,62,cat_4,62
45805,567,cat_0,567
45806,645,cat_1,645
45807,949,cat_2,949
45808,278,cat_3,278
45809,545,cat_4,545
45810,279,cat_0,279
45811,576,cat_1,576
45812,309,cat_2,309
45813,709,cat_3,709
45814,359,cat_4,359
45815,303,cat_0,303
45816,372,cat_1,372
45817,546,cat_2,546
45818,906,cat_3,906
45819,622,cat_4,622
45820,745,cat_0,745
45821,640,cat_1,640
45822,950,cat_2,950
45823,682,cat_3,682
45824,235,cat_4,235
45825,72,cat_0,72
45826,732,cat_1,732
45827,581,cat_2,581
45828,650,cat_3,650
45829,50,cat_4,50
45830,300,cat_0,300
45831,481,cat_1,481
45832,28,cat_2,28
45833,14,cat_3,14
45834,515,cat_4,515
45835,399,cat_0,399
45836,880,cat_1,880
45837,983,cat_2,983
45838,8,cat_3,8
45839,448,cat_4,448
45840,867,cat_0,867
45841,650,cat_1,650
45842,273,cat_2,273
45843,626,cat_3,626
45844,41,cat_4,41
45845,854,cat_0,854
45846,69,cat_1,69
45847,272,cat_2,272
45848,117,cat_3,117
45849,263,cat_4,263
45850,794,cat_0,794
45851,716,cat_1,716
45852,767,cat_2,767
45853,620,cat_3,620
45854,380,cat_4,380
45855,90,cat_0,90
45856,587,cat_1,587
45857,928,cat_2,928
45858,777,cat_3,777
45859,959,cat_4,959
45860,267,cat_0,267
45861,168,cat_1,168
45862,280,cat_2,280
45863,177,cat_3,177
45864,432,cat_4,432
45865,332,cat_0,332
45866,257,cat_1,257
45867,970,cat_2,970
45868,899,cat_3,899
45869,371,cat_4,371
45870,6,cat_0,6
45871,273,cat_1,273
45872,237,cat_2,237
45873,12,cat_3,12
45874,858,cat_4,858
45875,174,cat_0,174
45876,132,cat_1,132
45877,231,cat_2,231
45878,441,cat_3,441
45879,239,cat_4,239
45880,489,cat_0,489
45881,270,cat_1,270
45882,185,cat_2,185
45883,474,cat_3,474
45884,577,cat_4,577
45885,556,cat_0,556
45886,404,cat_1,404
45887,647,cat_2,647
45888,632,cat_3,632
45889,160,cat_4,160
45890,324,cat_0,324
45891,980,cat_1,980
45892,177,cat_2,177
45893,996,cat_3,996
45894,168,cat_4,168
45895,882,cat_0,882
45896,589,cat_1,589
45897,363,cat_2,363
45898,387,cat_3,387
45899,531,cat_4,531
45900,68,cat_0,68
45901,337,cat_1,337
45902,875,cat_2,875
45903,929,cat_3,929
45904,542,cat_4,542
45905,952,cat_0,952
45906,674,cat_1,674
45907,25,cat_2,25
45908,504,cat_3,504
45909,557,cat_4,557
45910,535,cat_0,535
45911,40,cat_1,40
45912,635,cat_2,635
45913,761,cat_3,761
45914,757,cat_4,757
45915,428,cat_0,428
45916,716,cat_1,716
45917,428,cat_2,428
45918,403,cat_3,403
45919,786,cat_4,786
45920,908,cat_0,908
45921,47,cat_1,47
45922,538,cat_2,538
45923,802,cat_3,802
45924,562,cat_4,562
45925,414,cat_0,414
45926,76,cat_1,76
45927,903,cat_2,903
45928,749,cat_3,749
45929,822,cat_4,822
45930,159,cat_0,159
45931,797,cat_1,797
45932,527,cat_2,527
45933,141,cat_3,141
45934,719,cat_4,719
45935,18,cat_0,18
45936,647,cat_1,647
45937,445,cat_2,445
45938,858,cat_3,858
45939,195,cat_4,195
45940,112,cat_0,112
45941,354,cat_1,354
45942,324,cat_2,324
45943,557,cat_3,557
45944,633,cat_4,633
45945,738,cat_0,738
45946,961,cat_1,961
45947,943,cat_2,943
45948,529,cat_3,529
45949,532,cat_4,532
45950,680,cat_0,680
45951,157,cat_1,157
45952,512,cat_2,512
45953,881,cat_3,881
45954,375,cat_4,375
45955,767,cat_0,767
45956,800,cat_1,800
45957,763,cat_2,763
45958,585,cat_3,585
45959,267,cat_4,267
45960,982,cat_0,982
45961,375,cat_1,375
45962,943,cat_2,943
45963,976,cat_3,976
45964,918,cat_4,918
45965,722,cat_0,722
45966,92,cat_1,92
45967,659,cat_2,659
45968,696,cat_3,696
45969,290,cat_4,290
45970,555,cat_0,555
45971,142,cat_1,142
45972,292,cat_2,292
45973,577,cat_3,577
45974,91,cat_4,91
45975,159,cat_0,159
45976,811,cat_1,811
45977,954,cat_2,954
45978,182,cat_3,182
45979,797,cat_4,797
45980,968,cat_0,968
45981,898,cat_1,898
45982,365,cat_2,365
45983,800,cat_3,800
45984,739,cat_4,739
45985,206,cat_0,206
45986,169,cat_1,169
45987,850,cat_2,850
45988,241,cat_3,241
45989,148,cat_4,148
45990,417,cat_0,417
45991,500,cat_1,500
45992,236,cat_2,236
45993,717,cat_3,717
45994,354,cat_4,354
45995,399,cat_0,399
45996,338,cat_1,338
45997,130,cat_2,130
45998,766,cat_3,766
45999,61,cat_4,61
46000,169,cat_0,169
46001,944,cat_1,944
46002,570,cat_2,570
46003,344,cat_3,344
46004,923,cat_4,923
46005,989,cat_0,989
46006,706,cat_1,706
46007,34,cat_2,34
46008,359,cat_3,359
46009,634,cat_4,634
46010,327,cat_0,327
46011,222,cat_1,222
46012,436,cat_2,436
46013,624,cat_3,624
46014,659,cat_4,659
46015,389,cat_0,389
46016,661,cat_1,661
46017,909,cat_2,909
46018,984,cat_3,984
46019,362,cat_4,362
46020,821,cat_0,821
46021,487,cat_1,487
46022,69,cat_2,69
46023,284,cat_3,284
46024,335,cat_4,335
46025,547,cat_0,547
46026,40,cat_1,40
46027,447,cat_2,447
46028,846,cat_3,846
46029,567,cat_4,567
46030,269,cat_0,269
46031,36,cat_1,36
46032,60,cat_2,60
46033,312,cat_3,312
46034,309,cat_4,309
46035,745,cat_0,745
46036,957,cat_1,957
46037,782,cat_2,782
46038,258,cat_3,258
46039,925,cat_4,925
46040,356,cat_0,356
46041,328,cat_1,328
46042,526,cat_2,526
46043,674,cat_3,674
46044,926,cat_4,926
46045,384,cat_0,384
46046,514,cat_1,514
46047,499,cat_2,499
46048,660,cat_3,660
46049,633,cat_4,633
46050,193,cat_0,193
46051,592,cat_1,592
46052,275,cat_2,275
46053,33,cat_3,33
46054,833,cat_4,833
46055,434,cat_0,434
46056,873,cat_1,873
46057,864,cat_2,864
46058,677,cat_3,677
46059,191,cat_4,191
46060,406,cat_0,406
46061,932,cat_1,932
46062,482,cat_2,482
46063,406,cat_3,406
46064,663,cat_4,663
46065,395,cat_0,395
46066,235,cat_1,235
46067,373,cat_2,373
46068,213,cat_3,213
46069,483,cat_4,483
46070,671,cat_0,671
46071,735,cat_1,735
46072,829,cat_2,829
46073,474,cat_3,474
46074,393,cat_4,393
46075,488,cat_0,488
46076,224,cat_1,224
46077,231,cat_2,231
46078,478,cat_3,478
46079,639,cat_4,639
46080,251,cat_0,251
46081,520,cat_1,520
46082,155,cat_2,155
46083,348,cat_3,348
46084,276,cat_4,276
46085,603,cat_0,603
46086,494,cat_1,494
46087,922,cat_2,922
46088,215,cat_3,215
46089,395,cat_4,395
46090,101,cat_0,101
46091,631,cat_1,631
46092,785,cat_2,785
46093,12,cat_3,12
46094,836,cat_4,836
46095,148,cat_0,148
46096,604,cat_1,604
46097,265,cat_2,265
46098,973,cat_3,973
46099,637,cat_4,637
46100,974,cat_0,974
46101,688,cat_1,688
46102,788,cat_2,788
46103,708,cat_3,708
46104,213,cat_4,213
46105,625,cat_0,625
46106,616,cat_1,616
46107,991,cat_2,991
46108,14,cat_3,14
46109,595,cat_4,595
46110,58,cat_0,58
46111,407,cat_1,407
46112,816,cat_2,816
46113,181,cat_3,181
46114,928,cat_4,928
46115,348,cat_0,348
46116,815,cat_1,815
46117,356,cat_2,356
46118,304,cat_3,304
46119,952,cat_4,952
46120,297,cat_0,297
46121,326,cat_1,326
46122,672,cat_2,672
46123,70,cat_3,70
46124,308,cat_4,308
46125,730,cat_0,730
46126,32,cat_1,32
46127,623,cat_2,623
46128,726,cat_3,726
46129,606,cat_4,606
46130,190,cat_0,190
46131,964,cat_1,964
46132,663,cat_2,663
46133,874,cat_3,874
46134,161,cat_4,161
46135,759,cat_0,759
46136,862,cat_1,862
46137,364,cat_2,364
46138,213,cat_3,213
46139,136,cat_4,136
46140,650,cat_0,650
46141,700,cat_1,700
46142,223,cat_2,223
46143,986,cat_3,986
46144,332,cat_4,332
46145,299,cat_0,299
46146,125,cat_1,125
46147,359,cat_2,359
46148,761,cat_3,761
46149,796,cat_4,796
46150,52,cat_0,52
46151,782,cat_1,782
46152,13,cat_2,13
46153,645,cat_3,645
46154,596,cat_4,596
46155,763,cat_0,763
46156,524,cat_1,524
46157,509,cat_2,509
46158,270,cat_3,270
46159,162,cat_4,162
46160,657,cat_0,657
46161,879,cat_1,879
46162,913,cat_2,913
46163,87,cat_3,87
46164,552,cat_4,552
46165,989,cat_0,989
46166,330,cat_1,330
46167,419,cat_2,419
46168,397,cat_3,397
46169,699,cat_4,699
46170,327,cat_0,327
46171,671,cat_1,671
46172,370,cat_2,370
46173,130,cat_3,130
46174,461,cat_4,461
46175,215,cat_0,215
46176,637,cat_1,637
46177,320,cat_2,320
46178,522,cat_3,522
46179,562,cat_4,562
46180,810,cat_0,810
46181,944,cat_1,944
46182,729,cat_2,729
46183,161,cat_3,161
46184,981,cat_4,981
46185,771,cat_0,771
46186,783,cat_1,783
46187,477,cat_2,477
46188,715,cat_3,715
46189,814,cat_4,814
46190,808,cat_0,808
46191,967,cat_1,967
46192,443,cat_2,443
46193,513,cat_3,513
46194,347,cat_4,347
46195,35,cat_0,35
46196,637,cat_1,637
46197,862,cat_2,862
46198,629,cat_3,629
46199,221,cat_4,221
46200,813,cat_0,813
46201,222,cat_1,222
46202,787,cat_2,787
46203,133,cat_3,133
46204,589,cat_4,589
46205,798,cat_0,798
46206,179,cat_1,179
46207,887,cat_2,887
46208,143,cat_3,143
46209,252,cat_4,252
46210,491,cat_0,491
46211,739,cat_1,739
46212,398,cat_2,398
46213,229,cat_3,229
46214,802,cat_4,802
46215,402,cat_0,402
46216,431,cat_1,431
46217,782,cat_2,782
46218,297,cat_3,297
46219,200,cat_4,200
46220,316,cat_0,316
46221,103,cat_1,103
46222,856,cat_2,856
46223,148,cat_3,148
46224,946,cat_4,946
46225,799,cat_0,799
46226,238,cat_1,238
46227,930,cat_2,930
46228,786,cat_3,786
46229,115,cat_4,115
46230,843,cat_0,843
46231,663,cat_1,663
46232,814,cat_2,814
46233,868,cat_3,868
46234,280,cat_4,280
46235,685,cat_0,685
46236,260,cat_1,260
46237,80,cat_2,80
46238,565,cat_3,565
46239,952,cat_4,952
46240,327,cat_0,327
46241,234,cat_1,234
46242,770,cat_2,770
46243,96,cat_3,96
46244,357,cat_4,357
46245,913,cat_0,913
46246,361,cat_1,361
46247,356,cat_2,356
46248,624,cat_3,624
46249,938,cat_4,938
46250,165,cat_0,165
46251,367,cat_1,367
46252,83,cat_2,83
46253,85,cat_3,85
46254,773,cat_4,773
46255,879,cat_0,879
46256,199,cat_1,199
46257,468,cat_2,468
46258,882,cat_3,882
46259,69,cat_4,69
46260,599,cat_0,599
46261,543,cat_1,543
46262,978,cat_2,978
46263,949,cat_3,949
46264,601,cat_4,601
46265,16,cat_0,16
46266,676,cat_1,676
46267,266,cat_2,266
46268,799,cat_3,799
46269,809,cat_4,809
46270,828,cat_0,828
46271,842,cat_1,842
46272,120,cat_2,120
46273,72,cat_3,72
46274,756,cat_4,756
46275,349,cat_0,349
46276,929,cat_1,929
46277,43,cat_2,43
46278,56,cat_3,56
46279,252,cat_4,252
46280,159,cat_0,159
46281,681,cat_1,681
46282,248,cat_2,248
46283,411,cat_3,411
46284,219,cat_4,219
46285,719,cat_0,719
46286,58,cat_1,58
46287,202,cat_2,202
46288,880,cat_3,880
46289,65,cat_4,65
46290,6,cat_0,6
46291,955,cat_1,955
46292,7,cat_2,7
46293,174,cat_3,174
46294,921,cat_4,921
46295,744,cat_0,744
46296,150,cat_1,150
46297,620,cat_2,620
46298,373,cat_3,373
46299,312,cat_4,312
46300,487,cat_0,487
46301,6,cat_1,6
46302,427,cat_2,427
46303,255,cat_3,255
46304,32,cat_4,32
46305,917,cat_0,917
46306,977,cat_1,977
46307,945,cat_2,945
46308,538,cat_3,538
46309,363,cat_4,363
46310,636,cat_0,636
46311,209,cat_1,209
46312,36,cat_2,36
46313,558,cat_3,558
46314,873,cat_4,873
46315,667,cat_0,667
46316,363,cat_1,363
46317,179,cat_2,179
46318,572,cat_3,572
46319,267,cat_4,267
46320,130,cat_0,130
46321,39,cat_1,39
46322,678,cat_2,678
46323,897,cat_3,897
46324,321,cat_4,321
46325,440,cat_0,440
46326,845,cat_1,845
46327,652,cat_2,652
46328,907,cat_3,907
46329,983,cat_4,983
46330,122,cat_0,122
46331,540,cat_1,540
46332,987,cat_2,987
46333,647,cat_3,647
46334,312,cat_4,312
46335,785,cat_0,785
46336,569,cat_1,569
46337,342,cat_2,342
46338,327,cat_3,327
46339,17,cat_4,17
46340,100,cat_0,100
46341,756,cat_1,756
46342,920,cat_2,920
46343,351,cat_3,351
46344,809,cat_4,809
46345,201,cat_0,201
46346,90,cat_1,90
46347,335,cat_2,335
46348,287,cat_3,287
46349,471,cat_4,471
46350,711,cat_0,711
46351,897,cat_1,897
46352,586,cat_2,586
46353,789,cat_3,789
46354,581,cat_4,581
46355,867,cat_0,867
46356,403,cat_1,403
46357,436,cat_2,436
46358,601,cat_3,601
46359,847,cat_4,847
46360,96,cat_0,96
46361,619,cat_1,619
46362,599,cat_2,599
46363,546,cat_3,546
46364,632,cat_4,632
46365,945,cat_0,945
46366,898,cat_1,898
46367,216,cat_2,216
46368,535,cat_3,535
46369,77,cat_4,77
46370,182,cat_0,182
46371,843,cat_1,843
46372,112,cat_2,112
46373,485,cat_3,485
46374,595,cat_4,595
46375,196,cat_0,196
46376,285,cat_1,285
46377,800,cat_2,800
46378,534,cat_3,534
46379,934,cat_4,934
46380,663,cat_0,663
46381,707,cat_1,707
46382,700,cat_2,700
46383,16,cat_3,16
46384,919,cat_4,919
46385,405,cat_0,405
46386,888,cat_1,888
46387,384,cat_2,384
46388,240,cat_3,240
46389,623,cat_4,623
46390,30,cat_0,30
46391,842,cat_1,842
46392,617,cat_2,617
46393,454,cat_3,454
46394,969,cat_4,969
46395,337,cat_0,337
46396,741,cat_1,741
46397,319,cat_2,319
46398,600,cat_3,600
46399,42,cat_4,42
46400,352,cat_0,352
46401,498,cat_1,498
46402,283,cat_2,283
46403,325,cat_3,325
46404,864,cat_4,864
46405,58,cat_0,58
46406,979,cat_1,979
46407,968,cat_2,968
46408,621,cat_3,621
46409,367,cat_4,367
46410,862,cat_0,862
46411,710,cat_1,710
46412,433,cat_2,433
46413,429,cat_3,429
46414,498,cat_4,498
46415,893,cat_0,893
46416,506,cat_1,506
46417,90,cat_2,90
46418,967,cat_3,967
46419,890,cat_4,890
46420,474,cat_0,474
46421,630,cat_1,630
46422,383,cat_2,383
46423,740,cat_3,740
46424,310,cat_4,310
46425,963,cat_0,963
46426,209,cat_1,209
46427,44,cat_2,44
46428,894,cat_3,894
46429,665,cat_4,665
46430,523,cat_0,523
46431,977,cat_1,977
46432,476,cat_2,476
46433,327,cat_3,327
46434,459,cat_4,459
46435,581,cat_0,581
46436,875,cat_1,875
46437,808,cat_2,808
46438,221,cat_3,221
46439,857,cat_4,857
46440,808,cat_0,808
46441,245,cat_1,245
46442,875,cat_2,875
46443,582,cat_3,582
46444,614,cat_4,614
46445,583,cat_0,583
46446,602,cat_1,602
46447,808,cat_2,808
46448,644,cat_3,644
46449,24,cat_4,24
46450,196,cat_0,196
46451,244,cat_1,244
46452,374,cat_2,374
46453,568,cat_3,568
46454,595,cat_4,595
46455,946,cat_0,946
46456,413,cat_1,413
46457,688,cat_2,688
46458,871,cat_3,871
46459,482,cat_4,482
46460,735,cat_0,735
46461,399,cat_1,399
46462,225,cat_2,225
46463,499,cat_3,499
46464,676,cat_4,676
46465,601,cat_0,601
46466,566,cat_1,566
46467,160,cat_2,160
46468,219,cat_3,219
46469,476,cat_4,476
46470,993,cat_0,993
46471,468,cat_1,468
46472,849,cat_2,849
46473,217,cat_3,217
46474,656,cat_4,656
46475,411,cat_0,411
46476,824,cat_1,824
46477,368,cat_2,368
46478,889,cat_3,889
46479,327,cat_4,327
46480,224,cat_0,224
46481,141,cat_1,141
46482,272,cat_2,272
46483,429,cat_3,429
46484,629,cat_4,629
46485,919,cat_0,919
46486,371,cat_1,371
46487,462,cat_2,462
46488,593,cat_3,593
46489,31,cat_4,31
46490,73,cat_0,73
46491,201,cat_1,201
46492,60,cat_2,60
46493,413,cat_3,413
46494,282,cat_4,282
46495,427,cat_0,427
46496,137,cat_1,137
46497,233,cat_2,233
46498,769,cat_3,769
46499,623,cat_4,623
46500,610,cat_0,610
46501,198,cat_1,198
46502,668,cat_2,668
46503,406,cat_3,406
46504,510,cat_4,510
46505,471,cat_0,471
46506,629,cat_1,629
46507,31,cat_2,31
46508,1000,cat_3,1000
46509,956,cat_4,956
46510,451,cat_0,451
46511,956,cat_1,956
46512,954,cat_2,954
46513,221,cat_3,221
46514,226,cat_4,226
46515,455,cat_0,455
46516,763,cat_1,763
46517,145,cat_2,145
46518,452,cat_3,452
46519,697,cat_4,697
46520,726,cat_0,726
46521,473,cat_1,473
46522,440,cat_2,440
46523,626,cat_3,626
46524,975,cat_4,975
46525,872,cat_0,872
46526,816,cat_1,816
46527,609,cat_2,609
46528,911,cat_3,911
46529,881,cat_4,881
46530,812,cat_0,812
46531,224,cat_1,224
46532,174,cat_2,174
46533,130,cat_3,130
46534,472,cat_4,472
46535,800,cat_0,800
46536,993,cat_1,993
46537,824,cat_2,824
46538,886,cat_3,886
46539,836,cat_4,836
46540,132,cat_0,132
46541,333,cat_1,333
46542,560,cat_2,560
46543,861,cat_3,861
46544,522,cat_4,522
46545,825,cat_0,825
46546,121,cat_1,121
46547,973,cat_2,973
46548,311,cat_3,311
46549,588,cat_4,588
46550,279,cat_0,279
46551,944,cat_1,944
46552,532,cat_2,532
46553,37,cat_3,37
46554,862,cat_4,862
46555,683,cat_0,683
46556,576,cat_1,576
46557,855,cat_2,855
46558,794,cat_3,794
46559,692,cat_4,692
46560,176,cat_0,176
46561,140,cat_1,140
46562,767,cat_2,767
46563,976,cat_3,976
46564,359,cat_4,359
46565,621,cat_0,621
46566,639,cat_1,639
46567,947,cat_2,947
46568,613,cat_3,613
46569,45,cat_4,45
46570,643,cat_0,643
46571,609,cat_1,609
46572,262,cat_2,262
46573,400,cat_3,400
46574,823,cat_4,823
46575,517,cat_0,517
46576,491,cat_1,491
46577,11,cat_2,11
46578,790,cat_3,790
46579,245,cat_4,245
46580,705,cat_0,705
46581,40,cat_1,40
46582,285,cat_2,285
46583,959,cat_3,959
46584,869,cat_4,869
46585,964,cat_0,964
46586,994,cat_1,994
46587,684,cat_2,684
46588,675,cat_3,675
46589,58,cat_4,58
46590,250,cat_0,250
46591,105,cat_1,105
46592,921,cat_2,921
46593,813,cat_3,813
46594,560,cat_4,560
46595,229,cat_0,229
46596,687,cat_1,687
46597,154,cat_2,154
46598,409,cat_3,409
46599,477,cat_4,477
46600,592,cat_0,592
46601,768,cat_1,768
46602,380,cat_2,380
46603,108,cat_3,108
46604,529,cat_4,529
46605,522,cat_0,522
46606,274,cat_1,274
46607,170,cat_2,170
46608,501,cat_3,501
46609,983,cat_4,983
46610,532,cat_0,532
46611,346,cat_1,346
46612,486,cat_2,486
46613,5,cat_3,5
46614,353,cat_4,353
46615,161,cat_0,161
46616,505,cat_1,505
46617,164,cat_2,164
46618,374,cat_3,374
46619,687,cat_4,687
46620,660,cat_0,660
46621,894,cat_1,894
46622,238,cat_2,238
46623,632,cat_3,632
46624,884,cat_4,884
46625,706,cat_0,706
46626,155,cat_1,155
46627,45,cat_2,45
46628,204,cat_3,204
46629,686,cat_4,686
46630,910,cat_0,910
46631,756,cat_1,756
46632,419,cat_2,419
46633,196,cat_3,196
46634,842,cat_4,842
46635,411,cat_0,411
46636,279,cat_1,279
46637,792,cat_2,792
46638,265,cat_3,265
46639,350,cat_4,350
46640,878,cat_0,878
46641,480,cat_1,480
46642,159,cat_2,159
46643,216,cat_3,216
46644,438,cat_4,438
46645,495,cat_0,495
46646,683,cat_1,683
46647,1,cat_2,1
46648,301,cat_3,301
46649,758,cat_4,758
46650,39,cat_0,39
46651,877,cat_1,877
46652,777,cat_2,777
46653,622,cat_3,622
46654,112,cat_4,112
46655,756,cat_0,756
46656,32,cat_1,32
46657,135,cat_2,135
46658,513,cat_3,513
46659,725,cat_4,725
46660,613,cat_0,613
46661,75,cat_1,75
46662,905,cat_2,905
46663,87,cat_3,87
46664,178,cat_4,178
46665,445,cat_0,445
46666,84,cat_1,84
46667,762,cat_2,762
46668,546,cat_3,546
46669,318,cat_4,318
46670,807,cat_0,807
46671,536,cat_1,536
46672,658,cat_2,658
46673,179,cat_3,179
46674,408,cat_4,408
46675,56,cat_0,56
46676,567,cat_1,567
46677,164,cat_2,164
46678,831,cat_3,831
46679,561,cat_4,561
46680,623,cat_0,623
46681,243,cat_1,243
46682,254,cat_2,254
46683,647,cat_3,647
46684,567,cat_4,567
46685,376,cat_0,376
46686,543,cat_1,543
46687,991,cat_2,991
46688,910,cat_3,910
46689,28,cat_4,28
46690,907,cat_0,907
46691,64,cat_1,64
46692,91,cat_2,91
46693,486,cat_3,486
46694,493,cat_4,493
46695,728,cat_0,728
46696,898,cat_1,898
46697,698,cat_2,698
46698,498,cat_3,498
46699,244,cat_4,244
46700,238,cat_0,238
46701,590,cat_1,590
46702,125,cat_2,125
46703,755,cat_3,755
46704,276,cat_4,276
46705,948,cat_0,948
46706,887,cat_1,887
46707,75,cat_2,75
46708,179,cat_3,179
46709,442,cat_4,442
46710,959,cat_0,959
46711,744,cat_1,744
46712,67,cat_2,67
46713,766,cat_3,766
46714,951,cat_4,951
46715,726,cat_0,726
46716,35,cat_1,35
46717,391,cat_2,391
46718,214,cat_3,214
46719,430,cat_4,430
46720,379,cat_0,379
46721,541,cat_1,541
46722,560,cat_2,560
46723,8,cat_3,8
46724,168,cat_4,168
46725,373,cat_0,373
46726,29,cat_1,29
46727,605,cat_2,605
46728,318,cat_3,318
46729,681,cat_4,681
46730,760,cat_0,760
46731,321,cat_1,321
46732,543,cat_2,543
46733,666,cat_3,666
46734,182,cat_4,182
46735,957,cat_0,957
46736,891,cat_1,891
46737,190,cat_2,190
46738,701,cat_3,701
46739,936,cat_4,936
46740,853,cat_0,853
46741,542,cat_1,542
46742,266,cat_2,266
46743,88,cat_3,88
46744,810,cat_4,810
46745,878,cat_0,878
46746,371,cat_1,371
46747,462,cat_2,462
46748,818,cat_3,818
46749,609,cat_4,609
46750,704,cat_0,704
46751,417,cat_1,417
46752,885,cat_2,885
46753,902,cat_3,902
46754,485,cat_4,485
46755,432,cat_0,432
46756,197,cat_1,197
46757,351,cat_2,351
46758,31,cat_3,31
46759,152,cat_4,152
46760,743,cat_0,743
46761,399,cat_1,399
46762,433,cat_2,433
46763,723,cat_3,723
46764,456,cat_4,456
46765,187,cat_0,187
46766,819,cat_1,819
46767,923,cat_2,923
46768,958,cat_3,958
46769,979,cat_4,979
46770,294,cat_0,294
46771,241,cat_1,241
46772,496,cat_2,496
46773,83,cat_3,83
46774,821,cat_4,821
46775,378,cat_0,378
46776,578,cat_1,578
46777,121,cat_2,121
46778,475,cat_3,475
46779,545,cat_4,545
46780,505,cat_0,505
46781,540,cat_1,540
46782,639,cat_2,639
46783,503,cat_3,503
46784,273,cat_4,273
46785,742,cat_0,742
46786,607,cat_1,607
46787,630,cat_2,630
46788,351,cat_3,351
46789,628,cat_4,628
46790,89,cat_0,89
46791,447,cat_1,447
46792,112,cat_2,112
46793,450,cat_3,450
46794,532,cat_4,532
46795,448,cat_0,448
46796,308,cat_1,308
46797,425,cat_2,425
46798,969,cat_3,969
46799,270,cat_4,270
46800,452,cat_0,452
46801,855,cat_1,855
46802,799,cat_2,799
46803,418,cat_3,418
46804,708,cat_4,708
46805,821,cat_0,821
46806,235,cat_1,235
46807,708,cat_2,708
46808,274,cat_3,274
46809,58,cat_4,58
46810,194,cat_0,194
46811,398,cat_1,398
46812,239,cat_2,239
46813,662,cat_3,662
46814,196,cat_4,196
46815,991,cat_0,991
46816,233,cat_1,233
46817,789,cat_2,789
46818,137,cat_3,137
46819,475,cat_4,475
46820,819,cat_0,819
46821,32,cat_1,32
46822,268,cat_2,268
46823,465,cat_3,465
46824,90,cat_4,90
46825,645,cat_0,645
46826,981,cat_1,981
46827,55,cat_2,55
46828,813,cat_3,813
46829,798,cat_4,798
46830,526,cat_0,526
46831,185,cat_1,185
46832,10,cat_2,10
46833,931,cat_3,931
46834,197,cat_4,197
46835,17,cat_0,17
46836,774,cat_1,774
46837,962,cat_2,962
46838,675,cat_3,675
46839,57,cat_4,57
46840,364,cat_0,364
46841,813,cat_1,813
46842,285,cat_2,285
46843,221,cat_3,221
46844,247,cat_4,247
46845,36,cat_0,36
46846,638,cat_1,638
46847,386,cat_2,386
46848,414,cat_3,414
46849,431,cat_4,431
46850,699,cat_0,699
46851,462,cat_1,462
46852,356,cat_2,356
46853,515,cat_3,515
46854,615,cat_4,615
46855,116,cat_0,116
46856,88,cat_1,88
46857,806,cat_2,806
46858,133,cat_3,133
46859,967,cat_4,967
46860,252,cat_0,252
46861,636,cat_1,636
46862,623,cat_2,623
46863,118,cat_3,118
46864,376,cat_4,376
46865,700,cat_0,700
46866,789,cat_1,789
46867,871,cat_2,871
46868,51,cat_3,51
46869,503,cat_4,503
46870,536,cat_0,536
46871,243,cat_1,243
46872,409,cat_2,409
46873,593,cat_3,593
46874,292,cat_4,292
46875,206,cat_0,206
46876,303,cat_1,303
46877,682,cat_2,682
46878,739,cat_3,739
46879,869,cat_4,869
46880,255,cat_0,255
46881,914,cat_1,914
46882,493,cat_2,493
46883,984,cat_3,984
46884,791,cat_4,791
46885,163,cat_0,163
46886,36,cat_1,36
46887,60,cat_2,60
46888,227,cat_3,227
46889,824,cat_4,824
46890,460,cat_0,460
46891,28,cat_1,28
46892,208,cat_2,208
46893,669,cat_3,669
46894,945,cat_4,945
46895,208,cat_0,208
46896,737,cat_1,737
46897,363,cat_2,363
46898,209,cat_3,209
46899,182,cat_4,182
46900,410,cat_0,410
46901,36,cat_1,36
46902,42,cat_2,42
46903,725,cat_3,725
46904,574,cat_4,574
46905,420,cat_0,420
46906,433,cat_1,433
46907,988,cat_2,988
46908,822,cat_3,822
46909,842,cat_4,842
46910,398,cat_0,398
46911,331,cat_1,331
46912,214,cat_2,214
46913,473,cat_3,473
46914,900,cat_4,900
46915,852,cat_0,852
46916,248,cat_1,248
46917,334,cat_2,334
46918,142,cat_3,142
46919,638,cat_4,638
46920,438,cat_0,438
46921,948,cat_1,948
46922,960,cat_2,960
46923,162,cat_3,162
46924,668,cat_4,668
46925,121,cat_0,121
46926,740,cat_1,740
46927,121,cat_2,121
46928,333,cat_3,333
46929,94,cat_4,94
46930,154,cat_0,154
46931,569,cat_1,569
46932,881,cat_2,881
46933,706,cat_3,706
46934,23,cat_4,23
46935,434,cat_0,434
46936,755,cat_1,755
46937,680,cat_2,680
46938,334,cat_3,334
46939,795,cat_4,795
46940,166,cat_0,166
46941,737,cat_1,737
46942,744,cat_2,744
46943,544,cat_3,544
46944,738,cat_4,738
46945,818,cat_0,818
46946,922,cat_1,922
46947,802,cat_2,802
46948,405,cat_3,405
46949,535,cat_4,535
46950,982,cat_0,982
46951,482,cat_1,482
46952,992,cat_2,992
46953,347,cat_3,347
46954,259,cat_4,259
46955,129,cat_0,129
46956,462,cat_1,462
46957,740,cat_2,740
46958,84,cat_3,84
46959,358,cat_4,358
46960,669,cat_0,669
46961,162,cat_1,162
46962,189,cat_2,189
46963,216,cat_3,216
46964,356,cat_4,356
46965,359,cat_0,359
46966,762,cat_1,762
46967,163,cat_2,163
46968,260,cat_3,260
46969,930,cat_4,930
46970,247,cat_0,247
46971,967,cat_1,967
46972,44,cat_2,44
46973,370,cat_3,370
46974,944,cat_4,944
46975,239,cat_0,239
46976,142,cat_1,142
46977,72,cat_2,72
46978,660,cat_3,660
46979,290,cat_4,290
46980,363,cat_0,363
46981,65,cat_1,65
46982,369,cat_2,369
46983,333,cat_3,333
46984,548,cat_4,548
46985,562,cat_0,562
46986,137,cat_1,137
46987,146,cat_2,146
46988,838,cat_3,838
46989,679,cat_4,679
46990,747,cat_0,747
46991,334,cat_1,334
46992,930,cat_2,930
46993,308,cat_3,308
46994,466,cat_4,466
46995,181,cat_0,181
46996,743,cat_1,743
46997,98,cat_2,98
46998,767,cat_3,767
46999,567,cat_4,567
47000,151,cat_0,151
47001,837,cat_1,837
47002,361,cat_2,361
47003,292,cat_3,292
47004,835,cat_4,835
47005,285,cat_0,285
47006,362,cat_1,362
47007,421,cat_2,421
47008,108,cat_3,108
47009,430,cat_4,430
47010,490,cat_0,490
47011,261,cat_1,261
47012,682,cat_2,682
47013,528,cat_3,528
47014,521,cat_4,521
47015,274,cat_0,274
47016,963,cat_1,963
47017,391,cat_2,391
47018,364,cat_3,364
47019,161,cat_4,161
47020,385,cat_0,385
47021,612,cat_1,612
47022,972,cat_2,972
47023,310,cat_3,310
47024,505,cat_4,505
47025,434,cat_0,434
47026,112,cat_1,112
47027,616,cat_2,616
47028,743,cat_3,743
47029,58,cat_4,58
47030,758,cat_0,758
47031,266,cat_1,266
47032,487,cat_2,487
47033,198,cat_3,198
47034,483,cat_4,483
47035,400,cat_0,400
47036,572,cat_1,572
47037,438,cat_2,438
47038,858,cat_3,858
47039,165,cat_4,165
47040,664,cat_0,664
47041,22,cat_1,22
47042,912,cat_2,912
47043,151,cat_3,151
47044,740,cat_4,740
47045,42,cat_0,42
47046,350,cat_1,350
47047,776,cat_2,776
47048,91,cat_3,91
47049,5,cat_4,5
47050,352,cat_0,352
47051,297,cat_1,297
47052,889,cat_2,889
47053,824,cat_3,824
47054,174,cat_4,174
47055,978,cat_0,978
47056,74,cat_1,74
47057,773,cat_2,773
47058,894,cat_3,894
47059,671,cat_4,671
47060,848,cat_0,848
47061,519,cat_1,519
47062,207,cat_2,207
47063,945,cat_3,945
47064,783,cat_4,783
47065,85,cat_0,85
47066,347,cat_1,347
47067,733,cat_2,733
47068,766,cat_3,766
47069,438,cat_4,438
47070,540,cat_0,540
47071,355,cat_1,355
47072,378,cat_2,378
47073,27,cat_3,27
47074,721,cat_4,721
47075,721,cat_0,721
47076,413,cat_1,413
47077,839,cat_2,839
47078,642,cat_3,642
47079,164,cat_4,164
47080,932,cat_0,932
47081,276,cat_1,276
47082,673,cat_2,673
47083,627,cat_3,627
47084,646,cat_4,646
47085,210,cat_0,210
47086,222,cat_1,222
47087,219,cat_2,219
47088,138,cat_3,138
47089,462,cat_4,462
47090,18,cat_0,18
47091,18,cat_1,18
47092,85,cat_2,85
47093,816,cat_3,816
47094,82,cat_4,82
47095,398,cat_0,398
47096,133,cat_1,133
47097,492,cat_2,492
47098,512,cat_3,512
47099,107,cat_4,107
47100,529,cat_0,529
47101,277,cat_1,277
47102,506,cat_2,506
47103,917,cat_3,917
47104,688,cat_4,688
47105,351,cat_0,351
47106,931,cat_1,931
47107,248,cat_2,248
47108,784,cat_3,784
47109,325,cat_4,325
47110,733,cat_0,733
47111,810,cat_1,810
47112,877,cat_2,877
47113,767,cat_3,767
47114,881,cat_4,881
47115,444,cat_0,444
47116,147,cat_1,147
47117,895,cat_2,895
47118,20,cat_3,20
47119,145,cat_4,145
47120,968,cat_0,968
47121,656,cat_1,656
47122,805,cat_2,805
47123,802,cat_3,802
47124,752,cat_4,752
47125,946,cat_0,946
47126,754,cat_1,754
47127,652,cat_2,652
47128,68,cat_3,68
47129,811,cat_4,811
47130,491,cat_0,491
47131,897,cat_1,897
47132,984,cat_2,984
47133,520,cat_3,520
47134,280,cat_4,280
47135,561,cat_0,561
47136,655,cat_1,655
47137,533,cat_2,533
47138,327,cat_3,327
47139,954,cat_4,954
47140,960,cat_0,960
47141,879,cat_1,879
47142,691,cat_2,691
47143,247,cat_3,247
47144,469,cat_4,469
47145,949,cat_0,949
47146,78,cat_1,78
47147,700,cat_2,700
47148,727,cat_3,727
47149,712,cat_4,712
47150,156,cat_0,156
47151,422,cat_1,422
47152,721,cat_2,721
47153,282,cat_3,282
47154,616,cat_4,616
47155,941,cat_0,941
47156,379,cat_1,379
47157,882,cat_2,882
47158,768,cat_3,768
47159,603,cat_4,603
47160,855,cat_0,855
47161,995,cat_1,995
47162,824,cat_2,824
47163,114,cat_3,114
47164,643,cat_4,643
47165,756,cat_0,756
47166,90,cat_1,90
47167,732,cat_2,732
47168,548,cat_3,548
47169,973,cat_4,973
47170,868,cat_0,868
47171,95,cat_1,95
47172,673,cat_2,673
47173,725,cat_3,725
47174,362,cat_4,362
47175,583,cat_0,583
47176,942,cat_1,942
47177,586,cat_2,586
47178,155,cat_3,155
47179,932,cat_4,932
47180,224,cat_0,224
47181,133,cat_1,133
47182,850,cat_2,850
47183,348,cat_3,348
47184,48,cat_4,48
47185,341,cat_0,341
47186,773,cat_1,773
47187,148,cat_2,148
47188,620,cat_3,620
47189,188,cat_4,188
47190,163,cat_0,163
47191,282,cat_1,282
47192,364,cat_2,364
47193,2,cat_3,2
47194,114,cat_4,114
47195,632,cat_0,632
47196,495,cat_1,495
47197,145,cat_2,145
47198,57,cat_3,57
47199,851,cat_4,851
47200,871,cat_0,871
47201,465,cat_1,465
47202,881,cat_2,881
47203,765,cat_3,765
47204,697,cat_4,697
47205,773,cat_0,773
47206,814,cat_1,814
47207,888,cat_2,888
47208,666,cat_3,666
47209,551,cat_4,551
47210,689,cat_0,689
47211,864,cat_1,864
47212,132,cat_2,132
47213,573,cat_3,573
47214,595,cat_4,595
47215,429,cat_0,429
47216,19,cat_1,19
47217,905,cat_2,905
47218,5,cat_3,5
47219,465,cat_4,465
47220,643,cat_0,643
47221,233,cat_1,233
47222,201,cat_2,201
47223,292,cat_3,292
47224,872,cat_4,872
47225,270,cat_0,270
47226,709,cat_1,709
47227,30,cat_2,30
47228,769,cat_3,769
47229,883,cat_4,883
47230,207,cat_0,207
47231,128,cat_1,128
47232,14,cat_2,14
47233,581,cat_3,581
47234,416,cat_4,416
47235,114,cat_0,114
47236,700,cat_1,700
47237,375,cat_2,375
47238,130,cat_3,130
47239,534,cat_4,534
47240,849,cat_0,849
47241,597,cat_1,597
47242,845,cat_2,845
47243,391,cat_3,391
47244,578,cat_4,578
47245,122,cat_0,122
47246,924,cat_1,924
47247,779,cat_2,779
47248,285,cat_3,285
47249,79,cat_4,79
47250,390,cat_0,390
47251,514,cat_1,514
47252,960,cat_2,960
47253,467,cat_3,467
47254,492,cat_4,492
47255,769,cat_0,769
47256,361,cat_1,361
47257,180,cat_2,180
47258,987,cat_3,987
47259,190,cat_4,190
47260,665,cat_0,665
47261,843,cat_1,843
47262,293,cat_2,293
47263,989,cat_3,989
47264,161,cat_4,161
47265,4,cat_0,4
47266,989,cat_1,989
47267,393,cat_2,393
47268,461,cat_3,461
47269,975,cat_4,975
47270,636,cat_0,636
47271,593,cat_1,593
47272,116,cat_2,116
47273,848,cat_3,848
47274,406,cat_4,406
47275,793,cat_0,793
47276,651,cat_1,651
47277,860,cat_2,860
47278,519,cat_3,519
47279,784,cat_4,784
47280,631,cat_0,631
47281,466,cat_1,466
47282,552,cat_2,552
47283,204,cat_3,204
47284,976,cat_4,976
47285,102,cat_0,102
47286,24,cat_1,24
47287,383,cat_2,383
47288,923,cat_3,923
47289,93,cat_4,93
47290,607,cat_0,607
47291,237,cat_1,237
47292,206,cat_2,206
47293,89,cat_3,89
47294,214,cat_4,214
47295,296,cat_0,296
47296,539,cat_1,539
47297,684,cat_2,684
47298,647,cat_3,647
47299,967,cat_4,967
47300,474,cat_0,474
47301,749,cat_1,749
47302,969,cat_2,969
47303,975,cat_3,975
47304,506,cat_4,506
47305,384,cat_0,384
47306,498,cat_1,498
47307,719,cat_2,719
47308,89,cat_3,89
47309,959,cat_4,959
47310,385,cat_0,385
47311,44,cat_1,44
47312,512,cat_2,512
47313,79,cat_3,79
47314,376,cat_4,376
47315,718,cat_0,718
47316,64,cat_1,64
47317,39,cat_2,39
47318,286,cat_3,286
47319,446,cat_4,446
47320,969,cat_0,969
47321,503,cat_1,503
47322,398,cat_2,398
47323,783,cat_3,783
47324,970,cat_4,970
47325,412,cat_0,412
47326,86,cat_1,86
47327,164,cat_2,164
47328,81,cat_3,81
47329,727,cat_4,727
47330,600,cat_0,600
47331,752,cat_1,752
47332,747,cat_2,747
47333,512,cat_3,512
47334,298,cat_4,298
47335,35,cat_0,35
47336,850,cat_1,850
47337,363,cat_2,363
47338,219,cat_3,219
47339,387,cat_4,387
47340,310,cat_0,310
47341,160,cat_1,160
47342,306,cat_2,306
47343,349,cat_3,349
47344,457,cat_4,457
47345,52,cat_0,52
47346,352,cat_1,352
47347,702,cat_2,702
47348,793,cat_3,793
47349,203,cat_4,203
47350,316,cat_0,316
47351,719,cat_1,719
47352,544,cat_2,544
47353,704,cat_3,704
47354,143,cat_4,143
47355,167,cat_0,167
47356,500,cat_1,500
47357,760,cat_2,760
47358,52,cat_3,52
47359,517,cat_4,517
47360,556,cat_0,556
47361,775,cat_1,775
47362,376,cat_2,376
47363,59,cat_3,59
47364,608,cat_4,608
47365,657,cat_0,657
47366,729,cat_1,729
47367,357,cat_2,357
47368,827,cat_3,827
47369,946,cat_4,946
47370,380,cat_0,380
47371,411,cat_1,411
47372,294,cat_2,294
47373,993,cat_3,993
47374,459,cat_4,459
47375,496,cat_0,496
47376,714,cat_1,714
47377,180,cat_2,180
47378,820,cat_3,820
47379,809,cat_4,809
47380,475,cat_0,475
47381,220,cat_1,220
47382,326,cat_2,326
47383,851,cat_3,851
47384,927,cat_4,927
47385,367,cat_0,367
47386,582,cat_1,582
47387,117,cat_2,117
47388,51,cat_3,51
47389,422,cat_4,422
47390,814,cat_0,814
47391,393,cat_1,393
47392,313,cat_2,313
47393,300,cat_3,300
47394,965,cat_4,965
47395,614,cat_0,614
47396,850,cat_1,850
47397,138,cat_2,138
47398,434,cat_3,434
47399,957,cat_4,957
47400,283,cat_0,283
47401,985,cat_1,985
47402,340,cat_2,340
47403,521,cat_3,521
47404,466,cat_4,466
47405,693,cat_0,693
47406,584,cat_1,584
47407,370,cat_2,370
47408,160,cat_3,160
47409,34,cat_4,34
47410,811,cat_0,811
47411,683,cat_1,683
47412,37,cat_2,37
47413,436,cat_3,436
47414,918,cat_4,918
47415,658,cat_0,658
47416,912,cat_1,912
47417,561,cat_2,561
47418,908,cat_3,908
47419,249,cat_4,249
47420,320,cat_0,320
47421,570,cat_1,570
47422,665,cat_2,665
47423,892,cat_3,892
47424,624,cat_4,624
47425,511,cat_0,511
47426,685,cat_1,685
47427,583,cat_2,583
47428,279,cat_3,279
47429,7,cat_4,7
47430,228,cat_0,228
47431,495,cat_1,495
47432,331,cat_2,331
47433,790,cat_3,790
47434,606,cat_4,606
47435,523,cat_0,523
47436,101,cat_1,101
47437,103,cat_2,103
47438,493,cat_3,493
47439,961,cat_4,961
47440,621,cat_0,621
47441,672,cat_1,672
47442,283,cat_2,283
47443,232,cat_3,232
47444,573,cat_4,573
47445,775,cat_0,775
47446,424,cat_1,424
47447,963,cat_2,963
47448,710,cat_3,710
47449,884,cat_4,884
47450,125,cat_0,125
47451,598,cat_1,598
47452,836,cat_2,836
47453,984,cat_3,984
47454,12,cat_4,12
47455,585,cat_0,585
47456,627,cat_1,627
47457,797,cat_2,797
47458,295,cat_3,295
47459,404,cat_4,404
47460,300,cat_0,300
47461,374,cat_1,374
47462,251,cat_2,251
47463,845,cat_3,845
47464,411,cat_4,411
47465,89,cat_0,89
47466,270,cat_1,270
47467,538,cat_2,538
47468,968,cat_3,968
47469,559,cat_4,559
47470,146,cat_0,146
47471,975,cat_1,975
47472,305,cat_2,305
47473,209,cat_3,209
47474,432,cat_4,432
47475,11,cat_0,11
47476,663,cat_1,663
47477,787,cat_2,787
47478,925,cat_3,925
47479,407,cat_4,407
47480,861,cat_0,861
47481,443,cat_1,443
47482,926,cat_2,926
47483,633,cat_3,633
47484,857,cat_4,857
47485,489,cat_0,489
47486,646,cat_1,646
47487,867,cat_2,867
47488,793,cat_3,793
47489,385,cat_4,385
47490,693,cat_0,693
47491,940,cat_1,940
47492,97,cat_2,97
47493,789,cat_3,789
47494,314,cat_4,314
47495,806,cat_0,806
47496,803,cat_1,803
47497,539,cat_2,539
47498,576,cat_3,576
47499,568,cat_4,568
47500,787,cat_0,787
47501,475,cat_1,475
47502,931,cat_2,931
47503,239,cat_3,239
47504,905,cat_4,905
47505,269,cat_0,269
47506,239,cat_1,239
47507,204,cat_2,204
47508,379,cat_3,379
47509,183,cat_4,183
47510,87,cat_0,87
47511,390,cat_1,390
47512,425,cat_2,425
47513,284,cat_3,284
47514,493,cat_4,493
47515,109,cat_0,109
47516,933,cat_1,933
47517,552,cat_2,552
47518,634,cat_3,634
47519,357,cat_4,357
47520,211,cat_0,211
47521,742,cat_1,742
47522,852,cat_2,852
47523,286,cat_3,286
47524,793,cat_4,793
47525,315,cat_0,315
47526,26,cat_1,26
47527,688,cat_2,688
47528,667,cat_3,667
47529,828,cat_4,828
47530,13,cat_0,13
47531,865,cat_1,865
47532,702,cat_2,702
47533,953,cat_3,953
47534,727,cat_4,727
47535,766,cat_0,766
47536,882,cat_1,882
47537,45,cat_2,45
47538,412,cat_3,412
47539,845,cat_4,845
47540,120,cat_0,120
47541,405,cat_1,405
47542,202,cat_2,202
47543,81,cat_3,81
47544,16,cat_4,16
47545,304,cat_0,304
47546,360,cat_1,360
47547,20,cat_2,20
47548,260,cat_3,260
47549,320,cat_4,320
47550,944,cat_0,944
47551,55,cat_1,55
47552,437,cat_2,437
47553,755,cat_3,755
47554,971,cat_4,971
47555,616,cat_0,616
47556,604,cat_1,604
47557,772,cat_2,772
47558,164,cat_3,164
47559,27,cat_4,27
47560,748,cat_0,748
47561,705,cat_1,705
47562,883,cat_2,883
47563,967,cat_3,967
47564,242,cat_4,242
47565,29,cat_0,29
47566,937,cat_1,937
47567,293,cat_2,293
47568,765,cat_3,765
47569,893,cat_4,893
47570,257,cat_0,257
47571,755,cat_1,755
47572,396,cat_2,396
47573,477,cat_3,477
47574,899,cat_4,899
47575,690,cat_0,690
47576,20,cat_1,20
47577,389,cat_2,389
47578,488,cat_3,488
47579,866,cat_4,866
47580,203,cat_0,203
47581,158,cat_1,158
47582,402,cat_2,402
47583,898,cat_3,898
47584,583,cat_4,583
47585,923,cat_0,923
47586,632,cat_1,632
47587,955,cat_2,955
47588,111,cat_3,111
47589,490,cat_4,490
47590,667,cat_0,667
47591,90,cat_1,90
47592,251,cat_2,251
47593,471,cat_3,471
47594,986,cat_4,986
47595,207,cat_0,207
47596,217,cat_1,217
47597,154,cat_2,154
47598,72,cat_3,72
47599,574,cat_4,574
47600,955,cat_0,955
47601,919,cat_1,919
47602,685,cat_2,685
47603,318,cat_3,318
47604,755,cat_4,755
47605,430,cat_0,430
47606,686,cat_1,686
47607,271,cat_2,271
47608,726,cat_3,726
47609,391,cat_4,391
47610,122,cat_0,122
47611,315,cat_1,315
47612,134,cat_2,134
47613,149,cat_3,149
47614,605,cat_4,605
47615,813,cat_0,813
47616,734,cat_1,734
47617,170,cat_2,170
47618,493,cat_3,493
47619,956,cat_4,956
47620,877,cat_0,877
47621,393,cat_1,393
47622,85,cat_2,85
47623,605,cat_3,605
47624,848,cat_4,848
47625,920,cat_0,920
47626,916,cat_1,916
47627,932,cat_2,932
47628,6,cat_3,6
47629,385,cat_4,385
47630,748,cat_0,748
47631,264,cat_1,264
47632,997,cat_2,997
47633,648,cat_3,648
47634,264,cat_4,264
47635,40,cat_0,40
47636,678,cat_1,678
47637,977,cat_2,977
47638,628,cat_3,628
47639,782,cat_4,782
47640,530,cat_0,530
47641,138,cat_1,138
47642,88,cat_2,88
47643,433,cat_3,433
47644,64,cat_4,64
47645,277,cat_0,277
47646,461,cat_1,461
47647,183,cat_2,183
47648,493,cat_3,493
47649,537,cat_4,537
47650,864,cat_0,864
47651,129,cat_1,129
47652,115,cat_2,115
47653,471,cat_3,471
47654,576,cat_4,576
47655,421,cat_0,421
47656,978,cat_1,978
47657,388,cat_2,388
47658,366,cat_3,366
47659,807,cat_4,807
47660,869,cat_0,869
47661,674,cat_1,674
47662,880,cat_2,880
47663,715,cat_3,715
47664,156,cat_4,156
47665,591,cat_0,591
47666,562,cat_1,562
47667,375,cat_2,375
47668,832,cat_3,832
47669,297,cat_4,297
47670,948,cat_0,948
47671,960,cat_1,960
47672,813,cat_2,813
47673,348,cat_3,348
47674,535,cat_4,535
47675,415,cat_0,415
47676,207,cat_1,207
47677,804,cat_2,804
47678,359,cat_3,359
47679,44,cat_4,44
47680,191,cat_0,191
47681,349,cat_1,349
47682,887,cat_2,887
47683,870,cat_3,870
47684,271,cat_4,271
47685,820,cat_0,820
47686,480,cat_1,480
47687,925,cat_2,925
47688,314,cat_3,314
47689,379,cat_4,379
47690,188,cat_0,188
47691,149,cat_1,149
47692,403,cat_2,403
47693,188,cat_3,188
47694,618,cat_4,618
47695,804,cat_0,804
47696,101,cat_1,101
47697,782,cat_2,782
47698,584,cat_3,584
47699,648,cat_4,648
47700,788,cat_0,788
47701,417,cat_1,417
47702,31,cat_2,31
47703,995,cat_3,995
47704,998,cat_4,998
47705,976,cat_0,976
47706,676,cat_1,676
47707,104,cat_2,104
47708,663,cat_3,663
47709,112,cat_4,112
47710,300,cat_0,300
47711,307,cat_1,307
47712,57,cat_2,57
47713,380,cat_3,380
47714,755,cat_4,755
47715,267,cat_0,267
47716,20,cat_1,20
47717,908,cat_2,908
47718,94,cat_3,94
47719,43,cat_4,43
47720,603,cat_0,603
47721,613,cat_1,613
47722,681,cat_2,681
47723,355,cat_3,355
47724,349,cat_4,349
47725,891,cat_0,891
47726,43,cat_1,43
47727,606,cat_2,606
47728,556,cat_3,556
47729,837,cat_4,837
47730,251,cat_0,251
47731,356,cat_1,356
47732,695,cat_2,695
47733,669,cat_3,669
47734,418,cat_4,418
47735,787,cat_0,787
47736,250,cat_1,250
47737,499,cat_2,499
47738,912,cat_3,912
47739,811,cat_4,811
47740,676,cat_0,676
47741,864,cat_1,864
47742,576,cat_2,576
47743,789,cat_3,789
47744,746,cat_4,746
47745,49,cat_0,49
47746,920,cat_1,920
47747,254,cat_2,254
47748,690,cat_3,690
47749,91,cat_4,91
47750,545,cat_0,545
47751,106,cat_1,106
47752,655,cat_2,655
47753,249,cat_3,249
47754,943,cat_4,943
47755,395,cat_0,395
47756,881,cat_1,881
47757,646,cat_2,646
47758,685,cat_3,685
47759,818,cat_4,818
47760,417,cat_0,417
47761,999,cat_1,999
47762,203,cat_2,203
47763,64,cat_3,64
47764,862,cat_4,862
47765,304,cat_0,304
47766,202,cat_1,202
47767,999,cat_2,999
47768,414,cat_3,414
47769,137,cat_4,137
47770,396,cat_0,396
47771,680,cat_1,680
47772,579,cat_2,579
47773,761,cat_3,761
47774,970,cat_4,970
47775,678,cat_0,678
47776,307,cat_1,307
47777,398,cat_2,398
47778,476,cat_3,476
47779,673,cat_4,673
47780,780,cat_0,780
47781,567,cat_1,567
47782,989,cat_2,989
47783,734,cat_3,734
47784,113,cat_4,113
47785,167,cat_0,167
47786,848,cat_1,848
47787,578,cat_2,578
47788,36,cat_3,36
47789,891,cat_4,891
47790,652,cat_0,652
47791,111,cat_1,111
47792,52,cat_2,52
47793,322,cat_3,322
47794,711,cat_4,711
47795,369,cat_0,369
47796,222,cat_1,222
47797,102,cat_2,102
47798,705,cat_3,705
47799,324,cat_4,324
47800,897,cat_0,897
47801,421,cat_1,421
47802,558,cat_2,558
47803,355,cat_3,355
47804,162,cat_4,162
47805,847,cat_0,847
47806,521,cat_1,521
47807,297,cat_2,297
47808,709,cat_3,709
47809,272,cat_4,272
47810,79,cat_0,79
47811,992,cat_1,992
47812,869,cat_2,869
47813,851,cat_3,851
47814,71,cat_4,71
47815,531,cat_0,531
47816,251,cat_1,251
47817,183,cat_2,183
47818,956,cat_3,956
47819,775,cat_4,775
47820,795,cat_0,795
47821,471,cat_1,471
47822,810,cat_2,810
47823,602,cat_3,602
47824,801,cat_4,801
47825,855,cat_0,855
47826,800,cat_1,800
47827,478,cat_2,478
47828,706,cat_3,706
47829,785,cat_4,785
47830,183,cat_0,183
47831,842,cat_1,842
47832,245,cat_2,245
47833,223,cat_3,223
47834,372,cat_4,372
47835,704,cat_0,704
47836,586,cat_1,586
47837,157,cat_2,157
47838,622,cat_3,622
47839,192,cat_4,192
47840,606,cat_0,606
47841,905,cat_1,905
47842,569,cat_2,569
47843,839,cat_3,839
47844,655,cat_4,655
47845,787,cat_0,787
47846,288,cat_1,288
47847,166,cat_2,166
47848,881,cat_3,881
47849,517,cat_4,517
47850,828,cat_0,828
47851,232,cat_1,232
47852,674,cat_2,674
47853,578,cat_3,578
47854,637,cat_4,637
47855,43,cat_0,43
47856,155,cat_1,155
47857,802,cat_2,802
47858,215,cat_3,215
47859,666,cat_4,666
47860,880,cat_0,880
47861,948,cat_1,948
47862,684,cat_2,684
47863,786,cat_3,786
47864,290,cat_4,290
47865,512,cat_0,512
47866,732,cat_1,732
47867,266,cat_2,266
47868,108,cat_3,108
47869,39,cat_4,39
47870,828,cat_0,828
47871,248,cat_1,248
47872,300,cat_2,300
47873,815,cat_3,815
47874,975,cat_4,975
47875,436,cat_0,436
47876,747,cat_1,747
47877,730,cat_2,730
47878,520,cat_3,520
47879,898,cat_4,898
47880,203,cat_0,203
47881,483,cat_1,483
47882,224,cat_2,224
47883,527,cat_3,527
47884,780,cat_4,780
47885,596,cat_0,596
47886,567,cat_1,567
47887,397,cat_2,397
47888,972,cat_3,972
47889,528,cat_4,528
47890,962,cat_0,962
47891,237,cat_1,237
47892,952,cat_2,952
47893,955,cat_3,955
47894,971,cat_4,971
47895,897,cat_0,897
47896,578,cat_1,578
47897,975,cat_2,975
47898,922,cat_3,922
47899,242,cat_4,242
47900,879,cat_0,879
47901,750,cat_1,750
47902,574,cat_2,574
47903,584,cat_3,584
47904,877,cat_4,877
47905,956,cat_0,956
47906,695,cat_1,695
47907,10,cat_2,10
47908,251,cat_3,251
47909,781,cat_4,781
47910,425,cat_0,425
47911,794,cat_1,794
47912,897,cat_2,897
47913,766,cat_3,766
47914,274,cat_4,274
47915,923,cat_0,923
47916,33,cat_1,33
47917,46,cat_2,46
47918,628,cat_3,628
47919,387,cat_4,387
47920,512,cat_0,512
47921,53,cat_1,53
47922,395,cat_2,395
47923,358,cat_3,358
47924,373,cat_4,373
47925,919,cat_0,919
47926,607,cat_1,607
47927,79,cat_2,79
47928,199,cat_3,199
47929,912,cat_4,912
47930,967,cat_0,967
47931,620,cat_1,620
47932,616,cat_2,616
47933,913,cat_3,913
47934,991,cat_4,991
47935,391,cat_0,391
47936,509,cat_1,509
47937,721,cat_2,721
47938,856,cat_3,856
47939,520,cat_4,520
47940,485,cat_0,485
47941,104,cat_1,104
47942,63,cat_2,63
47943,129,cat_3,129
47944,725,cat_4,725
47945,498,cat_0,498
47946,870,cat_1,870
47947,608,cat_2,608
47948,301,cat_3,301
47949,506,cat_4,506
47950,168,cat_0,168
47951,751,cat_1,751
47952,908,cat_2,908
47953,404,cat_3,404
47954,123,cat_4,123
47955,184,cat_0,184
47956,812,cat_1,812
47957,505,cat_2,505
47958,878,cat_3,878
47959,568,cat_4,568
47960,720,cat_0,720
47961,926,cat_1,926
47962,834,cat_2,834
47963,677,cat_3,677
47964,384,cat_4,384
47965,138,cat_0,138
47966,744,cat_1,744
47967,271,cat_2,271
47968,607,cat_3,607
47969,711,cat_4,711
47970,59,cat_0,59
47971,3,cat_1,3
47972,440,cat_2,440
47973,515,cat_3,515
47974,26,cat_4,26
47975,975,cat_0,975
47976,371,cat_1,371
47977,791,cat_2,791
47978,150,cat_3,150
47979,341,cat_4,341
47980,247,cat_0,247
47981,540,cat_1,540
47982,719,cat_2,719
47983,782,cat_3,782
47984,6,cat_4,6
47985,493,cat_0,493
47986,373,cat_1,373
47987,198,cat_2,198
47988,27,cat_3,27
47989,163,cat_4,163
47990,629,cat_0,629
47991,56,cat_1,56
47992,626,cat_2,626
47993,442,cat_3,442
47994,549,cat_4,549
47995,20,cat_0,20
47996,113,cat_1,113
47997,944,cat_2,944
47998,80,cat_3,80
47999,915,cat_4,915
48000,435,cat_0,435
48001,40,cat_1,40
48002,689,cat_2,689
48003,435,cat_3,435
48004,375,cat_4,375
48005,615,cat_0,615
48006,23,cat_1,23
48007,931,cat_2,931
48008,678,cat_3,678
48009,452,cat_4,452
48010,911,cat_0,911
48011,253,cat_1,253
48012,970,cat_2,970
48013,173,cat_3,173
48014,236,cat_4,236
48015,365,cat_0,365
48016,186,cat_1,186
48017,958,cat_2,958
48018,799,cat_3,799
48019,655,cat_4,655
48020,548,cat_0,548
48021,133,cat_1,133
48022,156,cat_2,156
48023,465,cat_3,465
48024,528,cat_4,528
48025,348,cat_0,348
48026,680,cat_1,680
48027,580,cat_2,580
48028,710,cat_3,710
48029,918,cat_4,918
48030,10,cat_0,10
48031,924,cat_1,924
48032,866,cat_2,866
48033,896,cat_3,896
48034,194,cat_4,194
48035,486,cat_0,486
48036,99,cat_1,99
48037,638,cat_2,638
48038,398,cat_3,398
48039,720,cat_4,720
48040,556,cat_0,556
48041,204,cat_1,204
48042,547,cat_2,547
48043,705,cat_3,705
48044,559,cat_4,559
48045,147,cat_0,147
48046,565,cat_1,565
48047,370,cat_2,370
48048,576,cat_3,576
48049,496,cat_4,496
48050,258,cat_0,258
48051,168,cat_1,168
48052,422,cat_2,422
48053,744,cat_3,744
48054,935,cat_4,935
48055,99,cat_0,99
48056,659,cat_1,659
48057,880,cat_2,880
48058,97,cat_3,97
48059,982,cat_4,982
48060,758,cat_0,758
48061,936,cat_1,936
48062,344,cat_2,344
48063,558,cat_3,558
48064,809,cat_4,809
48065,300,cat_0,300
48066,56,cat_1,56
48067,869,cat_2,869
48068,992,cat_3,992
48069,672,cat_4,672
48070,647,cat_0,647
48071,103,cat_1,103
48072,910,cat_2,910
48073,866,cat_3,866
48074,471,cat_4,471
48075,328,cat_0,328
48076,373,cat_1,373
48077,941,cat_2,941
48078,332,cat_3,332
48079,269,cat_4,269
48080,299,cat_0,299
48081,176,cat_1,176
48082,262,cat_2,262
48083,467,cat_3,467
48084,707,cat_4,707
48085,907,cat_0,907
48086,250,cat_1,250
48087,46,cat_2,46
48088,27,cat_3,27
48089,906,cat_4,906
48090,62,cat_0,62
48091,12,cat_1,12
48092,334,cat_2,334
48093,760,cat_3,760
48094,11,cat_4,11
48095,212,cat_0,212
48096,576,cat_1,576
48097,261,cat_2,261
48098,139,cat_3,139
48099,468,cat_4,468
48100,791,cat_0,791
48101,682,cat_1,682
48102,275,cat_2,275
48103,246,cat_3,246
48104,226,cat_4,226
48105,331,cat_0,331
48106,912,cat_1,912
48107,104,cat_2,104
48108,644,cat_3,644
48109,782,cat_4,782
48110,50,cat_0,50
48111,984,cat_1,984
48112,800,cat_2,800
48113,83,cat_3,83
48114,481,cat_4,481
48115,829,cat_0,829
48116,911,cat_1,911
48117,238,cat_2,238
48118,655,cat_3,655
48119,463,cat_4,463
48120,300,cat_0,300
48121,3,cat_1,3
48122,147,cat_2,147
48123,230,cat_3,230
48124,678,cat_4,678
48125,891,cat_0,891
48126,365,cat_1,365
48127,99,cat_2,99
48128,939,cat_3,939
48129,425,cat_4,425
48130,835,cat_0,835
48131,54,cat_1,54
48132,299,cat_2,299
48133,322,cat_3,322
48134,321,cat_4,321
48135,755,cat_0,755
48136,568,cat_1,568
48137,696,cat_2,696
48138,800,cat_3,800
48139,285,cat_4,285
48140,958,cat_0,958
48141,277,cat_1,277
48142,697,cat_2,697
48143,438,cat_3,438
48144,76,cat_4,76
48145,627,cat_0,627
48146,596,cat_1,596
48147,489,cat_2,489
48148,27,cat_3,27
48149,898,cat_4,898
48150,979,cat_0,979
48151,264,cat_1,264
48152,997,cat_2,997
48153,432,cat_3,432
48154,414,cat_4,414
48155,214,cat_0,214
48156,440,cat_1,440
48157,904,cat_2,904
48158,920,cat_3,920
48159,86,cat_4,86
48160,417,cat_0,417
48161,310,cat_1,310
48162,351,cat_2,351
48163,286,cat_3,286
48164,506,cat_4,506
48165,301,cat_0,301
48166,912,cat_1,912
48167,522,cat_2,522
48168,234,cat_3,234
48169,543,cat_4,543
48170,743,cat_0,743
48171,568,cat_1,568
48172,599,cat_2,599
48173,853,cat_3,853
48174,189,cat_4,189
48175,693,cat_0,693
48176,145,cat_1,145
48177,489,cat_2,489
48178,480,cat_3,480
48179,805,cat_4,805
48180,612,cat_0,612
48181,223,cat_1,223
48182,374,cat_2,374
48183,819,cat_3,819
48184,454,cat_4,454
48185,847,cat_0,847
48186,755,cat_1,755
48187,831,cat_2,831
48188,910,cat_3,910
48189,367,cat_4,367
48190,531,cat_0,531
48191,433,cat_1,433
48192,775,cat_2,775
48193,297,cat_3,297
48194,758,cat_4,758
48195,493,cat_0,493
48196,349,cat_1,349
48197,291,cat_2,291
48198,934,cat_3,934
48199,508,cat_4,508
48200,602,cat_0,602
48201,886,cat_1,886
48202,390,cat_2,390
48203,900,cat_3,900
48204,48,cat_4,48
48205,539,cat_0,539
48206,941,cat_1,941
48207,582,cat_2,582
48208,923,cat_3,923
48209,175,cat_4,175
48210,623,cat_0,623
48211,754,cat_1,754
48212,114,cat_2,114
48213,246,cat_3,246
48214,28,cat_4,28
48215,44,cat_0,44
48216,528,cat_1,528
48217,952,cat_2,952
48218,205,cat_3,205
48219,322,cat_4,322
48220,12,cat_0,12
48221,348,cat_1,348
48222,241,cat_2,241
48223,914,cat_3,914
48224,672,cat_4,672
48225,614,cat_0,614
48226,654,cat_1,654
48227,753,cat_2,753
48228,324,cat_3,324
48229,671,cat_4,671
48230,798,cat_0,798
48231,846,cat_1,846
48232,101,cat_2,101
48233,787,cat_3,787
48234,212,cat_4,212
48235,484,cat_0,484
48236,97,cat_1,97
48237,457,cat_2,457
48238,849,cat_3,849
48239,416,cat_4,416
48240,507,cat_0,507
48241,615,cat_1,615
48242,926,cat_2,926
48243,639,cat_3,639
48244,732,cat_4,732
48245,575,cat_0,575
48246,604,cat_1,604
48247,576,cat_2,576
48248,326,cat_3,326
48249,901,cat_4,901
48250,648,cat_0,648
48251,412,cat_1,412
48252,209,cat_2,209
48253,530,cat_3,530
48254,924,cat_4,924
48255,634,cat_0,634
48256,292,cat_1,292
48257,809,cat_2,809
48258,848,cat_3,848
48259,157,cat_4,157
48260,734,cat_0,734
48261,784,cat_1,784
48262,240,cat_2,240
48263,803,cat_3,803
48264,932,cat_4,932
48265,239,cat_0,239
48266,961,cat_1,961
48267,384,cat_2,384
48268,742,cat_3,742
48269,425,cat_4,425
48270,449,cat_0,449
48271,604,cat_1,604
48272,45,cat_2,45
48273,236,cat_3,236
48274,688,cat_4,688
48275,790,cat_0,790
48276,924,cat_1,924
48277,486,cat_2,486
48278,637,cat_3,637
48279,533,cat_4,533
48280,228,cat_0,228
48281,166,cat_1,166
48282,11,cat_2,11
48283,805,cat_3,805
48284,134,cat_4,134
48285,901,cat_0,901
48286,937,cat_1,937
48287,732,cat_2,732
48288,898,cat_3,898
48289,18,cat_4,18
48290,509,cat_0,509
48291,153,cat_1,153
48292,855,cat_2,855
48293,740,cat_3,740
48294,765,cat_4,765
48295,93,cat_0,93
48296,721,cat_1,721
48297,271,cat_2,271
48298,495,cat_3,495
48299,251,cat_4,251
48300,237,cat_0,237
48301,445,cat_1,445
48302,146,cat_2,146
48303,802,cat_3,802
48304,911,cat_4,911
48305,248,cat_0,248
48306,567,cat_1,567
48307,115,cat_2,115
48308,817,cat_3,817
48309,784,cat_4,784
48310,630,cat_0,630
48311,390,cat_1,390
48312,300,cat_2,300
48313,72,cat_3,72
48314,254,cat_4,254
48315,787,cat_0,787
48316,359,cat_1,359
48317,49,cat_2,49
48318,192,cat_3,192
48319,49,cat_4,49
48320,218,cat_0,218
48321,371,cat_1,371
48322,864,cat_2,864
48323,503,cat_3,503
48324,416,cat_4,416
48325,946,cat_0,946
48326,689,cat_1,689
48327,632,cat_2,632
48328,504,cat_3,504
48329,120,cat_4,120
48330,407,cat_0,407
48331,158,cat_1,158
48332,607,cat_2,607
48333,458,cat_3,458
48334,487,cat_4,487
48335,534,cat_0,534
48336,325,cat_1,325
48337,898,cat_2,898
48338,815,cat_3,815
48339,453,cat_4,453
48340,797,cat_0,797
48341,918,cat_1,918
48342,249,cat_2,249
48343,711,cat_3,711
48344,144,cat_4,144
48345,156,cat_0,156
48346,182,cat_1,182
48347,957,cat_2,957
48348,944,cat_3,944
48349,598,cat_4,598
48350,998,cat_0,998
48351,488,cat_1,488
48352,389,cat_2,389
48353,974,cat_3,974
48354,440,cat_4,440
48355,293,cat_0,293
48356,524,cat_1,524
48357,836,cat_2,836
48358,310,cat_3,310
48359,425,cat_4,425
48360,120,cat_0,120
48361,67,cat_1,67
48362,354,cat_2,354
48363,558,cat_3,558
48364,478,cat_4,478
48365,932,cat_0,932
48366,82,cat_1,82
48367,617,cat_2,617
48368,679,cat_3,679
48369,106,cat_4,106
48370,789,cat_0,789
48371,563,cat_1,563
48372,391,cat_2,391
48373,460,cat_3,460
48374,55,cat_4,55
48375,968,cat_0,968
48376,563,cat_1,563
48377,327,cat_2,327
48378,925,cat_3,925
48379,830,cat_4,830
48380,150,cat_0,150
48381,341,cat_1,341
48382,935,cat_2,935
48383,322,cat_3,322
48384,724,cat_4,724
48385,219,cat_0,219
48386,70,cat_1,70
48387,125,cat_2,125
48388,647,cat_3,647
48389,461,cat_4,461
48390,112,cat_0,112
48391,118,cat_1,118
48392,99,cat_2,99
48393,495,cat_3,495
48394,486,cat_4,486
48395,700,cat_0,700
48396,767,cat_1,767
48397,28,cat_2,28
48398,604,cat_3,604
48399,405,cat_4,405
48400,335,cat_0,335
48401,598,cat_1,598
48402,350,cat_2,350
48403,518,cat_3,518
48404,319,cat_4,319
48405,274,cat_0,274
48406,776,cat_1,776
48407,585,cat_2,585
48408,535,cat_3,535
48409,332,cat_4,332
48410,145,cat_0,145
48411,501,cat_1,501
48412,327,cat_2,327
48413,135,cat_3,135
48414,532,cat_4,532
48415,156,cat_0,156
48416,96,cat_1,96
48417,464,cat_2,464
48418,548,cat_3,548
48419,868,cat_4,868
48420,864,cat_0,864
48421,236,cat_1,236
48422,549,cat_2,549
48423,333,cat_3,333
48424,10,cat_4,10
48425,447,cat_0,447
48426,776,cat_1,776
48427,237,cat_2,237
48428,60,cat_3,60
48429,253,cat_4,253
48430,358,cat_0,358
48431,74,cat_1,74
48432,882,cat_2,882
48433,710,cat_3,710
48434,878,cat_4,878
48435,188,cat_0,188
48436,6,cat_1,6
48437,419,cat_2,419
48438,190,cat_3,190
48439,382,cat_4,382
48440,723,cat_0,723
48441,952,cat_1,952
48442,806,cat_2,806
48443,574,cat_3,574
48444,320,cat_4,320
48445,177,cat_0,177
48446,477,cat_1,477
48447,646,cat_2,646
48448,267,cat_3,267
48449,358,cat_4,358
48450,606,cat_0,606
48451,498,cat_1,498
48452,386,cat_2,386
48453,150,cat_3,150
48454,448,cat_4,448
48455,793,cat_0,793
48456,501,cat_1,501
48457,698,cat_2,698
48458,116,cat_3,116
48459,139,cat_4,139
48460,375,cat_0,375
48461,179,cat_1,179
48462,180,cat_2,180
48463,278,cat_3,278
48464,959,cat_4,959
48465,971,cat_0,971
48466,67,cat_1,67
48467,35,cat_2,35
48468,210,cat_3,210
48469,516,cat_4,516
48470,517,cat_0,517
48471,40,cat_1,40
48472,156,cat_2,156
48473,907,cat_3,907
48474,788,cat_4,788
48475,695,cat_0,695
48476,973,cat_1,973
48477,120,cat_2,120
48478,663,cat_3,663
48479,883,cat_4,883
48480,185,cat_0,185
48481,47,cat_1,47
48482,520,cat_2,520
48483,747,cat_3,747
48484,179,cat_4,179
48485,905,cat_0,905
48486,250,cat_1,250
48487,32,cat_2,32
48488,537,cat_3,537
48489,718,cat_4,718
48490,415,cat_0,415
48491,655,cat_1,655
48492,612,cat_2,612
48493,769,cat_3,769
48494,929,cat_4,929
48495,580,cat_0,580
48496,953,cat_1,953
48497,724,cat_2,724
48498,816,cat_3,816
48499,998,cat_4,998
48500,733,cat_0,733
48501,791,cat_1,791
48502,956,cat_2,956
48503,941,cat_3,941
48504,719,cat_4,719
48505,201,cat_0,201
48506,32,cat_1,32
48507,605,cat_2,605
48508,763,cat_3,763
48509,508,cat_4,508
48510,902,cat_0,902
48511,508,cat_1,508
48512,94,cat_2,94
48513,264,cat_3,264
48514,656,cat_4,656
48515,374,cat_0,374
48516,156,cat_1,156
48517,899,cat_2,899
48518,87,cat_3,87
48519,787,cat_4,787
48520,80,cat_0,80
48521,163,cat_1,163
48522,364,cat_2,364
48523,305,cat_3,305
48524,950,cat_4,950
48525,831,cat_0,831
48526,993,cat_1,993
48527,266,cat_2,266
48528,104,cat_3,104
48529,412,cat_4,412
48530,559,cat_0,559
48531,955,cat_1,955
48532,430,cat_2,430
48533,161,cat_3,161
48534,220,cat_4,220
48535,86,cat_0,86
48536,100,cat_1,100
48537,932,cat_2,932
48538,840,cat_3,840
48539,278,cat_4,278
48540,757,cat_0,757
48541,585,cat_1,585
48542,607,cat_2,607
48543,423,cat_3,423
48544,895,cat_4,895
48545,959,cat_0,959
48546,1000,cat_1,1000
48547,116,cat_2,116
48548,401,cat_3,401
48549,285,cat_4,285
48550,156,cat_0,156
48551,753,cat_1,753
48552,536,cat_2,536
48553,322,cat_3,322
48554,99,cat_4,99
48555,243,cat_0,243
48556,300,cat_1,300
48557,676,cat_2,676
48558,961,cat_3,961
48559,162,cat_4,162
48560,690,cat_0,690
48561,675,cat_1,675
48562,294,cat_2,294
48563,132,cat_3,132
48564,878,cat_4,878
48565,97,cat_0,97
48566,959,cat_1,959
48567,538,cat_2,538
48568,291,cat_3,291
48569,876,cat_4,876
48570,393,cat_0,393
48571,570,cat_1,570
48572,691,cat_2,691
48573,132,cat_3,132
48574,37,cat_4,37
48575,263,cat_0,263
48576,139,cat_1,139
48577,693,cat_2,693
48578,352,cat_3,352
48579,284,cat_4,284
48580,919,cat_0,919
48581,955,cat_1,955
48582,453,cat_2,453
48583,158,cat_3,158
48584,473,cat_4,473
48585,773,cat_0,773
48586,415,cat_1,415
48587,455,cat_2,455
48588,173,cat_3,173
48589,948,cat_4,948
48590,411,cat_0,411
48591,521,cat_1,521
48592,506,cat_2,506
48593,355,cat_3,355
48594,481,cat_4,481
48595,689,cat_0,689
48596,18,cat_1,18
48597,579,cat_2,579
48598,522,cat_3,522
48599,659,cat_4,659
48600,65,cat_0,65
48601,909,cat_1,909
48602,24,cat_2,24
48603,428,cat_3,428
48604,676,cat_4,676
48605,241,cat_0,241
48606,46,cat_1,46
48607,379,cat_2,379
48608,959,cat_3,959
48609,654,cat_4,654
48610,236,cat_0,236
48611,768,cat_1,768
48612,597,cat_2,597
48613,583,cat_3,583
48614,704,cat_4,704
48615,817,cat_0,817
48616,238,cat_1,238
48617,216,cat_2,216
48618,657,cat_3,657
48619,467,cat_4,467
48620,339,cat_0,339
48621,524,cat_1,524
48622,318,cat_2,318
48623,294,cat_3,294
48624,916,cat_4,916
48625,761,cat_0,761
48626,437,cat_1,437
48627,646,cat_2,646
48628,477,cat_3,477
48629,2,cat_4,2
48630,929,cat_0,929
48631,64,cat_1,64
48632,59,cat_2,59
48633,142,cat_3,142
48634,80,cat_4,80
48635,985,cat_0,985
48636,733,cat_1,733
48637,94,cat_2,94
48638,929,cat_3,929
48639,502,cat_4,502
48640,990,cat_0,990
48641,767,cat_1,767
48642,955,cat_2,955
48643,624,cat_3,624
48644,604,cat_4,604
48645,129,cat_0,129
48646,479,cat_1,479
48647,699,cat_2,699
48648,409,cat_3,409
48649,757,cat_4,757
48650,541,cat_0,541
48651,392,cat_1,392
48652,474,cat_2,474
48653,689,cat_3,689
48654,611,cat_4,611
48655,737,cat_0,737
48656,728,cat_1,728
48657,170,cat_2,170
48658,266,cat_3,266
48659,267,cat_4,267
48660,128,cat_0,128
48661,259,cat_1,259
48662,822,cat_2,822
48663,743,cat_3,743
48664,911,cat_4,911
48665,783,cat_0,783
48666,372,cat_1,372
48667,235,cat_2,235
48668,651,cat_3,651
48669,799,cat_4,799
48670,732,cat_0,732
48671,461,cat_1,461
48672,412,cat_2,412
48673,76,cat_3,76
48674,776,cat_4,776
48675,479,cat_0,479
48676,923,cat_1,923
48677,4,cat_2,4
48678,822,cat_3,822
48679,946,cat_4,946
48680,901,cat_0,901
48681,733,cat_1,733
48682,210,cat_2,210
48683,61,cat_3,61
48684,738,cat_4,738
48685,150,cat_0,150
48686,154,cat_1,154
48687,52,cat_2,52
48688,927,cat_3,927
48689,106,cat_4,106
48690,874,cat_0,874
48691,858,cat_1,858
48692,590,cat_2,590
48693,190,cat_3,190
48694,296,cat_4,296
48695,711,cat_0,711
48696,398,cat_1,398
48697,530,cat_2,530
48698,314,cat_3,314
48699,588,cat_4,588
48700,810,cat_0,810
48701,357,cat_1,357
48702,943,cat_2,943
48703,248,cat_3,248
48704,571,cat_4,571
48705,597,cat_0,597
48706,987,cat_1,987
48707,650,cat_2,650
48708,75,cat_3,75
48709,71,cat_4,71
48710,520,cat_0,520
48711,969,cat_1,969
48712,265,cat_2,265
48713,486,cat_3,486
48714,424,cat_4,424
48715,54,cat_0,54
48716,374,cat_1,374
48717,2,cat_2,2
48718,383,cat_3,383
48719,832,cat_4,832
48720,58,cat_0,58
48721,575,cat_1,575
48722,954,cat_2,954
48723,694,cat_3,694
48724,936,cat_4,936
48725,554,cat_0,554
48726,212,cat_1,212
48727,974,cat_2,974
48728,931,cat_3,931
48729,402,cat_4,402
48730,478,cat_0,478
48731,973,cat_1,973
48732,942,cat_2,942
48733,809,cat_3,809
48734,27,cat_4,27
48735,912,cat_0,912
48736,595,cat_1,595
48737,801,cat_2,801
48738,253,cat_3,253
48739,823,cat_4,823
48740,222,cat_0,222
48741,162,cat_1,162
48742,465,cat_2,465
48743,547,cat_3,547
48744,87,cat_4,87
48745,340,cat_0,340
48746,431,cat_1,431
48747,321,cat_2,321
48748,640,cat_3,640
48749,681,cat_4,681
48750,655,cat_0,655
48751,670,cat_1,670
48752,95,cat_2,95
48753,623,cat_3,623
48754,457,cat_4,457
48755,624,cat_0,624
48756,270,cat_1,270
48757,322,cat_2,322
48758,592,cat_3,592
48759,594,cat_4,594
48760,669,cat_0,669
48761,845,cat_1,845
48762,82,cat_2,82
48763,576,cat_3,576
48764,371,cat_4,371
48765,114,cat_0,114
48766,121,cat_1,121
48767,402,cat_2,402
48768,806,cat_3,806
48769,606,cat_4,606
48770,36,cat_0,36
48771,833,cat_1,833
48772,78,cat_2,78
48773,450,cat_3,450
48774,636,cat_4,636
48775,223,cat_0,223
48776,853,cat_1,853
48777,256,cat_2,256
48778,635,cat_3,635
48779,994,cat_4,994
48780,72,cat_0,72
48781,257,cat_1,257
48782,422,cat_2,422
48783,398,cat_3,398
48784,439,cat_4,439
48785,766,cat_0,766
48786,307,cat_1,307
48787,547,cat_2,547
48788,183,cat_3,183
48789,134,cat_4,134
48790,996,cat_0,996
48791,406,cat_1,406
48792,498,cat_2,498
48793,618,cat_3,618
48794,310,cat_4,310
48795,425,cat_0,425
48796,67,cat_1,67
48797,635,cat_2,635
48798,389,cat_3,389
48799,67,cat_4,67
48800,985,cat_0,985
48801,925,cat_1,925
48802,809,cat_2,809
48803,860,cat_3,860
48804,127,cat_4,127
48805,626,cat_0,626
48806,541,cat_1,541
48807,123,cat_2,123
48808,325,cat_3,325
48809,651,cat_4,651
48810,620,cat_0,620
48811,868,cat_1,868
48812,735,cat_2,735
48813,234,cat_3,234
48814,325,cat_4,325
48815,480,cat_0,480
48816,196,cat_1,196
48817,8,cat_2,8
48818,765,cat_3,765
48819,701,cat_4,701
48820,615,cat_0,615
48821,662,cat_1,662
48822,801,cat_2,801
48823,686,cat_3,686
48824,942,cat_4,942
48825,694,cat_0,694
48826,948,cat_1,948
48827,991,cat_2,991
48828,319,cat_3,319
48829,266,cat_4,266
48830,234,cat_0,234
48831,86,cat_1,86
48832,702,cat_2,702
48833,308,cat_3,308
48834,594,cat_4,594
48835,93,cat_0,93
48836,467,cat_1,467
48837,182,cat_2,182
48838,224,cat_3,224
48839,350,cat_4,350
48840,733,cat_0,733
48841,313,cat_1,313
48842,766,cat_2,766
48843,670,cat_3,670
48844,684,cat_4,684
48845,420,cat_0,420
48846,946,cat_1,946
48847,833,cat_2,833
48848,91,cat_3,91
48849,210,cat_4,210
48850,251,cat_0,251
48851,161,cat_1,161
48852,740,cat_2,740
48853,970,cat_3,970
48854,485,cat_4,485
48855,474,cat_0,474
48856,244,cat_1,244
48857,369,cat_2,369
48858,924,cat_3,924
48859,182,cat_4,182
48860,66,cat_0,66
48861,855,cat_1,855
48862,444,cat_2,444
48863,113,cat_3,113
48864,593,cat_4,593
48865,596,cat_0,596
48866,527,cat_1,527
48867,473,cat_2,473
48868,196,cat_3,196
48869,413,cat_4,413
48870,631,cat_0,631
48871,294,cat_1,294
48872,413,cat_2,413
48873,464,cat_3,464
48874,436,cat_4,436
48875,593,cat_0,593
48876,219,cat_1,219
48877,980,cat_2,980
48878,152,cat_3,152
48879,420,cat_4,420
48880,602,cat_0,602
48881,610,cat_1,610
48882,149,cat_2,149
48883,217,cat_3,217
48884,875,cat_4,875
48885,85,cat_0,85
48886,62,cat_1,62
48887,735,cat_2,735
48888,673,cat_3,673
48889,69,cat_4,69
48890,740,cat_0,740
48891,364,cat_1,364
48892,611,cat_2,611
48893,678,cat_3,678
48894,956,cat_4,956
48895,446,cat_0,446
48896,630,cat_1,630
48897,378,cat_2,378
48898,521,cat_3,521
48899,44,cat_4,44
48900,366,cat_0,366
48901,37,cat_1,37
48902,81,cat_2,81
48903,134,cat_3,134
48904,953,cat_4,953
48905,679,cat_0,679
48906,178,cat_1,178
48907,758,cat_2,758
48908,551,cat_3,551
48909,121,cat_4,121
48910,807,cat_0,807
48911,826,cat_1,826
48912,615,cat_2,615
48913,586,cat_3,586
48914,921,cat_4,921
48915,765,cat_0,765
48916,140,cat_1,140
48917,422,cat_2,422
48918,556,cat_3,556
48919,922,cat_4,922
48920,389,cat_0,389
48921,346,cat_1,346
48922,214,cat_2,214
48923,896,cat_3,896
48924,616,cat_4,616
48925,492,cat_0,492
48926,683,cat_1,683
48927,535,cat_2,535
48928,997,cat_3,997
48929,265,cat_4,265
48930,943,cat_0,943
48931,49,cat_1,49
48932,971,cat_2,971
48933,591,cat_3,591
48934,11,cat_4,11
48935,261,cat_0,261
48936,811,cat_1,811
48937,905,cat_2,905
48938,155,cat_3,155
48939,913,cat_4,913
48940,930,cat_0,930
48941,156,cat_1,156
48942,53,cat_2,53
48943,810,cat_3,810
48944,727,cat_4,727
48945,188,cat_0,188
48946,511,cat_1,511
48947,584,cat_2,584
48948,667,cat_3,667
48949,727,cat_4,727
48950,852,cat_0,852
48951,322,cat_1,322
48952,849,cat_2,849
48953,121,cat_3,121
48954,474,cat_4,474
48955,709,cat_0,709
48956,851,cat_1,851
48957,551,cat_2,551
48958,862,cat_3,862
48959,465,cat_4,465
48960,999,cat_0,999
48961,268,cat_1,268
48962,948,cat_2,948
48963,376,cat_3,376
48964,559,cat_4,559
48965,453,cat_0,453
48966,878,cat_1,878
48967,87,cat_2,87
48968,856,cat_3,856
48969,140,cat_4,140
48970,294,cat_0,294
48971,931,cat_1,931
48972,257,cat_2,257
48973,968,cat_3,968
48974,439,cat_4,439
48975,165,cat_0,165
48976,892,cat_1,892
48977,281,cat_2,281
48978,739,cat_3,739
48979,146,cat_4,146
48980,758,cat_0,758
48981,247,cat_1,247
48982,881,cat_2,881
48983,54,cat_3,54
48984,727,cat_4,727
48985,789,cat_0,789
48986,565,cat_1,565
48987,589,cat_2,589
48988,960,cat_3,960
48989,980,cat_4,980
48990,59,cat_0,59
48991,677,cat_1,677
48992,278,cat_2,278
48993,343,cat_3,343
48994,637,cat_4,637
48995,54,cat_0,54
48996,350,cat_1,350
48997,254,cat_2,254
48998,536,cat_3,536
48999,756,cat_4,756
49000,356,cat_0,356
49001,105,cat_1,105
49002,820,cat_2,820
49003,593,cat_3,593
49004,987,cat_4,987
49005,728,cat_0,728
49006,947,cat_1,947
49007,404,cat_2,404
49008,835,cat_3,835
49009,167,cat_4,167
49010,455,cat_0,455
49011,669,cat_1,669
49012,782,cat_2,782
49013,55,cat_3,55
49014,476,cat_4,476
49015,419,cat_0,419
49016,302,cat_1,302
49017,425,cat_2,425
49018,347,cat_3,347
49019,376,cat_4,376
49020,793,cat_0,793
49021,159,cat_1,159
49022,597,cat_2,597
49023,891,cat_3,891
49024,478,cat_4,478
49025,816,cat_0,816
49026,294,cat_1,294
49027,259,cat_2,259
49028,973,cat_3,973
49029,906,cat_4,906
49030,656,cat_0,656
49031,871,cat_1,871
49032,235,cat_2,235
49033,989,cat_3,989
49034,941,cat_4,941
49035,328,cat_0,328
49036,971,cat_1,971
49037,944,cat_2,944
49038,932,cat_3,932
49039,81,cat_4,81
49040,569,cat_0,569
49041,329,cat_1,329
49042,302,cat_2,302
49043,926,cat_3,926
49044,168,cat_4,168
49045,774,cat_0,774
49046,182,cat_1,182
49047,292,cat_2,292
49048,157,cat_3,157
49049,771,cat_4,771
49050,474,cat_0,474
49051,801,cat_1,801
49052,336,cat_2,336
49053,634,cat_3,634
49054,117,cat_4,117
49055,506,cat_0,506
49056,390,cat_1,390
49057,835,cat_2,835
49058,239,cat_3,239
49059,349,cat_4,349
49060,755,cat_0,755
49061,925,cat_1,925
49062,721,cat_2,721
49063,764,cat_3,764
49064,710,cat_4,710
49065,668,cat_0,668
49066,716,cat_1,716
49067,829,cat_2,829
49068,268,cat_3,268
49069,739,cat_4,739
49070,797,cat_0,797
49071,969,cat_1,969
49072,346,cat_2,346
49073,78,cat_3,78
49074,275,cat_4,275
49075,655,cat_0,655
49076,407,cat_1,407
49077,296,cat_2,296
49078,392,cat_3,392
49079,273,cat_4,273
49080,741,cat_0,741
49081,308,cat_1,308
49082,952,cat_2,952
49083,35,cat_3,35
49084,803,cat_4,803
49085,262,cat_0,262
49086,867,cat_1,867
49087,693,cat_2,693
49088,495,cat_3,495
49089,579,cat_4,579
49090,571,cat_0,571
49091,593,cat_1,593
49092,610,cat_2,610
49093,306,cat_3,306
49094,246,cat_4,246
49095,606,cat_0,606
49096,625,cat_1,625
49097,977,cat_2,977
49098,146,cat_3,146
49099,270,cat_4,270
49100,488,cat_0,488
49101,81,cat_1,81
49102,395,cat_2,395
49103,171,cat_3,171
49104,211,cat_4,211
49105,726,cat_0,726
49106,267,cat_1,267
49107,199,cat_2,199
49108,447,cat_3,447
49109,459,cat_4,459
49110,407,cat_0,407
49111,747,cat_1,747
49112,675,cat_2,675
49113,31,cat_3,31
49114,586,cat_4,586
49115,457,cat_0,457
49116,796,cat_1,796
49117,557,cat_2,557
49118,242,cat_3,242
49119,774,cat_4,774
49120,675,cat_0,675
49121,566,cat_1,566
49122,559,cat_2,559
49123,500,cat_3,500
49124,715,cat_4,715
49125,428,cat_0,428
49126,741,cat_1,741
49127,684,cat_2,684
49128,775,cat_3,775
49129,255,cat_4,255
49130,978,cat_0,978
49131,291,cat_1,291
49132,937,cat_2,937
49133,726,cat_3,726
49134,755,cat_4,755
49135,946,cat_0,946
49136,288,cat_1,288
49137,464,cat_2,464
49138,688,cat_3,688
49139,318,cat_4,318
49140,736,cat_0,736
49141,2,cat_1,2
49142,641,cat_2,641
49143,684,cat_3,684
49144,137,cat_4,137
49145,996,cat_0,996
49146,165,cat_1,165
49147,117,cat_2,117
49148,370,cat_3,370
49149,12,cat_4,12
49150,716,cat_0,716
49151,363,cat_1,363
49152,714,cat_2,714
49153,75,cat_3,75
49154,423,cat_4,423
49155,642,cat_0,642
49156,368,cat_1,368
49157,295,cat_2,295
49158,767,cat_3,767
49159,641,cat_4,641
49160,858,cat_0,858
49161,321,cat_1,321
49162,556,cat_2,556
49163,896,cat_3,896
49164,917,cat_4,917
49165,678,cat_0,678
49166,793,cat_1,793
49167,920,cat_2,920
49168,564,cat_3,564
49169,11,cat_4,11
49170,467,cat_0,467
49171,332,cat_1,332
49172,200,cat_2,200
49173,359,cat_3,359
49174,351,cat_4,351
49175,862,cat_0,862
49176,923,cat_1,923
49177,186,cat_2,186
49178,286,cat_3,286
49179,443,cat_4,443
49180,849,cat_0,849
49181,555,cat_1,555
49182,35,cat_2,35
49183,112,cat_3,112
49184,936,cat_4,936
49185,204,cat_0,204
49186,959,cat_1,959
49187,123,cat_2,123
49188,570,cat_3,570
49189,841,cat_4,841
49190,293,cat_0,293
49191,570,cat_1,570
49192,161,cat_2,161
49193,940,cat_3,940
49194,386,cat_4,386
49195,79,cat_0,79
49196,936,cat_1,936
49197,432,cat_2,432
49198,643,cat_3,643
49199,828,cat_4,828
49200,503,cat_0,503
49201,510,cat_1,510
49202,587,cat_2,587
49203,466,cat_3,466
49204,138,cat_4,138
49205,462,cat_0,462
49206,933,cat_1,933
49207,455,cat_2,455
49208,325,cat_3,325
49209,601,cat_4,601
49210,2,cat_0,2
49211,684,cat_1,684
49212,795,cat_2,795
49213,990,cat_3,990
49214,198,cat_4,198
49215,266,cat_0,266
49216,976,cat_1,976
49217,899,cat_2,899
49218,854,cat_3,854
49219,822,cat_4,822
49220,518,cat_0,518
49221,900,cat_1,900
49222,986,cat_2,986
49223,2,cat_3,2
49224,923,cat_4,923
49225,915,cat_0,915
49226,138,cat_1,138
49227,493,cat_2,493
49228,984,cat_3,984
49229,432,cat_4,432
49230,609,cat_0,609
49231,505,cat_1,505
49232,366,cat_2,366
49233,933,cat_3,933
49234,865,cat_4,865
49235,849,cat_0,849
49236,802,cat_1,802
49237,444,cat_2,444
49238,809,cat_3,809
49239,835,cat_4,835
49240,974,cat_0,974
49241,129,cat_1,129
49242,973,cat_2,973
49243,848,cat_3,848
49244,821,cat_4,821
49245,547,cat_0,547
49246,799,cat_1,799
49247,823,cat_2,823
49248,684,cat_3,684
49249,50,cat_4,50
49250,109,cat_0,109
49251,231,cat_1,231
49252,6,cat_2,6
49253,763,cat_3,763
49254,246,cat_4,246
49255,87,cat_0,87
49256,418,cat_1,418
49257,70,cat_2,70
49258,307,cat_3,307
49259,344,cat_4,344
49260,92,cat_0,92
49261,377,cat_1,377
49262,332,cat_2,332
49263,976,cat_3,976
49264,525,cat_4,525
49265,848,cat_0,848
49266,623,cat_1,623
49267,958,cat_2,958
49268,662,cat_3,662
49269,219,cat_4,219
49270,249,cat_0,249
49271,452,cat_1,452
49272,48,cat_2,48
49273,85,cat_3,85
49274,746,cat_4,746
49275,866,cat_0,866
49276,50,cat_1,50
49277,912,cat_2,912
49278,281,cat_3,281
49279,108,cat_4,108
49280,295,cat_0,295
49281,892,cat_1,892
49282,754,cat_2,754
49283,611,cat_3,611
49284,326,cat_4,326
49285,420,cat_0,420
49286,649,cat_1,649
49287,803,cat_2,803
49288,944,cat_3,944
49289,77,cat_4,77
49290,821,cat_0,821
49291,747,cat_1,747
49292,159,cat_2,159
49293,392,cat_3,392
49294,139,cat_4,139
49295,996,cat_0,996
49296,871,cat_1,871
49297,259,cat_2,259
49298,292,cat_3,292
49299,142,cat_4,142
49300,669,cat_0,669
49301,328,cat_1,328
49302,874,cat_2,874
49303,981,cat_3,981
49304,287,cat_4,287
49305,629,cat_0,629
49306,509,cat_1,509
49307,901,cat_2,901
49308,322,cat_3,322
49309,368,cat_4,368
49310,289,cat_0,289
49311,541,cat_1,541
49312,522,cat_2,522
49313,886,cat_3,886
49314,27,cat_4,27
49315,411,cat_0,411
49316,234,cat_1,234
49317,186,cat_2,186
49318,324,cat_3,324
49319,910,cat_4,910
49320,740,cat_0,740
49321,336,cat_1,336
49322,863,cat_2,863
49323,406,cat_3,406
49324,656,cat_4,656
49325,226,cat_0,226
49326,430,cat_1,430
49327,72,cat_2,72
49328,607,cat_3,607
49329,204,cat_4,204
49330,19,cat_0,19
49331,255,cat_1,255
49332,447,cat_2,447
49333,637,cat_3,637
49334,438,cat_4,438
49335,976,cat_0,976
49336,393,cat_1,393
49337,287,cat_2,287
49338,605,cat_3,605
49339,123,cat_4,123
49340,308,cat_0,308
49341,932,cat_1,932
49342,934,cat_2,934
49343,792,cat_3,792
49344,96,cat_4,96
49345,827,cat_0,827
49346,454,cat_1,454
49347,440,cat_2,440
49348,833,cat_3,833
49349,170,cat_4,170
49350,555,cat_0,555
49351,406,cat_1,406
49352,695,cat_2,695
49353,298,cat_3,298
49354,87,cat_4,87
49355,44,cat_0,44
49356,615,cat_1,615
49357,990,cat_2,990
49358,732,cat_3,732
49359,119,cat_4,119
49360,956,cat_0,956
49361,525,cat_1,525
49362,622,cat_2,622
49363,141,cat_3,141
49364,369,cat_4,369
49365,921,cat_0,921
49366,842,cat_1,842
49367,986,cat_2,986
49368,870,cat_3,870
49369,392,cat_4,392
49370,71,cat_0,71
49371,797,cat_1,797
49372,644,cat_2,644
49373,502,cat_3,502
49374,403,cat_4,403
49375,291,cat_0,291
49376,744,cat_1,744
49377,343,cat_2,343
49378,789,cat_3,789
49379,692,cat_4,692
49380,62,cat_0,62
49381,865,cat_1,865
49382,317,cat_2,317
49383,463,cat_3,463
49384,386,cat_4,386
49385,941,cat_0,941
49386,519,cat_1,519
49387,864,cat_2,864
49388,186,cat_3,186
49389,49,cat_4,49
49390,216,cat_0,216
49391,468,cat_1,468
49392,639,cat_2,639
49393,889,cat_3,889
49394,908,cat_4,908
49395,370,cat_0,370
49396,395,cat_1,395
49397,746,cat_2,746
49398,334,cat_3,334
49399,406,cat_4,406
49400,441,cat_0,441
49401,761,cat_1,761
49402,948,cat_2,948
49403,865,cat_3,865
49404,370,cat_4,370
49405,183,cat_0,183
49406,706,cat_1,706
49407,567,cat_2,567
49408,847,cat_3,847
49409,132,cat_4,132
49410,477,cat_0,477
49411,230,cat_1,230
49412,456,cat_2,456
49413,722,cat_3,722
49414,141,cat_4,141
49415,764,cat_0,764
49416,930,cat_1,930
49417,671,cat_2,671
49418,968,cat_3,968
49419,595,cat_4,595
49420,489,cat_0,489
49421,846,cat_1,846
49422,344,cat_2,344
49423,35,cat_3,35
49424,877,cat_4,877
49425,598,cat_0,598
49426,472,cat_1,472
49427,208,cat_2,208
49428,401,cat_3,401
49429,901,cat_4,901
49430,307,cat_0,307
49431,52,cat_1,52
49432,93,cat_2,93
49433,277,cat_3,277
49434,705,cat_4,705
49435,273,cat_0,273
49436,189,cat_1,189
49437,183,cat_2,183
49438,936,cat_3,936
49439,97,cat_4,97
49440,952,cat_0,952
49441,759,cat_1,759
49442,341,cat_2,341
49443,609,cat_3,609
49444,54,cat_4,54
49445,869,cat_0,869
49446,168,cat_1,168
49447,372,cat_2,372
49448,341,cat_3,341
49449,567,cat_4,567
49450,419,cat_0,419
49451,568,cat_1,568
49452,247,cat_2,247
49453,248,cat_3,248
49454,38,cat_4,38
49455,698,cat_0,698
49456,847,cat_1,847
49457,412,cat_2,412
49458,305,cat_3,305
49459,529,cat_4,529
49460,498,cat_0,498
49461,367,cat_1,367
49462,624,cat_2,624
49463,536,cat_3,536
49464,961,cat_4,961
49465,182,cat_0,182
49466,83,cat_1,83
49467,399,cat_2,399
49468,506,cat_3,506
49469,860,cat_4,860
49470,289,cat_0,289
49471,89,cat_1,89
49472,760,cat_2,760
49473,173,cat_3,173
49474,11,cat_4,11
49475,255,cat_0,255
49476,120,cat_1,120
49477,724,cat_2,724
49478,237,cat_3,237
49479,127,cat_4,127
49480,692,cat_0,692
49481,851,cat_1,851
49482,583,cat_2,583
49483,767,cat_3,767
49484,794,cat_4,794
49485,135,cat_0,135
49486,476,cat_1,476
49487,610,cat_2,610
49488,214,cat_3,214
49489,33,cat_4,33
49490,504,cat_0,504
49491,653,cat_1,653
49492,480,cat_2,480
49493,229,cat_3,229
49494,477,cat_4,477
49495,659,cat_0,659
49496,493,cat_1,493
49497,242,cat_2,242
49498,45,cat_3,45
49499,492,cat_4,492
49500,134,cat_0,134
49501,253,cat_1,253
49502,705,cat_2,705
49503,141,cat_3,141
49504,620,cat_4,620
49505,194,cat_0,194
49506,446,cat_1,446
49507,93,cat_2,93
49508,90,cat_3,90
49509,211,cat_4,211
49510,98,cat_0,98
49511,423,cat_1,423
49512,437,cat_2,437
49513,369,cat_3,369
49514,466,cat_4,466
49515,52,cat_0,52
49516,871,cat_1,871
49517,328,cat_2,328
49518,837,cat_3,837
49519,417,cat_4,417
49520,11,cat_0,11
49521,842,cat_1,842
49522,458,cat_2,458
49523,61,cat_3,61
49524,256,cat_4,256
49525,616,cat_0,616
49526,885,cat_1,885
49527,65,cat_2,65
49528,399,cat_3,399
49529,823,cat_4,823
49530,138,cat_0,138
49531,35,cat_1,35
49532,496,cat_2,496
49533,612,cat_3,612
49534,876,cat_4,876
49535,963,cat_0,963
49536,437,cat_1,437
49537,13,cat_2,13
49538,807,cat_3,807
49539,530,cat_4,530
49540,19,cat_0,19
49541,59,cat_1,59
49542,982,cat_2,982
49543,651,cat_3,651
49544,927,cat_4,927
49545,889,cat_0,889
49546,825,cat_1,825
49547,245,cat_2,245
49548,749,cat_3,749
49549,22,cat_4,22
49550,161,cat_0,161
49551,11,cat_1,11
49552,449,cat_2,449
49553,481,cat_3,481
49554,964,cat_4,964
49555,156,cat_0,156
49556,283,cat_1,283
49557,752,cat_2,752
49558,820,cat_3,820
49559,773,cat_4,773
49560,139,cat_0,139
49561,941,cat_1,941
49562,249,cat_2,249
49563,573,cat_3,573
49564,776,cat_4,776
49565,28,cat_0,28
49566,358,cat_1,358
49567,29,cat_2,29
49568,69,cat_3,69
49569,705,cat_4,705
49570,423,cat_0,423
49571,394,cat_1,394
49572,417,cat_2,417
49573,636,cat_3,636
49574,165,cat_4,165
49575,119,cat_0,119
49576,831,cat_1,831
49577,992,cat_2,992
49578,837,cat_3,837
49579,730,cat_4,730
49580,191,cat_0,191
49581,371,cat_1,371
49582,57,cat_2,57
49583,787,cat_3,787
49584,46,cat_4,46
49585,143,cat_0,143
49586,645,cat_1,645
49587,933,cat_2,933
49588,549,cat_3,549
49589,448,cat_4,448
49590,671,cat_0,671
49591,195,cat_1,195
49592,131,cat_2,131
49593,233,cat_3,233
49594,544,cat_4,544
49595,65,cat_0,65
49596,202,cat_1,202
49597,631,cat_2,631
49598,605,cat_3,605
49599,846,cat_4,846
49600,711,cat_0,711
49601,735,cat_1,735
49602,760,cat_2,760
49603,326,cat_3,326
49604,338,cat_4,338
49605,691,cat_0,691
49606,118,cat_1,118
49607,510,cat_2,510
49608,972,cat_3,972
49609,384,cat_4,384
49610,600,cat_0,600
49611,402,cat_1,402
49612,169,cat_2,169
49613,211,cat_3,211
49614,492,cat_4,492
49615,423,cat_0,423
49616,606,cat_1,606
49617,471,cat_2,471
49618,630,cat_3,630
49619,767,cat_4,767
49620,33,cat_0,33
49621,835,cat_1,835
49622,822,cat_2,822
49623,102,cat_3,102
49624,312,cat_4,312
49625,667,cat_0,667
49626,617,cat_1,617
49627,993,cat_2,993
49628,893,cat_3,893
49629,591,cat_4,591
49630,596,cat_0,596
49631,103,cat_1,103
49632,308,cat_2,308
49633,398,cat_3,398
49634,581,cat_4,581
49635,536,cat_0,536
49636,3,cat_1,3
49637,285,cat_2,285
49638,710,cat_3,710
49639,112,cat_4,112
49640,373,cat_0,373
49641,480,cat_1,480
49642,947,cat_2,947
49643,818,cat_3,818
49644,391,cat_4,391
49645,996,cat_0,996
49646,605,cat_1,605
49647,359,cat_2,359
49648,595,cat_3,595
49649,399,cat_4,399
49650,670,cat_0,670
49651,413,cat_1,413
49652,862,cat_2,862
49653,761,cat_3,761
49654,264,cat_4,264
49655,472,cat_0,472
49656,279,cat_1,279
49657,681,cat_2,681
49658,664,cat_3,664
49659,519,cat_4,519
49660,506,cat_0,506
49661,8,cat_1,8
49662,443,cat_2,443
49663,409,cat_3,409
49664,678,cat_4,678
49665,251,cat_0,251
49666,63,cat_1,63
49667,640,cat_2,640
49668,136,cat_3,136
49669,493,cat_4,493
49670,596,cat_0,596
49671,730,cat_1,730
49672,63,cat_2,63
49673,609,cat_3,609
49674,227,cat_4,227
49675,351,cat_0,351
49676,528,cat_1,528
49677,899,cat_2,899
49678,115,cat_3,115
49679,43,cat_4,43
49680,107,cat_0,107
49681,595,cat_1,595
49682,653,cat_2,653
49683,465,cat_3,465
49684,84,cat_4,84
49685,593,cat_0,593
49686,380,cat_1,380
49687,211,cat_2,211
49688,954,cat_3,954
49689,529,cat_4,529
49690,50,cat_0,50
49691,744,cat_1,744
49692,311,cat_2,311
49693,147,cat_3,147
49694,736,cat_4,736
49695,51,cat_0,51
49696,359,cat_1,359
49697,327,cat_2,327
49698,242,cat_3,242
49699,382,cat_4,382
49700,171,cat_0,171
49701,203,cat_1,203
49702,844,cat_2,844
49703,679,cat_3,679
49704,101,cat_4,101
49705,39,cat_0,39
49706,378,cat_1,378
49707,706,cat_2,706
49708,159,cat_3,159
49709,729,cat_4,729
49710,791,cat_0,791
49711,857,cat_1,857
49712,235,cat_2,235
49713,338,cat_3,338
49714,620,cat_4,620
49715,67,cat_0,67
49716,630,cat_1,630
49717,717,cat_2,717
49718,163,cat_3,163
49719,404,cat_4,404
49720,920,cat_0,920
49721,111,cat_1,111
49722,615,cat_2,615
49723,75,cat_3,75
49724,415,cat_4,415
49725,985,cat_0,985
49726,473,cat_1,473
49727,666,cat_2,666
49728,916,cat_3,916
49729,704,cat_4,704
49730,272,cat_0,272
49731,981,cat_1,981
49732,688,cat_2,688
49733,212,cat_3,212
49734,173,cat_4,173
49735,218,cat_0,218
49736,394,cat_1,394
49737,833,cat_2,833
49738,599,cat_3,599
49739,487,cat_4,487
49740,454,cat_0,454
49741,569,cat_1,569
49742,892,cat_2,892
49743,695,cat_3,695
49744,948,cat_4,948
49745,593,cat_0,593
49746,602,cat_1,602
49747,936,cat_2,936
49748,721,cat_3,721
49749,477,cat_4,477
49750,284,cat_0,284
49751,405,cat_1,405
49752,599,cat_2,599
49753,410,cat_3,410
49754,253,cat_4,253
49755,563,cat_0,563
49756,54,cat_1,54
49757,544,cat_2,544
49758,415,cat_3,415
49759,916,cat_4,916
49760,214,cat_0,214
49761,92,cat_1,92
49762,828,cat_2,828
49763,177,cat_3,177
49764,94,cat_4,94
49765,480,cat_0,480
49766,862,cat_1,862
49767,218,cat_2,218
49768,402,cat_3,402
49769,237,cat_4,237
49770,836,cat_0,836
49771,912,cat_1,912
49772,153,cat_2,153
49773,483,cat_3,483
49774,217,cat_4,217
49775,600,cat_0,600
49776,626,cat_1,626
49777,785,cat_2,785
49778,242,cat_3,242
49779,637,cat_4,637
49780,327,cat_0,327
49781,207,cat_1,207
49782,683,cat_2,683
49783,958,cat_3,958
49784,15,cat_4,15
49785,839,cat_0,839
49786,471,cat_1,471
49787,267,cat_2,267
49788,491,cat_3,491
49789,288,cat_4,288
49790,99,cat_0,99
49791,477,cat_1,477
49792,436,cat_2,436
49793,549,cat_3,549
49794,55,cat_4,55
49795,48,cat_0,48
49796,140,cat_1,140
49797,150,cat_2,150
49798,512,cat_3,512
49799,444,cat_4,444
49800,79,cat_0,79
49801,722,cat_1,722
49802,947,cat_2,947
49803,974,cat_3,974
49804,774,cat_4,774
49805,928,cat_0,928
49806,895,cat_1,895
49807,748,cat_2,748
49808,296,cat_3,296
49809,617,cat_4,617
49810,953,cat_0,953
49811,389,cat_1,389
49812,208,cat_2,208
49813,452,cat_3,452
49814,706,cat_4,706
49815,325,cat_0,325
49816,25,cat_1,25
49817,611,cat_2,611
49818,287,cat_3,287
49819,924,cat_4,924
49820,175,cat_0,175
49821,384,cat_1,384
49822,410,cat_2,410
49823,281,cat_3,281
49824,573,cat_4,573
49825,532,cat_0,532
49826,186,cat_1,186
49827,370,cat_2,370
49828,979,cat_3,979
49829,575,cat_4,575
49830,336,cat_0,336
49831,935,cat_1,935
49832,195,cat_2,195
49833,963,cat_3,963
49834,582,cat_4,582
49835,956,cat_0,956
49836,84,cat_1,84
49837,913,cat_2,913
49838,109,cat_3,109
49839,532,cat_4,532
49840,956,cat_0,956
49841,724,cat_1,724
49842,65,cat_2,65
49843,702,cat_3,702
49844,255,cat_4,255
49845,239,cat_0,239
49846,300,cat_1,300
49847,860,cat_2,860
49848,199,cat_3,199
49849,156,cat_4,156
49850,290,cat_0,290
49851,849,cat_1,849
49852,639,cat_2,639
49853,442,cat_3,442
49854,992,cat_4,992
49855,157,cat_0,157
49856,215,cat_1,215
49857,919,cat_2,919
49858,51,cat_3,51
49859,455,cat_4,455
49860,245,cat_0,245
49861,648,cat_1,648
49862,407,cat_2,407
49863,287,cat_3,287
49864,957,cat_4,957
49865,748,cat_0,748
49866,207,cat_1,207
49867,887,cat_2,887
49868,621,cat_3,621
49869,703,cat_4,703
49870,909,cat_0,909
49871,994,cat_1,994
49872,461,cat_2,461
49873,359,cat_3,359
49874,715,cat_4,715
49875,965,cat_0,965
49876,530,cat_1,530
49877,713,cat_2,713
49878,965,cat_3,965
49879,787,cat_4,787
49880,904,cat_0,904
49881,243,cat_1,243
49882,69,cat_2,69
49883,110,cat_3,110
49884,63,cat_4,63
49885,762,cat_0,762
49886,965,cat_1,965
49887,187,cat_2,187
49888,271,cat_3,271
49889,12,cat_4,12
49890,690,cat_0,690
49891,19,cat_1,19
49892,471,cat_2,471
49893,389,cat_3,389
49894,815,cat_4,815
49895,114,cat_0,114
49896,646,cat_1,646
49897,41,cat_2,41
49898,546,cat_3,546
49899,567,cat_4,567
49900,7,cat_0,7
49901,276,cat_1,276
49902,55,cat_2,55
49903,280,cat_3,280
49904,441,cat_4,441
49905,209,cat_0,209
49906,248,cat_1,248
49907,553,cat_2,553
49908,946,cat_3,946
49909,61,cat_4,61
49910,370,cat_0,370
49911,193,cat_1,193
49912,714,cat_2,714
49913,825,cat_3,825
49914,352,cat_4,352
49915,891,cat_0,891
49916,234,cat_1,234
49917,520,cat_2,520
49918,880,cat_3,880
49919,971,cat_4,971
49920,4,cat_0,4
49921,542,cat_1,542
49922,593,cat_2,593
49923,966,cat_3,966
49924,380,cat_4,380
49925,600,cat_0,600
49926,575,cat_1,575
49927,683,cat_2,683
49928,603,cat_3,603
49929,884,cat_4,884
49930,553,cat_0,553
49931,952,cat_1,952
49932,10,cat_2,10
49933,495,cat_3,495
49934,958,cat_4,958
49935,648,cat_0,648
49936,425,cat_1,425
49937,347,cat_2,347
49938,904,cat_3,904
49939,676,cat_4,676
49940,963,cat_0,963
49941,104,cat_1,104
49942,827,cat_2,827
49943,938,cat_3,938
49944,101,cat_4,101
49945,134,cat_0,134
49946,862,cat_1,862
49947,47,cat_2,47
49948,696,cat_3,696
49949,217,cat_4,217
49950,377,cat_0,377
49951,957,cat_1,957
49952,72,cat_2,72
49953,619,cat_3,619
49954,856,cat_4,856
49955,600,cat_0,600
49956,1,cat_1,1
49957,734,cat_2,734
49958,651,cat_3,651
49959,969,cat_4,969
49960,33,cat_0,33
49961,930,cat_1,930
49962,774,cat_2,774
49963,367,cat_3,367
49964,882,cat_4,882
49965,592,cat_0,592
49966,378,cat_1,378
49967,498,cat_2,498
49968,260,cat_3,260
49969,999,cat_4,999
49970,606,cat_0,606
49971,410,cat_1,410
49972,834,cat_2,834
49973,410,cat_3,410
49974,835,cat_4,835
49975,286,cat_0,286
49976,366,cat_1,366
49977,193,cat_2,193
49978,521,cat_3,521
49979,386,cat_4,386
49980,542,cat_0,542
49981,682,cat_1,682
49982,318,cat_2,318
49983,834,cat_3,834
49984,938,cat_4,938
49985,857,cat_0,857
49986,543,cat_1,543
49987,883,cat_2,883
49988,368,cat_3,368
49989,507,cat_4,507
49990,288,cat_0,288
49991,165,cat_1,165
49992,155,cat_2,155
49993,782,cat_3,782
49994,915,cat_4,915
49995,445,cat_0,445
49996,548,cat_1,548
49997,664,cat_2,664
49998,464,cat_3,464
49999,276,cat_4,276
50000,20,cat_0,20
