id,value,category,amount
1,380,cat_1,380
2,862,cat_2,862
3,262,cat_3,262
4,657,cat_4,657
5,216,cat_0,216
6,606,cat_1,606
7,127,cat_2,127
8,892,cat_3,892
9,47,cat_4,47
10,567,cat_0,567
11,283,cat_1,283
12,919,cat_2,919
13,936,cat_3,936
14,244,cat_4,244
15,903,cat_0,903
16,278,cat_1,278
17,141,cat_2,141
18,426,cat_3,426
19,445,cat_4,445
20,826,cat_0,826
21,846,cat_1,846
22,100,cat_2,100
23,153,cat_3,153
24,323,cat_4,323
25,766,cat_0,766
26,245,cat_1,245
27,150,cat_2,150
28,18,cat_3,18
29,109,cat_4,109
30,620,cat_0,620
31,309,cat_1,309
32,879,cat_2,879
33,698,cat_3,698
34,791,cat_4,791
35,774,cat_0,774
36,65,cat_1,65
37,297,cat_2,297
38,605,cat_3,605
39,177,cat_4,177
40,542,cat_0,542
41,333,cat_1,333
42,116,cat_2,116
43,672,cat_3,672
44,329,cat_4,329
45,724,cat_0,724
46,746,cat_1,746
47,407,cat_2,407
48,965,cat_3,965
49,256,cat_4,256
50,1,cat_0,1
51,100,cat_1,100
52,891,cat_2,891
53,570,cat_3,570
54,620,cat_4,620
55,6,cat_0,6
56,166,cat_1,166
57,370,cat_2,370
58,52,cat_3,52
59,756,cat_4,756
60,182,cat_0,182
61,288,cat_1,288
62,986,cat_2,986
63,934,cat_3,934
64,932,cat_4,932
65,160,cat_0,160
66,721,cat_1,721
67,488,cat_2,488
68,12,cat_3,12
69,977,cat_4,977
70,322,cat_0,322
71,453,cat_1,453
72,780,cat_2,780
73,297,cat_3,297
74,338,cat_4,338
75,435,cat_0,435
76,816,cat_1,816
77,994,cat_2,994
78,133,cat_3,133
79,793,cat_4,793
80,432,cat_0,432
81,110,cat_1,110
82,336,cat_2,336
83,985,cat_3,985
84,783,cat_4,783
85,162,cat_0,162
86,779,cat_1,779
87,258,cat_2,258
88,591,cat_3,591
89,295,cat_4,295
90,151,cat_0,151
91,770,cat_1,770
92,416,cat_2,416
93,729,cat_3,729
94,41,cat_4,41
95,729,cat_0,729
96,366,cat_1,366
97,361,cat_2,361
98,25,cat_3,25
99,778,cat_4,778
100,259,cat_0,259
101,346,cat_1,346
102,817,cat_2,817
103,859,cat_3,859
104,458,cat_4,458
105,576,cat_0,576
106,244,cat_1,244
107,724,cat_2,724
108,306,cat_3,306
109,23,cat_4,23
110,650,cat_0,650
111,656,cat_1,656
112,364,cat_2,364
113,386,cat_3,386
114,982,cat_4,982
115,987,cat_0,987
116,736,cat_1,736
117,249,cat_2,249
118,882,cat_3,882
119,100,cat_4,100
120,54,cat_0,54
121,135,cat_1,135
122,826,cat_2,826
123,750,cat_3,750
124,240,cat_4,240
125,926,cat_0,926
126,720,cat_1,720
127,27,cat_2,27
128,940,cat_3,940
129,458,cat_4,458
130,621,cat_0,621
131,644,cat_1,644
132,344,cat_2,344
133,939,cat_3,939
134,217,cat_4,217
135,706,cat_0,706
136,853,cat_1,853
137,156,cat_2,156
138,395,cat_3,395
139,8,cat_4,8
140,654,cat_0,654
141,37,cat_1,37
142,232,cat_2,232
143,442,cat_3,442
144,310,cat_4,310
145,820,cat_0,820
146,284,cat_1,284
147,152,cat_2,152
148,377,cat_3,377
149,454,cat_4,454
150,745,cat_0,745
151,574,cat_1,574
152,981,cat_2,981
153,97,cat_3,97
154,431,cat_4,431
155,235,cat_0,235
156,433,cat_1,433
157,114,cat_2,114
158,780,cat_3,780
159,874,cat_4,874
160,580,cat_0,580
161,920,cat_1,920
162,78,cat_2,78
163,476,cat_3,476
164,832,cat_4,832
165,605,cat_0,605
166,284,cat_1,284
167,725,cat_2,725
168,9,cat_3,9
169,180,cat_4,180
170,708,cat_0,708
171,657,cat_1,657
172,679,cat_2,679
173,310,cat_3,310
174,754,cat_4,754
175,675,cat_0,675
176,259,cat_1,259
177,715,cat_2,715
178,130,cat_3,130
179,275,cat_4,275
180,534,cat_0,534
181,452,cat_1,452
182,341,cat_2,341
183,948,cat_3,948
184,145,cat_4,145
185,452,cat_0,452
186,352,cat_1,352
187,831,cat_2,831
188,3,cat_3,3
189,338,cat_4,338
190,358,cat_0,358
191,216,cat_1,216
192,488,cat_2,488
193,668,cat_3,668
194,60,cat_4,60
195,789,cat_0,789
196,3,cat_1,3
197,361,cat_2,361
198,380,cat_3,380
199,654,cat_4,654
200,12,cat_0,12
201,827,cat_1,827
202,844,cat_2,844
203,817,cat_3,817
204,705,cat_4,705
205,690,cat_0,690
206,589,cat_1,589
207,374,cat_2,374
208,422,cat_3,422
209,400,cat_4,400
210,259,cat_0,259
211,928,cat_1,928
212,190,cat_2,190
213,39,cat_3,39
214,186,cat_4,186
215,612,cat_0,612
216,241,cat_1,241
217,522,cat_2,522
218,431,cat_3,431
219,271,cat_4,271
220,322,cat_0,322
221,509,cat_1,509
222,265,cat_2,265
223,30,cat_3,30
224,461,cat_4,461
225,179,cat_0,179
226,387,cat_1,387
227,251,cat_2,251
228,816,cat_3,816
229,871,cat_4,871
230,723,cat_0,723
231,925,cat_1,925
232,105,cat_2,105
233,538,cat_3,538
234,10,cat_4,10
235,924,cat_0,924
236,864,cat_1,864
237,173,cat_2,173
238,95,cat_3,95
239,667,cat_4,667
240,367,cat_0,367
241,545,cat_1,545
242,353,cat_2,353
243,252,cat_3,252
244,146,cat_4,146
245,372,cat_0,372
246,678,cat_1,678
247,49,cat_2,49
248,479,cat_3,479
249,171,cat_4,171
250,141,cat_0,141
251,636,cat_1,636
252,543,cat_2,543
253,567,cat_3,567
254,621,cat_4,621
255,49,cat_0,49
256,308,cat_1,308
257,530,cat_2,530
258,387,cat_3,387
259,736,cat_4,736
260,245,cat_0,245
261,356,cat_1,356
262,299,cat_2,299
263,864,cat_3,864
264,636,cat_4,636
265,368,cat_0,368
266,548,cat_1,548
267,254,cat_2,254
268,570,cat_3,570
269,718,cat_4,718
270,23,cat_0,23
271,988,cat_1,988
272,805,cat_2,805
273,223,cat_3,223
274,375,cat_4,375
275,484,cat_0,484
276,530,cat_1,530
277,939,cat_2,939
278,721,cat_3,721
279,384,cat_4,384
280,706,cat_0,706
281,380,cat_1,380
282,298,cat_2,298
283,721,cat_3,721
284,651,cat_4,651
285,879,cat_0,879
286,350,cat_1,350
287,290,cat_2,290
288,365,cat_3,365
289,852,cat_4,852
290,474,cat_0,474
291,592,cat_1,592
292,135,cat_2,135
293,632,cat_3,632
294,683,cat_4,683
295,644,cat_0,644
296,223,cat_1,223
297,384,cat_2,384
298,437,cat_3,437
299,672,cat_4,672
300,790,cat_0,790
301,617,cat_1,617
302,401,cat_2,401
303,191,cat_3,191
304,300,cat_4,300
305,129,cat_0,129
306,602,cat_1,602
307,996,cat_2,996
308,599,cat_3,599
309,398,cat_4,398
310,354,cat_0,354
311,517,cat_1,517
312,606,cat_2,606
313,756,cat_3,756
314,659,cat_4,659
315,758,cat_0,758
316,927,cat_1,927
317,665,cat_2,665
318,810,cat_3,810
319,745,cat_4,745
320,717,cat_0,717
321,928,cat_1,928
322,433,cat_2,433
323,212,cat_3,212
324,734,cat_4,734
325,773,cat_0,773
326,371,cat_1,371
327,536,cat_2,536
328,533,cat_3,533
329,284,cat_4,284
330,179,cat_0,179
331,571,cat_1,571
332,85,cat_2,85
333,677,cat_3,677
334,123,cat_4,123
335,856,cat_0,856
336,952,cat_1,952
337,271,cat_2,271
338,462,cat_3,462
339,632,cat_4,632
340,947,cat_0,947
341,317,cat_1,317
342,156,cat_2,156
343,666,cat_3,666
344,282,cat_4,282
345,538,cat_0,538
346,278,cat_1,278
347,368,cat_2,368
348,65,cat_3,65
349,343,cat_4,343
350,567,cat_0,567
351,42,cat_1,42
352,695,cat_2,695
353,543,cat_3,543
354,750,cat_4,750
355,569,cat_0,569
356,964,cat_1,964
357,733,cat_2,733
358,168,cat_3,168
359,559,cat_4,559
360,40,cat_0,40
361,539,cat_1,539
362,455,cat_2,455
363,215,cat_3,215
364,513,cat_4,513
365,722,cat_0,722
366,814,cat_1,814
367,793,cat_2,793
368,880,cat_3,880
369,980,cat_4,980
370,419,cat_0,419
371,905,cat_1,905
372,808,cat_2,808
373,755,cat_3,755
374,454,cat_4,454
375,476,cat_0,476
376,730,cat_1,730
377,869,cat_2,869
378,90,cat_3,90
379,476,cat_4,476
380,302,cat_0,302
381,718,cat_1,718
382,187,cat_2,187
383,362,cat_3,362
384,207,cat_4,207
385,821,cat_0,821
386,804,cat_1,804
387,790,cat_2,790
388,859,cat_3,859
389,382,cat_4,382
390,420,cat_0,420
391,737,cat_1,737
392,334,cat_2,334
393,99,cat_3,99
394,195,cat_4,195
395,152,cat_0,152
396,853,cat_1,853
397,962,cat_2,962
398,695,cat_3,695
399,315,cat_4,315
400,173,cat_0,173
401,898,cat_1,898
402,895,cat_2,895
403,274,cat_3,274
404,68,cat_4,68
405,592,cat_0,592
406,126,cat_1,126
407,604,cat_2,604
408,644,cat_3,644
409,703,cat_4,703
410,836,cat_0,836
411,290,cat_1,290
412,677,cat_2,677
413,381,cat_3,381
414,771,cat_4,771
415,418,cat_0,418
416,825,cat_1,825
417,45,cat_2,45
418,793,cat_3,793
419,187,cat_4,187
420,171,cat_0,171
421,142,cat_1,142
422,589,cat_2,589
423,2,cat_3,2
424,833,cat_4,833
425,728,cat_0,728
426,740,cat_1,740
427,560,cat_2,560
428,99,cat_3,99
429,112,cat_4,112
430,826,cat_0,826
431,327,cat_1,327
432,847,cat_2,847
433,777,cat_3,777
434,203,cat_4,203
435,391,cat_0,391
436,119,cat_1,119
437,753,cat_2,753
438,417,cat_3,417
439,781,cat_4,781
440,83,cat_0,83
441,106,cat_1,106
442,228,cat_2,228
443,751,cat_3,751
444,772,cat_4,772
445,371,cat_0,371
446,364,cat_1,364
447,489,cat_2,489
448,68,cat_3,68
449,451,cat_4,451
450,851,cat_0,851
451,213,cat_1,213
452,149,cat_2,149
453,626,cat_3,626
454,286,cat_4,286
455,908,cat_0,908
456,107,cat_1,107
457,966,cat_2,966
458,379,cat_3,379
459,244,cat_4,244
460,1000,cat_0,1000
461,392,cat_1,392
462,367,cat_2,367
463,105,cat_3,105
464,3,cat_4,3
465,875,cat_0,875
466,437,cat_1,437
467,617,cat_2,617
468,758,cat_3,758
469,891,cat_4,891
470,471,cat_0,471
471,753,cat_1,753
472,443,cat_2,443
473,396,cat_3,396
474,847,cat_4,847
475,306,cat_0,306
476,887,cat_1,887
477,402,cat_2,402
478,951,cat_3,951
479,929,cat_4,929
480,977,cat_0,977
481,455,cat_1,455
482,239,cat_2,239
483,598,cat_3,598
484,392,cat_4,392
485,785,cat_0,785
486,141,cat_1,141
487,325,cat_2,325
488,644,cat_3,644
489,673,cat_4,673
490,793,cat_0,793
491,672,cat_1,672
492,176,cat_2,176
493,23,cat_3,23
494,909,cat_4,909
495,964,cat_0,964
496,503,cat_1,503
497,356,cat_2,356
498,302,cat_3,302
499,339,cat_4,339
500,999,cat_0,999
501,1000,cat_1,1000
502,439,cat_2,439
503,632,cat_3,632
504,389,cat_4,389
505,270,cat_0,270
506,291,cat_1,291
507,832,cat_2,832
508,756,cat_3,756
509,672,cat_4,672
510,57,cat_0,57
511,670,cat_1,670
512,319,cat_2,319
513,735,cat_3,735
514,180,cat_4,180
515,506,cat_0,506
516,377,cat_1,377
517,350,cat_2,350
518,498,cat_3,498
519,481,cat_4,481
520,397,cat_0,397
521,367,cat_1,367
522,594,cat_2,594
523,940,cat_3,940
524,39,cat_4,39
525,350,cat_0,350
526,515,cat_1,515
527,797,cat_2,797
528,683,cat_3,683
529,628,cat_4,628
530,489,cat_0,489
531,324,cat_1,324
532,934,cat_2,934
533,446,cat_3,446
534,75,cat_4,75
535,241,cat_0,241
536,736,cat_1,736
537,811,cat_2,811
538,121,cat_3,121
539,862,cat_4,862
540,833,cat_0,833
541,861,cat_1,861
542,638,cat_2,638
543,268,cat_3,268
544,361,cat_4,361
545,222,cat_0,222
546,327,cat_1,327
547,359,cat_2,359
548,755,cat_3,755
549,832,cat_4,832
550,623,cat_0,623
551,545,cat_1,545
552,416,cat_2,416
553,707,cat_3,707
554,228,cat_4,228
555,871,cat_0,871
556,855,cat_1,855
557,982,cat_2,982
558,112,cat_3,112
559,702,cat_4,702
560,988,cat_0,988
561,515,cat_1,515
562,806,cat_2,806
563,876,cat_3,876
564,242,cat_4,242
565,599,cat_0,599
566,162,cat_1,162
567,804,cat_2,804
568,354,cat_3,354
569,339,cat_4,339
570,486,cat_0,486
571,563,cat_1,563
572,531,cat_2,531
573,412,cat_3,412
574,546,cat_4,546
575,299,cat_0,299
576,340,cat_1,340
577,461,cat_2,461
578,788,cat_3,788
579,348,cat_4,348
580,549,cat_0,549
581,950,cat_1,950
582,336,cat_2,336
583,500,cat_3,500
584,100,cat_4,100
585,566,cat_0,566
586,198,cat_1,198
587,668,cat_2,668
588,488,cat_3,488
589,790,cat_4,790
590,634,cat_0,634
591,985,cat_1,985
592,74,cat_2,74
593,950,cat_3,950
594,791,cat_4,791
595,347,cat_0,347
596,877,cat_1,877
597,423,cat_2,423
598,525,cat_3,525
599,583,cat_4,583
600,906,cat_0,906
601,26,cat_1,26
602,277,cat_2,277
603,593,cat_3,593
604,583,cat_4,583
605,153,cat_0,153
606,639,cat_1,639
607,328,cat_2,328
608,503,cat_3,503
609,611,cat_4,611
610,673,cat_0,673
611,671,cat_1,671
612,369,cat_2,369
613,722,cat_3,722
614,233,cat_4,233
615,212,cat_0,212
616,697,cat_1,697
617,472,cat_2,472
618,873,cat_3,873
619,456,cat_4,456
620,838,cat_0,838
621,77,cat_1,77
622,79,cat_2,79
623,667,cat_3,667
624,634,cat_4,634
625,117,cat_0,117
626,318,cat_1,318
627,374,cat_2,374
628,94,cat_3,94
629,363,cat_4,363
630,910,cat_0,910
631,703,cat_1,703
632,59,cat_2,59
633,447,cat_3,447
634,531,cat_4,531
635,612,cat_0,612
636,6,cat_1,6
637,973,cat_2,973
638,437,cat_3,437
639,251,cat_4,251
640,287,cat_0,287
641,840,cat_1,840
642,137,cat_2,137
643,422,cat_3,422
644,694,cat_4,694
645,791,cat_0,791
646,414,cat_1,414
647,750,cat_2,750
648,725,cat_3,725
649,70,cat_4,70
650,755,cat_0,755
651,532,cat_1,532
652,926,cat_2,926
653,216,cat_3,216
654,215,cat_4,215
655,61,cat_0,61
656,882,cat_1,882
657,125,cat_2,125
658,463,cat_3,463
659,11,cat_4,11
660,959,cat_0,959
661,315,cat_1,315
662,167,cat_2,167
663,770,cat_3,770
664,154,cat_4,154
665,933,cat_0,933
666,973,cat_1,973
667,311,cat_2,311
668,529,cat_3,529
669,683,cat_4,683
670,152,cat_0,152
671,428,cat_1,428
672,528,cat_2,528
673,545,cat_3,545
674,66,cat_4,66
675,32,cat_0,32
676,522,cat_1,522
677,888,cat_2,888
678,617,cat_3,617
679,121,cat_4,121
680,186,cat_0,186
681,853,cat_1,853
682,839,cat_2,839
683,388,cat_3,388
684,555,cat_4,555
685,598,cat_0,598
686,950,cat_1,950
687,906,cat_2,906
688,995,cat_3,995
689,72,cat_4,72
690,279,cat_0,279
691,955,cat_1,955
692,64,cat_2,64
693,394,cat_3,394
694,34,cat_4,34
695,362,cat_0,362
696,228,cat_1,228
697,241,cat_2,241
698,181,cat_3,181
699,415,cat_4,415
700,187,cat_0,187
701,766,cat_1,766
702,300,cat_2,300
703,104,cat_3,104
704,536,cat_4,536
705,827,cat_0,827
706,673,cat_1,673
707,27,cat_2,27
708,475,cat_3,475
709,624,cat_4,624
710,368,cat_0,368
711,678,cat_1,678
712,816,cat_2,816
713,260,cat_3,260
714,974,cat_4,974
715,625,cat_0,625
716,870,cat_1,870
717,754,cat_2,754
718,221,cat_3,221
719,435,cat_4,435
720,769,cat_0,769
721,787,cat_1,787
722,622,cat_2,622
723,497,cat_3,497
724,78,cat_4,78
725,763,cat_0,763
726,636,cat_1,636
727,851,cat_2,851
728,189,cat_3,189
729,815,cat_4,815
730,663,cat_0,663
731,747,cat_1,747
732,489,cat_2,489
733,704,cat_3,704
734,321,cat_4,321
735,334,cat_0,334
736,26,cat_1,26
737,121,cat_2,121
738,577,cat_3,577
739,973,cat_4,973
740,982,cat_0,982
741,561,cat_1,561
742,843,cat_2,843
743,737,cat_3,737
744,395,cat_4,395
745,729,cat_0,729
746,143,cat_1,143
747,642,cat_2,642
748,193,cat_3,193
749,156,cat_4,156
750,505,cat_0,505
751,270,cat_1,270
752,115,cat_2,115
753,647,cat_3,647
754,610,cat_4,610
755,319,cat_0,319
756,960,cat_1,960
757,964,cat_2,964
758,371,cat_3,371
759,178,cat_4,178
760,597,cat_0,597
761,854,cat_1,854
762,421,cat_2,421
763,70,cat_3,70
764,243,cat_4,243
765,257,cat_0,257
766,573,cat_1,573
767,723,cat_2,723
768,884,cat_3,884
769,378,cat_4,378
770,382,cat_0,382
771,482,cat_1,482
772,388,cat_2,388
773,638,cat_3,638
774,16,cat_4,16
775,262,cat_0,262
776,221,cat_1,221
777,283,cat_2,283
778,55,cat_3,55
779,829,cat_4,829
780,270,cat_0,270
781,427,cat_1,427
782,111,cat_2,111
783,218,cat_3,218
784,525,cat_4,525
785,942,cat_0,942
786,242,cat_1,242
787,928,cat_2,928
788,207,cat_3,207
789,287,cat_4,287
790,985,cat_0,985
791,362,cat_1,362
792,30,cat_2,30
793,853,cat_3,853
794,830,cat_4,830
795,315,cat_0,315
796,520,cat_1,520
797,343,cat_2,343
798,77,cat_3,77
799,510,cat_4,510
800,437,cat_0,437
801,230,cat_1,230
802,106,cat_2,106
803,161,cat_3,161
804,891,cat_4,891
805,777,cat_0,777
806,306,cat_1,306
807,493,cat_2,493
808,715,cat_3,715
809,504,cat_4,504
810,645,cat_0,645
811,725,cat_1,725
812,441,cat_2,441
813,143,cat_3,143
814,3,cat_4,3
815,385,cat_0,385
816,519,cat_1,519
817,690,cat_2,690
818,986,cat_3,986
819,808,cat_4,808
820,528,cat_0,528
821,777,cat_1,777
822,688,cat_2,688
823,173,cat_3,173
824,314,cat_4,314
825,491,cat_0,491
826,2,cat_1,2
827,6,cat_2,6
828,939,cat_3,939
829,544,cat_4,544
830,967,cat_0,967
831,653,cat_1,653
832,236,cat_2,236
833,958,cat_3,958
834,150,cat_4,150
835,36,cat_0,36
836,805,cat_1,805
837,187,cat_2,187
838,868,cat_3,868
839,416,cat_4,416
840,8,cat_0,8
841,925,cat_1,925
842,56,cat_2,56
843,29,cat_3,29
844,467,cat_4,467
845,257,cat_0,257
846,564,cat_1,564
847,712,cat_2,712
848,813,cat_3,813
849,593,cat_4,593
850,635,cat_0,635
851,822,cat_1,822
852,897,cat_2,897
853,591,cat_3,591
854,26,cat_4,26
855,122,cat_0,122
856,871,cat_1,871
857,143,cat_2,143
858,501,cat_3,501
859,6,cat_4,6
860,605,cat_0,605
861,645,cat_1,645
862,744,cat_2,744
863,232,cat_3,232
864,274,cat_4,274
865,432,cat_0,432
866,191,cat_1,191
867,282,cat_2,282
868,983,cat_3,983
869,579,cat_4,579
870,736,cat_0,736
871,820,cat_1,820
872,645,cat_2,645
873,465,cat_3,465
874,429,cat_4,429
875,163,cat_0,163
876,565,cat_1,565
877,455,cat_2,455
878,872,cat_3,872
879,417,cat_4,417
880,722,cat_0,722
881,831,cat_1,831
882,683,cat_2,683
883,848,cat_3,848
884,731,cat_4,731
885,327,cat_0,327
886,962,cat_1,962
887,844,cat_2,844
888,531,cat_3,531
889,762,cat_4,762
890,458,cat_0,458
891,50,cat_1,50
892,85,cat_2,85
893,942,cat_3,942
894,553,cat_4,553
895,824,cat_0,824
896,14,cat_1,14
897,625,cat_2,625
898,821,cat_3,821
899,639,cat_4,639
900,55,cat_0,55
901,855,cat_1,855
902,94,cat_2,94
903,783,cat_3,783
904,532,cat_4,532
905,856,cat_0,856
906,594,cat_1,594
907,609,cat_2,609
908,338,cat_3,338
909,210,cat_4,210
910,685,cat_0,685
911,113,cat_1,113
912,257,cat_2,257
913,826,cat_3,826
914,338,cat_4,338
915,313,cat_0,313
916,901,cat_1,901
917,739,cat_2,739
918,712,cat_3,712
919,997,cat_4,997
920,679,cat_0,679
921,570,cat_1,570
922,332,cat_2,332
923,726,cat_3,726
924,176,cat_4,176
925,574,cat_0,574
926,582,cat_1,582
927,313,cat_2,313
928,86,cat_3,86
929,170,cat_4,170
930,586,cat_0,586
931,472,cat_1,472
932,666,cat_2,666
933,91,cat_3,91
934,297,cat_4,297
935,550,cat_0,550
936,470,cat_1,470
937,340,cat_2,340
938,997,cat_3,997
939,595,cat_4,595
940,297,cat_0,297
941,897,cat_1,897
942,451,cat_2,451
943,257,cat_3,257
944,499,cat_4,499
945,806,cat_0,806
946,579,cat_1,579
947,812,cat_2,812
948,41,cat_3,41
949,642,cat_4,642
950,197,cat_0,197
951,496,cat_1,496
952,642,cat_2,642
953,820,cat_3,820
954,888,cat_4,888
955,167,cat_0,167
956,232,cat_1,232
957,25,cat_2,25
958,70,cat_3,70
959,259,cat_4,259
960,555,cat_0,555
961,893,cat_1,893
962,898,cat_2,898
963,660,cat_3,660
964,812,cat_4,812
965,664,cat_0,664
966,421,cat_1,421
967,671,cat_2,671
968,256,cat_3,256
969,594,cat_4,594
970,556,cat_0,556
971,441,cat_1,441
972,722,cat_2,722
973,239,cat_3,239
974,941,cat_4,941
975,358,cat_0,358
976,414,cat_1,414
977,361,cat_2,361
978,47,cat_3,47
979,474,cat_4,474
980,20,cat_0,20
981,949,cat_1,949
982,162,cat_2,162
983,298,cat_3,298
984,424,cat_4,424
985,578,cat_0,578
986,654,cat_1,654
987,875,cat_2,875
988,74,cat_3,74
989,975,cat_4,975
990,625,cat_0,625
991,913,cat_1,913
992,615,cat_2,615
993,88,cat_3,88
994,682,cat_4,682
995,91,cat_0,91
996,973,cat_1,973
997,980,cat_2,980
998,546,cat_3,546
999,710,cat_4,710
1000,840,cat_0,840
1001,815,cat_1,815
1002,866,cat_2,866
1003,138,cat_3,138
1004,601,cat_4,601
1005,69,cat_0,69
1006,293,cat_1,293
1007,545,cat_2,545
1008,78,cat_3,78
1009,347,cat_4,347
1010,982,cat_0,982
1011,229,cat_1,229
1012,325,cat_2,325
1013,764,cat_3,764
1014,436,cat_4,436
1015,992,cat_0,992
1016,528,cat_1,528
1017,830,cat_2,830
1018,756,cat_3,756
1019,387,cat_4,387
1020,49,cat_0,49
1021,740,cat_1,740
1022,514,cat_2,514
1023,184,cat_3,184
1024,275,cat_4,275
1025,426,cat_0,426
1026,65,cat_1,65
1027,455,cat_2,455
1028,377,cat_3,377
1029,869,cat_4,869
1030,32,cat_0,32
1031,903,cat_1,903
1032,875,cat_2,875
1033,614,cat_3,614
1034,162,cat_4,162
1035,437,cat_0,437
1036,343,cat_1,343
1037,107,cat_2,107
1038,199,cat_3,199
1039,668,cat_4,668
1040,754,cat_0,754
1041,652,cat_1,652
1042,463,cat_2,463
1043,119,cat_3,119
1044,166,cat_4,166
1045,503,cat_0,503
1046,217,cat_1,217
1047,571,cat_2,571
1048,597,cat_3,597
1049,641,cat_4,641
1050,796,cat_0,796
1051,529,cat_1,529
1052,124,cat_2,124
1053,148,cat_3,148
1054,3,cat_4,3
1055,198,cat_0,198
1056,430,cat_1,430
1057,624,cat_2,624
1058,675,cat_3,675
1059,470,cat_4,470
1060,977,cat_0,977
1061,564,cat_1,564
1062,355,cat_2,355
1063,244,cat_3,244
1064,799,cat_4,799
1065,580,cat_0,580
1066,343,cat_1,343
1067,845,cat_2,845
1068,524,cat_3,524
1069,501,cat_4,501
1070,818,cat_0,818
1071,57,cat_1,57
1072,122,cat_2,122
1073,467,cat_3,467
1074,871,cat_4,871
1075,491,cat_0,491
1076,200,cat_1,200
1077,954,cat_2,954
1078,214,cat_3,214
1079,693,cat_4,693
1080,798,cat_0,798
1081,467,cat_1,467
1082,143,cat_2,143
1083,193,cat_3,193
1084,113,cat_4,113
1085,129,cat_0,129
1086,836,cat_1,836
1087,686,cat_2,686
1088,935,cat_3,935
1089,27,cat_4,27
1090,227,cat_0,227
1091,840,cat_1,840
1092,110,cat_2,110
1093,794,cat_3,794
1094,587,cat_4,587
1095,730,cat_0,730
1096,106,cat_1,106
1097,348,cat_2,348
1098,97,cat_3,97
1099,978,cat_4,978
1100,932,cat_0,932
1101,348,cat_1,348
1102,718,cat_2,718
1103,60,cat_3,60
1104,780,cat_4,780
1105,769,cat_0,769
1106,133,cat_1,133
1107,130,cat_2,130
1108,198,cat_3,198
1109,793,cat_4,793
1110,255,cat_0,255
1111,320,cat_1,320
1112,949,cat_2,949
1113,589,cat_3,589
1114,34,cat_4,34
1115,460,cat_0,460
1116,167,cat_1,167
1117,134,cat_2,134
1118,953,cat_3,953
1119,757,cat_4,757
1120,731,cat_0,731
1121,240,cat_1,240
1122,84,cat_2,84
1123,907,cat_3,907
1124,597,cat_4,597
1125,259,cat_0,259
1126,859,cat_1,859
1127,307,cat_2,307
1128,693,cat_3,693
1129,18,cat_4,18
1130,428,cat_0,428
1131,60,cat_1,60
1132,329,cat_2,329
1133,986,cat_3,986
1134,883,cat_4,883
1135,700,cat_0,700
1136,556,cat_1,556
1137,953,cat_2,953
1138,583,cat_3,583
1139,385,cat_4,385
1140,324,cat_0,324
1141,725,cat_1,725
1142,296,cat_2,296
1143,11,cat_3,11
1144,856,cat_4,856
1145,761,cat_0,761
1146,865,cat_1,865
1147,655,cat_2,655
1148,393,cat_3,393
1149,700,cat_4,700
1150,598,cat_0,598
1151,833,cat_1,833
1152,903,cat_2,903
1153,13,cat_3,13
1154,508,cat_4,508
1155,815,cat_0,815
1156,466,cat_1,466
1157,305,cat_2,305
1158,459,cat_3,459
1159,415,cat_4,415
1160,634,cat_0,634
1161,674,cat_1,674
1162,994,cat_2,994
1163,99,cat_3,99
1164,734,cat_4,734
1165,869,cat_0,869
1166,540,cat_1,540
1167,458,cat_2,458
1168,730,cat_3,730
1169,958,cat_4,958
1170,122,cat_0,122
1171,346,cat_1,346
1172,872,cat_2,872
1173,995,cat_3,995
1174,369,cat_4,369
1175,393,cat_0,393
1176,922,cat_1,922
1177,576,cat_2,576
1178,105,cat_3,105
1179,667,cat_4,667
1180,348,cat_0,348
1181,298,cat_1,298
1182,525,cat_2,525
1183,846,cat_3,846
1184,604,cat_4,604
1185,835,cat_0,835
1186,149,cat_1,149
1187,263,cat_2,263
1188,474,cat_3,474
1189,950,cat_4,950
1190,670,cat_0,670
1191,32,cat_1,32
1192,299,cat_2,299
1193,560,cat_3,560
1194,346,cat_4,346
1195,613,cat_0,613
1196,456,cat_1,456
1197,15,cat_2,15
1198,547,cat_3,547
1199,680,cat_4,680
1200,392,cat_0,392
1201,782,cat_1,782
1202,493,cat_2,493
1203,21,cat_3,21
1204,398,cat_4,398
1205,129,cat_0,129
1206,85,cat_1,85
1207,608,cat_2,608
1208,93,cat_3,93
1209,538,cat_4,538
1210,250,cat_0,250
1211,399,cat_1,399
1212,97,cat_2,97
1213,231,cat_3,231
1214,612,cat_4,612
1215,475,cat_0,475
1216,721,cat_1,721
1217,144,cat_2,144
1218,212,cat_3,212
1219,918,cat_4,918
1220,270,cat_0,270
1221,342,cat_1,342
1222,572,cat_2,572
1223,71,cat_3,71
1224,991,cat_4,991
1225,708,cat_0,708
1226,146,cat_1,146
1227,850,cat_2,850
1228,263,cat_3,263
1229,970,cat_4,970
1230,746,cat_0,746
1231,720,cat_1,720
1232,465,cat_2,465
1233,359,cat_3,359
1234,918,cat_4,918
1235,392,cat_0,392
1236,958,cat_1,958
1237,227,cat_2,227
1238,705,cat_3,705
1239,392,cat_4,392
1240,808,cat_0,808
1241,451,cat_1,451
1242,662,cat_2,662
1243,850,cat_3,850
1244,722,cat_4,722
1245,543,cat_0,543
1246,70,cat_1,70
1247,981,cat_2,981
1248,598,cat_3,598
1249,792,cat_4,792
1250,957,cat_0,957
1251,36,cat_1,36
1252,737,cat_2,737
1253,756,cat_3,756
1254,357,cat_4,357
1255,701,cat_0,701
1256,166,cat_1,166
1257,881,cat_2,881
1258,506,cat_3,506
1259,396,cat_4,396
1260,822,cat_0,822
1261,846,cat_1,846
1262,244,cat_2,244
1263,239,cat_3,239
1264,92,cat_4,92
1265,964,cat_0,964
1266,267,cat_1,267
1267,373,cat_2,373
1268,5,cat_3,5
1269,972,cat_4,972
1270,731,cat_0,731
1271,190,cat_1,190
1272,530,cat_2,530
1273,795,cat_3,795
1274,206,cat_4,206
1275,206,cat_0,206
1276,280,cat_1,280
1277,80,cat_2,80
1278,543,cat_3,543
1279,461,cat_4,461
1280,109,cat_0,109
1281,345,cat_1,345
1282,127,cat_2,127
1283,797,cat_3,797
1284,343,cat_4,343
1285,576,cat_0,576
1286,133,cat_1,133
1287,832,cat_2,832
1288,71,cat_3,71
1289,523,cat_4,523
1290,218,cat_0,218
1291,510,cat_1,510
1292,744,cat_2,744
1293,253,cat_3,253
1294,349,cat_4,349
1295,22,cat_0,22
1296,150,cat_1,150
1297,447,cat_2,447
1298,389,cat_3,389
1299,154,cat_4,154
1300,605,cat_0,605
1301,194,cat_1,194
1302,496,cat_2,496
1303,908,cat_3,908
1304,128,cat_4,128
1305,636,cat_0,636
1306,384,cat_1,384
1307,961,cat_2,961
1308,428,cat_3,428
1309,815,cat_4,815
1310,865,cat_0,865
1311,452,cat_1,452
1312,659,cat_2,659
1313,606,cat_3,606
1314,830,cat_4,830
1315,399,cat_0,399
1316,227,cat_1,227
1317,668,cat_2,668
1318,598,cat_3,598
1319,470,cat_4,470
1320,748,cat_0,748
1321,540,cat_1,540
1322,999,cat_2,999
1323,669,cat_3,669
1324,790,cat_4,790
1325,68,cat_0,68
1326,328,cat_1,328
1327,443,cat_2,443
1328,939,cat_3,939
1329,927,cat_4,927
1330,147,cat_0,147
1331,99,cat_1,99
1332,47,cat_2,47
1333,689,cat_3,689
1334,149,cat_4,149
1335,746,cat_0,746
1336,788,cat_1,788
1337,184,cat_2,184
1338,773,cat_3,773
1339,119,cat_4,119
1340,292,cat_0,292
1341,689,cat_1,689
1342,768,cat_2,768
1343,218,cat_3,218
1344,670,cat_4,670
1345,537,cat_0,537
1346,146,cat_1,146
1347,585,cat_2,585
1348,506,cat_3,506
1349,377,cat_4,377
1350,803,cat_0,803
1351,10,cat_1,10
1352,939,cat_2,939
1353,772,cat_3,772
1354,728,cat_4,728
1355,702,cat_0,702
1356,850,cat_1,850
1357,792,cat_2,792
1358,226,cat_3,226
1359,668,cat_4,668
1360,155,cat_0,155
1361,972,cat_1,972
1362,794,cat_2,794
1363,102,cat_3,102
1364,718,cat_4,718
1365,419,cat_0,419
1366,536,cat_1,536
1367,330,cat_2,330
1368,899,cat_3,899
1369,253,cat_4,253
1370,546,cat_0,546
1371,352,cat_1,352
1372,457,cat_2,457
1373,985,cat_3,985
1374,579,cat_4,579
1375,358,cat_0,358
1376,341,cat_1,341
1377,786,cat_2,786
1378,892,cat_3,892
1379,352,cat_4,352
1380,9,cat_0,9
1381,230,cat_1,230
1382,776,cat_2,776
1383,871,cat_3,871
1384,669,cat_4,669
1385,69,cat_0,69
1386,923,cat_1,923
1387,424,cat_2,424
1388,159,cat_3,159
1389,164,cat_4,164
1390,338,cat_0,338
1391,437,cat_1,437
1392,390,cat_2,390
1393,820,cat_3,820
1394,611,cat_4,611
1395,809,cat_0,809
1396,699,cat_1,699
1397,205,cat_2,205
1398,576,cat_3,576
1399,481,cat_4,481
1400,576,cat_0,576
1401,924,cat_1,924
1402,265,cat_2,265
1403,82,cat_3,82
1404,128,cat_4,128
1405,751,cat_0,751
1406,455,cat_1,455
1407,157,cat_2,157
1408,90,cat_3,90
1409,663,cat_4,663
1410,389,cat_0,389
1411,529,cat_1,529
1412,591,cat_2,591
1413,589,cat_3,589
1414,389,cat_4,389
1415,493,cat_0,493
1416,38,cat_1,38
1417,594,cat_2,594
1418,292,cat_3,292
1419,73,cat_4,73
1420,343,cat_0,343
1421,634,cat_1,634
1422,72,cat_2,72
1423,583,cat_3,583
1424,510,cat_4,510
1425,240,cat_0,240
1426,665,cat_1,665
1427,206,cat_2,206
1428,231,cat_3,231
1429,629,cat_4,629
1430,684,cat_0,684
1431,346,cat_1,346
1432,385,cat_2,385
1433,100,cat_3,100
1434,537,cat_4,537
1435,29,cat_0,29
1436,645,cat_1,645
1437,203,cat_2,203
1438,958,cat_3,958
1439,224,cat_4,224
1440,651,cat_0,651
1441,763,cat_1,763
1442,335,cat_2,335
1443,644,cat_3,644
1444,252,cat_4,252
1445,969,cat_0,969
1446,378,cat_1,378
1447,143,cat_2,143
1448,239,cat_3,239
1449,487,cat_4,487
1450,547,cat_0,547
1451,784,cat_1,784
1452,504,cat_2,504
1453,5,cat_3,5
1454,420,cat_4,420
1455,441,cat_0,441
1456,23,cat_1,23
1457,95,cat_2,95
1458,229,cat_3,229
1459,977,cat_4,977
1460,20,cat_0,20
1461,686,cat_1,686
1462,648,cat_2,648
1463,133,cat_3,133
1464,932,cat_4,932
1465,23,cat_0,23
1466,901,cat_1,901
1467,201,cat_2,201
1468,56,cat_3,56
1469,934,cat_4,934
1470,657,cat_0,657
1471,769,cat_1,769
1472,24,cat_2,24
1473,17,cat_3,17
1474,68,cat_4,68
1475,983,cat_0,983
1476,535,cat_1,535
1477,459,cat_2,459
1478,174,cat_3,174
1479,289,cat_4,289
1480,337,cat_0,337
1481,674,cat_1,674
1482,61,cat_2,61
1483,904,cat_3,904
1484,879,cat_4,879
1485,521,cat_0,521
1486,609,cat_1,609
1487,334,cat_2,334
1488,485,cat_3,485
1489,348,cat_4,348
1490,961,cat_0,961
1491,97,cat_1,97
1492,17,cat_2,17
1493,127,cat_3,127
1494,139,cat_4,139
1495,364,cat_0,364
1496,638,cat_1,638
1497,145,cat_2,145
1498,59,cat_3,59
1499,225,cat_4,225
1500,242,cat_0,242
1501,906,cat_1,906
1502,822,cat_2,822
1503,965,cat_3,965
1504,149,cat_4,149
1505,254,cat_0,254
1506,868,cat_1,868
1507,834,cat_2,834
1508,598,cat_3,598
1509,356,cat_4,356
1510,385,cat_0,385
1511,931,cat_1,931
1512,216,cat_2,216
1513,161,cat_3,161
1514,846,cat_4,846
1515,606,cat_0,606
1516,230,cat_1,230
1517,359,cat_2,359
1518,164,cat_3,164
1519,810,cat_4,810
1520,26,cat_0,26
1521,801,cat_1,801
1522,272,cat_2,272
1523,770,cat_3,770
1524,335,cat_4,335
1525,614,cat_0,614
1526,115,cat_1,115
1527,287,cat_2,287
1528,45,cat_3,45
1529,208,cat_4,208
1530,332,cat_0,332
1531,87,cat_1,87
1532,852,cat_2,852
1533,143,cat_3,143
1534,997,cat_4,997
1535,990,cat_0,990
1536,622,cat_1,622
1537,623,cat_2,623
1538,672,cat_3,672
1539,894,cat_4,894
1540,186,cat_0,186
1541,24,cat_1,24
1542,737,cat_2,737
1543,173,cat_3,173
1544,492,cat_4,492
1545,37,cat_0,37
1546,685,cat_1,685
1547,359,cat_2,359
1548,403,cat_3,403
1549,213,cat_4,213
1550,294,cat_0,294
1551,268,cat_1,268
1552,75,cat_2,75
1553,76,cat_3,76
1554,415,cat_4,415
1555,108,cat_0,108
1556,424,cat_1,424
1557,160,cat_2,160
1558,820,cat_3,820
1559,589,cat_4,589
1560,472,cat_0,472
1561,286,cat_1,286
1562,350,cat_2,350
1563,112,cat_3,112
1564,445,cat_4,445
1565,574,cat_0,574
1566,573,cat_1,573
1567,432,cat_2,432
1568,480,cat_3,480
1569,199,cat_4,199
1570,425,cat_0,425
1571,845,cat_1,845
1572,244,cat_2,244
1573,840,cat_3,840
1574,72,cat_4,72
1575,893,cat_0,893
1576,969,cat_1,969
1577,715,cat_2,715
1578,419,cat_3,419
1579,44,cat_4,44
1580,687,cat_0,687
1581,834,cat_1,834
1582,608,cat_2,608
1583,936,cat_3,936
1584,259,cat_4,259
1585,698,cat_0,698
1586,760,cat_1,760
1587,132,cat_2,132
1588,575,cat_3,575
1589,334,cat_4,334
1590,699,cat_0,699
1591,42,cat_1,42
1592,176,cat_2,176
1593,657,cat_3,657
1594,49,cat_4,49
1595,729,cat_0,729
1596,956,cat_1,956
1597,478,cat_2,478
1598,174,cat_3,174
1599,871,cat_4,871
1600,827,cat_0,827
1601,124,cat_1,124
1602,705,cat_2,705
1603,382,cat_3,382
1604,732,cat_4,732
1605,50,cat_0,50
1606,398,cat_1,398
1607,30,cat_2,30
1608,167,cat_3,167
1609,783,cat_4,783
1610,262,cat_0,262
1611,579,cat_1,579
1612,774,cat_2,774
1613,370,cat_3,370
1614,431,cat_4,431
1615,106,cat_0,106
1616,216,cat_1,216
1617,648,cat_2,648
1618,821,cat_3,821
1619,421,cat_4,421
1620,420,cat_0,420
1621,735,cat_1,735
1622,561,cat_2,561
1623,888,cat_3,888
1624,477,cat_4,477
1625,460,cat_0,460
1626,713,cat_1,713
1627,580,cat_2,580
1628,300,cat_3,300
1629,734,cat_4,734
1630,390,cat_0,390
1631,552,cat_1,552
1632,287,cat_2,287
1633,706,cat_3,706
1634,574,cat_4,574
1635,744,cat_0,744
1636,644,cat_1,644
1637,388,cat_2,388
1638,862,cat_3,862
1639,185,cat_4,185
1640,451,cat_0,451
1641,368,cat_1,368
1642,48,cat_2,48
1643,997,cat_3,997
1644,131,cat_4,131
1645,853,cat_0,853
1646,826,cat_1,826
1647,321,cat_2,321
1648,354,cat_3,354
1649,530,cat_4,530
1650,57,cat_0,57
1651,102,cat_1,102
1652,195,cat_2,195
1653,9,cat_3,9
1654,591,cat_4,591
1655,504,cat_0,504
1656,989,cat_1,989
1657,758,cat_2,758
1658,769,cat_3,769
1659,459,cat_4,459
1660,273,cat_0,273
1661,307,cat_1,307
1662,630,cat_2,630
1663,939,cat_3,939
1664,916,cat_4,916
1665,37,cat_0,37
1666,874,cat_1,874
1667,211,cat_2,211
1668,799,cat_3,799
1669,486,cat_4,486
1670,723,cat_0,723
1671,497,cat_1,497
1672,578,cat_2,578
1673,981,cat_3,981
1674,322,cat_4,322
1675,437,cat_0,437
1676,101,cat_1,101
1677,924,cat_2,924
1678,672,cat_3,672
1679,938,cat_4,938
1680,89,cat_0,89
1681,123,cat_1,123
1682,461,cat_2,461
1683,760,cat_3,760
1684,432,cat_4,432
1685,209,cat_0,209
1686,158,cat_1,158
1687,581,cat_2,581
1688,540,cat_3,540
1689,659,cat_4,659
1690,157,cat_0,157
1691,550,cat_1,550
1692,976,cat_2,976
1693,94,cat_3,94
1694,133,cat_4,133
1695,230,cat_0,230
1696,762,cat_1,762
1697,642,cat_2,642
1698,586,cat_3,586
1699,598,cat_4,598
1700,368,cat_0,368
1701,770,cat_1,770
1702,991,cat_2,991
1703,816,cat_3,816
1704,995,cat_4,995
1705,234,cat_0,234
1706,386,cat_1,386
1707,276,cat_2,276
1708,40,cat_3,40
1709,552,cat_4,552
1710,558,cat_0,558
1711,438,cat_1,438
1712,86,cat_2,86
1713,373,cat_3,373
1714,342,cat_4,342
1715,711,cat_0,711
1716,160,cat_1,160
1717,66,cat_2,66
1718,861,cat_3,861
1719,664,cat_4,664
1720,348,cat_0,348
1721,593,cat_1,593
1722,840,cat_2,840
1723,873,cat_3,873
1724,515,cat_4,515
1725,308,cat_0,308
1726,968,cat_1,968
1727,94,cat_2,94
1728,8,cat_3,8
1729,25,cat_4,25
1730,340,cat_0,340
1731,850,cat_1,850
1732,741,cat_2,741
1733,748,cat_3,748
1734,418,cat_4,418
1735,157,cat_0,157
1736,827,cat_1,827
1737,11,cat_2,11
1738,817,cat_3,817
1739,539,cat_4,539
1740,955,cat_0,955
1741,266,cat_1,266
1742,222,cat_2,222
1743,24,cat_3,24
1744,831,cat_4,831
1745,868,cat_0,868
1746,551,cat_1,551
1747,382,cat_2,382
1748,285,cat_3,285
1749,925,cat_4,925
1750,437,cat_0,437
1751,921,cat_1,921
1752,899,cat_2,899
1753,343,cat_3,343
1754,135,cat_4,135
1755,784,cat_0,784
1756,290,cat_1,290
1757,779,cat_2,779
1758,50,cat_3,50
1759,747,cat_4,747
1760,254,cat_0,254
1761,790,cat_1,790
1762,915,cat_2,915
1763,197,cat_3,197
1764,402,cat_4,402
1765,757,cat_0,757
1766,304,cat_1,304
1767,418,cat_2,418
1768,856,cat_3,856
1769,774,cat_4,774
1770,828,cat_0,828
1771,47,cat_1,47
1772,180,cat_2,180
1773,750,cat_3,750
1774,144,cat_4,144
1775,724,cat_0,724
1776,458,cat_1,458
1777,672,cat_2,672
1778,642,cat_3,642
1779,747,cat_4,747
1780,644,cat_0,644
1781,613,cat_1,613
1782,62,cat_2,62
1783,811,cat_3,811
1784,997,cat_4,997
1785,58,cat_0,58
1786,569,cat_1,569
1787,984,cat_2,984
1788,802,cat_3,802
1789,706,cat_4,706
1790,742,cat_0,742
1791,755,cat_1,755
1792,984,cat_2,984
1793,972,cat_3,972
1794,692,cat_4,692
1795,26,cat_0,26
1796,619,cat_1,619
1797,933,cat_2,933
1798,82,cat_3,82
1799,703,cat_4,703
1800,21,cat_0,21
1801,135,cat_1,135
1802,648,cat_2,648
1803,893,cat_3,893
1804,335,cat_4,335
1805,51,cat_0,51
1806,686,cat_1,686
1807,680,cat_2,680
1808,851,cat_3,851
1809,719,cat_4,719
1810,358,cat_0,358
1811,717,cat_1,717
1812,502,cat_2,502
1813,959,cat_3,959
1814,783,cat_4,783
1815,210,cat_0,210
1816,496,cat_1,496
1817,412,cat_2,412
1818,862,cat_3,862
1819,692,cat_4,692
1820,836,cat_0,836
1821,897,cat_1,897
1822,666,cat_2,666
1823,869,cat_3,869
1824,599,cat_4,599
1825,499,cat_0,499
1826,124,cat_1,124
1827,761,cat_2,761
1828,783,cat_3,783
1829,183,cat_4,183
1830,748,cat_0,748
1831,687,cat_1,687
1832,279,cat_2,279
1833,846,cat_3,846
1834,274,cat_4,274
1835,132,cat_0,132
1836,550,cat_1,550
1837,368,cat_2,368
1838,873,cat_3,873
1839,915,cat_4,915
1840,699,cat_0,699
1841,406,cat_1,406
1842,759,cat_2,759
1843,852,cat_3,852
1844,800,cat_4,800
1845,710,cat_0,710
1846,212,cat_1,212
1847,263,cat_2,263
1848,559,cat_3,559
1849,627,cat_4,627
1850,294,cat_0,294
1851,90,cat_1,90
1852,213,cat_2,213
1853,667,cat_3,667
1854,186,cat_4,186
1855,781,cat_0,781
1856,371,cat_1,371
1857,660,cat_2,660
1858,544,cat_3,544
1859,458,cat_4,458
1860,610,cat_0,610
1861,391,cat_1,391
1862,122,cat_2,122
1863,411,cat_3,411
1864,578,cat_4,578
1865,929,cat_0,929
1866,463,cat_1,463
1867,461,cat_2,461
1868,689,cat_3,689
1869,436,cat_4,436
1870,495,cat_0,495
1871,247,cat_1,247
1872,21,cat_2,21
1873,942,cat_3,942
1874,218,cat_4,218
1875,264,cat_0,264
1876,455,cat_1,455
1877,919,cat_2,919
1878,389,cat_3,389
1879,968,cat_4,968
1880,35,cat_0,35
1881,243,cat_1,243
1882,731,cat_2,731
1883,979,cat_3,979
1884,495,cat_4,495
1885,528,cat_0,528
1886,170,cat_1,170
1887,989,cat_2,989
1888,531,cat_3,531
1889,939,cat_4,939
1890,819,cat_0,819
1891,805,cat_1,805
1892,846,cat_2,846
1893,939,cat_3,939
1894,653,cat_4,653
1895,908,cat_0,908
1896,172,cat_1,172
1897,640,cat_2,640
1898,950,cat_3,950
1899,506,cat_4,506
1900,573,cat_0,573
1901,571,cat_1,571
1902,756,cat_2,756
1903,308,cat_3,308
1904,64,cat_4,64
1905,468,cat_0,468
1906,963,cat_1,963
1907,242,cat_2,242
1908,107,cat_3,107
1909,279,cat_4,279
1910,10,cat_0,10
1911,444,cat_1,444
1912,272,cat_2,272
1913,464,cat_3,464
1914,596,cat_4,596
1915,3,cat_0,3
1916,580,cat_1,580
1917,271,cat_2,271
1918,171,cat_3,171
1919,776,cat_4,776
1920,635,cat_0,635
1921,626,cat_1,626
1922,849,cat_2,849
1923,611,cat_3,611
1924,465,cat_4,465
1925,490,cat_0,490
1926,126,cat_1,126
1927,384,cat_2,384
1928,505,cat_3,505
1929,962,cat_4,962
1930,229,cat_0,229
1931,241,cat_1,241
1932,582,cat_2,582
1933,150,cat_3,150
1934,995,cat_4,995
1935,33,cat_0,33
1936,589,cat_1,589
1937,85,cat_2,85
1938,66,cat_3,66
1939,132,cat_4,132
1940,370,cat_0,370
1941,561,cat_1,561
1942,917,cat_2,917
1943,103,cat_3,103
1944,42,cat_4,42
1945,754,cat_0,754
1946,413,cat_1,413
1947,433,cat_2,433
1948,379,cat_3,379
1949,76,cat_4,76
1950,744,cat_0,744
1951,342,cat_1,342
1952,658,cat_2,658
1953,259,cat_3,259
1954,784,cat_4,784
1955,311,cat_0,311
1956,764,cat_1,764
1957,308,cat_2,308
1958,320,cat_3,320
1959,788,cat_4,788
1960,804,cat_0,804
1961,758,cat_1,758
1962,152,cat_2,152
1963,978,cat_3,978
1964,644,cat_4,644
1965,963,cat_0,963
1966,550,cat_1,550
1967,788,cat_2,788
1968,792,cat_3,792
1969,410,cat_4,410
1970,586,cat_0,586
1971,709,cat_1,709
1972,543,cat_2,543
1973,111,cat_3,111
1974,664,cat_4,664
1975,463,cat_0,463
1976,355,cat_1,355
1977,893,cat_2,893
1978,682,cat_3,682
1979,591,cat_4,591
1980,856,cat_0,856
1981,802,cat_1,802
1982,55,cat_2,55
1983,99,cat_3,99
1984,806,cat_4,806
1985,618,cat_0,618
1986,962,cat_1,962
1987,776,cat_2,776
1988,15,cat_3,15
1989,592,cat_4,592
1990,579,cat_0,579
1991,406,cat_1,406
1992,377,cat_2,377
1993,676,cat_3,676
1994,875,cat_4,875
1995,443,cat_0,443
1996,150,cat_1,150
1997,519,cat_2,519
1998,961,cat_3,961
1999,69,cat_4,69
2000,298,cat_0,298
2001,876,cat_1,876
2002,628,cat_2,628
2003,265,cat_3,265
2004,512,cat_4,512
2005,212,cat_0,212
2006,222,cat_1,222
2007,515,cat_2,515
2008,121,cat_3,121
2009,105,cat_4,105
2010,7,cat_0,7
2011,339,cat_1,339
2012,846,cat_2,846
2013,704,cat_3,704
2014,833,cat_4,833
2015,781,cat_0,781
2016,828,cat_1,828
2017,580,cat_2,580
2018,544,cat_3,544
2019,486,cat_4,486
2020,950,cat_0,950
2021,92,cat_1,92
2022,416,cat_2,416
2023,297,cat_3,297
2024,861,cat_4,861
2025,268,cat_0,268
2026,657,cat_1,657
2027,535,cat_2,535
2028,433,cat_3,433
2029,167,cat_4,167
2030,852,cat_0,852
2031,463,cat_1,463
2032,457,cat_2,457
2033,927,cat_3,927
2034,479,cat_4,479
2035,464,cat_0,464
2036,810,cat_1,810
2037,823,cat_2,823
2038,872,cat_3,872
2039,895,cat_4,895
2040,729,cat_0,729
2041,80,cat_1,80
2042,984,cat_2,984
2043,90,cat_3,90
2044,233,cat_4,233
2045,740,cat_0,740
2046,787,cat_1,787
2047,716,cat_2,716
2048,857,cat_3,857
2049,773,cat_4,773
2050,769,cat_0,769
2051,747,cat_1,747
2052,360,cat_2,360
2053,866,cat_3,866
2054,229,cat_4,229
2055,242,cat_0,242
2056,515,cat_1,515
2057,811,cat_2,811
2058,166,cat_3,166
2059,175,cat_4,175
2060,166,cat_0,166
2061,861,cat_1,861
2062,674,cat_2,674
2063,555,cat_3,555
2064,318,cat_4,318
2065,662,cat_0,662
2066,632,cat_1,632
2067,883,cat_2,883
2068,68,cat_3,68
2069,782,cat_4,782
2070,193,cat_0,193
2071,127,cat_1,127
2072,81,cat_2,81
2073,196,cat_3,196
2074,641,cat_4,641
2075,422,cat_0,422
2076,32,cat_1,32
2077,304,cat_2,304
2078,622,cat_3,622
2079,700,cat_4,700
2080,303,cat_0,303
2081,986,cat_1,986
2082,777,cat_2,777
2083,25,cat_3,25
2084,823,cat_4,823
2085,871,cat_0,871
2086,853,cat_1,853
2087,988,cat_2,988
2088,31,cat_3,31
2089,83,cat_4,83
2090,893,cat_0,893
2091,299,cat_1,299
2092,558,cat_2,558
2093,868,cat_3,868
2094,298,cat_4,298
2095,700,cat_0,700
2096,47,cat_1,47
2097,207,cat_2,207
2098,705,cat_3,705
2099,545,cat_4,545
2100,364,cat_0,364
2101,826,cat_1,826
2102,38,cat_2,38
2103,432,cat_3,432
2104,676,cat_4,676
2105,319,cat_0,319
2106,161,cat_1,161
2107,503,cat_2,503
2108,587,cat_3,587
2109,886,cat_4,886
2110,725,cat_0,725
2111,808,cat_1,808
2112,10,cat_2,10
2113,857,cat_3,857
2114,228,cat_4,228
2115,340,cat_0,340
2116,945,cat_1,945
2117,299,cat_2,299
2118,982,cat_3,982
2119,91,cat_4,91
2120,623,cat_0,623
2121,600,cat_1,600
2122,713,cat_2,713
2123,19,cat_3,19
2124,818,cat_4,818
2125,66,cat_0,66
2126,164,cat_1,164
2127,64,cat_2,64
2128,681,cat_3,681
2129,25,cat_4,25
2130,32,cat_0,32
2131,859,cat_1,859
2132,423,cat_2,423
2133,705,cat_3,705
2134,461,cat_4,461
2135,65,cat_0,65
2136,366,cat_1,366
2137,757,cat_2,757
2138,58,cat_3,58
2139,645,cat_4,645
2140,768,cat_0,768
2141,455,cat_1,455
2142,828,cat_2,828
2143,97,cat_3,97
2144,87,cat_4,87
2145,810,cat_0,810
2146,488,cat_1,488
2147,1,cat_2,1
2148,70,cat_3,70
2149,144,cat_4,144
2150,668,cat_0,668
2151,922,cat_1,922
2152,998,cat_2,998
2153,533,cat_3,533
2154,333,cat_4,333
2155,242,cat_0,242
2156,542,cat_1,542
2157,799,cat_2,799
2158,783,cat_3,783
2159,141,cat_4,141
2160,81,cat_0,81
2161,488,cat_1,488
2162,254,cat_2,254
2163,896,cat_3,896
2164,773,cat_4,773
2165,133,cat_0,133
2166,49,cat_1,49
2167,846,cat_2,846
2168,331,cat_3,331
2169,189,cat_4,189
2170,441,cat_0,441
2171,437,cat_1,437
2172,282,cat_2,282
2173,859,cat_3,859
2174,983,cat_4,983
2175,405,cat_0,405
2176,486,cat_1,486
2177,820,cat_2,820
2178,804,cat_3,804
2179,980,cat_4,980
2180,744,cat_0,744
2181,679,cat_1,679
2182,125,cat_2,125
2183,77,cat_3,77
2184,525,cat_4,525
2185,232,cat_0,232
2186,789,cat_1,789
2187,838,cat_2,838
2188,916,cat_3,916
2189,810,cat_4,810
2190,803,cat_0,803
2191,841,cat_1,841
2192,782,cat_2,782
2193,766,cat_3,766
2194,65,cat_4,65
2195,447,cat_0,447
2196,945,cat_1,945
2197,417,cat_2,417
2198,969,cat_3,969
2199,538,cat_4,538
2200,794,cat_0,794
2201,435,cat_1,435
2202,460,cat_2,460
2203,776,cat_3,776
2204,910,cat_4,910
2205,770,cat_0,770
2206,774,cat_1,774
2207,644,cat_2,644
2208,860,cat_3,860
2209,612,cat_4,612
2210,296,cat_0,296
2211,898,cat_1,898
2212,307,cat_2,307
2213,671,cat_3,671
2214,967,cat_4,967
2215,827,cat_0,827
2216,88,cat_1,88
2217,391,cat_2,391
2218,490,cat_3,490
2219,762,cat_4,762
2220,380,cat_0,380
2221,87,cat_1,87
2222,94,cat_2,94
2223,45,cat_3,45
2224,196,cat_4,196
2225,549,cat_0,549
2226,81,cat_1,81
2227,224,cat_2,224
2228,776,cat_3,776
2229,922,cat_4,922
2230,84,cat_0,84
2231,179,cat_1,179
2232,766,cat_2,766
2233,935,cat_3,935
2234,544,cat_4,544
2235,944,cat_0,944
2236,225,cat_1,225
2237,770,cat_2,770
2238,458,cat_3,458
2239,988,cat_4,988
2240,140,cat_0,140
2241,807,cat_1,807
2242,869,cat_2,869
2243,940,cat_3,940
2244,411,cat_4,411
2245,612,cat_0,612
2246,736,cat_1,736
2247,261,cat_2,261
2248,390,cat_3,390
2249,608,cat_4,608
2250,777,cat_0,777
2251,511,cat_1,511
2252,575,cat_2,575
2253,707,cat_3,707
2254,490,cat_4,490
2255,69,cat_0,69
2256,349,cat_1,349
2257,543,cat_2,543
2258,322,cat_3,322
2259,728,cat_4,728
2260,608,cat_0,608
2261,237,cat_1,237
2262,97,cat_2,97
2263,52,cat_3,52
2264,816,cat_4,816
2265,264,cat_0,264
2266,562,cat_1,562
2267,84,cat_2,84
2268,121,cat_3,121
2269,194,cat_4,194
2270,557,cat_0,557
2271,225,cat_1,225
2272,762,cat_2,762
2273,708,cat_3,708
2274,135,cat_4,135
2275,79,cat_0,79
2276,333,cat_1,333
2277,153,cat_2,153
2278,616,cat_3,616
2279,851,cat_4,851
2280,812,cat_0,812
2281,961,cat_1,961
2282,845,cat_2,845
2283,765,cat_3,765
2284,399,cat_4,399
2285,73,cat_0,73
2286,381,cat_1,381
2287,662,cat_2,662
2288,650,cat_3,650
2289,902,cat_4,902
2290,123,cat_0,123
2291,47,cat_1,47
2292,645,cat_2,645
2293,572,cat_3,572
2294,311,cat_4,311
2295,169,cat_0,169
2296,828,cat_1,828
2297,201,cat_2,201
2298,495,cat_3,495
2299,765,cat_4,765
2300,756,cat_0,756
2301,884,cat_1,884
2302,134,cat_2,134
2303,867,cat_3,867
2304,25,cat_4,25
2305,743,cat_0,743
2306,970,cat_1,970
2307,67,cat_2,67
2308,776,cat_3,776
2309,419,cat_4,419
2310,416,cat_0,416
2311,970,cat_1,970
2312,168,cat_2,168
2313,856,cat_3,856
2314,395,cat_4,395
2315,761,cat_0,761
2316,861,cat_1,861
2317,403,cat_2,403
2318,18,cat_3,18
2319,712,cat_4,712
2320,920,cat_0,920
2321,731,cat_1,731
2322,351,cat_2,351
2323,83,cat_3,83
2324,69,cat_4,69
2325,310,cat_0,310
2326,213,cat_1,213
2327,731,cat_2,731
2328,57,cat_3,57
2329,960,cat_4,960
2330,16,cat_0,16
2331,641,cat_1,641
2332,481,cat_2,481
2333,619,cat_3,619
2334,551,cat_4,551
2335,612,cat_0,612
2336,815,cat_1,815
2337,822,cat_2,822
2338,154,cat_3,154
2339,605,cat_4,605
2340,74,cat_0,74
2341,764,cat_1,764
2342,173,cat_2,173
2343,230,cat_3,230
2344,725,cat_4,725
2345,211,cat_0,211
2346,458,cat_1,458
2347,683,cat_2,683
2348,717,cat_3,717
2349,505,cat_4,505
2350,844,cat_0,844
2351,975,cat_1,975
2352,235,cat_2,235
2353,688,cat_3,688
2354,148,cat_4,148
2355,149,cat_0,149
2356,296,cat_1,296
2357,971,cat_2,971
2358,732,cat_3,732
2359,773,cat_4,773
2360,174,cat_0,174
2361,445,cat_1,445
2362,64,cat_2,64
2363,692,cat_3,692
2364,154,cat_4,154
2365,254,cat_0,254
2366,13,cat_1,13
2367,340,cat_2,340
2368,54,cat_3,54
2369,589,cat_4,589
2370,343,cat_0,343
2371,922,cat_1,922
2372,472,cat_2,472
2373,225,cat_3,225
2374,4,cat_4,4
2375,979,cat_0,979
2376,374,cat_1,374
2377,340,cat_2,340
2378,831,cat_3,831
2379,715,cat_4,715
2380,330,cat_0,330
2381,136,cat_1,136
2382,879,cat_2,879
2383,870,cat_3,870
2384,537,cat_4,537
2385,496,cat_0,496
2386,78,cat_1,78
2387,154,cat_2,154
2388,266,cat_3,266
2389,781,cat_4,781
2390,422,cat_0,422
2391,289,cat_1,289
2392,657,cat_2,657
2393,260,cat_3,260
2394,238,cat_4,238
2395,60,cat_0,60
2396,695,cat_1,695
2397,909,cat_2,909
2398,921,cat_3,921
2399,85,cat_4,85
2400,641,cat_0,641
2401,656,cat_1,656
2402,591,cat_2,591
2403,940,cat_3,940
2404,427,cat_4,427
2405,906,cat_0,906
2406,636,cat_1,636
2407,128,cat_2,128
2408,850,cat_3,850
2409,68,cat_4,68
2410,701,cat_0,701
2411,882,cat_1,882
2412,596,cat_2,596
2413,2,cat_3,2
2414,582,cat_4,582
2415,373,cat_0,373
2416,586,cat_1,586
2417,784,cat_2,784
2418,415,cat_3,415
2419,548,cat_4,548
2420,435,cat_0,435
2421,365,cat_1,365
2422,521,cat_2,521
2423,341,cat_3,341
2424,829,cat_4,829
2425,130,cat_0,130
2426,676,cat_1,676
2427,853,cat_2,853
2428,758,cat_3,758
2429,878,cat_4,878
2430,681,cat_0,681
2431,779,cat_1,779
2432,374,cat_2,374
2433,773,cat_3,773
2434,769,cat_4,769
2435,952,cat_0,952
2436,150,cat_1,150
2437,78,cat_2,78
2438,802,cat_3,802
2439,178,cat_4,178
2440,974,cat_0,974
2441,585,cat_1,585
2442,290,cat_2,290
2443,844,cat_3,844
2444,579,cat_4,579
2445,801,cat_0,801
2446,769,cat_1,769
2447,239,cat_2,239
2448,987,cat_3,987
2449,106,cat_4,106
2450,387,cat_0,387
2451,343,cat_1,343
2452,633,cat_2,633
2453,322,cat_3,322
2454,766,cat_4,766
2455,204,cat_0,204
2456,576,cat_1,576
2457,704,cat_2,704
2458,981,cat_3,981
2459,862,cat_4,862
2460,864,cat_0,864
2461,780,cat_1,780
2462,281,cat_2,281
2463,381,cat_3,381
2464,6,cat_4,6
2465,347,cat_0,347
2466,540,cat_1,540
2467,195,cat_2,195
2468,639,cat_3,639
2469,51,cat_4,51
2470,134,cat_0,134
2471,407,cat_1,407
2472,411,cat_2,411
2473,840,cat_3,840
2474,729,cat_4,729
2475,752,cat_0,752
2476,914,cat_1,914
2477,641,cat_2,641
2478,544,cat_3,544
2479,846,cat_4,846
2480,110,cat_0,110
2481,401,cat_1,401
2482,329,cat_2,329
2483,848,cat_3,848
2484,957,cat_4,957
2485,67,cat_0,67
2486,577,cat_1,577
2487,273,cat_2,273
2488,706,cat_3,706
2489,229,cat_4,229
2490,466,cat_0,466
2491,15,cat_1,15
2492,280,cat_2,280
2493,331,cat_3,331
2494,751,cat_4,751
2495,770,cat_0,770
2496,798,cat_1,798
2497,595,cat_2,595
2498,718,cat_3,718
2499,847,cat_4,847
2500,821,cat_0,821
2501,963,cat_1,963
2502,67,cat_2,67
2503,282,cat_3,282
2504,360,cat_4,360
2505,302,cat_0,302
2506,967,cat_1,967
2507,8,cat_2,8
2508,867,cat_3,867
2509,476,cat_4,476
2510,625,cat_0,625
2511,374,cat_1,374
2512,108,cat_2,108
2513,866,cat_3,866
2514,398,cat_4,398
2515,30,cat_0,30
2516,759,cat_1,759
2517,300,cat_2,300
2518,284,cat_3,284
2519,771,cat_4,771
2520,357,cat_0,357
2521,399,cat_1,399
2522,661,cat_2,661
2523,918,cat_3,918
2524,295,cat_4,295
2525,772,cat_0,772
2526,261,cat_1,261
2527,943,cat_2,943
2528,955,cat_3,955
2529,760,cat_4,760
2530,365,cat_0,365
2531,481,cat_1,481
2532,188,cat_2,188
2533,220,cat_3,220
2534,465,cat_4,465
2535,680,cat_0,680
2536,875,cat_1,875
2537,159,cat_2,159
2538,396,cat_3,396
2539,537,cat_4,537
2540,744,cat_0,744
2541,370,cat_1,370
2542,799,cat_2,799
2543,138,cat_3,138
2544,985,cat_4,985
2545,966,cat_0,966
2546,708,cat_1,708
2547,319,cat_2,319
2548,699,cat_3,699
2549,830,cat_4,830
2550,534,cat_0,534
2551,291,cat_1,291
2552,753,cat_2,753
2553,159,cat_3,159
2554,679,cat_4,679
2555,644,cat_0,644
2556,505,cat_1,505
2557,295,cat_2,295
2558,109,cat_3,109
2559,212,cat_4,212
2560,683,cat_0,683
2561,493,cat_1,493
2562,299,cat_2,299
2563,491,cat_3,491
2564,311,cat_4,311
2565,122,cat_0,122
2566,860,cat_1,860
2567,924,cat_2,924
2568,387,cat_3,387
2569,142,cat_4,142
2570,616,cat_0,616
2571,275,cat_1,275
2572,77,cat_2,77
2573,158,cat_3,158
2574,243,cat_4,243
2575,688,cat_0,688
2576,167,cat_1,167
2577,798,cat_2,798
2578,277,cat_3,277
2579,267,cat_4,267
2580,103,cat_0,103
2581,806,cat_1,806
2582,313,cat_2,313
2583,882,cat_3,882
2584,445,cat_4,445
2585,682,cat_0,682
2586,612,cat_1,612
2587,744,cat_2,744
2588,797,cat_3,797
2589,455,cat_4,455
2590,102,cat_0,102
2591,48,cat_1,48
2592,706,cat_2,706
2593,596,cat_3,596
2594,345,cat_4,345
2595,888,cat_0,888
2596,779,cat_1,779
2597,723,cat_2,723
2598,229,cat_3,229
2599,18,cat_4,18
2600,460,cat_0,460
2601,679,cat_1,679
2602,144,cat_2,144
2603,659,cat_3,659
2604,921,cat_4,921
2605,763,cat_0,763
2606,622,cat_1,622
2607,142,cat_2,142
2608,181,cat_3,181
2609,244,cat_4,244
2610,841,cat_0,841
2611,259,cat_1,259
2612,246,cat_2,246
2613,506,cat_3,506
2614,604,cat_4,604
2615,185,cat_0,185
2616,630,cat_1,630
2617,264,cat_2,264
2618,721,cat_3,721
2619,111,cat_4,111
2620,360,cat_0,360
2621,568,cat_1,568
2622,503,cat_2,503
2623,194,cat_3,194
2624,159,cat_4,159
2625,833,cat_0,833
2626,932,cat_1,932
2627,711,cat_2,711
2628,247,cat_3,247
2629,553,cat_4,553
2630,66,cat_0,66
2631,598,cat_1,598
2632,517,cat_2,517
2633,529,cat_3,529
2634,773,cat_4,773
2635,622,cat_0,622
2636,994,cat_1,994
2637,649,cat_2,649
2638,235,cat_3,235
2639,14,cat_4,14
2640,279,cat_0,279
2641,900,cat_1,900
2642,122,cat_2,122
2643,32,cat_3,32
2644,917,cat_4,917
2645,693,cat_0,693
2646,656,cat_1,656
2647,495,cat_2,495
2648,529,cat_3,529
2649,907,cat_4,907
2650,201,cat_0,201
2651,820,cat_1,820
2652,711,cat_2,711
2653,671,cat_3,671
2654,807,cat_4,807
2655,806,cat_0,806
2656,980,cat_1,980
2657,391,cat_2,391
2658,332,cat_3,332
2659,322,cat_4,322
2660,125,cat_0,125
2661,205,cat_1,205
2662,674,cat_2,674
2663,528,cat_3,528
2664,865,cat_4,865
2665,521,cat_0,521
2666,122,cat_1,122
2667,719,cat_2,719
2668,270,cat_3,270
2669,66,cat_4,66
2670,960,cat_0,960
2671,213,cat_1,213
2672,598,cat_2,598
2673,683,cat_3,683
2674,75,cat_4,75
2675,408,cat_0,408
2676,483,cat_1,483
2677,552,cat_2,552
2678,357,cat_3,357
2679,376,cat_4,376
2680,841,cat_0,841
2681,507,cat_1,507
2682,16,cat_2,16
2683,58,cat_3,58
2684,408,cat_4,408
2685,886,cat_0,886
2686,804,cat_1,804
2687,705,cat_2,705
2688,348,cat_3,348
2689,928,cat_4,928
2690,383,cat_0,383
2691,914,cat_1,914
2692,755,cat_2,755
2693,657,cat_3,657
2694,627,cat_4,627
2695,32,cat_0,32
2696,949,cat_1,949
2697,708,cat_2,708
2698,199,cat_3,199
2699,968,cat_4,968
2700,82,cat_0,82
2701,409,cat_1,409
2702,629,cat_2,629
2703,858,cat_3,858
2704,631,cat_4,631
2705,825,cat_0,825
2706,326,cat_1,326
2707,668,cat_2,668
2708,229,cat_3,229
2709,421,cat_4,421
2710,181,cat_0,181
2711,526,cat_1,526
2712,958,cat_2,958
2713,514,cat_3,514
2714,55,cat_4,55
2715,31,cat_0,31
2716,192,cat_1,192
2717,245,cat_2,245
2718,276,cat_3,276
2719,643,cat_4,643
2720,609,cat_0,609
2721,560,cat_1,560
2722,312,cat_2,312
2723,966,cat_3,966
2724,553,cat_4,553
2725,831,cat_0,831
2726,345,cat_1,345
2727,238,cat_2,238
2728,404,cat_3,404
2729,540,cat_4,540
2730,736,cat_0,736
2731,343,cat_1,343
2732,367,cat_2,367
2733,197,cat_3,197
2734,60,cat_4,60
2735,370,cat_0,370
2736,791,cat_1,791
2737,286,cat_2,286
2738,409,cat_3,409
2739,31,cat_4,31
2740,799,cat_0,799
2741,804,cat_1,804
2742,655,cat_2,655
2743,507,cat_3,507
2744,11,cat_4,11
2745,735,cat_0,735
2746,210,cat_1,210
2747,920,cat_2,920
2748,152,cat_3,152
2749,628,cat_4,628
2750,632,cat_0,632
2751,30,cat_1,30
2752,930,cat_2,930
2753,313,cat_3,313
2754,344,cat_4,344
2755,677,cat_0,677
2756,871,cat_1,871
2757,549,cat_2,549
2758,233,cat_3,233
2759,409,cat_4,409
2760,327,cat_0,327
2761,885,cat_1,885
2762,137,cat_2,137
2763,199,cat_3,199
2764,409,cat_4,409
2765,273,cat_0,273
2766,521,cat_1,521
2767,431,cat_2,431
2768,22,cat_3,22
2769,524,cat_4,524
2770,14,cat_0,14
2771,518,cat_1,518
2772,530,cat_2,530
2773,59,cat_3,59
2774,799,cat_4,799
2775,827,cat_0,827
2776,427,cat_1,427
2777,307,cat_2,307
2778,354,cat_3,354
2779,427,cat_4,427
2780,667,cat_0,667
2781,688,cat_1,688
2782,407,cat_2,407
2783,887,cat_3,887
2784,576,cat_4,576
2785,818,cat_0,818
2786,961,cat_1,961
2787,693,cat_2,693
2788,915,cat_3,915
2789,74,cat_4,74
2790,864,cat_0,864
2791,36,cat_1,36
2792,397,cat_2,397
2793,869,cat_3,869
2794,803,cat_4,803
2795,709,cat_0,709
2796,147,cat_1,147
2797,646,cat_2,646
2798,288,cat_3,288
2799,705,cat_4,705
2800,634,cat_0,634
2801,7,cat_1,7
2802,196,cat_2,196
2803,63,cat_3,63
2804,799,cat_4,799
2805,955,cat_0,955
2806,395,cat_1,395
2807,739,cat_2,739
2808,323,cat_3,323
2809,374,cat_4,374
2810,274,cat_0,274
2811,577,cat_1,577
2812,740,cat_2,740
2813,683,cat_3,683
2814,109,cat_4,109
2815,96,cat_0,96
2816,363,cat_1,363
2817,63,cat_2,63
2818,405,cat_3,405
2819,539,cat_4,539
2820,736,cat_0,736
2821,329,cat_1,329
2822,194,cat_2,194
2823,341,cat_3,341
2824,668,cat_4,668
2825,504,cat_0,504
2826,84,cat_1,84
2827,999,cat_2,999
2828,721,cat_3,721
2829,267,cat_4,267
2830,17,cat_0,17
2831,719,cat_1,719
2832,915,cat_2,915
2833,94,cat_3,94
2834,716,cat_4,716
2835,375,cat_0,375
2836,352,cat_1,352
2837,472,cat_2,472
2838,955,cat_3,955
2839,167,cat_4,167
2840,712,cat_0,712
2841,405,cat_1,405
2842,356,cat_2,356
2843,765,cat_3,765
2844,603,cat_4,603
2845,18,cat_0,18
2846,819,cat_1,819
2847,962,cat_2,962
2848,650,cat_3,650
2849,547,cat_4,547
2850,29,cat_0,29
2851,905,cat_1,905
2852,661,cat_2,661
2853,96,cat_3,96
2854,619,cat_4,619
2855,919,cat_0,919
2856,772,cat_1,772
2857,912,cat_2,912
2858,363,cat_3,363
2859,460,cat_4,460
2860,955,cat_0,955
2861,322,cat_1,322
2862,713,cat_2,713
2863,433,cat_3,433
2864,507,cat_4,507
2865,178,cat_0,178
2866,969,cat_1,969
2867,574,cat_2,574
2868,153,cat_3,153
2869,553,cat_4,553
2870,168,cat_0,168
2871,911,cat_1,911
2872,66,cat_2,66
2873,369,cat_3,369
2874,713,cat_4,713
2875,354,cat_0,354
2876,456,cat_1,456
2877,40,cat_2,40
2878,816,cat_3,816
2879,860,cat_4,860
2880,421,cat_0,421
2881,930,cat_1,930
2882,310,cat_2,310
2883,110,cat_3,110
2884,803,cat_4,803
2885,196,cat_0,196
2886,625,cat_1,625
2887,206,cat_2,206
2888,217,cat_3,217
2889,337,cat_4,337
2890,186,cat_0,186
2891,182,cat_1,182
2892,919,cat_2,919
2893,2,cat_3,2
2894,136,cat_4,136
2895,486,cat_0,486
2896,990,cat_1,990
2897,516,cat_2,516
2898,658,cat_3,658
2899,59,cat_4,59
2900,711,cat_0,711
2901,825,cat_1,825
2902,831,cat_2,831
2903,932,cat_3,932
2904,480,cat_4,480
2905,254,cat_0,254
2906,738,cat_1,738
2907,293,cat_2,293
2908,906,cat_3,906
2909,919,cat_4,919
2910,852,cat_0,852
2911,856,cat_1,856
2912,489,cat_2,489
2913,552,cat_3,552
2914,984,cat_4,984
2915,929,cat_0,929
2916,694,cat_1,694
2917,324,cat_2,324
2918,148,cat_3,148
2919,130,cat_4,130
2920,366,cat_0,366
2921,730,cat_1,730
2922,291,cat_2,291
2923,213,cat_3,213
2924,795,cat_4,795
2925,429,cat_0,429
2926,661,cat_1,661
2927,530,cat_2,530
2928,948,cat_3,948
2929,684,cat_4,684
2930,339,cat_0,339
2931,174,cat_1,174
2932,42,cat_2,42
2933,556,cat_3,556
2934,927,cat_4,927
2935,192,cat_0,192
2936,545,cat_1,545
2937,839,cat_2,839
2938,517,cat_3,517
2939,34,cat_4,34
2940,184,cat_0,184
2941,800,cat_1,800
2942,801,cat_2,801
2943,390,cat_3,390
2944,965,cat_4,965
2945,135,cat_0,135
2946,577,cat_1,577
2947,81,cat_2,81
2948,162,cat_3,162
2949,317,cat_4,317
2950,614,cat_0,614
2951,647,cat_1,647
2952,416,cat_2,416
2953,115,cat_3,115
2954,840,cat_4,840
2955,715,cat_0,715
2956,412,cat_1,412
2957,235,cat_2,235
2958,848,cat_3,848
2959,420,cat_4,420
2960,637,cat_0,637
2961,466,cat_1,466
2962,22,cat_2,22
2963,998,cat_3,998
2964,665,cat_4,665
2965,230,cat_0,230
2966,331,cat_1,331
2967,704,cat_2,704
2968,30,cat_3,30
2969,47,cat_4,47
2970,943,cat_0,943
2971,106,cat_1,106
2972,743,cat_2,743
2973,957,cat_3,957
2974,320,cat_4,320
2975,519,cat_0,519
2976,76,cat_1,76
2977,527,cat_2,527
2978,794,cat_3,794
2979,415,cat_4,415
2980,741,cat_0,741
2981,26,cat_1,26
2982,498,cat_2,498
2983,64,cat_3,64
2984,865,cat_4,865
2985,138,cat_0,138
2986,422,cat_1,422
2987,598,cat_2,598
2988,128,cat_3,128
2989,456,cat_4,456
2990,656,cat_0,656
2991,560,cat_1,560
2992,559,cat_2,559
2993,657,cat_3,657
2994,935,cat_4,935
2995,952,cat_0,952
2996,700,cat_1,700
2997,746,cat_2,746
2998,249,cat_3,249
2999,904,cat_4,904
3000,14,cat_0,14
3001,567,cat_1,567
3002,754,cat_2,754
3003,564,cat_3,564
3004,411,cat_4,411
3005,98,cat_0,98
3006,675,cat_1,675
3007,36,cat_2,36
3008,822,cat_3,822
3009,480,cat_4,480
3010,668,cat_0,668
3011,202,cat_1,202
3012,137,cat_2,137
3013,822,cat_3,822
3014,605,cat_4,605
3015,933,cat_0,933
3016,507,cat_1,507
3017,383,cat_2,383
3018,391,cat_3,391
3019,492,cat_4,492
3020,206,cat_0,206
3021,689,cat_1,689
3022,686,cat_2,686
3023,119,cat_3,119
3024,205,cat_4,205
3025,372,cat_0,372
3026,65,cat_1,65
3027,596,cat_2,596
3028,547,cat_3,547
3029,50,cat_4,50
3030,885,cat_0,885
3031,854,cat_1,854
3032,38,cat_2,38
3033,483,cat_3,483
3034,821,cat_4,821
3035,80,cat_0,80
3036,243,cat_1,243
3037,79,cat_2,79
3038,1,cat_3,1
3039,800,cat_4,800
3040,758,cat_0,758
3041,589,cat_1,589
3042,835,cat_2,835
3043,724,cat_3,724
3044,223,cat_4,223
3045,798,cat_0,798
3046,208,cat_1,208
3047,994,cat_2,994
3048,472,cat_3,472
3049,598,cat_4,598
3050,261,cat_0,261
3051,347,cat_1,347
3052,918,cat_2,918
3053,157,cat_3,157
3054,304,cat_4,304
3055,242,cat_0,242
3056,165,cat_1,165
3057,799,cat_2,799
3058,422,cat_3,422
3059,902,cat_4,902
3060,138,cat_0,138
3061,991,cat_1,991
3062,703,cat_2,703
3063,684,cat_3,684
3064,918,cat_4,918
3065,99,cat_0,99
3066,308,cat_1,308
3067,438,cat_2,438
3068,537,cat_3,537
3069,925,cat_4,925
3070,257,cat_0,257
3071,562,cat_1,562
3072,617,cat_2,617
3073,543,cat_3,543
3074,42,cat_4,42
3075,60,cat_0,60
3076,691,cat_1,691
3077,612,cat_2,612
3078,125,cat_3,125
3079,271,cat_4,271
3080,342,cat_0,342
3081,374,cat_1,374
3082,249,cat_2,249
3083,955,cat_3,955
3084,973,cat_4,973
3085,836,cat_0,836
3086,978,cat_1,978
3087,430,cat_2,430
3088,289,cat_3,289
3089,817,cat_4,817
3090,30,cat_0,30
3091,278,cat_1,278
3092,457,cat_2,457
3093,163,cat_3,163
3094,946,cat_4,946
3095,732,cat_0,732
3096,567,cat_1,567
3097,543,cat_2,543
3098,521,cat_3,521
3099,171,cat_4,171
3100,890,cat_0,890
3101,753,cat_1,753
3102,19,cat_2,19
3103,439,cat_3,439
3104,709,cat_4,709
3105,822,cat_0,822
3106,498,cat_1,498
3107,961,cat_2,961
3108,885,cat_3,885
3109,189,cat_4,189
3110,379,cat_0,379
3111,36,cat_1,36
3112,732,cat_2,732
3113,283,cat_3,283
3114,883,cat_4,883
3115,674,cat_0,674
3116,909,cat_1,909
3117,978,cat_2,978
3118,828,cat_3,828
3119,393,cat_4,393
3120,548,cat_0,548
3121,932,cat_1,932
3122,232,cat_2,232
3123,882,cat_3,882
3124,719,cat_4,719
3125,597,cat_0,597
3126,571,cat_1,571
3127,280,cat_2,280
3128,705,cat_3,705
3129,331,cat_4,331
3130,619,cat_0,619
3131,919,cat_1,919
3132,861,cat_2,861
3133,153,cat_3,153
3134,397,cat_4,397
3135,613,cat_0,613
3136,555,cat_1,555
3137,752,cat_2,752
3138,947,cat_3,947
3139,738,cat_4,738
3140,400,cat_0,400
3141,116,cat_1,116
3142,635,cat_2,635
3143,816,cat_3,816
3144,905,cat_4,905
3145,991,cat_0,991
3146,280,cat_1,280
3147,812,cat_2,812
3148,505,cat_3,505
3149,569,cat_4,569
3150,537,cat_0,537
3151,399,cat_1,399
3152,449,cat_2,449
3153,860,cat_3,860
3154,155,cat_4,155
3155,492,cat_0,492
3156,340,cat_1,340
3157,20,cat_2,20
3158,703,cat_3,703
3159,541,cat_4,541
3160,234,cat_0,234
3161,395,cat_1,395
3162,75,cat_2,75
3163,199,cat_3,199
3164,921,cat_4,921
3165,644,cat_0,644
3166,793,cat_1,793
3167,339,cat_2,339
3168,582,cat_3,582
3169,802,cat_4,802
3170,723,cat_0,723
3171,373,cat_1,373
3172,251,cat_2,251
3173,820,cat_3,820
3174,854,cat_4,854
3175,986,cat_0,986
3176,228,cat_1,228
3177,723,cat_2,723
3178,119,cat_3,119
3179,334,cat_4,334
3180,118,cat_0,118
3181,210,cat_1,210
3182,760,cat_2,760
3183,195,cat_3,195
3184,953,cat_4,953
3185,607,cat_0,607
3186,656,cat_1,656
3187,96,cat_2,96
3188,515,cat_3,515
3189,491,cat_4,491
3190,580,cat_0,580
3191,64,cat_1,64
3192,966,cat_2,966
3193,669,cat_3,669
3194,388,cat_4,388
3195,266,cat_0,266
3196,618,cat_1,618
3197,763,cat_2,763
3198,62,cat_3,62
3199,878,cat_4,878
3200,745,cat_0,745
3201,810,cat_1,810
3202,141,cat_2,141
3203,604,cat_3,604
3204,124,cat_4,124
3205,670,cat_0,670
3206,295,cat_1,295
3207,435,cat_2,435
3208,318,cat_3,318
3209,948,cat_4,948
3210,670,cat_0,670
3211,870,cat_1,870
3212,582,cat_2,582
3213,591,cat_3,591
3214,859,cat_4,859
3215,467,cat_0,467
3216,81,cat_1,81
3217,964,cat_2,964
3218,453,cat_3,453
3219,372,cat_4,372
3220,787,cat_0,787
3221,725,cat_1,725
3222,326,cat_2,326
3223,660,cat_3,660
3224,307,cat_4,307
3225,156,cat_0,156
3226,46,cat_1,46
3227,457,cat_2,457
3228,834,cat_3,834
3229,716,cat_4,716
3230,662,cat_0,662
3231,484,cat_1,484
3232,628,cat_2,628
3233,778,cat_3,778
3234,883,cat_4,883
3235,96,cat_0,96
3236,960,cat_1,960
3237,888,cat_2,888
3238,764,cat_3,764
3239,3,cat_4,3
3240,699,cat_0,699
3241,711,cat_1,711
3242,207,cat_2,207
3243,829,cat_3,829
3244,355,cat_4,355
3245,381,cat_0,381
3246,687,cat_1,687
3247,669,cat_2,669
3248,255,cat_3,255
3249,322,cat_4,322
3250,116,cat_0,116
3251,980,cat_1,980
3252,683,cat_2,683
3253,826,cat_3,826
3254,417,cat_4,417
3255,989,cat_0,989
3256,12,cat_1,12
3257,636,cat_2,636
3258,888,cat_3,888
3259,537,cat_4,537
3260,289,cat_0,289
3261,908,cat_1,908
3262,458,cat_2,458
3263,749,cat_3,749
3264,6,cat_4,6
3265,145,cat_0,145
3266,167,cat_1,167
3267,638,cat_2,638
3268,110,cat_3,110
3269,314,cat_4,314
3270,886,cat_0,886
3271,520,cat_1,520
3272,128,cat_2,128
3273,547,cat_3,547
3274,130,cat_4,130
3275,864,cat_0,864
3276,722,cat_1,722
3277,498,cat_2,498
3278,172,cat_3,172
3279,426,cat_4,426
3280,691,cat_0,691
3281,997,cat_1,997
3282,149,cat_2,149
3283,396,cat_3,396
3284,974,cat_4,974
3285,674,cat_0,674
3286,233,cat_1,233
3287,260,cat_2,260
3288,956,cat_3,956
3289,110,cat_4,110
3290,851,cat_0,851
3291,42,cat_1,42
3292,548,cat_2,548
3293,853,cat_3,853
3294,712,cat_4,712
3295,843,cat_0,843
3296,243,cat_1,243
3297,200,cat_2,200
3298,614,cat_3,614
3299,797,cat_4,797
3300,443,cat_0,443
3301,618,cat_1,618
3302,299,cat_2,299
3303,590,cat_3,590
3304,851,cat_4,851
3305,176,cat_0,176
3306,365,cat_1,365
3307,151,cat_2,151
3308,854,cat_3,854
3309,921,cat_4,921
3310,950,cat_0,950
3311,576,cat_1,576
3312,882,cat_2,882
3313,131,cat_3,131
3314,444,cat_4,444
3315,561,cat_0,561
3316,811,cat_1,811
3317,546,cat_2,546
3318,116,cat_3,116
3319,980,cat_4,980
3320,175,cat_0,175
3321,826,cat_1,826
3322,644,cat_2,644
3323,660,cat_3,660
3324,763,cat_4,763
3325,620,cat_0,620
3326,295,cat_1,295
3327,493,cat_2,493
3328,353,cat_3,353
3329,576,cat_4,576
3330,990,cat_0,990
3331,987,cat_1,987
3332,509,cat_2,509
3333,902,cat_3,902
3334,432,cat_4,432
3335,12,cat_0,12
3336,278,cat_1,278
3337,632,cat_2,632
3338,192,cat_3,192
3339,835,cat_4,835
3340,348,cat_0,348
3341,56,cat_1,56
3342,406,cat_2,406
3343,685,cat_3,685
3344,979,cat_4,979
3345,414,cat_0,414
3346,950,cat_1,950
3347,145,cat_2,145
3348,507,cat_3,507
3349,832,cat_4,832
3350,611,cat_0,611
3351,882,cat_1,882
3352,721,cat_2,721
3353,615,cat_3,615
3354,584,cat_4,584
3355,688,cat_0,688
3356,852,cat_1,852
3357,984,cat_2,984
3358,342,cat_3,342
3359,214,cat_4,214
3360,75,cat_0,75
3361,349,cat_1,349
3362,5,cat_2,5
3363,954,cat_3,954
3364,978,cat_4,978
3365,66,cat_0,66
3366,773,cat_1,773
3367,581,cat_2,581
3368,218,cat_3,218
3369,946,cat_4,946
3370,976,cat_0,976
3371,947,cat_1,947
3372,112,cat_2,112
3373,879,cat_3,879
3374,888,cat_4,888
3375,969,cat_0,969
3376,635,cat_1,635
3377,433,cat_2,433
3378,578,cat_3,578
3379,77,cat_4,77
3380,759,cat_0,759
3381,967,cat_1,967
3382,978,cat_2,978
3383,756,cat_3,756
3384,642,cat_4,642
3385,538,cat_0,538
3386,581,cat_1,581
3387,928,cat_2,928
3388,144,cat_3,144
3389,717,cat_4,717
3390,941,cat_0,941
3391,34,cat_1,34
3392,468,cat_2,468
3393,739,cat_3,739
3394,359,cat_4,359
3395,968,cat_0,968
3396,445,cat_1,445
3397,631,cat_2,631
3398,133,cat_3,133
3399,413,cat_4,413
3400,592,cat_0,592
3401,420,cat_1,420
3402,246,cat_2,246
3403,997,cat_3,997
3404,549,cat_4,549
3405,159,cat_0,159
3406,388,cat_1,388
3407,742,cat_2,742
3408,163,cat_3,163
3409,414,cat_4,414
3410,888,cat_0,888
3411,788,cat_1,788
3412,723,cat_2,723
3413,788,cat_3,788
3414,90,cat_4,90
3415,384,cat_0,384
3416,550,cat_1,550
3417,1000,cat_2,1000
3418,693,cat_3,693
3419,79,cat_4,79
3420,265,cat_0,265
3421,550,cat_1,550
3422,985,cat_2,985
3423,177,cat_3,177
3424,870,cat_4,870
3425,603,cat_0,603
3426,352,cat_1,352
3427,844,cat_2,844
3428,165,cat_3,165
3429,148,cat_4,148
3430,788,cat_0,788
3431,511,cat_1,511
3432,693,cat_2,693
3433,755,cat_3,755
3434,346,cat_4,346
3435,146,cat_0,146
3436,776,cat_1,776
3437,327,cat_2,327
3438,25,cat_3,25
3439,772,cat_4,772
3440,405,cat_0,405
3441,987,cat_1,987
3442,799,cat_2,799
3443,495,cat_3,495
3444,962,cat_4,962
3445,250,cat_0,250
3446,170,cat_1,170
3447,700,cat_2,700
3448,639,cat_3,639
3449,716,cat_4,716
3450,445,cat_0,445
3451,113,cat_1,113
3452,993,cat_2,993
3453,641,cat_3,641
3454,251,cat_4,251
3455,462,cat_0,462
3456,584,cat_1,584
3457,20,cat_2,20
3458,951,cat_3,951
3459,389,cat_4,389
3460,843,cat_0,843
3461,496,cat_1,496
3462,571,cat_2,571
3463,120,cat_3,120
3464,931,cat_4,931
3465,949,cat_0,949
3466,126,cat_1,126
3467,244,cat_2,244
3468,970,cat_3,970
3469,594,cat_4,594
3470,565,cat_0,565
3471,179,cat_1,179
3472,883,cat_2,883
3473,722,cat_3,722
3474,611,cat_4,611
3475,404,cat_0,404
3476,409,cat_1,409
3477,12,cat_2,12
3478,846,cat_3,846
3479,69,cat_4,69
3480,742,cat_0,742
3481,500,cat_1,500
3482,982,cat_2,982
3483,179,cat_3,179
3484,399,cat_4,399
3485,291,cat_0,291
3486,339,cat_1,339
3487,3,cat_2,3
3488,572,cat_3,572
3489,440,cat_4,440
3490,324,cat_0,324
3491,55,cat_1,55
3492,847,cat_2,847
3493,11,cat_3,11
3494,978,cat_4,978
3495,57,cat_0,57
3496,933,cat_1,933
3497,263,cat_2,263
3498,557,cat_3,557
3499,567,cat_4,567
3500,375,cat_0,375
3501,764,cat_1,764
3502,346,cat_2,346
3503,26,cat_3,26
3504,1,cat_4,1
3505,506,cat_0,506
3506,811,cat_1,811
3507,203,cat_2,203
3508,996,cat_3,996
3509,378,cat_4,378
3510,924,cat_0,924
3511,859,cat_1,859
3512,543,cat_2,543
3513,987,cat_3,987
3514,547,cat_4,547
3515,735,cat_0,735
3516,243,cat_1,243
3517,261,cat_2,261
3518,100,cat_3,100
3519,267,cat_4,267
3520,554,cat_0,554
3521,895,cat_1,895
3522,870,cat_2,870
3523,826,cat_3,826
3524,46,cat_4,46
3525,251,cat_0,251
3526,74,cat_1,74
3527,804,cat_2,804
3528,331,cat_3,331
3529,312,cat_4,312
3530,82,cat_0,82
3531,790,cat_1,790
3532,28,cat_2,28
3533,13,cat_3,13
3534,441,cat_4,441
3535,807,cat_0,807
3536,640,cat_1,640
3537,22,cat_2,22
3538,323,cat_3,323
3539,862,cat_4,862
3540,185,cat_0,185
3541,902,cat_1,902
3542,610,cat_2,610
3543,797,cat_3,797
3544,584,cat_4,584
3545,982,cat_0,982
3546,404,cat_1,404
3547,220,cat_2,220
3548,631,cat_3,631
3549,570,cat_4,570
3550,368,cat_0,368
3551,40,cat_1,40
3552,881,cat_2,881
3553,68,cat_3,68
3554,823,cat_4,823
3555,757,cat_0,757
3556,614,cat_1,614
3557,14,cat_2,14
3558,695,cat_3,695
3559,927,cat_4,927
3560,658,cat_0,658
3561,375,cat_1,375
3562,461,cat_2,461
3563,216,cat_3,216
3564,120,cat_4,120
3565,935,cat_0,935
3566,80,cat_1,80
3567,706,cat_2,706
3568,492,cat_3,492
3569,245,cat_4,245
3570,209,cat_0,209
3571,525,cat_1,525
3572,491,cat_2,491
3573,37,cat_3,37
3574,925,cat_4,925
3575,303,cat_0,303
3576,477,cat_1,477
3577,443,cat_2,443
3578,500,cat_3,500
3579,7,cat_4,7
3580,846,cat_0,846
3581,597,cat_1,597
3582,382,cat_2,382
3583,690,cat_3,690
3584,348,cat_4,348
3585,57,cat_0,57
3586,126,cat_1,126
3587,473,cat_2,473
3588,429,cat_3,429
3589,915,cat_4,915
3590,601,cat_0,601
3591,847,cat_1,847
3592,406,cat_2,406
3593,531,cat_3,531
3594,475,cat_4,475
3595,604,cat_0,604
3596,128,cat_1,128
3597,166,cat_2,166
3598,988,cat_3,988
3599,407,cat_4,407
3600,207,cat_0,207
3601,402,cat_1,402
3602,911,cat_2,911
3603,588,cat_3,588
3604,945,cat_4,945
3605,885,cat_0,885
3606,793,cat_1,793
3607,751,cat_2,751
3608,660,cat_3,660
3609,565,cat_4,565
3610,563,cat_0,563
3611,462,cat_1,462
3612,491,cat_2,491
3613,501,cat_3,501
3614,578,cat_4,578
3615,318,cat_0,318
3616,986,cat_1,986
3617,279,cat_2,279
3618,358,cat_3,358
3619,562,cat_4,562
3620,495,cat_0,495
3621,506,cat_1,506
3622,633,cat_2,633
3623,263,cat_3,263
3624,352,cat_4,352
3625,559,cat_0,559
3626,46,cat_1,46
3627,229,cat_2,229
3628,334,cat_3,334
3629,41,cat_4,41
3630,443,cat_0,443
3631,551,cat_1,551
3632,55,cat_2,55
3633,38,cat_3,38
3634,315,cat_4,315
3635,822,cat_0,822
3636,638,cat_1,638
3637,392,cat_2,392
3638,584,cat_3,584
3639,376,cat_4,376
3640,549,cat_0,549
3641,385,cat_1,385
3642,180,cat_2,180
3643,48,cat_3,48
3644,892,cat_4,892
3645,781,cat_0,781
3646,112,cat_1,112
3647,561,cat_2,561
3648,520,cat_3,520
3649,291,cat_4,291
3650,447,cat_0,447
3651,224,cat_1,224
3652,554,cat_2,554
3653,614,cat_3,614
3654,323,cat_4,323
3655,139,cat_0,139
3656,272,cat_1,272
3657,715,cat_2,715
3658,270,cat_3,270
3659,629,cat_4,629
3660,16,cat_0,16
3661,114,cat_1,114
3662,945,cat_2,945
3663,591,cat_3,591
3664,56,cat_4,56
3665,918,cat_0,918
3666,252,cat_1,252
3667,578,cat_2,578
3668,528,cat_3,528
3669,278,cat_4,278
3670,58,cat_0,58
3671,153,cat_1,153
3672,185,cat_2,185
3673,519,cat_3,519
3674,922,cat_4,922
3675,38,cat_0,38
3676,19,cat_1,19
3677,328,cat_2,328
3678,227,cat_3,227
3679,568,cat_4,568
3680,985,cat_0,985
3681,160,cat_1,160
3682,566,cat_2,566
3683,690,cat_3,690
3684,495,cat_4,495
3685,976,cat_0,976
3686,203,cat_1,203
3687,188,cat_2,188
3688,284,cat_3,284
3689,74,cat_4,74
3690,827,cat_0,827
3691,243,cat_1,243
3692,998,cat_2,998
3693,904,cat_3,904
3694,4,cat_4,4
3695,353,cat_0,353
3696,579,cat_1,579
3697,380,cat_2,380
3698,946,cat_3,946
3699,23,cat_4,23
3700,874,cat_0,874
3701,810,cat_1,810
3702,154,cat_2,154
3703,670,cat_3,670
3704,164,cat_4,164
3705,16,cat_0,16
3706,581,cat_1,581
3707,952,cat_2,952
3708,252,cat_3,252
3709,464,cat_4,464
3710,226,cat_0,226
3711,612,cat_1,612
3712,745,cat_2,745
3713,129,cat_3,129
3714,95,cat_4,95
3715,317,cat_0,317
3716,114,cat_1,114
3717,438,cat_2,438
3718,335,cat_3,335
3719,818,cat_4,818
3720,512,cat_0,512
3721,957,cat_1,957
3722,538,cat_2,538
3723,282,cat_3,282
3724,344,cat_4,344
3725,696,cat_0,696
3726,742,cat_1,742
3727,782,cat_2,782
3728,901,cat_3,901
3729,403,cat_4,403
3730,317,cat_0,317
3731,697,cat_1,697
3732,87,cat_2,87
3733,464,cat_3,464
3734,247,cat_4,247
3735,451,cat_0,451
3736,196,cat_1,196
3737,218,cat_2,218
3738,453,cat_3,453
3739,192,cat_4,192
3740,248,cat_0,248
3741,192,cat_1,192
3742,782,cat_2,782
3743,563,cat_3,563
3744,556,cat_4,556
3745,347,cat_0,347
3746,955,cat_1,955
3747,584,cat_2,584
3748,811,cat_3,811
3749,324,cat_4,324
3750,360,cat_0,360
3751,115,cat_1,115
3752,157,cat_2,157
3753,675,cat_3,675
3754,541,cat_4,541
3755,387,cat_0,387
3756,978,cat_1,978
3757,395,cat_2,395
3758,406,cat_3,406
3759,258,cat_4,258
3760,59,cat_0,59
3761,790,cat_1,790
3762,288,cat_2,288
3763,83,cat_3,83
3764,708,cat_4,708
3765,556,cat_0,556
3766,249,cat_1,249
3767,198,cat_2,198
3768,485,cat_3,485
3769,321,cat_4,321
3770,573,cat_0,573
3771,31,cat_1,31
3772,846,cat_2,846
3773,214,cat_3,214
3774,116,cat_4,116
3775,260,cat_0,260
3776,683,cat_1,683
3777,23,cat_2,23
3778,636,cat_3,636
3779,790,cat_4,790
3780,641,cat_0,641
3781,546,cat_1,546
3782,316,cat_2,316
3783,780,cat_3,780
3784,112,cat_4,112
3785,545,cat_0,545
3786,434,cat_1,434
3787,744,cat_2,744
3788,938,cat_3,938
3789,253,cat_4,253
3790,724,cat_0,724
3791,201,cat_1,201
3792,871,cat_2,871
3793,157,cat_3,157
3794,945,cat_4,945
3795,436,cat_0,436
3796,912,cat_1,912
3797,76,cat_2,76
3798,627,cat_3,627
3799,314,cat_4,314
3800,596,cat_0,596
3801,473,cat_1,473
3802,931,cat_2,931
3803,834,cat_3,834
3804,443,cat_4,443
3805,651,cat_0,651
3806,229,cat_1,229
3807,503,cat_2,503
3808,490,cat_3,490
3809,345,cat_4,345
3810,261,cat_0,261
3811,822,cat_1,822
3812,271,cat_2,271
3813,27,cat_3,27
3814,203,cat_4,203
3815,460,cat_0,460
3816,464,cat_1,464
3817,842,cat_2,842
3818,943,cat_3,943
3819,394,cat_4,394
3820,442,cat_0,442
3821,32,cat_1,32
3822,469,cat_2,469
3823,544,cat_3,544
3824,913,cat_4,913
3825,627,cat_0,627
3826,787,cat_1,787
3827,783,cat_2,783
3828,230,cat_3,230
3829,623,cat_4,623
3830,819,cat_0,819
3831,911,cat_1,911
3832,635,cat_2,635
3833,715,cat_3,715
3834,761,cat_4,761
3835,322,cat_0,322
3836,84,cat_1,84
3837,673,cat_2,673
3838,360,cat_3,360
3839,11,cat_4,11
3840,828,cat_0,828
3841,366,cat_1,366
3842,565,cat_2,565
3843,356,cat_3,356
3844,927,cat_4,927
3845,842,cat_0,842
3846,887,cat_1,887
3847,743,cat_2,743
3848,765,cat_3,765
3849,531,cat_4,531
3850,963,cat_0,963
3851,752,cat_1,752
3852,246,cat_2,246
3853,67,cat_3,67
3854,535,cat_4,535
3855,32,cat_0,32
3856,941,cat_1,941
3857,264,cat_2,264
3858,975,cat_3,975
3859,594,cat_4,594
3860,806,cat_0,806
3861,207,cat_1,207
3862,283,cat_2,283
3863,970,cat_3,970
3864,818,cat_4,818
3865,933,cat_0,933
3866,579,cat_1,579
3867,92,cat_2,92
3868,922,cat_3,922
3869,342,cat_4,342
3870,608,cat_0,608
3871,873,cat_1,873
3872,844,cat_2,844
3873,632,cat_3,632
3874,389,cat_4,389
3875,111,cat_0,111
3876,352,cat_1,352
3877,428,cat_2,428
3878,627,cat_3,627
3879,254,cat_4,254
3880,357,cat_0,357
3881,289,cat_1,289
3882,890,cat_2,890
3883,547,cat_3,547
3884,243,cat_4,243
3885,905,cat_0,905
3886,351,cat_1,351
3887,739,cat_2,739
3888,835,cat_3,835
3889,972,cat_4,972
3890,741,cat_0,741
3891,452,cat_1,452
3892,371,cat_2,371
3893,313,cat_3,313
3894,545,cat_4,545
3895,128,cat_0,128
3896,406,cat_1,406
3897,265,cat_2,265
3898,218,cat_3,218
3899,816,cat_4,816
3900,749,cat_0,749
3901,459,cat_1,459
3902,853,cat_2,853
3903,339,cat_3,339
3904,844,cat_4,844
3905,489,cat_0,489
3906,29,cat_1,29
3907,400,cat_2,400
3908,149,cat_3,149
3909,360,cat_4,360
3910,813,cat_0,813
3911,122,cat_1,122
3912,157,cat_2,157
3913,396,cat_3,396
3914,921,cat_4,921
3915,970,cat_0,970
3916,386,cat_1,386
3917,985,cat_2,985
3918,906,cat_3,906
3919,149,cat_4,149
3920,910,cat_0,910
3921,348,cat_1,348
3922,63,cat_2,63
3923,624,cat_3,624
3924,577,cat_4,577
3925,716,cat_0,716
3926,675,cat_1,675
3927,507,cat_2,507
3928,800,cat_3,800
3929,415,cat_4,415
3930,865,cat_0,865
3931,395,cat_1,395
3932,442,cat_2,442
3933,267,cat_3,267
3934,564,cat_4,564
3935,306,cat_0,306
3936,440,cat_1,440
3937,252,cat_2,252
3938,131,cat_3,131
3939,312,cat_4,312
3940,690,cat_0,690
3941,855,cat_1,855
3942,120,cat_2,120
3943,509,cat_3,509
3944,795,cat_4,795
3945,429,cat_0,429
3946,896,cat_1,896
3947,388,cat_2,388
3948,400,cat_3,400
3949,288,cat_4,288
3950,34,cat_0,34
3951,57,cat_1,57
3952,863,cat_2,863
3953,326,cat_3,326
3954,62,cat_4,62
3955,24,cat_0,24
3956,333,cat_1,333
3957,833,cat_2,833
3958,355,cat_3,355
3959,725,cat_4,725
3960,275,cat_0,275
3961,478,cat_1,478
3962,562,cat_2,562
3963,581,cat_3,581
3964,289,cat_4,289
3965,378,cat_0,378
3966,542,cat_1,542
3967,425,cat_2,425
3968,385,cat_3,385
3969,168,cat_4,168
3970,790,cat_0,790
3971,833,cat_1,833
3972,527,cat_2,527
3973,637,cat_3,637
3974,939,cat_4,939
3975,67,cat_0,67
3976,492,cat_1,492
3977,605,cat_2,605
3978,95,cat_3,95
3979,301,cat_4,301
3980,966,cat_0,966
3981,898,cat_1,898
3982,326,cat_2,326
3983,810,cat_3,810
3984,7,cat_4,7
3985,821,cat_0,821
3986,96,cat_1,96
3987,97,cat_2,97
3988,795,cat_3,795
3989,969,cat_4,969
3990,737,cat_0,737
3991,535,cat_1,535
3992,504,cat_2,504
3993,222,cat_3,222
3994,390,cat_4,390
3995,969,cat_0,969
3996,497,cat_1,497
3997,171,cat_2,171
3998,222,cat_3,222
3999,601,cat_4,601
4000,111,cat_0,111
4001,872,cat_1,872
4002,458,cat_2,458
4003,532,cat_3,532
4004,48,cat_4,48
4005,476,cat_0,476
4006,125,cat_1,125
4007,330,cat_2,330
4008,446,cat_3,446
4009,791,cat_4,791
4010,33,cat_0,33
4011,788,cat_1,788
4012,57,cat_2,57
4013,838,cat_3,838
4014,199,cat_4,199
4015,527,cat_0,527
4016,330,cat_1,330
4017,817,cat_2,817
4018,764,cat_3,764
4019,732,cat_4,732
4020,434,cat_0,434
4021,166,cat_1,166
4022,540,cat_2,540
4023,351,cat_3,351
4024,938,cat_4,938
4025,220,cat_0,220
4026,895,cat_1,895
4027,133,cat_2,133
4028,30,cat_3,30
4029,539,cat_4,539
4030,214,cat_0,214
4031,729,cat_1,729
4032,106,cat_2,106
4033,407,cat_3,407
4034,805,cat_4,805
4035,460,cat_0,460
4036,828,cat_1,828
4037,672,cat_2,672
4038,562,cat_3,562
4039,823,cat_4,823
4040,55,cat_0,55
4041,63,cat_1,63
4042,613,cat_2,613
4043,500,cat_3,500
4044,333,cat_4,333
4045,860,cat_0,860
4046,117,cat_1,117
4047,968,cat_2,968
4048,96,cat_3,96
4049,597,cat_4,597
4050,842,cat_0,842
4051,243,cat_1,243
4052,993,cat_2,993
4053,263,cat_3,263
4054,820,cat_4,820
4055,596,cat_0,596
4056,413,cat_1,413
4057,36,cat_2,36
4058,914,cat_3,914
4059,240,cat_4,240
4060,852,cat_0,852
4061,920,cat_1,920
4062,757,cat_2,757
4063,647,cat_3,647
4064,92,cat_4,92
4065,157,cat_0,157
4066,559,cat_1,559
4067,61,cat_2,61
4068,167,cat_3,167
4069,29,cat_4,29
4070,748,cat_0,748
4071,118,cat_1,118
4072,131,cat_2,131
4073,241,cat_3,241
4074,444,cat_4,444
4075,413,cat_0,413
4076,260,cat_1,260
4077,520,cat_2,520
4078,243,cat_3,243
4079,660,cat_4,660
4080,361,cat_0,361
4081,434,cat_1,434
4082,453,cat_2,453
4083,709,cat_3,709
4084,862,cat_4,862
4085,587,cat_0,587
4086,333,cat_1,333
4087,15,cat_2,15
4088,802,cat_3,802
4089,511,cat_4,511
4090,820,cat_0,820
4091,483,cat_1,483
4092,417,cat_2,417
4093,161,cat_3,161
4094,749,cat_4,749
4095,758,cat_0,758
4096,870,cat_1,870
4097,546,cat_2,546
4098,871,cat_3,871
4099,52,cat_4,52
4100,262,cat_0,262
4101,381,cat_1,381
4102,199,cat_2,199
4103,109,cat_3,109
4104,942,cat_4,942
4105,678,cat_0,678
4106,562,cat_1,562
4107,373,cat_2,373
4108,329,cat_3,329
4109,326,cat_4,326
4110,184,cat_0,184
4111,776,cat_1,776
4112,787,cat_2,787
4113,892,cat_3,892
4114,477,cat_4,477
4115,106,cat_0,106
4116,493,cat_1,493
4117,500,cat_2,500
4118,110,cat_3,110
4119,410,cat_4,410
4120,583,cat_0,583
4121,329,cat_1,329
4122,612,cat_2,612
4123,357,cat_3,357
4124,554,cat_4,554
4125,993,cat_0,993
4126,452,cat_1,452
4127,231,cat_2,231
4128,590,cat_3,590
4129,348,cat_4,348
4130,399,cat_0,399
4131,411,cat_1,411
4132,40,cat_2,40
4133,143,cat_3,143
4134,606,cat_4,606
4135,477,cat_0,477
4136,724,cat_1,724
4137,531,cat_2,531
4138,344,cat_3,344
4139,734,cat_4,734
4140,748,cat_0,748
4141,777,cat_1,777
4142,160,cat_2,160
4143,982,cat_3,982
4144,477,cat_4,477
4145,51,cat_0,51
4146,540,cat_1,540
4147,236,cat_2,236
4148,202,cat_3,202
4149,139,cat_4,139
4150,741,cat_0,741
4151,82,cat_1,82
4152,179,cat_2,179
4153,374,cat_3,374
4154,793,cat_4,793
4155,155,cat_0,155
4156,575,cat_1,575
4157,134,cat_2,134
4158,521,cat_3,521
4159,48,cat_4,48
4160,466,cat_0,466
4161,299,cat_1,299
4162,602,cat_2,602
4163,386,cat_3,386
4164,665,cat_4,665
4165,153,cat_0,153
4166,592,cat_1,592
4167,205,cat_2,205
4168,692,cat_3,692
4169,90,cat_4,90
4170,315,cat_0,315
4171,333,cat_1,333
4172,200,cat_2,200
4173,429,cat_3,429
4174,460,cat_4,460
4175,519,cat_0,519
4176,337,cat_1,337
4177,812,cat_2,812
4178,755,cat_3,755
4179,222,cat_4,222
4180,724,cat_0,724
4181,889,cat_1,889
4182,579,cat_2,579
4183,144,cat_3,144
4184,551,cat_4,551
4185,585,cat_0,585
4186,556,cat_1,556
4187,936,cat_2,936
4188,559,cat_3,559
4189,573,cat_4,573
4190,599,cat_0,599
4191,82,cat_1,82
4192,800,cat_2,800
4193,826,cat_3,826
4194,46,cat_4,46
4195,728,cat_0,728
4196,611,cat_1,611
4197,812,cat_2,812
4198,738,cat_3,738
4199,168,cat_4,168
4200,68,cat_0,68
4201,594,cat_1,594
4202,777,cat_2,777
4203,760,cat_3,760
4204,557,cat_4,557
4205,184,cat_0,184
4206,120,cat_1,120
4207,793,cat_2,793
4208,313,cat_3,313
4209,57,cat_4,57
4210,966,cat_0,966
4211,281,cat_1,281
4212,731,cat_2,731
4213,678,cat_3,678
4214,592,cat_4,592
4215,349,cat_0,349
4216,7,cat_1,7
4217,666,cat_2,666
4218,947,cat_3,947
4219,147,cat_4,147
4220,335,cat_0,335
4221,45,cat_1,45
4222,52,cat_2,52
4223,157,cat_3,157
4224,997,cat_4,997
4225,643,cat_0,643
4226,290,cat_1,290
4227,807,cat_2,807
4228,291,cat_3,291
4229,330,cat_4,330
4230,716,cat_0,716
4231,805,cat_1,805
4232,443,cat_2,443
4233,93,cat_3,93
4234,371,cat_4,371
4235,767,cat_0,767
4236,615,cat_1,615
4237,133,cat_2,133
4238,557,cat_3,557
4239,481,cat_4,481
4240,601,cat_0,601
4241,541,cat_1,541
4242,975,cat_2,975
4243,327,cat_3,327
4244,415,cat_4,415
4245,326,cat_0,326
4246,381,cat_1,381
4247,115,cat_2,115
4248,144,cat_3,144
4249,153,cat_4,153
4250,371,cat_0,371
4251,731,cat_1,731
4252,224,cat_2,224
4253,136,cat_3,136
4254,790,cat_4,790
4255,393,cat_0,393
4256,597,cat_1,597
4257,260,cat_2,260
4258,756,cat_3,756
4259,724,cat_4,724
4260,230,cat_0,230
4261,839,cat_1,839
4262,138,cat_2,138
4263,743,cat_3,743
4264,784,cat_4,784
4265,71,cat_0,71
4266,568,cat_1,568
4267,612,cat_2,612
4268,841,cat_3,841
4269,332,cat_4,332
4270,252,cat_0,252
4271,792,cat_1,792
4272,386,cat_2,386
4273,172,cat_3,172
4274,634,cat_4,634
4275,74,cat_0,74
4276,671,cat_1,671
4277,624,cat_2,624
4278,66,cat_3,66
4279,246,cat_4,246
4280,41,cat_0,41
4281,471,cat_1,471
4282,218,cat_2,218
4283,572,cat_3,572
4284,345,cat_4,345
4285,188,cat_0,188
4286,643,cat_1,643
4287,516,cat_2,516
4288,787,cat_3,787
4289,86,cat_4,86
4290,966,cat_0,966
4291,223,cat_1,223
4292,375,cat_2,375
4293,405,cat_3,405
4294,875,cat_4,875
4295,733,cat_0,733
4296,542,cat_1,542
4297,316,cat_2,316
4298,214,cat_3,214
4299,843,cat_4,843
4300,168,cat_0,168
4301,329,cat_1,329
4302,477,cat_2,477
4303,435,cat_3,435
4304,386,cat_4,386
4305,535,cat_0,535
4306,948,cat_1,948
4307,679,cat_2,679
4308,739,cat_3,739
4309,996,cat_4,996
4310,870,cat_0,870
4311,435,cat_1,435
4312,412,cat_2,412
4313,235,cat_3,235
4314,403,cat_4,403
4315,815,cat_0,815
4316,711,cat_1,711
4317,583,cat_2,583
4318,949,cat_3,949
4319,1000,cat_4,1000
4320,310,cat_0,310
4321,767,cat_1,767
4322,25,cat_2,25
4323,908,cat_3,908
4324,673,cat_4,673
4325,191,cat_0,191
4326,272,cat_1,272
4327,895,cat_2,895
4328,416,cat_3,416
4329,972,cat_4,972
4330,152,cat_0,152
4331,434,cat_1,434
4332,705,cat_2,705
4333,990,cat_3,990
4334,589,cat_4,589
4335,70,cat_0,70
4336,150,cat_1,150
4337,848,cat_2,848
4338,274,cat_3,274
4339,800,cat_4,800
4340,57,cat_0,57
4341,317,cat_1,317
4342,220,cat_2,220
4343,191,cat_3,191
4344,433,cat_4,433
4345,724,cat_0,724
4346,803,cat_1,803
4347,516,cat_2,516
4348,559,cat_3,559
4349,969,cat_4,969
4350,939,cat_0,939
4351,179,cat_1,179
4352,174,cat_2,174
4353,341,cat_3,341
4354,803,cat_4,803
4355,470,cat_0,470
4356,815,cat_1,815
4357,817,cat_2,817
4358,659,cat_3,659
4359,962,cat_4,962
4360,370,cat_0,370
4361,359,cat_1,359
4362,767,cat_2,767
4363,452,cat_3,452
4364,295,cat_4,295
4365,826,cat_0,826
4366,851,cat_1,851
4367,140,cat_2,140
4368,640,cat_3,640
4369,20,cat_4,20
4370,905,cat_0,905
4371,741,cat_1,741
4372,710,cat_2,710
4373,674,cat_3,674
4374,665,cat_4,665
4375,510,cat_0,510
4376,58,cat_1,58
4377,518,cat_2,518
4378,813,cat_3,813
4379,730,cat_4,730
4380,935,cat_0,935
4381,866,cat_1,866
4382,125,cat_2,125
4383,152,cat_3,152
4384,289,cat_4,289
4385,287,cat_0,287
4386,438,cat_1,438
4387,615,cat_2,615
4388,522,cat_3,522
4389,455,cat_4,455
4390,333,cat_0,333
4391,294,cat_1,294
4392,133,cat_2,133
4393,299,cat_3,299
4394,565,cat_4,565
4395,985,cat_0,985
4396,406,cat_1,406
4397,582,cat_2,582
4398,496,cat_3,496
4399,392,cat_4,392
4400,798,cat_0,798
4401,420,cat_1,420
4402,116,cat_2,116
4403,122,cat_3,122
4404,839,cat_4,839
4405,378,cat_0,378
4406,140,cat_1,140
4407,152,cat_2,152
4408,949,cat_3,949
4409,472,cat_4,472
4410,14,cat_0,14
4411,616,cat_1,616
4412,875,cat_2,875
4413,417,cat_3,417
4414,311,cat_4,311
4415,363,cat_0,363
4416,250,cat_1,250
4417,577,cat_2,577
4418,272,cat_3,272
4419,544,cat_4,544
4420,281,cat_0,281
4421,34,cat_1,34
4422,740,cat_2,740
4423,794,cat_3,794
4424,527,cat_4,527
4425,661,cat_0,661
4426,589,cat_1,589
4427,666,cat_2,666
4428,748,cat_3,748
4429,174,cat_4,174
4430,20,cat_0,20
4431,758,cat_1,758
4432,230,cat_2,230
4433,785,cat_3,785
4434,960,cat_4,960
4435,481,cat_0,481
4436,296,cat_1,296
4437,201,cat_2,201
4438,516,cat_3,516
4439,200,cat_4,200
4440,776,cat_0,776
4441,240,cat_1,240
4442,698,cat_2,698
4443,796,cat_3,796
4444,949,cat_4,949
4445,51,cat_0,51
4446,460,cat_1,460
4447,495,cat_2,495
4448,493,cat_3,493
4449,940,cat_4,940
4450,725,cat_0,725
4451,761,cat_1,761
4452,184,cat_2,184
4453,832,cat_3,832
4454,469,cat_4,469
4455,124,cat_0,124
4456,633,cat_1,633
4457,781,cat_2,781
4458,766,cat_3,766
4459,112,cat_4,112
4460,146,cat_0,146
4461,188,cat_1,188
4462,144,cat_2,144
4463,980,cat_3,980
4464,182,cat_4,182
4465,147,cat_0,147
4466,97,cat_1,97
4467,842,cat_2,842
4468,600,cat_3,600
4469,490,cat_4,490
4470,340,cat_0,340
4471,920,cat_1,920
4472,301,cat_2,301
4473,955,cat_3,955
4474,574,cat_4,574
4475,51,cat_0,51
4476,208,cat_1,208
4477,775,cat_2,775
4478,951,cat_3,951
4479,450,cat_4,450
4480,445,cat_0,445
4481,328,cat_1,328
4482,827,cat_2,827
4483,110,cat_3,110
4484,561,cat_4,561
4485,144,cat_0,144
4486,224,cat_1,224
4487,389,cat_2,389
4488,96,cat_3,96
4489,707,cat_4,707
4490,218,cat_0,218
4491,692,cat_1,692
4492,290,cat_2,290
4493,563,cat_3,563
4494,561,cat_4,561
4495,312,cat_0,312
4496,86,cat_1,86
4497,980,cat_2,980
4498,816,cat_3,816
4499,981,cat_4,981
4500,357,cat_0,357
4501,553,cat_1,553
4502,353,cat_2,353
4503,442,cat_3,442
4504,715,cat_4,715
4505,294,cat_0,294
4506,525,cat_1,525
4507,733,cat_2,733
4508,887,cat_3,887
4509,307,cat_4,307
4510,206,cat_0,206
4511,564,cat_1,564
4512,504,cat_2,504
4513,474,cat_3,474
4514,847,cat_4,847
4515,367,cat_0,367
4516,469,cat_1,469
4517,337,cat_2,337
4518,437,cat_3,437
4519,273,cat_4,273
4520,199,cat_0,199
4521,869,cat_1,869
4522,87,cat_2,87
4523,437,cat_3,437
4524,809,cat_4,809
4525,923,cat_0,923
4526,933,cat_1,933
4527,224,cat_2,224
4528,365,cat_3,365
4529,895,cat_4,895
4530,864,cat_0,864
4531,427,cat_1,427
4532,961,cat_2,961
4533,760,cat_3,760
4534,692,cat_4,692
4535,962,cat_0,962
4536,567,cat_1,567
4537,352,cat_2,352
4538,282,cat_3,282
4539,93,cat_4,93
4540,485,cat_0,485
4541,898,cat_1,898
4542,729,cat_2,729
4543,866,cat_3,866
4544,644,cat_4,644
4545,832,cat_0,832
4546,153,cat_1,153
4547,240,cat_2,240
4548,106,cat_3,106
4549,757,cat_4,757
4550,829,cat_0,829
4551,700,cat_1,700
4552,186,cat_2,186
4553,583,cat_3,583
4554,13,cat_4,13
4555,820,cat_0,820
4556,91,cat_1,91
4557,781,cat_2,781
4558,74,cat_3,74
4559,332,cat_4,332
4560,312,cat_0,312
4561,125,cat_1,125
4562,256,cat_2,256
4563,505,cat_3,505
4564,832,cat_4,832
4565,343,cat_0,343
4566,93,cat_1,93
4567,241,cat_2,241
4568,907,cat_3,907
4569,310,cat_4,310
4570,915,cat_0,915
4571,727,cat_1,727
4572,956,cat_2,956
4573,889,cat_3,889
4574,924,cat_4,924
4575,946,cat_0,946
4576,712,cat_1,712
4577,153,cat_2,153
4578,934,cat_3,934
4579,88,cat_4,88
4580,907,cat_0,907
4581,128,cat_1,128
4582,764,cat_2,764
4583,76,cat_3,76
4584,226,cat_4,226
4585,50,cat_0,50
4586,46,cat_1,46
4587,257,cat_2,257
4588,605,cat_3,605
4589,311,cat_4,311
4590,307,cat_0,307
4591,89,cat_1,89
4592,311,cat_2,311
4593,660,cat_3,660
4594,28,cat_4,28
4595,518,cat_0,518
4596,882,cat_1,882
4597,701,cat_2,701
4598,11,cat_3,11
4599,835,cat_4,835
4600,561,cat_0,561
4601,365,cat_1,365
4602,319,cat_2,319
4603,180,cat_3,180
4604,563,cat_4,563
4605,428,cat_0,428
4606,960,cat_1,960
4607,519,cat_2,519
4608,718,cat_3,718
4609,286,cat_4,286
4610,217,cat_0,217
4611,485,cat_1,485
4612,1,cat_2,1
4613,804,cat_3,804
4614,635,cat_4,635
4615,448,cat_0,448
4616,661,cat_1,661
4617,30,cat_2,30
4618,374,cat_3,374
4619,318,cat_4,318
4620,751,cat_0,751
4621,288,cat_1,288
4622,784,cat_2,784
4623,402,cat_3,402
4624,444,cat_4,444
4625,141,cat_0,141
4626,831,cat_1,831
4627,958,cat_2,958
4628,465,cat_3,465
4629,857,cat_4,857
4630,750,cat_0,750
4631,158,cat_1,158
4632,735,cat_2,735
4633,796,cat_3,796
4634,650,cat_4,650
4635,441,cat_0,441
4636,46,cat_1,46
4637,212,cat_2,212
4638,727,cat_3,727
4639,506,cat_4,506
4640,137,cat_0,137
4641,759,cat_1,759
4642,914,cat_2,914
4643,439,cat_3,439
4644,313,cat_4,313
4645,481,cat_0,481
4646,464,cat_1,464
4647,927,cat_2,927
4648,9,cat_3,9
4649,150,cat_4,150
4650,199,cat_0,199
4651,843,cat_1,843
4652,697,cat_2,697
4653,907,cat_3,907
4654,690,cat_4,690
4655,924,cat_0,924
4656,310,cat_1,310
4657,42,cat_2,42
4658,158,cat_3,158
4659,69,cat_4,69
4660,251,cat_0,251
4661,734,cat_1,734
4662,526,cat_2,526
4663,244,cat_3,244
4664,975,cat_4,975
4665,514,cat_0,514
4666,480,cat_1,480
4667,110,cat_2,110
4668,464,cat_3,464
4669,757,cat_4,757
4670,988,cat_0,988
4671,492,cat_1,492
4672,362,cat_2,362
4673,407,cat_3,407
4674,598,cat_4,598
4675,340,cat_0,340
4676,437,cat_1,437
4677,658,cat_2,658
4678,446,cat_3,446
4679,338,cat_4,338
4680,654,cat_0,654
4681,213,cat_1,213
4682,518,cat_2,518
4683,458,cat_3,458
4684,345,cat_4,345
4685,877,cat_0,877
4686,163,cat_1,163
4687,729,cat_2,729
4688,596,cat_3,596
4689,882,cat_4,882
4690,703,cat_0,703
4691,634,cat_1,634
4692,783,cat_2,783
4693,755,cat_3,755
4694,696,cat_4,696
4695,544,cat_0,544
4696,86,cat_1,86
4697,320,cat_2,320
4698,402,cat_3,402
4699,757,cat_4,757
4700,546,cat_0,546
4701,999,cat_1,999
4702,1,cat_2,1
4703,380,cat_3,380
4704,738,cat_4,738
4705,523,cat_0,523
4706,596,cat_1,596
4707,941,cat_2,941
4708,177,cat_3,177
4709,105,cat_4,105
4710,908,cat_0,908
4711,47,cat_1,47
4712,267,cat_2,267
4713,530,cat_3,530
4714,646,cat_4,646
4715,906,cat_0,906
4716,243,cat_1,243
4717,169,cat_2,169
4718,759,cat_3,759
4719,32,cat_4,32
4720,501,cat_0,501
4721,505,cat_1,505
4722,601,cat_2,601
4723,492,cat_3,492
4724,828,cat_4,828
4725,14,cat_0,14
4726,784,cat_1,784
4727,226,cat_2,226
4728,599,cat_3,599
4729,526,cat_4,526
4730,553,cat_0,553
4731,510,cat_1,510
4732,560,cat_2,560
4733,968,cat_3,968
4734,594,cat_4,594
4735,22,cat_0,22
4736,997,cat_1,997
4737,872,cat_2,872
4738,205,cat_3,205
4739,234,cat_4,234
4740,993,cat_0,993
4741,28,cat_1,28
4742,396,cat_2,396
4743,400,cat_3,400
4744,739,cat_4,739
4745,791,cat_0,791
4746,203,cat_1,203
4747,771,cat_2,771
4748,110,cat_3,110
4749,696,cat_4,696
4750,831,cat_0,831
4751,416,cat_1,416
4752,854,cat_2,854
4753,250,cat_3,250
4754,869,cat_4,869
4755,139,cat_0,139
4756,755,cat_1,755
4757,316,cat_2,316
4758,558,cat_3,558
4759,636,cat_4,636
4760,632,cat_0,632
4761,46,cat_1,46
4762,91,cat_2,91
4763,105,cat_3,105
4764,206,cat_4,206
4765,768,cat_0,768
4766,994,cat_1,994
4767,534,cat_2,534
4768,863,cat_3,863
4769,524,cat_4,524
4770,534,cat_0,534
4771,466,cat_1,466
4772,946,cat_2,946
4773,370,cat_3,370
4774,995,cat_4,995
4775,890,cat_0,890
4776,346,cat_1,346
4777,967,cat_2,967
4778,268,cat_3,268
4779,219,cat_4,219
4780,609,cat_0,609
4781,662,cat_1,662
4782,276,cat_2,276
4783,622,cat_3,622
4784,852,cat_4,852
4785,331,cat_0,331
4786,444,cat_1,444
4787,239,cat_2,239
4788,223,cat_3,223
4789,606,cat_4,606
4790,669,cat_0,669
4791,755,cat_1,755
4792,741,cat_2,741
4793,671,cat_3,671
4794,978,cat_4,978
4795,895,cat_0,895
4796,294,cat_1,294
4797,645,cat_2,645
4798,68,cat_3,68
4799,483,cat_4,483
4800,244,cat_0,244
4801,93,cat_1,93
4802,621,cat_2,621
4803,498,cat_3,498
4804,798,cat_4,798
4805,452,cat_0,452
4806,176,cat_1,176
4807,539,cat_2,539
4808,727,cat_3,727
4809,819,cat_4,819
4810,247,cat_0,247
4811,588,cat_1,588
4812,982,cat_2,982
4813,508,cat_3,508
4814,476,cat_4,476
4815,174,cat_0,174
4816,535,cat_1,535
4817,56,cat_2,56
4818,498,cat_3,498
4819,135,cat_4,135
4820,794,cat_0,794
4821,54,cat_1,54
4822,348,cat_2,348
4823,2,cat_3,2
4824,660,cat_4,660
4825,901,cat_0,901
4826,157,cat_1,157
4827,1,cat_2,1
4828,739,cat_3,739
4829,724,cat_4,724
4830,312,cat_0,312
4831,947,cat_1,947
4832,78,cat_2,78
4833,563,cat_3,563
4834,155,cat_4,155
4835,449,cat_0,449
4836,965,cat_1,965
4837,405,cat_2,405
4838,402,cat_3,402
4839,809,cat_4,809
4840,605,cat_0,605
4841,375,cat_1,375
4842,213,cat_2,213
4843,376,cat_3,376
4844,554,cat_4,554
4845,862,cat_0,862
4846,432,cat_1,432
4847,359,cat_2,359
4848,974,cat_3,974
4849,329,cat_4,329
4850,778,cat_0,778
4851,942,cat_1,942
4852,19,cat_2,19
4853,478,cat_3,478
4854,188,cat_4,188
4855,998,cat_0,998
4856,355,cat_1,355
4857,59,cat_2,59
4858,686,cat_3,686
4859,893,cat_4,893
4860,800,cat_0,800
4861,9,cat_1,9
4862,280,cat_2,280
4863,439,cat_3,439
4864,803,cat_4,803
4865,255,cat_0,255
4866,524,cat_1,524
4867,234,cat_2,234
4868,371,cat_3,371
4869,838,cat_4,838
4870,448,cat_0,448
4871,915,cat_1,915
4872,773,cat_2,773
4873,872,cat_3,872
4874,324,cat_4,324
4875,826,cat_0,826
4876,486,cat_1,486
4877,580,cat_2,580
4878,908,cat_3,908
4879,270,cat_4,270
4880,995,cat_0,995
4881,774,cat_1,774
4882,130,cat_2,130
4883,27,cat_3,27
4884,323,cat_4,323
4885,801,cat_0,801
4886,260,cat_1,260
4887,388,cat_2,388
4888,682,cat_3,682
4889,484,cat_4,484
4890,477,cat_0,477
4891,845,cat_1,845
4892,248,cat_2,248
4893,496,cat_3,496
4894,353,cat_4,353
4895,460,cat_0,460
4896,180,cat_1,180
4897,231,cat_2,231
4898,626,cat_3,626
4899,117,cat_4,117
4900,5,cat_0,5
4901,784,cat_1,784
4902,220,cat_2,220
4903,356,cat_3,356
4904,975,cat_4,975
4905,89,cat_0,89
4906,139,cat_1,139
4907,143,cat_2,143
4908,423,cat_3,423
4909,1,cat_4,1
4910,253,cat_0,253
4911,968,cat_1,968
4912,68,cat_2,68
4913,11,cat_3,11
4914,17,cat_4,17
4915,552,cat_0,552
4916,783,cat_1,783
4917,46,cat_2,46
4918,498,cat_3,498
4919,288,cat_4,288
4920,4,cat_0,4
4921,691,cat_1,691
4922,625,cat_2,625
4923,124,cat_3,124
4924,419,cat_4,419
4925,153,cat_0,153
4926,746,cat_1,746
4927,354,cat_2,354
4928,105,cat_3,105
4929,778,cat_4,778
4930,861,cat_0,861
4931,161,cat_1,161
4932,215,cat_2,215
4933,689,cat_3,689
4934,520,cat_4,520
4935,903,cat_0,903
4936,479,cat_1,479
4937,459,cat_2,459
4938,205,cat_3,205
4939,249,cat_4,249
4940,586,cat_0,586
4941,602,cat_1,602
4942,199,cat_2,199
4943,551,cat_3,551
4944,72,cat_4,72
4945,3,cat_0,3
4946,898,cat_1,898
4947,744,cat_2,744
4948,30,cat_3,30
4949,960,cat_4,960
4950,739,cat_0,739
4951,727,cat_1,727
4952,486,cat_2,486
4953,396,cat_3,396
4954,613,cat_4,613
4955,505,cat_0,505
4956,470,cat_1,470
4957,836,cat_2,836
4958,266,cat_3,266
4959,222,cat_4,222
4960,432,cat_0,432
4961,51,cat_1,51
4962,750,cat_2,750
4963,535,cat_3,535
4964,991,cat_4,991
4965,277,cat_0,277
4966,1000,cat_1,1000
4967,31,cat_2,31
4968,635,cat_3,635
4969,346,cat_4,346
4970,489,cat_0,489
4971,373,cat_1,373
4972,755,cat_2,755
4973,171,cat_3,171
4974,821,cat_4,821
4975,424,cat_0,424
4976,714,cat_1,714
4977,139,cat_2,139
4978,346,cat_3,346
4979,112,cat_4,112
4980,694,cat_0,694
4981,791,cat_1,791
4982,915,cat_2,915
4983,746,cat_3,746
4984,960,cat_4,960
4985,950,cat_0,950
4986,655,cat_1,655
4987,81,cat_2,81
4988,263,cat_3,263
4989,702,cat_4,702
4990,272,cat_0,272
4991,863,cat_1,863
4992,79,cat_2,79
4993,300,cat_3,300
4994,688,cat_4,688
4995,198,cat_0,198
4996,924,cat_1,924
4997,351,cat_2,351
4998,791,cat_3,791
4999,383,cat_4,383
5000,431,cat_0,431
5001,752,cat_1,752
5002,701,cat_2,701
5003,199,cat_3,199
5004,356,cat_4,356
5005,809,cat_0,809
5006,400,cat_1,400
5007,315,cat_2,315
5008,690,cat_3,690
5009,489,cat_4,489
5010,844,cat_0,844
5011,443,cat_1,443
5012,755,cat_2,755
5013,416,cat_3,416
5014,44,cat_4,44
5015,910,cat_0,910
5016,356,cat_1,356
5017,865,cat_2,865
5018,469,cat_3,469
5019,172,cat_4,172
5020,92,cat_0,92
5021,634,cat_1,634
5022,831,cat_2,831
5023,731,cat_3,731
5024,892,cat_4,892
5025,991,cat_0,991
5026,865,cat_1,865
5027,419,cat_2,419
5028,422,cat_3,422
5029,296,cat_4,296
5030,531,cat_0,531
5031,292,cat_1,292
5032,230,cat_2,230
5033,976,cat_3,976
5034,803,cat_4,803
5035,404,cat_0,404
5036,269,cat_1,269
5037,514,cat_2,514
5038,24,cat_3,24
5039,617,cat_4,617
5040,938,cat_0,938
5041,312,cat_1,312
5042,596,cat_2,596
5043,58,cat_3,58
5044,9,cat_4,9
5045,218,cat_0,218
5046,314,cat_1,314
5047,297,cat_2,297
5048,382,cat_3,382
5049,201,cat_4,201
5050,313,cat_0,313
5051,497,cat_1,497
5052,292,cat_2,292
5053,450,cat_3,450
5054,586,cat_4,586
5055,112,cat_0,112
5056,205,cat_1,205
5057,606,cat_2,606
5058,575,cat_3,575
5059,620,cat_4,620
5060,653,cat_0,653
5061,378,cat_1,378
5062,93,cat_2,93
5063,366,cat_3,366
5064,309,cat_4,309
5065,178,cat_0,178
5066,93,cat_1,93
5067,726,cat_2,726
5068,266,cat_3,266
5069,635,cat_4,635
5070,821,cat_0,821
5071,419,cat_1,419
5072,669,cat_2,669
5073,264,cat_3,264
5074,719,cat_4,719
5075,279,cat_0,279
5076,807,cat_1,807
5077,535,cat_2,535
5078,466,cat_3,466
5079,113,cat_4,113
5080,407,cat_0,407
5081,965,cat_1,965
5082,459,cat_2,459
5083,720,cat_3,720
5084,162,cat_4,162
5085,436,cat_0,436
5086,151,cat_1,151
5087,517,cat_2,517
5088,671,cat_3,671
5089,686,cat_4,686
5090,757,cat_0,757
5091,985,cat_1,985
5092,725,cat_2,725
5093,160,cat_3,160
5094,709,cat_4,709
5095,19,cat_0,19
5096,915,cat_1,915
5097,453,cat_2,453
5098,460,cat_3,460
5099,368,cat_4,368
5100,686,cat_0,686
5101,341,cat_1,341
5102,798,cat_2,798
5103,502,cat_3,502
5104,24,cat_4,24
5105,32,cat_0,32
5106,610,cat_1,610
5107,330,cat_2,330
5108,712,cat_3,712
5109,393,cat_4,393
5110,39,cat_0,39
5111,532,cat_1,532
5112,270,cat_2,270
5113,449,cat_3,449
5114,382,cat_4,382
5115,590,cat_0,590
5116,15,cat_1,15
5117,891,cat_2,891
5118,258,cat_3,258
5119,93,cat_4,93
5120,758,cat_0,758
5121,997,cat_1,997
5122,753,cat_2,753
5123,648,cat_3,648
5124,420,cat_4,420
5125,680,cat_0,680
5126,992,cat_1,992
5127,620,cat_2,620
5128,893,cat_3,893
5129,676,cat_4,676
5130,78,cat_0,78
5131,259,cat_1,259
5132,635,cat_2,635
5133,1,cat_3,1
5134,314,cat_4,314
5135,759,cat_0,759
5136,744,cat_1,744
5137,678,cat_2,678
5138,27,cat_3,27
5139,115,cat_4,115
5140,608,cat_0,608
5141,277,cat_1,277
5142,232,cat_2,232
5143,456,cat_3,456
5144,81,cat_4,81
5145,65,cat_0,65
5146,46,cat_1,46
5147,843,cat_2,843
5148,713,cat_3,713
5149,629,cat_4,629
5150,361,cat_0,361
5151,604,cat_1,604
5152,761,cat_2,761
5153,8,cat_3,8
5154,291,cat_4,291
5155,779,cat_0,779
5156,909,cat_1,909
5157,668,cat_2,668
5158,195,cat_3,195
5159,701,cat_4,701
5160,628,cat_0,628
5161,329,cat_1,329
5162,759,cat_2,759
5163,252,cat_3,252
5164,174,cat_4,174
5165,937,cat_0,937
5166,432,cat_1,432
5167,664,cat_2,664
5168,183,cat_3,183
5169,97,cat_4,97
5170,182,cat_0,182
5171,230,cat_1,230
5172,529,cat_2,529
5173,666,cat_3,666
5174,355,cat_4,355
5175,813,cat_0,813
5176,878,cat_1,878
5177,916,cat_2,916
5178,440,cat_3,440
5179,331,cat_4,331
5180,880,cat_0,880
5181,267,cat_1,267
5182,955,cat_2,955
5183,193,cat_3,193
5184,234,cat_4,234
5185,557,cat_0,557
5186,253,cat_1,253
5187,462,cat_2,462
5188,491,cat_3,491
5189,263,cat_4,263
5190,952,cat_0,952
5191,42,cat_1,42
5192,999,cat_2,999
5193,734,cat_3,734
5194,173,cat_4,173
5195,389,cat_0,389
5196,513,cat_1,513
5197,756,cat_2,756
5198,513,cat_3,513
5199,18,cat_4,18
5200,394,cat_0,394
5201,972,cat_1,972
5202,781,cat_2,781
5203,479,cat_3,479
5204,778,cat_4,778
5205,579,cat_0,579
5206,49,cat_1,49
5207,725,cat_2,725
5208,62,cat_3,62
5209,253,cat_4,253
5210,214,cat_0,214
5211,464,cat_1,464
5212,915,cat_2,915
5213,509,cat_3,509
5214,287,cat_4,287
5215,143,cat_0,143
5216,802,cat_1,802
5217,843,cat_2,843
5218,720,cat_3,720
5219,383,cat_4,383
5220,775,cat_0,775
5221,976,cat_1,976
5222,474,cat_2,474
5223,426,cat_3,426
5224,744,cat_4,744
5225,876,cat_0,876
5226,279,cat_1,279
5227,747,cat_2,747
5228,626,cat_3,626
5229,204,cat_4,204
5230,923,cat_0,923
5231,116,cat_1,116
5232,908,cat_2,908
5233,322,cat_3,322
5234,126,cat_4,126
5235,410,cat_0,410
5236,360,cat_1,360
5237,129,cat_2,129
5238,793,cat_3,793
5239,361,cat_4,361
5240,7,cat_0,7
5241,475,cat_1,475
5242,617,cat_2,617
5243,450,cat_3,450
5244,268,cat_4,268
5245,628,cat_0,628
5246,628,cat_1,628
5247,462,cat_2,462
5248,782,cat_3,782
5249,601,cat_4,601
5250,795,cat_0,795
5251,715,cat_1,715
5252,757,cat_2,757
5253,331,cat_3,331
5254,998,cat_4,998
5255,926,cat_0,926
5256,809,cat_1,809
5257,959,cat_2,959
5258,984,cat_3,984
5259,217,cat_4,217
5260,102,cat_0,102
5261,845,cat_1,845
5262,80,cat_2,80
5263,729,cat_3,729
5264,112,cat_4,112
5265,853,cat_0,853
5266,191,cat_1,191
5267,600,cat_2,600
5268,578,cat_3,578
5269,480,cat_4,480
5270,760,cat_0,760
5271,460,cat_1,460
5272,228,cat_2,228
5273,284,cat_3,284
5274,983,cat_4,983
5275,739,cat_0,739
5276,800,cat_1,800
5277,656,cat_2,656
5278,278,cat_3,278
5279,247,cat_4,247
5280,906,cat_0,906
5281,786,cat_1,786
5282,374,cat_2,374
5283,293,cat_3,293
5284,140,cat_4,140
5285,524,cat_0,524
5286,144,cat_1,144
5287,831,cat_2,831
5288,933,cat_3,933
5289,183,cat_4,183
5290,133,cat_0,133
5291,2,cat_1,2
5292,500,cat_2,500
5293,372,cat_3,372
5294,850,cat_4,850
5295,276,cat_0,276
5296,656,cat_1,656
5297,530,cat_2,530
5298,708,cat_3,708
5299,957,cat_4,957
5300,172,cat_0,172
5301,952,cat_1,952
5302,66,cat_2,66
5303,853,cat_3,853
5304,942,cat_4,942
5305,91,cat_0,91
5306,769,cat_1,769
5307,997,cat_2,997
5308,635,cat_3,635
5309,976,cat_4,976
5310,326,cat_0,326
5311,667,cat_1,667
5312,619,cat_2,619
5313,72,cat_3,72
5314,900,cat_4,900
5315,571,cat_0,571
5316,381,cat_1,381
5317,294,cat_2,294
5318,366,cat_3,366
5319,399,cat_4,399
5320,433,cat_0,433
5321,805,cat_1,805
5322,327,cat_2,327
5323,910,cat_3,910
5324,603,cat_4,603
5325,724,cat_0,724
5326,162,cat_1,162
5327,790,cat_2,790
5328,495,cat_3,495
5329,30,cat_4,30
5330,388,cat_0,388
5331,316,cat_1,316
5332,813,cat_2,813
5333,335,cat_3,335
5334,881,cat_4,881
5335,57,cat_0,57
5336,776,cat_1,776
5337,397,cat_2,397
5338,60,cat_3,60
5339,56,cat_4,56
5340,824,cat_0,824
5341,539,cat_1,539
5342,735,cat_2,735
5343,504,cat_3,504
5344,71,cat_4,71
5345,148,cat_0,148
5346,453,cat_1,453
5347,533,cat_2,533
5348,147,cat_3,147
5349,370,cat_4,370
5350,547,cat_0,547
5351,994,cat_1,994
5352,128,cat_2,128
5353,741,cat_3,741
5354,232,cat_4,232
5355,20,cat_0,20
5356,123,cat_1,123
5357,437,cat_2,437
5358,943,cat_3,943
5359,706,cat_4,706
5360,936,cat_0,936
5361,180,cat_1,180
5362,984,cat_2,984
5363,671,cat_3,671
5364,550,cat_4,550
5365,499,cat_0,499
5366,823,cat_1,823
5367,100,cat_2,100
5368,295,cat_3,295
5369,438,cat_4,438
5370,335,cat_0,335
5371,483,cat_1,483
5372,135,cat_2,135
5373,560,cat_3,560
5374,93,cat_4,93
5375,745,cat_0,745
5376,142,cat_1,142
5377,474,cat_2,474
5378,685,cat_3,685
5379,505,cat_4,505
5380,647,cat_0,647
5381,312,cat_1,312
5382,967,cat_2,967
5383,497,cat_3,497
5384,803,cat_4,803
5385,466,cat_0,466
5386,215,cat_1,215
5387,453,cat_2,453
5388,245,cat_3,245
5389,532,cat_4,532
5390,701,cat_0,701
5391,605,cat_1,605
5392,299,cat_2,299
5393,178,cat_3,178
5394,488,cat_4,488
5395,633,cat_0,633
5396,426,cat_1,426
5397,797,cat_2,797
5398,266,cat_3,266
5399,819,cat_4,819
5400,738,cat_0,738
5401,937,cat_1,937
5402,561,cat_2,561
5403,455,cat_3,455
5404,415,cat_4,415
5405,108,cat_0,108
5406,135,cat_1,135
5407,87,cat_2,87
5408,678,cat_3,678
5409,310,cat_4,310
5410,332,cat_0,332
5411,787,cat_1,787
5412,113,cat_2,113
5413,880,cat_3,880
5414,525,cat_4,525
5415,191,cat_0,191
5416,145,cat_1,145
5417,53,cat_2,53
5418,494,cat_3,494
5419,219,cat_4,219
5420,653,cat_0,653
5421,926,cat_1,926
5422,869,cat_2,869
5423,675,cat_3,675
5424,423,cat_4,423
5425,71,cat_0,71
5426,681,cat_1,681
5427,431,cat_2,431
5428,18,cat_3,18
5429,556,cat_4,556
5430,495,cat_0,495
5431,785,cat_1,785
5432,37,cat_2,37
5433,362,cat_3,362
5434,400,cat_4,400
5435,366,cat_0,366
5436,952,cat_1,952
5437,978,cat_2,978
5438,400,cat_3,400
5439,515,cat_4,515
5440,192,cat_0,192
5441,178,cat_1,178
5442,302,cat_2,302
5443,824,cat_3,824
5444,299,cat_4,299
5445,390,cat_0,390
5446,997,cat_1,997
5447,780,cat_2,780
5448,869,cat_3,869
5449,364,cat_4,364
5450,451,cat_0,451
5451,604,cat_1,604
5452,809,cat_2,809
5453,145,cat_3,145
5454,743,cat_4,743
5455,34,cat_0,34
5456,915,cat_1,915
5457,701,cat_2,701
5458,767,cat_3,767
5459,220,cat_4,220
5460,827,cat_0,827
5461,648,cat_1,648
5462,845,cat_2,845
5463,392,cat_3,392
5464,505,cat_4,505
5465,731,cat_0,731
5466,856,cat_1,856
5467,370,cat_2,370
5468,813,cat_3,813
5469,26,cat_4,26
5470,815,cat_0,815
5471,929,cat_1,929
5472,557,cat_2,557
5473,603,cat_3,603
5474,248,cat_4,248
5475,715,cat_0,715
5476,462,cat_1,462
5477,253,cat_2,253
5478,865,cat_3,865
5479,797,cat_4,797
5480,158,cat_0,158
5481,724,cat_1,724
5482,582,cat_2,582
5483,556,cat_3,556
5484,103,cat_4,103
5485,378,cat_0,378
5486,139,cat_1,139
5487,908,cat_2,908
5488,935,cat_3,935
5489,785,cat_4,785
5490,929,cat_0,929
5491,571,cat_1,571
5492,764,cat_2,764
5493,733,cat_3,733
5494,642,cat_4,642
5495,573,cat_0,573
5496,801,cat_1,801
5497,565,cat_2,565
5498,154,cat_3,154
5499,872,cat_4,872
5500,686,cat_0,686
5501,5,cat_1,5
5502,42,cat_2,42
5503,79,cat_3,79
5504,819,cat_4,819
5505,885,cat_0,885
5506,906,cat_1,906
5507,947,cat_2,947
5508,165,cat_3,165
5509,346,cat_4,346
5510,384,cat_0,384
5511,465,cat_1,465
5512,449,cat_2,449
5513,388,cat_3,388
5514,777,cat_4,777
5515,338,cat_0,338
5516,781,cat_1,781
5517,679,cat_2,679
5518,708,cat_3,708
5519,982,cat_4,982
5520,685,cat_0,685
5521,879,cat_1,879
5522,715,cat_2,715
5523,478,cat_3,478
5524,114,cat_4,114
5525,410,cat_0,410
5526,227,cat_1,227
5527,460,cat_2,460
5528,553,cat_3,553
5529,309,cat_4,309
5530,713,cat_0,713
5531,273,cat_1,273
5532,678,cat_2,678
5533,4,cat_3,4
5534,849,cat_4,849
5535,899,cat_0,899
5536,437,cat_1,437
5537,744,cat_2,744
5538,71,cat_3,71
5539,388,cat_4,388
5540,489,cat_0,489
5541,726,cat_1,726
5542,474,cat_2,474
5543,638,cat_3,638
5544,299,cat_4,299
5545,958,cat_0,958
5546,629,cat_1,629
5547,88,cat_2,88
5548,262,cat_3,262
5549,858,cat_4,858
5550,409,cat_0,409
5551,901,cat_1,901
5552,339,cat_2,339
5553,753,cat_3,753
5554,362,cat_4,362
5555,159,cat_0,159
5556,458,cat_1,458
5557,97,cat_2,97
5558,237,cat_3,237
5559,337,cat_4,337
5560,404,cat_0,404
5561,517,cat_1,517
5562,305,cat_2,305
5563,127,cat_3,127
5564,960,cat_4,960
5565,535,cat_0,535
5566,799,cat_1,799
5567,766,cat_2,766
5568,607,cat_3,607
5569,892,cat_4,892
5570,578,cat_0,578
5571,261,cat_1,261
5572,246,cat_2,246
5573,233,cat_3,233
5574,692,cat_4,692
5575,562,cat_0,562
5576,495,cat_1,495
5577,132,cat_2,132
5578,287,cat_3,287
5579,758,cat_4,758
5580,334,cat_0,334
5581,663,cat_1,663
5582,21,cat_2,21
5583,112,cat_3,112
5584,758,cat_4,758
5585,897,cat_0,897
5586,578,cat_1,578
5587,865,cat_2,865
5588,275,cat_3,275
5589,756,cat_4,756
5590,15,cat_0,15
5591,279,cat_1,279
5592,228,cat_2,228
5593,182,cat_3,182
5594,523,cat_4,523
5595,305,cat_0,305
5596,388,cat_1,388
5597,604,cat_2,604
5598,129,cat_3,129
5599,158,cat_4,158
5600,793,cat_0,793
5601,149,cat_1,149
5602,339,cat_2,339
5603,117,cat_3,117
5604,707,cat_4,707
5605,312,cat_0,312
5606,607,cat_1,607
5607,444,cat_2,444
5608,631,cat_3,631
5609,517,cat_4,517
5610,294,cat_0,294
5611,813,cat_1,813
5612,212,cat_2,212
5613,627,cat_3,627
5614,799,cat_4,799
5615,843,cat_0,843
5616,954,cat_1,954
5617,733,cat_2,733
5618,317,cat_3,317
5619,634,cat_4,634
5620,275,cat_0,275
5621,752,cat_1,752
5622,560,cat_2,560
5623,350,cat_3,350
5624,383,cat_4,383
5625,250,cat_0,250
5626,407,cat_1,407
5627,162,cat_2,162
5628,696,cat_3,696
5629,9,cat_4,9
5630,670,cat_0,670
5631,209,cat_1,209
5632,394,cat_2,394
5633,52,cat_3,52
5634,410,cat_4,410
5635,501,cat_0,501
5636,758,cat_1,758
5637,940,cat_2,940
5638,759,cat_3,759
5639,314,cat_4,314
5640,767,cat_0,767
5641,71,cat_1,71
5642,69,cat_2,69
5643,559,cat_3,559
5644,194,cat_4,194
5645,797,cat_0,797
5646,338,cat_1,338
5647,807,cat_2,807
5648,43,cat_3,43
5649,107,cat_4,107
5650,176,cat_0,176
5651,681,cat_1,681
5652,933,cat_2,933
5653,510,cat_3,510
5654,63,cat_4,63
5655,170,cat_0,170
5656,195,cat_1,195
5657,26,cat_2,26
5658,826,cat_3,826
5659,843,cat_4,843
5660,698,cat_0,698
5661,933,cat_1,933
5662,121,cat_2,121
5663,400,cat_3,400
5664,835,cat_4,835
5665,479,cat_0,479
5666,206,cat_1,206
5667,483,cat_2,483
5668,876,cat_3,876
5669,299,cat_4,299
5670,55,cat_0,55
5671,49,cat_1,49
5672,165,cat_2,165
5673,444,cat_3,444
5674,80,cat_4,80
5675,885,cat_0,885
5676,368,cat_1,368
5677,39,cat_2,39
5678,914,cat_3,914
5679,967,cat_4,967
5680,566,cat_0,566
5681,1,cat_1,1
5682,111,cat_2,111
5683,782,cat_3,782
5684,933,cat_4,933
5685,909,cat_0,909
5686,190,cat_1,190
5687,437,cat_2,437
5688,56,cat_3,56
5689,141,cat_4,141
5690,607,cat_0,607
5691,513,cat_1,513
5692,266,cat_2,266
5693,985,cat_3,985
5694,510,cat_4,510
5695,687,cat_0,687
5696,217,cat_1,217
5697,869,cat_2,869
5698,59,cat_3,59
5699,175,cat_4,175
5700,99,cat_0,99
5701,944,cat_1,944
5702,769,cat_2,769
5703,618,cat_3,618
5704,86,cat_4,86
5705,513,cat_0,513
5706,562,cat_1,562
5707,126,cat_2,126
5708,436,cat_3,436
5709,690,cat_4,690
5710,170,cat_0,170
5711,475,cat_1,475
5712,53,cat_2,53
5713,675,cat_3,675
5714,332,cat_4,332
5715,293,cat_0,293
5716,795,cat_1,795
5717,823,cat_2,823
5718,947,cat_3,947
5719,498,cat_4,498
5720,221,cat_0,221
5721,33,cat_1,33
5722,672,cat_2,672
5723,150,cat_3,150
5724,517,cat_4,517
5725,87,cat_0,87
5726,509,cat_1,509
5727,684,cat_2,684
5728,178,cat_3,178
5729,27,cat_4,27
5730,586,cat_0,586
5731,894,cat_1,894
5732,261,cat_2,261
5733,861,cat_3,861
5734,589,cat_4,589
5735,407,cat_0,407
5736,32,cat_1,32
5737,742,cat_2,742
5738,319,cat_3,319
5739,198,cat_4,198
5740,217,cat_0,217
5741,104,cat_1,104
5742,503,cat_2,503
5743,863,cat_3,863
5744,166,cat_4,166
5745,819,cat_0,819
5746,910,cat_1,910
5747,641,cat_2,641
5748,345,cat_3,345
5749,448,cat_4,448
5750,143,cat_0,143
5751,644,cat_1,644
5752,856,cat_2,856
5753,509,cat_3,509
5754,429,cat_4,429
5755,632,cat_0,632
5756,382,cat_1,382
5757,244,cat_2,244
5758,496,cat_3,496
5759,803,cat_4,803
5760,534,cat_0,534
5761,271,cat_1,271
5762,131,cat_2,131
5763,606,cat_3,606
5764,675,cat_4,675
5765,143,cat_0,143
5766,68,cat_1,68
5767,760,cat_2,760
5768,662,cat_3,662
5769,601,cat_4,601
5770,517,cat_0,517
5771,245,cat_1,245
5772,841,cat_2,841
5773,575,cat_3,575
5774,360,cat_4,360
5775,637,cat_0,637
5776,902,cat_1,902
5777,81,cat_2,81
5778,31,cat_3,31
5779,407,cat_4,407
5780,511,cat_0,511
5781,404,cat_1,404
5782,796,cat_2,796
5783,672,cat_3,672
5784,49,cat_4,49
5785,597,cat_0,597
5786,137,cat_1,137
5787,856,cat_2,856
5788,130,cat_3,130
5789,379,cat_4,379
5790,378,cat_0,378
5791,214,cat_1,214
5792,967,cat_2,967
5793,851,cat_3,851
5794,856,cat_4,856
5795,321,cat_0,321
5796,329,cat_1,329
5797,53,cat_2,53
5798,567,cat_3,567
5799,427,cat_4,427
5800,500,cat_0,500
5801,31,cat_1,31
5802,157,cat_2,157
5803,594,cat_3,594
5804,519,cat_4,519
5805,64,cat_0,64
5806,764,cat_1,764
5807,641,cat_2,641
5808,610,cat_3,610
5809,832,cat_4,832
5810,91,cat_0,91
5811,343,cat_1,343
5812,123,cat_2,123
5813,36,cat_3,36
5814,348,cat_4,348
5815,458,cat_0,458
5816,79,cat_1,79
5817,835,cat_2,835
5818,933,cat_3,933
5819,30,cat_4,30
5820,94,cat_0,94
5821,397,cat_1,397
5822,701,cat_2,701
5823,975,cat_3,975
5824,62,cat_4,62
5825,194,cat_0,194
5826,426,cat_1,426
5827,660,cat_2,660
5828,957,cat_3,957
5829,798,cat_4,798
5830,238,cat_0,238
5831,57,cat_1,57
5832,975,cat_2,975
5833,413,cat_3,413
5834,115,cat_4,115
5835,21,cat_0,21
5836,777,cat_1,777
5837,202,cat_2,202
5838,824,cat_3,824
5839,292,cat_4,292
5840,629,cat_0,629
5841,919,cat_1,919
5842,504,cat_2,504
5843,321,cat_3,321
5844,130,cat_4,130
5845,622,cat_0,622
5846,918,cat_1,918
5847,191,cat_2,191
5848,709,cat_3,709
5849,697,cat_4,697
5850,1000,cat_0,1000
5851,690,cat_1,690
5852,315,cat_2,315
5853,223,cat_3,223
5854,442,cat_4,442
5855,116,cat_0,116
5856,771,cat_1,771
5857,502,cat_2,502
5858,744,cat_3,744
5859,939,cat_4,939
5860,676,cat_0,676
5861,533,cat_1,533
5862,989,cat_2,989
5863,641,cat_3,641
5864,647,cat_4,647
5865,188,cat_0,188
5866,52,cat_1,52
5867,377,cat_2,377
5868,559,cat_3,559
5869,10,cat_4,10
5870,430,cat_0,430
5871,1,cat_1,1
5872,935,cat_2,935
5873,573,cat_3,573
5874,252,cat_4,252
5875,442,cat_0,442
5876,657,cat_1,657
5877,570,cat_2,570
5878,367,cat_3,367
5879,778,cat_4,778
5880,554,cat_0,554
5881,58,cat_1,58
5882,906,cat_2,906
5883,896,cat_3,896
5884,732,cat_4,732
5885,513,cat_0,513
5886,426,cat_1,426
5887,949,cat_2,949
5888,423,cat_3,423
5889,773,cat_4,773
5890,417,cat_0,417
5891,312,cat_1,312
5892,821,cat_2,821
5893,689,cat_3,689
5894,402,cat_4,402
5895,693,cat_0,693
5896,715,cat_1,715
5897,530,cat_2,530
5898,278,cat_3,278
5899,788,cat_4,788
5900,429,cat_0,429
5901,669,cat_1,669
5902,310,cat_2,310
5903,872,cat_3,872
5904,377,cat_4,377
5905,935,cat_0,935
5906,754,cat_1,754
5907,11,cat_2,11
5908,796,cat_3,796
5909,37,cat_4,37
5910,460,cat_0,460
5911,113,cat_1,113
5912,90,cat_2,90
5913,48,cat_3,48
5914,356,cat_4,356
5915,623,cat_0,623
5916,897,cat_1,897
5917,571,cat_2,571
5918,634,cat_3,634
5919,622,cat_4,622
5920,125,cat_0,125
5921,35,cat_1,35
5922,911,cat_2,911
5923,305,cat_3,305
5924,623,cat_4,623
5925,930,cat_0,930
5926,727,cat_1,727
5927,220,cat_2,220
5928,342,cat_3,342
5929,978,cat_4,978
5930,698,cat_0,698
5931,548,cat_1,548
5932,151,cat_2,151
5933,292,cat_3,292
5934,759,cat_4,759
5935,157,cat_0,157
5936,110,cat_1,110
5937,24,cat_2,24
5938,387,cat_3,387
5939,271,cat_4,271
5940,230,cat_0,230
5941,492,cat_1,492
5942,942,cat_2,942
5943,884,cat_3,884
5944,391,cat_4,391
5945,627,cat_0,627
5946,758,cat_1,758
5947,431,cat_2,431
5948,982,cat_3,982
5949,128,cat_4,128
5950,54,cat_0,54
5951,805,cat_1,805
5952,462,cat_2,462
5953,45,cat_3,45
5954,628,cat_4,628
5955,642,cat_0,642
5956,157,cat_1,157
5957,424,cat_2,424
5958,339,cat_3,339
5959,815,cat_4,815
5960,377,cat_0,377
5961,568,cat_1,568
5962,724,cat_2,724
5963,812,cat_3,812
5964,113,cat_4,113
5965,692,cat_0,692
5966,5,cat_1,5
5967,685,cat_2,685
5968,133,cat_3,133
5969,681,cat_4,681
5970,198,cat_0,198
5971,852,cat_1,852
5972,206,cat_2,206
5973,677,cat_3,677
5974,194,cat_4,194
5975,31,cat_0,31
5976,226,cat_1,226
5977,355,cat_2,355
5978,726,cat_3,726
5979,149,cat_4,149
5980,148,cat_0,148
5981,36,cat_1,36
5982,273,cat_2,273
5983,888,cat_3,888
5984,976,cat_4,976
5985,806,cat_0,806
5986,442,cat_1,442
5987,94,cat_2,94
5988,464,cat_3,464
5989,162,cat_4,162
5990,217,cat_0,217
5991,952,cat_1,952
5992,577,cat_2,577
5993,848,cat_3,848
5994,776,cat_4,776
5995,305,cat_0,305
5996,76,cat_1,76
5997,384,cat_2,384
5998,665,cat_3,665
5999,332,cat_4,332
6000,643,cat_0,643
6001,880,cat_1,880
6002,396,cat_2,396
6003,38,cat_3,38
6004,14,cat_4,14
6005,552,cat_0,552
6006,392,cat_1,392
6007,155,cat_2,155
6008,249,cat_3,249
6009,734,cat_4,734
6010,867,cat_0,867
6011,852,cat_1,852
6012,8,cat_2,8
6013,851,cat_3,851
6014,470,cat_4,470
6015,178,cat_0,178
6016,143,cat_1,143
6017,85,cat_2,85
6018,28,cat_3,28
6019,383,cat_4,383
6020,28,cat_0,28
6021,112,cat_1,112
6022,178,cat_2,178
6023,946,cat_3,946
6024,858,cat_4,858
6025,418,cat_0,418
6026,555,cat_1,555
6027,710,cat_2,710
6028,14,cat_3,14
6029,925,cat_4,925
6030,581,cat_0,581
6031,118,cat_1,118
6032,289,cat_2,289
6033,85,cat_3,85
6034,873,cat_4,873
6035,972,cat_0,972
6036,632,cat_1,632
6037,344,cat_2,344
6038,359,cat_3,359
6039,363,cat_4,363
6040,628,cat_0,628
6041,973,cat_1,973
6042,309,cat_2,309
6043,639,cat_3,639
6044,561,cat_4,561
6045,547,cat_0,547
6046,872,cat_1,872
6047,453,cat_2,453
6048,253,cat_3,253
6049,885,cat_4,885
6050,24,cat_0,24
6051,981,cat_1,981
6052,555,cat_2,555
6053,931,cat_3,931
6054,554,cat_4,554
6055,955,cat_0,955
6056,722,cat_1,722
6057,382,cat_2,382
6058,782,cat_3,782
6059,259,cat_4,259
6060,852,cat_0,852
6061,950,cat_1,950
6062,542,cat_2,542
6063,472,cat_3,472
6064,196,cat_4,196
6065,634,cat_0,634
6066,391,cat_1,391
6067,626,cat_2,626
6068,323,cat_3,323
6069,226,cat_4,226
6070,466,cat_0,466
6071,586,cat_1,586
6072,221,cat_2,221
6073,259,cat_3,259
6074,811,cat_4,811
6075,565,cat_0,565
6076,238,cat_1,238
6077,153,cat_2,153
6078,243,cat_3,243
6079,817,cat_4,817
6080,593,cat_0,593
6081,411,cat_1,411
6082,356,cat_2,356
6083,754,cat_3,754
6084,992,cat_4,992
6085,429,cat_0,429
6086,870,cat_1,870
6087,771,cat_2,771
6088,460,cat_3,460
6089,571,cat_4,571
6090,938,cat_0,938
6091,383,cat_1,383
6092,874,cat_2,874
6093,854,cat_3,854
6094,878,cat_4,878
6095,654,cat_0,654
6096,267,cat_1,267
6097,48,cat_2,48
6098,34,cat_3,34
6099,418,cat_4,418
6100,540,cat_0,540
6101,94,cat_1,94
6102,744,cat_2,744
6103,130,cat_3,130
6104,56,cat_4,56
6105,707,cat_0,707
6106,48,cat_1,48
6107,504,cat_2,504
6108,378,cat_3,378
6109,218,cat_4,218
6110,174,cat_0,174
6111,556,cat_1,556
6112,867,cat_2,867
6113,87,cat_3,87
6114,407,cat_4,407
6115,397,cat_0,397
6116,258,cat_1,258
6117,281,cat_2,281
6118,51,cat_3,51
6119,79,cat_4,79
6120,110,cat_0,110
6121,381,cat_1,381
6122,566,cat_2,566
6123,302,cat_3,302
6124,999,cat_4,999
6125,749,cat_0,749
6126,994,cat_1,994
6127,328,cat_2,328
6128,243,cat_3,243
6129,911,cat_4,911
6130,591,cat_0,591
6131,850,cat_1,850
6132,909,cat_2,909
6133,960,cat_3,960
6134,880,cat_4,880
6135,438,cat_0,438
6136,277,cat_1,277
6137,445,cat_2,445
6138,932,cat_3,932
6139,903,cat_4,903
6140,18,cat_0,18
6141,38,cat_1,38
6142,477,cat_2,477
6143,273,cat_3,273
6144,6,cat_4,6
6145,247,cat_0,247
6146,557,cat_1,557
6147,100,cat_2,100
6148,761,cat_3,761
6149,260,cat_4,260
6150,721,cat_0,721
6151,685,cat_1,685
6152,557,cat_2,557
6153,552,cat_3,552
6154,218,cat_4,218
6155,338,cat_0,338
6156,523,cat_1,523
6157,338,cat_2,338
6158,888,cat_3,888
6159,346,cat_4,346
6160,304,cat_0,304
6161,849,cat_1,849
6162,279,cat_2,279
6163,575,cat_3,575
6164,240,cat_4,240
6165,253,cat_0,253
6166,876,cat_1,876
6167,145,cat_2,145
6168,324,cat_3,324
6169,245,cat_4,245
6170,209,cat_0,209
6171,480,cat_1,480
6172,393,cat_2,393
6173,443,cat_3,443
6174,510,cat_4,510
6175,7,cat_0,7
6176,354,cat_1,354
6177,445,cat_2,445
6178,643,cat_3,643
6179,32,cat_4,32
6180,962,cat_0,962
6181,177,cat_1,177
6182,971,cat_2,971
6183,265,cat_3,265
6184,786,cat_4,786
6185,153,cat_0,153
6186,746,cat_1,746
6187,448,cat_2,448
6188,150,cat_3,150
6189,191,cat_4,191
6190,667,cat_0,667
6191,706,cat_1,706
6192,250,cat_2,250
6193,123,cat_3,123
6194,91,cat_4,91
6195,320,cat_0,320
6196,531,cat_1,531
6197,656,cat_2,656
6198,223,cat_3,223
6199,98,cat_4,98
6200,159,cat_0,159
6201,974,cat_1,974
6202,589,cat_2,589
6203,217,cat_3,217
6204,603,cat_4,603
6205,153,cat_0,153
6206,158,cat_1,158
6207,558,cat_2,558
6208,86,cat_3,86
6209,342,cat_4,342
6210,223,cat_0,223
6211,71,cat_1,71
6212,175,cat_2,175
6213,220,cat_3,220
6214,372,cat_4,372
6215,906,cat_0,906
6216,748,cat_1,748
6217,840,cat_2,840
6218,947,cat_3,947
6219,56,cat_4,56
6220,66,cat_0,66
6221,75,cat_1,75
6222,150,cat_2,150
6223,676,cat_3,676
6224,913,cat_4,913
6225,626,cat_0,626
6226,978,cat_1,978
6227,744,cat_2,744
6228,269,cat_3,269
6229,756,cat_4,756
6230,841,cat_0,841
6231,677,cat_1,677
6232,817,cat_2,817
6233,762,cat_3,762
6234,139,cat_4,139
6235,928,cat_0,928
6236,765,cat_1,765
6237,374,cat_2,374
6238,765,cat_3,765
6239,766,cat_4,766
6240,296,cat_0,296
6241,140,cat_1,140
6242,363,cat_2,363
6243,681,cat_3,681
6244,739,cat_4,739
6245,918,cat_0,918
6246,307,cat_1,307
6247,664,cat_2,664
6248,295,cat_3,295
6249,10,cat_4,10
6250,960,cat_0,960
6251,370,cat_1,370
6252,859,cat_2,859
6253,494,cat_3,494
6254,239,cat_4,239
6255,790,cat_0,790
6256,487,cat_1,487
6257,783,cat_2,783
6258,862,cat_3,862
6259,232,cat_4,232
6260,170,cat_0,170
6261,215,cat_1,215
6262,167,cat_2,167
6263,561,cat_3,561
6264,109,cat_4,109
6265,260,cat_0,260
6266,922,cat_1,922
6267,927,cat_2,927
6268,365,cat_3,365
6269,110,cat_4,110
6270,386,cat_0,386
6271,67,cat_1,67
6272,592,cat_2,592
6273,688,cat_3,688
6274,678,cat_4,678
6275,746,cat_0,746
6276,312,cat_1,312
6277,698,cat_2,698
6278,619,cat_3,619
6279,613,cat_4,613
6280,833,cat_0,833
6281,380,cat_1,380
6282,919,cat_2,919
6283,472,cat_3,472
6284,787,cat_4,787
6285,557,cat_0,557
6286,429,cat_1,429
6287,623,cat_2,623
6288,283,cat_3,283
6289,375,cat_4,375
6290,723,cat_0,723
6291,638,cat_1,638
6292,446,cat_2,446
6293,288,cat_3,288
6294,964,cat_4,964
6295,725,cat_0,725
6296,448,cat_1,448
6297,951,cat_2,951
6298,669,cat_3,669
6299,15,cat_4,15
6300,970,cat_0,970
6301,263,cat_1,263
6302,230,cat_2,230
6303,133,cat_3,133
6304,637,cat_4,637
6305,162,cat_0,162
6306,325,cat_1,325
6307,637,cat_2,637
6308,229,cat_3,229
6309,355,cat_4,355
6310,283,cat_0,283
6311,412,cat_1,412
6312,950,cat_2,950
6313,831,cat_3,831
6314,169,cat_4,169
6315,649,cat_0,649
6316,501,cat_1,501
6317,570,cat_2,570
6318,542,cat_3,542
6319,382,cat_4,382
6320,779,cat_0,779
6321,562,cat_1,562
6322,349,cat_2,349
6323,296,cat_3,296
6324,919,cat_4,919
6325,745,cat_0,745
6326,590,cat_1,590
6327,458,cat_2,458
6328,525,cat_3,525
6329,999,cat_4,999
6330,206,cat_0,206
6331,286,cat_1,286
6332,140,cat_2,140
6333,939,cat_3,939
6334,107,cat_4,107
6335,672,cat_0,672
6336,495,cat_1,495
6337,519,cat_2,519
6338,253,cat_3,253
6339,789,cat_4,789
6340,300,cat_0,300
6341,75,cat_1,75
6342,430,cat_2,430
6343,359,cat_3,359
6344,794,cat_4,794
6345,177,cat_0,177
6346,752,cat_1,752
6347,372,cat_2,372
6348,614,cat_3,614
6349,125,cat_4,125
6350,185,cat_0,185
6351,374,cat_1,374
6352,711,cat_2,711
6353,537,cat_3,537
6354,993,cat_4,993
6355,398,cat_0,398
6356,27,cat_1,27
6357,455,cat_2,455
6358,109,cat_3,109
6359,763,cat_4,763
6360,379,cat_0,379
6361,271,cat_1,271
6362,408,cat_2,408
6363,483,cat_3,483
6364,168,cat_4,168
6365,630,cat_0,630
6366,90,cat_1,90
6367,680,cat_2,680
6368,811,cat_3,811
6369,757,cat_4,757
6370,374,cat_0,374
6371,141,cat_1,141
6372,693,cat_2,693
6373,668,cat_3,668
6374,846,cat_4,846
6375,744,cat_0,744
6376,328,cat_1,328
6377,552,cat_2,552
6378,92,cat_3,92
6379,77,cat_4,77
6380,84,cat_0,84
6381,156,cat_1,156
6382,134,cat_2,134
6383,390,cat_3,390
6384,573,cat_4,573
6385,565,cat_0,565
6386,205,cat_1,205
6387,756,cat_2,756
6388,618,cat_3,618
6389,887,cat_4,887
6390,899,cat_0,899
6391,948,cat_1,948
6392,30,cat_2,30
6393,369,cat_3,369
6394,314,cat_4,314
6395,272,cat_0,272
6396,324,cat_1,324
6397,92,cat_2,92
6398,181,cat_3,181
6399,248,cat_4,248
6400,935,cat_0,935
6401,776,cat_1,776
6402,710,cat_2,710
6403,472,cat_3,472
6404,911,cat_4,911
6405,126,cat_0,126
6406,14,cat_1,14
6407,466,cat_2,466
6408,530,cat_3,530
6409,386,cat_4,386
6410,621,cat_0,621
6411,985,cat_1,985
6412,670,cat_2,670
6413,529,cat_3,529
6414,246,cat_4,246
6415,139,cat_0,139
6416,954,cat_1,954
6417,524,cat_2,524
6418,274,cat_3,274
6419,660,cat_4,660
6420,995,cat_0,995
6421,261,cat_1,261
6422,933,cat_2,933
6423,24,cat_3,24
6424,923,cat_4,923
6425,100,cat_0,100
6426,355,cat_1,355
6427,59,cat_2,59
6428,473,cat_3,473
6429,136,cat_4,136
6430,204,cat_0,204
6431,673,cat_1,673
6432,828,cat_2,828
6433,118,cat_3,118
6434,828,cat_4,828
6435,879,cat_0,879
6436,255,cat_1,255
6437,764,cat_2,764
6438,622,cat_3,622
6439,434,cat_4,434
6440,334,cat_0,334
6441,328,cat_1,328
6442,678,cat_2,678
6443,776,cat_3,776
6444,351,cat_4,351
6445,12,cat_0,12
6446,881,cat_1,881
6447,870,cat_2,870
6448,95,cat_3,95
6449,648,cat_4,648
6450,864,cat_0,864
6451,52,cat_1,52
6452,245,cat_2,245
6453,412,cat_3,412
6454,16,cat_4,16
6455,67,cat_0,67
6456,50,cat_1,50
6457,246,cat_2,246
6458,998,cat_3,998
6459,187,cat_4,187
6460,719,cat_0,719
6461,467,cat_1,467
6462,489,cat_2,489
6463,15,cat_3,15
6464,150,cat_4,150
6465,605,cat_0,605
6466,750,cat_1,750
6467,859,cat_2,859
6468,357,cat_3,357
6469,146,cat_4,146
6470,894,cat_0,894
6471,243,cat_1,243
6472,489,cat_2,489
6473,774,cat_3,774
6474,678,cat_4,678
6475,569,cat_0,569
6476,909,cat_1,909
6477,115,cat_2,115
6478,583,cat_3,583
6479,336,cat_4,336
6480,19,cat_0,19
6481,817,cat_1,817
6482,904,cat_2,904
6483,293,cat_3,293
6484,758,cat_4,758
6485,221,cat_0,221
6486,991,cat_1,991
6487,196,cat_2,196
6488,925,cat_3,925
6489,85,cat_4,85
6490,713,cat_0,713
6491,948,cat_1,948
6492,760,cat_2,760
6493,308,cat_3,308
6494,388,cat_4,388
6495,346,cat_0,346
6496,395,cat_1,395
6497,66,cat_2,66
6498,829,cat_3,829
6499,123,cat_4,123
6500,667,cat_0,667
6501,968,cat_1,968
6502,621,cat_2,621
6503,243,cat_3,243
6504,956,cat_4,956
6505,945,cat_0,945
6506,59,cat_1,59
6507,771,cat_2,771
6508,814,cat_3,814
6509,953,cat_4,953
6510,94,cat_0,94
6511,791,cat_1,791
6512,590,cat_2,590
6513,548,cat_3,548
6514,741,cat_4,741
6515,992,cat_0,992
6516,941,cat_1,941
6517,696,cat_2,696
6518,1000,cat_3,1000
6519,48,cat_4,48
6520,522,cat_0,522
6521,946,cat_1,946
6522,12,cat_2,12
6523,834,cat_3,834
6524,723,cat_4,723
6525,39,cat_0,39
6526,700,cat_1,700
6527,917,cat_2,917
6528,10,cat_3,10
6529,818,cat_4,818
6530,241,cat_0,241
6531,149,cat_1,149
6532,591,cat_2,591
6533,74,cat_3,74
6534,264,cat_4,264
6535,675,cat_0,675
6536,405,cat_1,405
6537,31,cat_2,31
6538,674,cat_3,674
6539,812,cat_4,812
6540,502,cat_0,502
6541,386,cat_1,386
6542,515,cat_2,515
6543,412,cat_3,412
6544,260,cat_4,260
6545,491,cat_0,491
6546,992,cat_1,992
6547,293,cat_2,293
6548,481,cat_3,481
6549,768,cat_4,768
6550,915,cat_0,915
6551,852,cat_1,852
6552,276,cat_2,276
6553,891,cat_3,891
6554,660,cat_4,660
6555,484,cat_0,484
6556,421,cat_1,421
6557,269,cat_2,269
6558,654,cat_3,654
6559,222,cat_4,222
6560,165,cat_0,165
6561,297,cat_1,297
6562,16,cat_2,16
6563,358,cat_3,358
6564,329,cat_4,329
6565,448,cat_0,448
6566,702,cat_1,702
6567,446,cat_2,446
6568,405,cat_3,405
6569,575,cat_4,575
6570,256,cat_0,256
6571,787,cat_1,787
6572,556,cat_2,556
6573,217,cat_3,217
6574,458,cat_4,458
6575,300,cat_0,300
6576,986,cat_1,986
6577,611,cat_2,611
6578,532,cat_3,532
6579,593,cat_4,593
6580,461,cat_0,461
6581,763,cat_1,763
6582,480,cat_2,480
6583,973,cat_3,973
6584,414,cat_4,414
6585,238,cat_0,238
6586,925,cat_1,925
6587,520,cat_2,520
6588,136,cat_3,136
6589,854,cat_4,854
6590,729,cat_0,729
6591,416,cat_1,416
6592,816,cat_2,816
6593,51,cat_3,51
6594,770,cat_4,770
6595,670,cat_0,670
6596,531,cat_1,531
6597,31,cat_2,31
6598,433,cat_3,433
6599,553,cat_4,553
6600,574,cat_0,574
6601,656,cat_1,656
6602,404,cat_2,404
6603,751,cat_3,751
6604,429,cat_4,429
6605,312,cat_0,312
6606,180,cat_1,180
6607,322,cat_2,322
6608,378,cat_3,378
6609,869,cat_4,869
6610,791,cat_0,791
6611,776,cat_1,776
6612,597,cat_2,597
6613,893,cat_3,893
6614,768,cat_4,768
6615,36,cat_0,36
6616,936,cat_1,936
6617,93,cat_2,93
6618,381,cat_3,381
6619,325,cat_4,325
6620,255,cat_0,255
6621,130,cat_1,130
6622,198,cat_2,198
6623,449,cat_3,449
6624,316,cat_4,316
6625,437,cat_0,437
6626,466,cat_1,466
6627,434,cat_2,434
6628,528,cat_3,528
6629,27,cat_4,27
6630,20,cat_0,20
6631,849,cat_1,849
6632,83,cat_2,83
6633,457,cat_3,457
6634,529,cat_4,529
6635,690,cat_0,690
6636,203,cat_1,203
6637,419,cat_2,419
6638,409,cat_3,409
6639,555,cat_4,555
6640,928,cat_0,928
6641,975,cat_1,975
6642,409,cat_2,409
6643,637,cat_3,637
6644,854,cat_4,854
6645,13,cat_0,13
6646,952,cat_1,952
6647,163,cat_2,163
6648,937,cat_3,937
6649,191,cat_4,191
6650,765,cat_0,765
6651,805,cat_1,805
6652,988,cat_2,988
6653,10,cat_3,10
6654,617,cat_4,617
6655,18,cat_0,18
6656,986,cat_1,986
6657,80,cat_2,80
6658,352,cat_3,352
6659,837,cat_4,837
6660,131,cat_0,131
6661,101,cat_1,101
6662,31,cat_2,31
6663,319,cat_3,319
6664,565,cat_4,565
6665,901,cat_0,901
6666,383,cat_1,383
6667,634,cat_2,634
6668,696,cat_3,696
6669,642,cat_4,642
6670,932,cat_0,932
6671,706,cat_1,706
6672,911,cat_2,911
6673,604,cat_3,604
6674,329,cat_4,329
6675,135,cat_0,135
6676,241,cat_1,241
6677,955,cat_2,955
6678,241,cat_3,241
6679,229,cat_4,229
6680,744,cat_0,744
6681,623,cat_1,623
6682,302,cat_2,302
6683,773,cat_3,773
6684,207,cat_4,207
6685,988,cat_0,988
6686,520,cat_1,520
6687,87,cat_2,87
6688,520,cat_3,520
6689,613,cat_4,613
6690,690,cat_0,690
6691,528,cat_1,528
6692,916,cat_2,916
6693,243,cat_3,243
6694,711,cat_4,711
6695,681,cat_0,681
6696,141,cat_1,141
6697,242,cat_2,242
6698,435,cat_3,435
6699,206,cat_4,206
6700,527,cat_0,527
6701,586,cat_1,586
6702,126,cat_2,126
6703,734,cat_3,734
6704,817,cat_4,817
6705,247,cat_0,247
6706,119,cat_1,119
6707,595,cat_2,595
6708,563,cat_3,563
6709,207,cat_4,207
6710,91,cat_0,91
6711,274,cat_1,274
6712,633,cat_2,633
6713,501,cat_3,501
6714,199,cat_4,199
6715,310,cat_0,310
6716,912,cat_1,912
6717,689,cat_2,689
6718,878,cat_3,878
6719,218,cat_4,218
6720,84,cat_0,84
6721,410,cat_1,410
6722,715,cat_2,715
6723,540,cat_3,540
6724,592,cat_4,592
6725,523,cat_0,523
6726,787,cat_1,787
6727,447,cat_2,447
6728,799,cat_3,799
6729,764,cat_4,764
6730,611,cat_0,611
6731,573,cat_1,573
6732,127,cat_2,127
6733,478,cat_3,478
6734,547,cat_4,547
6735,902,cat_0,902
6736,157,cat_1,157
6737,411,cat_2,411
6738,166,cat_3,166
6739,703,cat_4,703
6740,784,cat_0,784
6741,65,cat_1,65
6742,354,cat_2,354
6743,204,cat_3,204
6744,176,cat_4,176
6745,939,cat_0,939
6746,313,cat_1,313
6747,828,cat_2,828
6748,261,cat_3,261
6749,565,cat_4,565
6750,768,cat_0,768
6751,552,cat_1,552
6752,304,cat_2,304
6753,567,cat_3,567
6754,946,cat_4,946
6755,779,cat_0,779
6756,676,cat_1,676
6757,898,cat_2,898
6758,462,cat_3,462
6759,156,cat_4,156
6760,260,cat_0,260
6761,25,cat_1,25
6762,632,cat_2,632
6763,30,cat_3,30
6764,621,cat_4,621
6765,516,cat_0,516
6766,117,cat_1,117
6767,931,cat_2,931
6768,975,cat_3,975
6769,279,cat_4,279
6770,552,cat_0,552
6771,219,cat_1,219
6772,889,cat_2,889
6773,911,cat_3,911
6774,999,cat_4,999
6775,945,cat_0,945
6776,3,cat_1,3
6777,475,cat_2,475
6778,254,cat_3,254
6779,355,cat_4,355
6780,800,cat_0,800
6781,783,cat_1,783
6782,501,cat_2,501
6783,507,cat_3,507
6784,105,cat_4,105
6785,470,cat_0,470
6786,736,cat_1,736
6787,991,cat_2,991
6788,189,cat_3,189
6789,902,cat_4,902
6790,820,cat_0,820
6791,381,cat_1,381
6792,783,cat_2,783
6793,976,cat_3,976
6794,499,cat_4,499
6795,109,cat_0,109
6796,947,cat_1,947
6797,151,cat_2,151
6798,760,cat_3,760
6799,727,cat_4,727
6800,184,cat_0,184
6801,52,cat_1,52
6802,189,cat_2,189
6803,703,cat_3,703
6804,559,cat_4,559
6805,517,cat_0,517
6806,848,cat_1,848
6807,587,cat_2,587
6808,725,cat_3,725
6809,970,cat_4,970
6810,320,cat_0,320
6811,835,cat_1,835
6812,547,cat_2,547
6813,197,cat_3,197
6814,631,cat_4,631
6815,361,cat_0,361
6816,392,cat_1,392
6817,460,cat_2,460
6818,995,cat_3,995
6819,499,cat_4,499
6820,582,cat_0,582
6821,166,cat_1,166
6822,224,cat_2,224
6823,153,cat_3,153
6824,232,cat_4,232
6825,796,cat_0,796
6826,736,cat_1,736
6827,722,cat_2,722
6828,759,cat_3,759
6829,210,cat_4,210
6830,640,cat_0,640
6831,589,cat_1,589
6832,620,cat_2,620
6833,900,cat_3,900
6834,250,cat_4,250
6835,236,cat_0,236
6836,46,cat_1,46
6837,377,cat_2,377
6838,113,cat_3,113
6839,474,cat_4,474
6840,536,cat_0,536
6841,236,cat_1,236
6842,397,cat_2,397
6843,212,cat_3,212
6844,472,cat_4,472
6845,924,cat_0,924
6846,123,cat_1,123
6847,946,cat_2,946
6848,305,cat_3,305
6849,554,cat_4,554
6850,82,cat_0,82
6851,899,cat_1,899
6852,562,cat_2,562
6853,329,cat_3,329
6854,459,cat_4,459
6855,994,cat_0,994
6856,607,cat_1,607
6857,119,cat_2,119
6858,374,cat_3,374
6859,694,cat_4,694
6860,864,cat_0,864
6861,777,cat_1,777
6862,646,cat_2,646
6863,214,cat_3,214
6864,57,cat_4,57
6865,514,cat_0,514
6866,363,cat_1,363
6867,412,cat_2,412
6868,76,cat_3,76
6869,448,cat_4,448
6870,241,cat_0,241
6871,692,cat_1,692
6872,102,cat_2,102
6873,584,cat_3,584
6874,618,cat_4,618
6875,865,cat_0,865
6876,803,cat_1,803
6877,968,cat_2,968
6878,927,cat_3,927
6879,899,cat_4,899
6880,971,cat_0,971
6881,235,cat_1,235
6882,3,cat_2,3
6883,93,cat_3,93
6884,558,cat_4,558
6885,506,cat_0,506
6886,476,cat_1,476
6887,852,cat_2,852
6888,698,cat_3,698
6889,903,cat_4,903
6890,410,cat_0,410
6891,573,cat_1,573
6892,211,cat_2,211
6893,530,cat_3,530
6894,669,cat_4,669
6895,8,cat_0,8
6896,653,cat_1,653
6897,30,cat_2,30
6898,867,cat_3,867
6899,329,cat_4,329
6900,694,cat_0,694
6901,867,cat_1,867
6902,865,cat_2,865
6903,164,cat_3,164
6904,87,cat_4,87
6905,636,cat_0,636
6906,142,cat_1,142
6907,147,cat_2,147
6908,307,cat_3,307
6909,442,cat_4,442
6910,743,cat_0,743
6911,697,cat_1,697
6912,982,cat_2,982
6913,358,cat_3,358
6914,204,cat_4,204
6915,744,cat_0,744
6916,119,cat_1,119
6917,342,cat_2,342
6918,481,cat_3,481
6919,391,cat_4,391
6920,718,cat_0,718
6921,443,cat_1,443
6922,985,cat_2,985
6923,418,cat_3,418
6924,790,cat_4,790
6925,117,cat_0,117
6926,435,cat_1,435
6927,73,cat_2,73
6928,28,cat_3,28
6929,760,cat_4,760
6930,768,cat_0,768
6931,794,cat_1,794
6932,410,cat_2,410
6933,40,cat_3,40
6934,78,cat_4,78
6935,759,cat_0,759
6936,453,cat_1,453
6937,78,cat_2,78
6938,113,cat_3,113
6939,244,cat_4,244
6940,947,cat_0,947
6941,952,cat_1,952
6942,923,cat_2,923
6943,359,cat_3,359
6944,54,cat_4,54
6945,277,cat_0,277
6946,491,cat_1,491
6947,449,cat_2,449
6948,246,cat_3,246
6949,382,cat_4,382
6950,471,cat_0,471
6951,346,cat_1,346
6952,493,cat_2,493
6953,451,cat_3,451
6954,831,cat_4,831
6955,304,cat_0,304
6956,129,cat_1,129
6957,664,cat_2,664
6958,523,cat_3,523
6959,53,cat_4,53
6960,205,cat_0,205
6961,986,cat_1,986
6962,264,cat_2,264
6963,495,cat_3,495
6964,883,cat_4,883
6965,956,cat_0,956
6966,560,cat_1,560
6967,373,cat_2,373
6968,806,cat_3,806
6969,83,cat_4,83
6970,747,cat_0,747
6971,702,cat_1,702
6972,625,cat_2,625
6973,273,cat_3,273
6974,120,cat_4,120
6975,706,cat_0,706
6976,772,cat_1,772
6977,566,cat_2,566
6978,920,cat_3,920
6979,98,cat_4,98
6980,809,cat_0,809
6981,860,cat_1,860
6982,945,cat_2,945
6983,884,cat_3,884
6984,235,cat_4,235
6985,643,cat_0,643
6986,550,cat_1,550
6987,48,cat_2,48
6988,125,cat_3,125
6989,919,cat_4,919
6990,723,cat_0,723
6991,903,cat_1,903
6992,698,cat_2,698
6993,781,cat_3,781
6994,573,cat_4,573
6995,478,cat_0,478
6996,857,cat_1,857
6997,412,cat_2,412
6998,695,cat_3,695
6999,359,cat_4,359
7000,672,cat_0,672
7001,171,cat_1,171
7002,261,cat_2,261
7003,81,cat_3,81
7004,379,cat_4,379
7005,353,cat_0,353
7006,90,cat_1,90
7007,413,cat_2,413
7008,538,cat_3,538
7009,25,cat_4,25
7010,421,cat_0,421
7011,282,cat_1,282
7012,717,cat_2,717
7013,945,cat_3,945
7014,839,cat_4,839
7015,530,cat_0,530
7016,501,cat_1,501
7017,984,cat_2,984
7018,653,cat_3,653
7019,183,cat_4,183
7020,482,cat_0,482
7021,261,cat_1,261
7022,295,cat_2,295
7023,850,cat_3,850
7024,406,cat_4,406
7025,961,cat_0,961
7026,116,cat_1,116
7027,175,cat_2,175
7028,13,cat_3,13
7029,855,cat_4,855
7030,356,cat_0,356
7031,677,cat_1,677
7032,598,cat_2,598
7033,260,cat_3,260
7034,189,cat_4,189
7035,734,cat_0,734
7036,357,cat_1,357
7037,213,cat_2,213
7038,342,cat_3,342
7039,312,cat_4,312
7040,34,cat_0,34
7041,99,cat_1,99
7042,640,cat_2,640
7043,967,cat_3,967
7044,246,cat_4,246
7045,834,cat_0,834
7046,763,cat_1,763
7047,461,cat_2,461
7048,28,cat_3,28
7049,889,cat_4,889
7050,604,cat_0,604
7051,1000,cat_1,1000
7052,105,cat_2,105
7053,167,cat_3,167
7054,645,cat_4,645
7055,836,cat_0,836
7056,876,cat_1,876
7057,225,cat_2,225
7058,911,cat_3,911
7059,300,cat_4,300
7060,920,cat_0,920
7061,305,cat_1,305
7062,221,cat_2,221
7063,701,cat_3,701
7064,400,cat_4,400
7065,751,cat_0,751
7066,469,cat_1,469
7067,398,cat_2,398
7068,744,cat_3,744
7069,954,cat_4,954
7070,598,cat_0,598
7071,576,cat_1,576
7072,615,cat_2,615
7073,746,cat_3,746
7074,382,cat_4,382
7075,941,cat_0,941
7076,253,cat_1,253
7077,615,cat_2,615
7078,686,cat_3,686
7079,463,cat_4,463
7080,875,cat_0,875
7081,461,cat_1,461
7082,87,cat_2,87
7083,515,cat_3,515
7084,966,cat_4,966
7085,42,cat_0,42
7086,637,cat_1,637
7087,203,cat_2,203
7088,317,cat_3,317
7089,702,cat_4,702
7090,942,cat_0,942
7091,519,cat_1,519
7092,627,cat_2,627
7093,600,cat_3,600
7094,808,cat_4,808
7095,493,cat_0,493
7096,40,cat_1,40
7097,808,cat_2,808
7098,341,cat_3,341
7099,992,cat_4,992
7100,656,cat_0,656
7101,630,cat_1,630
7102,729,cat_2,729
7103,671,cat_3,671
7104,408,cat_4,408
7105,540,cat_0,540
7106,770,cat_1,770
7107,87,cat_2,87
7108,627,cat_3,627
7109,73,cat_4,73
7110,7,cat_0,7
7111,17,cat_1,17
7112,324,cat_2,324
7113,462,cat_3,462
7114,913,cat_4,913
7115,754,cat_0,754
7116,783,cat_1,783
7117,965,cat_2,965
7118,505,cat_3,505
7119,122,cat_4,122
7120,124,cat_0,124
7121,237,cat_1,237
7122,41,cat_2,41
7123,714,cat_3,714
7124,859,cat_4,859
7125,888,cat_0,888
7126,353,cat_1,353
7127,690,cat_2,690
7128,285,cat_3,285
7129,370,cat_4,370
7130,468,cat_0,468
7131,668,cat_1,668
7132,227,cat_2,227
7133,907,cat_3,907
7134,424,cat_4,424
7135,180,cat_0,180
7136,715,cat_1,715
7137,233,cat_2,233
7138,847,cat_3,847
7139,47,cat_4,47
7140,788,cat_0,788
7141,439,cat_1,439
7142,239,cat_2,239
7143,967,cat_3,967
7144,105,cat_4,105
7145,860,cat_0,860
7146,20,cat_1,20
7147,574,cat_2,574
7148,431,cat_3,431
7149,315,cat_4,315
7150,598,cat_0,598
7151,611,cat_1,611
7152,604,cat_2,604
7153,928,cat_3,928
7154,570,cat_4,570
7155,833,cat_0,833
7156,464,cat_1,464
7157,8,cat_2,8
7158,502,cat_3,502
7159,316,cat_4,316
7160,171,cat_0,171
7161,913,cat_1,913
7162,488,cat_2,488
7163,583,cat_3,583
7164,955,cat_4,955
7165,189,cat_0,189
7166,937,cat_1,937
7167,813,cat_2,813
7168,30,cat_3,30
7169,567,cat_4,567
7170,921,cat_0,921
7171,886,cat_1,886
7172,74,cat_2,74
7173,561,cat_3,561
7174,218,cat_4,218
7175,935,cat_0,935
7176,883,cat_1,883
7177,668,cat_2,668
7178,761,cat_3,761
7179,822,cat_4,822
7180,626,cat_0,626
7181,312,cat_1,312
7182,591,cat_2,591
7183,676,cat_3,676
7184,347,cat_4,347
7185,676,cat_0,676
7186,240,cat_1,240
7187,880,cat_2,880
7188,147,cat_3,147
7189,55,cat_4,55
7190,53,cat_0,53
7191,42,cat_1,42
7192,951,cat_2,951
7193,797,cat_3,797
7194,189,cat_4,189
7195,804,cat_0,804
7196,546,cat_1,546
7197,903,cat_2,903
7198,907,cat_3,907
7199,546,cat_4,546
7200,279,cat_0,279
7201,441,cat_1,441
7202,96,cat_2,96
7203,327,cat_3,327
7204,408,cat_4,408
7205,442,cat_0,442
7206,948,cat_1,948
7207,960,cat_2,960
7208,750,cat_3,750
7209,136,cat_4,136
7210,587,cat_0,587
7211,237,cat_1,237
7212,148,cat_2,148
7213,299,cat_3,299
7214,187,cat_4,187
7215,72,cat_0,72
7216,350,cat_1,350
7217,599,cat_2,599
7218,799,cat_3,799
7219,493,cat_4,493
7220,890,cat_0,890
7221,51,cat_1,51
7222,433,cat_2,433
7223,287,cat_3,287
7224,320,cat_4,320
7225,714,cat_0,714
7226,228,cat_1,228
7227,618,cat_2,618
7228,898,cat_3,898
7229,646,cat_4,646
7230,151,cat_0,151
7231,350,cat_1,350
7232,693,cat_2,693
7233,134,cat_3,134
7234,97,cat_4,97
7235,983,cat_0,983
7236,609,cat_1,609
7237,724,cat_2,724
7238,340,cat_3,340
7239,818,cat_4,818
7240,896,cat_0,896
7241,87,cat_1,87
7242,169,cat_2,169
7243,54,cat_3,54
7244,37,cat_4,37
7245,366,cat_0,366
7246,892,cat_1,892
7247,198,cat_2,198
7248,301,cat_3,301
7249,701,cat_4,701
7250,773,cat_0,773
7251,12,cat_1,12
7252,858,cat_2,858
7253,915,cat_3,915
7254,132,cat_4,132
7255,370,cat_0,370
7256,338,cat_1,338
7257,829,cat_2,829
7258,881,cat_3,881
7259,441,cat_4,441
7260,203,cat_0,203
7261,209,cat_1,209
7262,498,cat_2,498
7263,671,cat_3,671
7264,208,cat_4,208
7265,740,cat_0,740
7266,400,cat_1,400
7267,969,cat_2,969
7268,728,cat_3,728
7269,656,cat_4,656
7270,3,cat_0,3
7271,980,cat_1,980
7272,526,cat_2,526
7273,954,cat_3,954
7274,451,cat_4,451
7275,738,cat_0,738
7276,302,cat_1,302
7277,423,cat_2,423
7278,565,cat_3,565
7279,221,cat_4,221
7280,584,cat_0,584
7281,219,cat_1,219
7282,272,cat_2,272
7283,102,cat_3,102
7284,13,cat_4,13
7285,666,cat_0,666
7286,619,cat_1,619
7287,700,cat_2,700
7288,912,cat_3,912
7289,590,cat_4,590
7290,972,cat_0,972
7291,85,cat_1,85
7292,52,cat_2,52
7293,92,cat_3,92
7294,679,cat_4,679
7295,688,cat_0,688
7296,793,cat_1,793
7297,938,cat_2,938
7298,547,cat_3,547
7299,979,cat_4,979
7300,351,cat_0,351
7301,453,cat_1,453
7302,28,cat_2,28
7303,561,cat_3,561
7304,549,cat_4,549
7305,902,cat_0,902
7306,782,cat_1,782
7307,856,cat_2,856
7308,447,cat_3,447
7309,199,cat_4,199
7310,223,cat_0,223
7311,937,cat_1,937
7312,702,cat_2,702
7313,358,cat_3,358
7314,409,cat_4,409
7315,495,cat_0,495
7316,357,cat_1,357
7317,356,cat_2,356
7318,580,cat_3,580
7319,904,cat_4,904
7320,722,cat_0,722
7321,534,cat_1,534
7322,337,cat_2,337
7323,971,cat_3,971
7324,429,cat_4,429
7325,480,cat_0,480
7326,189,cat_1,189
7327,834,cat_2,834
7328,179,cat_3,179
7329,529,cat_4,529
7330,543,cat_0,543
7331,522,cat_1,522
7332,322,cat_2,322
7333,546,cat_3,546
7334,694,cat_4,694
7335,165,cat_0,165
7336,464,cat_1,464
7337,880,cat_2,880
7338,979,cat_3,979
7339,24,cat_4,24
7340,239,cat_0,239
7341,802,cat_1,802
7342,838,cat_2,838
7343,998,cat_3,998
7344,190,cat_4,190
7345,892,cat_0,892
7346,642,cat_1,642
7347,129,cat_2,129
7348,697,cat_3,697
7349,55,cat_4,55
7350,853,cat_0,853
7351,333,cat_1,333
7352,325,cat_2,325
7353,991,cat_3,991
7354,116,cat_4,116
7355,181,cat_0,181
7356,714,cat_1,714
7357,240,cat_2,240
7358,575,cat_3,575
7359,851,cat_4,851
7360,133,cat_0,133
7361,149,cat_1,149
7362,256,cat_2,256
7363,785,cat_3,785
7364,563,cat_4,563
7365,740,cat_0,740
7366,550,cat_1,550
7367,925,cat_2,925
7368,918,cat_3,918
7369,342,cat_4,342
7370,363,cat_0,363
7371,736,cat_1,736
7372,259,cat_2,259
7373,400,cat_3,400
7374,980,cat_4,980
7375,376,cat_0,376
7376,264,cat_1,264
7377,699,cat_2,699
7378,600,cat_3,600
7379,270,cat_4,270
7380,775,cat_0,775
7381,602,cat_1,602
7382,994,cat_2,994
7383,42,cat_3,42
7384,37,cat_4,37
7385,340,cat_0,340
7386,834,cat_1,834
7387,478,cat_2,478
7388,344,cat_3,344
7389,531,cat_4,531
7390,388,cat_0,388
7391,612,cat_1,612
7392,469,cat_2,469
7393,612,cat_3,612
7394,828,cat_4,828
7395,947,cat_0,947
7396,869,cat_1,869
7397,939,cat_2,939
7398,62,cat_3,62
7399,232,cat_4,232
7400,833,cat_0,833
7401,275,cat_1,275
7402,627,cat_2,627
7403,23,cat_3,23
7404,648,cat_4,648
7405,753,cat_0,753
7406,475,cat_1,475
7407,314,cat_2,314
7408,853,cat_3,853
7409,495,cat_4,495
7410,826,cat_0,826
7411,676,cat_1,676
7412,766,cat_2,766
7413,822,cat_3,822
7414,990,cat_4,990
7415,970,cat_0,970
7416,461,cat_1,461
7417,430,cat_2,430
7418,620,cat_3,620
7419,137,cat_4,137
7420,239,cat_0,239
7421,973,cat_1,973
7422,782,cat_2,782
7423,901,cat_3,901
7424,82,cat_4,82
7425,370,cat_0,370
7426,807,cat_1,807
7427,200,cat_2,200
7428,197,cat_3,197
7429,970,cat_4,970
7430,111,cat_0,111
7431,396,cat_1,396
7432,571,cat_2,571
7433,555,cat_3,555
7434,407,cat_4,407
7435,523,cat_0,523
7436,722,cat_1,722
7437,43,cat_2,43
7438,32,cat_3,32
7439,7,cat_4,7
7440,700,cat_0,700
7441,235,cat_1,235
7442,5,cat_2,5
7443,924,cat_3,924
7444,680,cat_4,680
7445,518,cat_0,518
7446,400,cat_1,400
7447,56,cat_2,56
7448,77,cat_3,77
7449,292,cat_4,292
7450,253,cat_0,253
7451,450,cat_1,450
7452,243,cat_2,243
7453,257,cat_3,257
7454,396,cat_4,396
7455,285,cat_0,285
7456,971,cat_1,971
7457,353,cat_2,353
7458,162,cat_3,162
7459,753,cat_4,753
7460,970,cat_0,970
7461,937,cat_1,937
7462,49,cat_2,49
7463,958,cat_3,958
7464,371,cat_4,371
7465,469,cat_0,469
7466,685,cat_1,685
7467,187,cat_2,187
7468,993,cat_3,993
7469,7,cat_4,7
7470,750,cat_0,750
7471,241,cat_1,241
7472,43,cat_2,43
7473,749,cat_3,749
7474,145,cat_4,145
7475,321,cat_0,321
7476,210,cat_1,210
7477,117,cat_2,117
7478,679,cat_3,679
7479,983,cat_4,983
7480,789,cat_0,789
7481,136,cat_1,136
7482,189,cat_2,189
7483,109,cat_3,109
7484,496,cat_4,496
7485,228,cat_0,228
7486,730,cat_1,730
7487,564,cat_2,564
7488,483,cat_3,483
7489,831,cat_4,831
7490,527,cat_0,527
7491,351,cat_1,351
7492,558,cat_2,558
7493,202,cat_3,202
7494,701,cat_4,701
7495,365,cat_0,365
7496,35,cat_1,35
7497,781,cat_2,781
7498,97,cat_3,97
7499,756,cat_4,756
7500,209,cat_0,209
7501,64,cat_1,64
7502,738,cat_2,738
7503,152,cat_3,152
7504,5,cat_4,5
7505,806,cat_0,806
7506,60,cat_1,60
7507,380,cat_2,380
7508,393,cat_3,393
7509,464,cat_4,464
7510,984,cat_0,984
7511,261,cat_1,261
7512,566,cat_2,566
7513,207,cat_3,207
7514,282,cat_4,282
7515,419,cat_0,419
7516,715,cat_1,715
7517,124,cat_2,124
7518,540,cat_3,540
7519,91,cat_4,91
7520,746,cat_0,746
7521,357,cat_1,357
7522,948,cat_2,948
7523,451,cat_3,451
7524,848,cat_4,848
7525,891,cat_0,891
7526,136,cat_1,136
7527,658,cat_2,658
7528,632,cat_3,632
7529,464,cat_4,464
7530,455,cat_0,455
7531,878,cat_1,878
7532,15,cat_2,15
7533,257,cat_3,257
7534,310,cat_4,310
7535,269,cat_0,269
7536,388,cat_1,388
7537,348,cat_2,348
7538,284,cat_3,284
7539,238,cat_4,238
7540,598,cat_0,598
7541,326,cat_1,326
7542,683,cat_2,683
7543,278,cat_3,278
7544,949,cat_4,949
7545,199,cat_0,199
7546,989,cat_1,989
7547,194,cat_2,194
7548,155,cat_3,155
7549,88,cat_4,88
7550,166,cat_0,166
7551,873,cat_1,873
7552,520,cat_2,520
7553,638,cat_3,638
7554,182,cat_4,182
7555,232,cat_0,232
7556,683,cat_1,683
7557,887,cat_2,887
7558,793,cat_3,793
7559,937,cat_4,937
7560,993,cat_0,993
7561,191,cat_1,191
7562,961,cat_2,961
7563,942,cat_3,942
7564,566,cat_4,566
7565,633,cat_0,633
7566,426,cat_1,426
7567,10,cat_2,10
7568,361,cat_3,361
7569,264,cat_4,264
7570,525,cat_0,525
7571,893,cat_1,893
7572,56,cat_2,56
7573,148,cat_3,148
7574,896,cat_4,896
7575,309,cat_0,309
7576,214,cat_1,214
7577,791,cat_2,791
7578,371,cat_3,371
7579,342,cat_4,342
7580,697,cat_0,697
7581,829,cat_1,829
7582,499,cat_2,499
7583,449,cat_3,449
7584,505,cat_4,505
7585,965,cat_0,965
7586,789,cat_1,789
7587,273,cat_2,273
7588,980,cat_3,980
7589,368,cat_4,368
7590,973,cat_0,973
7591,973,cat_1,973
7592,203,cat_2,203
7593,726,cat_3,726
7594,675,cat_4,675
7595,669,cat_0,669
7596,500,cat_1,500
7597,767,cat_2,767
7598,190,cat_3,190
7599,601,cat_4,601
7600,504,cat_0,504
7601,465,cat_1,465
7602,294,cat_2,294
7603,769,cat_3,769
7604,67,cat_4,67
7605,308,cat_0,308
7606,757,cat_1,757
7607,835,cat_2,835
7608,570,cat_3,570
7609,922,cat_4,922
7610,724,cat_0,724
7611,796,cat_1,796
7612,742,cat_2,742
7613,412,cat_3,412
7614,931,cat_4,931
7615,626,cat_0,626
7616,927,cat_1,927
7617,382,cat_2,382
7618,565,cat_3,565
7619,931,cat_4,931
7620,215,cat_0,215
7621,970,cat_1,970
7622,486,cat_2,486
7623,580,cat_3,580
7624,428,cat_4,428
7625,1000,cat_0,1000
7626,204,cat_1,204
7627,334,cat_2,334
7628,943,cat_3,943
7629,446,cat_4,446
7630,998,cat_0,998
7631,390,cat_1,390
7632,793,cat_2,793
7633,287,cat_3,287
7634,736,cat_4,736
7635,263,cat_0,263
7636,334,cat_1,334
7637,452,cat_2,452
7638,216,cat_3,216
7639,802,cat_4,802
7640,588,cat_0,588
7641,626,cat_1,626
7642,620,cat_2,620
7643,580,cat_3,580
7644,989,cat_4,989
7645,100,cat_0,100
7646,392,cat_1,392
7647,229,cat_2,229
7648,260,cat_3,260
7649,963,cat_4,963
7650,700,cat_0,700
7651,96,cat_1,96
7652,146,cat_2,146
7653,972,cat_3,972
7654,602,cat_4,602
7655,292,cat_0,292
7656,993,cat_1,993
7657,985,cat_2,985
7658,163,cat_3,163
7659,758,cat_4,758
7660,280,cat_0,280
7661,763,cat_1,763
7662,493,cat_2,493
7663,395,cat_3,395
7664,6,cat_4,6
7665,708,cat_0,708
7666,597,cat_1,597
7667,190,cat_2,190
7668,688,cat_3,688
7669,415,cat_4,415
7670,352,cat_0,352
7671,599,cat_1,599
7672,694,cat_2,694
7673,264,cat_3,264
7674,454,cat_4,454
7675,904,cat_0,904
7676,586,cat_1,586
7677,871,cat_2,871
7678,117,cat_3,117
7679,845,cat_4,845
7680,679,cat_0,679
7681,362,cat_1,362
7682,103,cat_2,103
7683,718,cat_3,718
7684,627,cat_4,627
7685,236,cat_0,236
7686,203,cat_1,203
7687,394,cat_2,394
7688,517,cat_3,517
7689,83,cat_4,83
7690,779,cat_0,779
7691,774,cat_1,774
7692,243,cat_2,243
7693,250,cat_3,250
7694,855,cat_4,855
7695,311,cat_0,311
7696,349,cat_1,349
7697,808,cat_2,808
7698,840,cat_3,840
7699,518,cat_4,518
7700,996,cat_0,996
7701,890,cat_1,890
7702,989,cat_2,989
7703,344,cat_3,344
7704,93,cat_4,93
7705,269,cat_0,269
7706,390,cat_1,390
7707,277,cat_2,277
7708,130,cat_3,130
7709,569,cat_4,569
7710,95,cat_0,95
7711,725,cat_1,725
7712,387,cat_2,387
7713,574,cat_3,574
7714,152,cat_4,152
7715,251,cat_0,251
7716,557,cat_1,557
7717,133,cat_2,133
7718,411,cat_3,411
7719,941,cat_4,941
7720,298,cat_0,298
7721,705,cat_1,705
7722,861,cat_2,861
7723,119,cat_3,119
7724,847,cat_4,847
7725,629,cat_0,629
7726,584,cat_1,584
7727,327,cat_2,327
7728,309,cat_3,309
7729,673,cat_4,673
7730,611,cat_0,611
7731,122,cat_1,122
7732,834,cat_2,834
7733,149,cat_3,149
7734,85,cat_4,85
7735,950,cat_0,950
7736,64,cat_1,64
7737,536,cat_2,536
7738,57,cat_3,57
7739,102,cat_4,102
7740,919,cat_0,919
7741,994,cat_1,994
7742,336,cat_2,336
7743,356,cat_3,356
7744,905,cat_4,905
7745,341,cat_0,341
7746,154,cat_1,154
7747,393,cat_2,393
7748,392,cat_3,392
7749,417,cat_4,417
7750,727,cat_0,727
7751,984,cat_1,984
7752,357,cat_2,357
7753,379,cat_3,379
7754,701,cat_4,701
7755,495,cat_0,495
7756,376,cat_1,376
7757,616,cat_2,616
7758,447,cat_3,447
7759,442,cat_4,442
7760,469,cat_0,469
7761,346,cat_1,346
7762,803,cat_2,803
7763,228,cat_3,228
7764,462,cat_4,462
7765,139,cat_0,139
7766,471,cat_1,471
7767,212,cat_2,212
7768,126,cat_3,126
7769,722,cat_4,722
7770,721,cat_0,721
7771,590,cat_1,590
7772,967,cat_2,967
7773,777,cat_3,777
7774,829,cat_4,829
7775,389,cat_0,389
7776,691,cat_1,691
7777,403,cat_2,403
7778,235,cat_3,235
7779,152,cat_4,152
7780,370,cat_0,370
7781,238,cat_1,238
7782,921,cat_2,921
7783,528,cat_3,528
7784,741,cat_4,741
7785,13,cat_0,13
7786,564,cat_1,564
7787,833,cat_2,833
7788,301,cat_3,301
7789,199,cat_4,199
7790,415,cat_0,415
7791,117,cat_1,117
7792,283,cat_2,283
7793,644,cat_3,644
7794,798,cat_4,798
7795,747,cat_0,747
7796,154,cat_1,154
7797,943,cat_2,943
7798,553,cat_3,553
7799,53,cat_4,53
7800,514,cat_0,514
7801,906,cat_1,906
7802,757,cat_2,757
7803,525,cat_3,525
7804,102,cat_4,102
7805,125,cat_0,125
7806,828,cat_1,828
7807,442,cat_2,442
7808,568,cat_3,568
7809,181,cat_4,181
7810,877,cat_0,877
7811,152,cat_1,152
7812,901,cat_2,901
7813,172,cat_3,172
7814,656,cat_4,656
7815,609,cat_0,609
7816,179,cat_1,179
7817,23,cat_2,23
7818,289,cat_3,289
7819,248,cat_4,248
7820,767,cat_0,767
7821,488,cat_1,488
7822,94,cat_2,94
7823,271,cat_3,271
7824,115,cat_4,115
7825,220,cat_0,220
7826,654,cat_1,654
7827,29,cat_2,29
7828,920,cat_3,920
7829,66,cat_4,66
7830,710,cat_0,710
7831,764,cat_1,764
7832,608,cat_2,608
7833,379,cat_3,379
7834,941,cat_4,941
7835,266,cat_0,266
7836,737,cat_1,737
7837,933,cat_2,933
7838,209,cat_3,209
7839,399,cat_4,399
7840,163,cat_0,163
7841,966,cat_1,966
7842,72,cat_2,72
7843,811,cat_3,811
7844,861,cat_4,861
7845,520,cat_0,520
7846,880,cat_1,880
7847,381,cat_2,381
7848,906,cat_3,906
7849,410,cat_4,410
7850,339,cat_0,339
7851,514,cat_1,514
7852,188,cat_2,188
7853,767,cat_3,767
7854,665,cat_4,665
7855,702,cat_0,702
7856,802,cat_1,802
7857,593,cat_2,593
7858,79,cat_3,79
7859,409,cat_4,409
7860,484,cat_0,484
7861,643,cat_1,643
7862,489,cat_2,489
7863,744,cat_3,744
7864,460,cat_4,460
7865,651,cat_0,651
7866,800,cat_1,800
7867,983,cat_2,983
7868,285,cat_3,285
7869,298,cat_4,298
7870,127,cat_0,127
7871,598,cat_1,598
7872,102,cat_2,102
7873,694,cat_3,694
7874,837,cat_4,837
7875,489,cat_0,489
7876,597,cat_1,597
7877,587,cat_2,587
7878,94,cat_3,94
7879,33,cat_4,33
7880,394,cat_0,394
7881,467,cat_1,467
7882,885,cat_2,885
7883,146,cat_3,146
7884,834,cat_4,834
7885,386,cat_0,386
7886,426,cat_1,426
7887,985,cat_2,985
7888,167,cat_3,167
7889,709,cat_4,709
7890,461,cat_0,461
7891,640,cat_1,640
7892,728,cat_2,728
7893,754,cat_3,754
7894,128,cat_4,128
7895,251,cat_0,251
7896,330,cat_1,330
7897,167,cat_2,167
7898,595,cat_3,595
7899,63,cat_4,63
7900,747,cat_0,747
7901,908,cat_1,908
7902,187,cat_2,187
7903,881,cat_3,881
7904,601,cat_4,601
7905,792,cat_0,792
7906,971,cat_1,971
7907,629,cat_2,629
7908,183,cat_3,183
7909,865,cat_4,865
7910,914,cat_0,914
7911,244,cat_1,244
7912,361,cat_2,361
7913,473,cat_3,473
7914,699,cat_4,699
7915,143,cat_0,143
7916,889,cat_1,889
7917,876,cat_2,876
7918,63,cat_3,63
7919,550,cat_4,550
7920,656,cat_0,656
7921,663,cat_1,663
7922,635,cat_2,635
7923,765,cat_3,765
7924,108,cat_4,108
7925,461,cat_0,461
7926,917,cat_1,917
7927,81,cat_2,81
7928,848,cat_3,848
7929,397,cat_4,397
7930,903,cat_0,903
7931,934,cat_1,934
7932,757,cat_2,757
7933,624,cat_3,624
7934,320,cat_4,320
7935,30,cat_0,30
7936,201,cat_1,201
7937,824,cat_2,824
7938,295,cat_3,295
7939,62,cat_4,62
7940,996,cat_0,996
7941,46,cat_1,46
7942,399,cat_2,399
7943,501,cat_3,501
7944,303,cat_4,303
7945,907,cat_0,907
7946,830,cat_1,830
7947,928,cat_2,928
7948,707,cat_3,707
7949,832,cat_4,832
7950,898,cat_0,898
7951,995,cat_1,995
7952,17,cat_2,17
7953,402,cat_3,402
7954,706,cat_4,706
7955,161,cat_0,161
7956,750,cat_1,750
7957,717,cat_2,717
7958,836,cat_3,836
7959,1,cat_4,1
7960,397,cat_0,397
7961,195,cat_1,195
7962,280,cat_2,280
7963,214,cat_3,214
7964,942,cat_4,942
7965,331,cat_0,331
7966,597,cat_1,597
7967,932,cat_2,932
7968,460,cat_3,460
7969,601,cat_4,601
7970,799,cat_0,799
7971,960,cat_1,960
7972,430,cat_2,430
7973,639,cat_3,639
7974,410,cat_4,410
7975,952,cat_0,952
7976,958,cat_1,958
7977,840,cat_2,840
7978,79,cat_3,79
7979,608,cat_4,608
7980,759,cat_0,759
7981,907,cat_1,907
7982,338,cat_2,338
7983,844,cat_3,844
7984,634,cat_4,634
7985,955,cat_0,955
7986,231,cat_1,231
7987,530,cat_2,530
7988,739,cat_3,739
7989,479,cat_4,479
7990,475,cat_0,475
7991,368,cat_1,368
7992,724,cat_2,724
7993,826,cat_3,826
7994,196,cat_4,196
7995,1,cat_0,1
7996,838,cat_1,838
7997,908,cat_2,908
7998,373,cat_3,373
7999,247,cat_4,247
8000,762,cat_0,762
8001,817,cat_1,817
8002,26,cat_2,26
8003,553,cat_3,553
8004,565,cat_4,565
8005,609,cat_0,609
8006,876,cat_1,876
8007,128,cat_2,128
8008,198,cat_3,198
8009,453,cat_4,453
8010,373,cat_0,373
8011,658,cat_1,658
8012,250,cat_2,250
8013,160,cat_3,160
8014,464,cat_4,464
8015,610,cat_0,610
8016,675,cat_1,675
8017,731,cat_2,731
8018,755,cat_3,755
8019,914,cat_4,914
8020,228,cat_0,228
8021,112,cat_1,112
8022,837,cat_2,837
8023,145,cat_3,145
8024,183,cat_4,183
8025,868,cat_0,868
8026,319,cat_1,319
8027,742,cat_2,742
8028,136,cat_3,136
8029,592,cat_4,592
8030,710,cat_0,710
8031,715,cat_1,715
8032,559,cat_2,559
8033,545,cat_3,545
8034,686,cat_4,686
8035,504,cat_0,504
8036,488,cat_1,488
8037,952,cat_2,952
8038,187,cat_3,187
8039,35,cat_4,35
8040,329,cat_0,329
8041,685,cat_1,685
8042,193,cat_2,193
8043,325,cat_3,325
8044,250,cat_4,250
8045,697,cat_0,697
8046,895,cat_1,895
8047,361,cat_2,361
8048,836,cat_3,836
8049,116,cat_4,116
8050,960,cat_0,960
8051,886,cat_1,886
8052,343,cat_2,343
8053,182,cat_3,182
8054,199,cat_4,199
8055,431,cat_0,431
8056,730,cat_1,730
8057,758,cat_2,758
8058,282,cat_3,282
8059,787,cat_4,787
8060,639,cat_0,639
8061,609,cat_1,609
8062,257,cat_2,257
8063,628,cat_3,628
8064,733,cat_4,733
8065,677,cat_0,677
8066,100,cat_1,100
8067,857,cat_2,857
8068,68,cat_3,68
8069,894,cat_4,894
8070,318,cat_0,318
8071,169,cat_1,169
8072,743,cat_2,743
8073,743,cat_3,743
8074,834,cat_4,834
8075,203,cat_0,203
8076,803,cat_1,803
8077,47,cat_2,47
8078,564,cat_3,564
8079,820,cat_4,820
8080,442,cat_0,442
8081,276,cat_1,276
8082,599,cat_2,599
8083,929,cat_3,929
8084,560,cat_4,560
8085,713,cat_0,713
8086,616,cat_1,616
8087,516,cat_2,516
8088,310,cat_3,310
8089,33,cat_4,33
8090,701,cat_0,701
8091,537,cat_1,537
8092,25,cat_2,25
8093,978,cat_3,978
8094,254,cat_4,254
8095,809,cat_0,809
8096,210,cat_1,210
8097,7,cat_2,7
8098,897,cat_3,897
8099,818,cat_4,818
8100,728,cat_0,728
8101,956,cat_1,956
8102,221,cat_2,221
8103,409,cat_3,409
8104,818,cat_4,818
8105,14,cat_0,14
8106,521,cat_1,521
8107,903,cat_2,903
8108,292,cat_3,292
8109,553,cat_4,553
8110,620,cat_0,620
8111,901,cat_1,901
8112,436,cat_2,436
8113,344,cat_3,344
8114,749,cat_4,749
8115,539,cat_0,539
8116,641,cat_1,641
8117,638,cat_2,638
8118,466,cat_3,466
8119,678,cat_4,678
8120,222,cat_0,222
8121,652,cat_1,652
8122,42,cat_2,42
8123,487,cat_3,487
8124,199,cat_4,199
8125,43,cat_0,43
8126,12,cat_1,12
8127,879,cat_2,879
8128,377,cat_3,377
8129,672,cat_4,672
8130,387,cat_0,387
8131,591,cat_1,591
8132,398,cat_2,398
8133,248,cat_3,248
8134,535,cat_4,535
8135,614,cat_0,614
8136,603,cat_1,603
8137,483,cat_2,483
8138,3,cat_3,3
8139,509,cat_4,509
8140,627,cat_0,627
8141,814,cat_1,814
8142,347,cat_2,347
8143,378,cat_3,378
8144,987,cat_4,987
8145,163,cat_0,163
8146,605,cat_1,605
8147,612,cat_2,612
8148,579,cat_3,579
8149,284,cat_4,284
8150,588,cat_0,588
8151,770,cat_1,770
8152,18,cat_2,18
8153,681,cat_3,681
8154,693,cat_4,693
8155,196,cat_0,196
8156,995,cat_1,995
8157,415,cat_2,415
8158,948,cat_3,948
8159,41,cat_4,41
8160,61,cat_0,61
8161,270,cat_1,270
8162,603,cat_2,603
8163,122,cat_3,122
8164,271,cat_4,271
8165,149,cat_0,149
8166,24,cat_1,24
8167,7,cat_2,7
8168,4,cat_3,4
8169,322,cat_4,322
8170,424,cat_0,424
8171,91,cat_1,91
8172,124,cat_2,124
8173,825,cat_3,825
8174,427,cat_4,427
8175,767,cat_0,767
8176,545,cat_1,545
8177,225,cat_2,225
8178,643,cat_3,643
8179,153,cat_4,153
8180,895,cat_0,895
8181,787,cat_1,787
8182,899,cat_2,899
8183,970,cat_3,970
8184,339,cat_4,339
8185,662,cat_0,662
8186,364,cat_1,364
8187,14,cat_2,14
8188,466,cat_3,466
8189,5,cat_4,5
8190,891,cat_0,891
8191,402,cat_1,402
8192,801,cat_2,801
8193,909,cat_3,909
8194,609,cat_4,609
8195,802,cat_0,802
8196,470,cat_1,470
8197,764,cat_2,764
8198,187,cat_3,187
8199,990,cat_4,990
8200,624,cat_0,624
8201,329,cat_1,329
8202,871,cat_2,871
8203,151,cat_3,151
8204,645,cat_4,645
8205,953,cat_0,953
8206,848,cat_1,848
8207,113,cat_2,113
8208,817,cat_3,817
8209,702,cat_4,702
8210,387,cat_0,387
8211,490,cat_1,490
8212,469,cat_2,469
8213,622,cat_3,622
8214,304,cat_4,304
8215,227,cat_0,227
8216,97,cat_1,97
8217,539,cat_2,539
8218,321,cat_3,321
8219,435,cat_4,435
8220,548,cat_0,548
8221,977,cat_1,977
8222,904,cat_2,904
8223,165,cat_3,165
8224,351,cat_4,351
8225,219,cat_0,219
8226,509,cat_1,509
8227,781,cat_2,781
8228,965,cat_3,965
8229,238,cat_4,238
8230,295,cat_0,295
8231,844,cat_1,844
8232,323,cat_2,323
8233,216,cat_3,216
8234,357,cat_4,357
8235,326,cat_0,326
8236,629,cat_1,629
8237,771,cat_2,771
8238,49,cat_3,49
8239,594,cat_4,594
8240,81,cat_0,81
8241,634,cat_1,634
8242,485,cat_2,485
8243,724,cat_3,724
8244,388,cat_4,388
8245,720,cat_0,720
8246,815,cat_1,815
8247,331,cat_2,331
8248,583,cat_3,583
8249,775,cat_4,775
8250,253,cat_0,253
8251,344,cat_1,344
8252,237,cat_2,237
8253,411,cat_3,411
8254,275,cat_4,275
8255,840,cat_0,840
8256,580,cat_1,580
8257,600,cat_2,600
8258,606,cat_3,606
8259,197,cat_4,197
8260,453,cat_0,453
8261,419,cat_1,419
8262,655,cat_2,655
8263,550,cat_3,550
8264,950,cat_4,950
8265,362,cat_0,362
8266,84,cat_1,84
8267,642,cat_2,642
8268,527,cat_3,527
8269,790,cat_4,790
8270,599,cat_0,599
8271,64,cat_1,64
8272,88,cat_2,88
8273,197,cat_3,197
8274,190,cat_4,190
8275,993,cat_0,993
8276,121,cat_1,121
8277,272,cat_2,272
8278,658,cat_3,658
8279,844,cat_4,844
8280,922,cat_0,922
8281,125,cat_1,125
8282,40,cat_2,40
8283,210,cat_3,210
8284,901,cat_4,901
8285,659,cat_0,659
8286,508,cat_1,508
8287,811,cat_2,811
8288,584,cat_3,584
8289,438,cat_4,438
8290,569,cat_0,569
8291,756,cat_1,756
8292,829,cat_2,829
8293,161,cat_3,161
8294,259,cat_4,259
8295,231,cat_0,231
8296,763,cat_1,763
8297,250,cat_2,250
8298,672,cat_3,672
8299,625,cat_4,625
8300,505,cat_0,505
8301,741,cat_1,741
8302,324,cat_2,324
8303,374,cat_3,374
8304,714,cat_4,714
8305,789,cat_0,789
8306,786,cat_1,786
8307,775,cat_2,775
8308,858,cat_3,858
8309,20,cat_4,20
8310,155,cat_0,155
8311,63,cat_1,63
8312,517,cat_2,517
8313,317,cat_3,317
8314,33,cat_4,33
8315,320,cat_0,320
8316,131,cat_1,131
8317,491,cat_2,491
8318,379,cat_3,379
8319,407,cat_4,407
8320,450,cat_0,450
8321,616,cat_1,616
8322,422,cat_2,422
8323,27,cat_3,27
8324,433,cat_4,433
8325,246,cat_0,246
8326,36,cat_1,36
8327,580,cat_2,580
8328,586,cat_3,586
8329,232,cat_4,232
8330,756,cat_0,756
8331,365,cat_1,365
8332,168,cat_2,168
8333,354,cat_3,354
8334,566,cat_4,566
8335,579,cat_0,579
8336,655,cat_1,655
8337,961,cat_2,961
8338,368,cat_3,368
8339,685,cat_4,685
8340,571,cat_0,571
8341,542,cat_1,542
8342,687,cat_2,687
8343,316,cat_3,316
8344,134,cat_4,134
8345,203,cat_0,203
8346,297,cat_1,297
8347,382,cat_2,382
8348,861,cat_3,861
8349,896,cat_4,896
8350,811,cat_0,811
8351,282,cat_1,282
8352,683,cat_2,683
8353,907,cat_3,907
8354,945,cat_4,945
8355,644,cat_0,644
8356,28,cat_1,28
8357,729,cat_2,729
8358,530,cat_3,530
8359,501,cat_4,501
8360,179,cat_0,179
8361,485,cat_1,485
8362,618,cat_2,618
8363,399,cat_3,399
8364,761,cat_4,761
8365,997,cat_0,997
8366,500,cat_1,500
8367,857,cat_2,857
8368,571,cat_3,571
8369,334,cat_4,334
8370,778,cat_0,778
8371,909,cat_1,909
8372,377,cat_2,377
8373,551,cat_3,551
8374,174,cat_4,174
8375,562,cat_0,562
8376,378,cat_1,378
8377,626,cat_2,626
8378,50,cat_3,50
8379,843,cat_4,843
8380,803,cat_0,803
8381,126,cat_1,126
8382,580,cat_2,580
8383,230,cat_3,230
8384,873,cat_4,873
8385,438,cat_0,438
8386,932,cat_1,932
8387,664,cat_2,664
8388,778,cat_3,778
8389,791,cat_4,791
8390,473,cat_0,473
8391,389,cat_1,389
8392,415,cat_2,415
8393,151,cat_3,151
8394,731,cat_4,731
8395,246,cat_0,246
8396,668,cat_1,668
8397,589,cat_2,589
8398,968,cat_3,968
8399,888,cat_4,888
8400,777,cat_0,777
8401,979,cat_1,979
8402,892,cat_2,892
8403,246,cat_3,246
8404,570,cat_4,570
8405,614,cat_0,614
8406,489,cat_1,489
8407,587,cat_2,587
8408,2,cat_3,2
8409,809,cat_4,809
8410,255,cat_0,255
8411,434,cat_1,434
8412,832,cat_2,832
8413,817,cat_3,817
8414,348,cat_4,348
8415,691,cat_0,691
8416,472,cat_1,472
8417,376,cat_2,376
8418,157,cat_3,157
8419,215,cat_4,215
8420,918,cat_0,918
8421,651,cat_1,651
8422,937,cat_2,937
8423,826,cat_3,826
8424,831,cat_4,831
8425,274,cat_0,274
8426,866,cat_1,866
8427,549,cat_2,549
8428,7,cat_3,7
8429,448,cat_4,448
8430,241,cat_0,241
8431,480,cat_1,480
8432,82,cat_2,82
8433,954,cat_3,954
8434,799,cat_4,799
8435,712,cat_0,712
8436,196,cat_1,196
8437,35,cat_2,35
8438,836,cat_3,836
8439,14,cat_4,14
8440,196,cat_0,196
8441,675,cat_1,675
8442,476,cat_2,476
8443,254,cat_3,254
8444,535,cat_4,535
8445,445,cat_0,445
8446,95,cat_1,95
8447,564,cat_2,564
8448,67,cat_3,67
8449,405,cat_4,405
8450,783,cat_0,783
8451,800,cat_1,800
8452,42,cat_2,42
8453,942,cat_3,942
8454,417,cat_4,417
8455,526,cat_0,526
8456,837,cat_1,837
8457,105,cat_2,105
8458,5,cat_3,5
8459,423,cat_4,423
8460,325,cat_0,325
8461,824,cat_1,824
8462,360,cat_2,360
8463,117,cat_3,117
8464,410,cat_4,410
8465,57,cat_0,57
8466,734,cat_1,734
8467,522,cat_2,522
8468,302,cat_3,302
8469,967,cat_4,967
8470,413,cat_0,413
8471,699,cat_1,699
8472,384,cat_2,384
8473,501,cat_3,501
8474,977,cat_4,977
8475,944,cat_0,944
8476,318,cat_1,318
8477,941,cat_2,941
8478,851,cat_3,851
8479,355,cat_4,355
8480,67,cat_0,67
8481,325,cat_1,325
8482,255,cat_2,255
8483,119,cat_3,119
8484,929,cat_4,929
8485,611,cat_0,611
8486,22,cat_1,22
8487,162,cat_2,162
8488,342,cat_3,342
8489,165,cat_4,165
8490,568,cat_0,568
8491,6,cat_1,6
8492,943,cat_2,943
8493,444,cat_3,444
8494,567,cat_4,567
8495,602,cat_0,602
8496,470,cat_1,470
8497,190,cat_2,190
8498,587,cat_3,587
8499,498,cat_4,498
8500,215,cat_0,215
8501,32,cat_1,32
8502,454,cat_2,454
8503,364,cat_3,364
8504,894,cat_4,894
8505,910,cat_0,910
8506,274,cat_1,274
8507,638,cat_2,638
8508,899,cat_3,899
8509,213,cat_4,213
8510,378,cat_0,378
8511,645,cat_1,645
8512,683,cat_2,683
8513,144,cat_3,144
8514,608,cat_4,608
8515,556,cat_0,556
8516,499,cat_1,499
8517,99,cat_2,99
8518,978,cat_3,978
8519,931,cat_4,931
8520,933,cat_0,933
8521,220,cat_1,220
8522,766,cat_2,766
8523,238,cat_3,238
8524,20,cat_4,20
8525,351,cat_0,351
8526,96,cat_1,96
8527,699,cat_2,699
8528,443,cat_3,443
8529,347,cat_4,347
8530,265,cat_0,265
8531,857,cat_1,857
8532,699,cat_2,699
8533,806,cat_3,806
8534,688,cat_4,688
8535,851,cat_0,851
8536,175,cat_1,175
8537,206,cat_2,206
8538,751,cat_3,751
8539,290,cat_4,290
8540,338,cat_0,338
8541,167,cat_1,167
8542,577,cat_2,577
8543,179,cat_3,179
8544,870,cat_4,870
8545,445,cat_0,445
8546,928,cat_1,928
8547,584,cat_2,584
8548,864,cat_3,864
8549,220,cat_4,220
8550,365,cat_0,365
8551,713,cat_1,713
8552,393,cat_2,393
8553,62,cat_3,62
8554,301,cat_4,301
8555,601,cat_0,601
8556,970,cat_1,970
8557,346,cat_2,346
8558,575,cat_3,575
8559,372,cat_4,372
8560,923,cat_0,923
8561,742,cat_1,742
8562,48,cat_2,48
8563,792,cat_3,792
8564,558,cat_4,558
8565,89,cat_0,89
8566,491,cat_1,491
8567,698,cat_2,698
8568,355,cat_3,355
8569,989,cat_4,989
8570,273,cat_0,273
8571,2,cat_1,2
8572,934,cat_2,934
8573,740,cat_3,740
8574,582,cat_4,582
8575,289,cat_0,289
8576,114,cat_1,114
8577,63,cat_2,63
8578,890,cat_3,890
8579,983,cat_4,983
8580,233,cat_0,233
8581,47,cat_1,47
8582,967,cat_2,967
8583,165,cat_3,165
8584,870,cat_4,870
8585,151,cat_0,151
8586,753,cat_1,753
8587,472,cat_2,472
8588,838,cat_3,838
8589,337,cat_4,337
8590,219,cat_0,219
8591,122,cat_1,122
8592,972,cat_2,972
8593,847,cat_3,847
8594,205,cat_4,205
8595,854,cat_0,854
8596,322,cat_1,322
8597,672,cat_2,672
8598,174,cat_3,174
8599,471,cat_4,471
8600,434,cat_0,434
8601,197,cat_1,197
8602,980,cat_2,980
8603,885,cat_3,885
8604,687,cat_4,687
8605,979,cat_0,979
8606,222,cat_1,222
8607,326,cat_2,326
8608,254,cat_3,254
8609,415,cat_4,415
8610,561,cat_0,561
8611,130,cat_1,130
8612,676,cat_2,676
8613,993,cat_3,993
8614,727,cat_4,727
8615,578,cat_0,578
8616,903,cat_1,903
8617,391,cat_2,391
8618,54,cat_3,54
8619,236,cat_4,236
8620,571,cat_0,571
8621,780,cat_1,780
8622,849,cat_2,849
8623,386,cat_3,386
8624,149,cat_4,149
8625,302,cat_0,302
8626,764,cat_1,764
8627,836,cat_2,836
8628,458,cat_3,458
8629,401,cat_4,401
8630,835,cat_0,835
8631,671,cat_1,671
8632,391,cat_2,391
8633,872,cat_3,872
8634,733,cat_4,733
8635,111,cat_0,111
8636,39,cat_1,39
8637,963,cat_2,963
8638,1,cat_3,1
8639,195,cat_4,195
8640,26,cat_0,26
8641,63,cat_1,63
8642,834,cat_2,834
8643,74,cat_3,74
8644,945,cat_4,945
8645,189,cat_0,189
8646,982,cat_1,982
8647,167,cat_2,167
8648,685,cat_3,685
8649,885,cat_4,885
8650,457,cat_0,457
8651,251,cat_1,251
8652,654,cat_2,654
8653,765,cat_3,765
8654,532,cat_4,532
8655,605,cat_0,605
8656,318,cat_1,318
8657,378,cat_2,378
8658,71,cat_3,71
8659,813,cat_4,813
8660,483,cat_0,483
8661,892,cat_1,892
8662,540,cat_2,540
8663,474,cat_3,474
8664,839,cat_4,839
8665,633,cat_0,633
8666,459,cat_1,459
8667,905,cat_2,905
8668,913,cat_3,913
8669,277,cat_4,277
8670,704,cat_0,704
8671,794,cat_1,794
8672,384,cat_2,384
8673,14,cat_3,14
8674,402,cat_4,402
8675,467,cat_0,467
8676,840,cat_1,840
8677,987,cat_2,987
8678,745,cat_3,745
8679,917,cat_4,917
8680,380,cat_0,380
8681,46,cat_1,46
8682,997,cat_2,997
8683,870,cat_3,870
8684,860,cat_4,860
8685,709,cat_0,709
8686,203,cat_1,203
8687,626,cat_2,626
8688,537,cat_3,537
8689,711,cat_4,711
8690,783,cat_0,783
8691,557,cat_1,557
8692,583,cat_2,583
8693,548,cat_3,548
8694,155,cat_4,155
8695,899,cat_0,899
8696,970,cat_1,970
8697,477,cat_2,477
8698,29,cat_3,29
8699,400,cat_4,400
8700,226,cat_0,226
8701,656,cat_1,656
8702,880,cat_2,880
8703,365,cat_3,365
8704,43,cat_4,43
8705,48,cat_0,48
8706,883,cat_1,883
8707,530,cat_2,530
8708,485,cat_3,485
8709,755,cat_4,755
8710,91,cat_0,91
8711,671,cat_1,671
8712,770,cat_2,770
8713,794,cat_3,794
8714,849,cat_4,849
8715,417,cat_0,417
8716,136,cat_1,136
8717,559,cat_2,559
8718,709,cat_3,709
8719,428,cat_4,428
8720,413,cat_0,413
8721,745,cat_1,745
8722,345,cat_2,345
8723,748,cat_3,748
8724,80,cat_4,80
8725,391,cat_0,391
8726,760,cat_1,760
8727,567,cat_2,567
8728,314,cat_3,314
8729,666,cat_4,666
8730,783,cat_0,783
8731,553,cat_1,553
8732,420,cat_2,420
8733,663,cat_3,663
8734,858,cat_4,858
8735,33,cat_0,33
8736,432,cat_1,432
8737,752,cat_2,752
8738,726,cat_3,726
8739,900,cat_4,900
8740,821,cat_0,821
8741,121,cat_1,121
8742,208,cat_2,208
8743,793,cat_3,793
8744,663,cat_4,663
8745,613,cat_0,613
8746,286,cat_1,286
8747,949,cat_2,949
8748,997,cat_3,997
8749,325,cat_4,325
8750,655,cat_0,655
8751,193,cat_1,193
8752,833,cat_2,833
8753,56,cat_3,56
8754,413,cat_4,413
8755,753,cat_0,753
8756,861,cat_1,861
8757,801,cat_2,801
8758,232,cat_3,232
8759,111,cat_4,111
8760,413,cat_0,413
8761,635,cat_1,635
8762,74,cat_2,74
8763,574,cat_3,574
8764,68,cat_4,68
8765,558,cat_0,558
8766,169,cat_1,169
8767,721,cat_2,721
8768,186,cat_3,186
8769,114,cat_4,114
8770,564,cat_0,564
8771,767,cat_1,767
8772,787,cat_2,787
8773,507,cat_3,507
8774,311,cat_4,311
8775,382,cat_0,382
8776,982,cat_1,982
8777,644,cat_2,644
8778,493,cat_3,493
8779,775,cat_4,775
8780,954,cat_0,954
8781,719,cat_1,719
8782,162,cat_2,162
8783,416,cat_3,416
8784,178,cat_4,178
8785,16,cat_0,16
8786,433,cat_1,433
8787,488,cat_2,488
8788,127,cat_3,127
8789,182,cat_4,182
8790,592,cat_0,592
8791,724,cat_1,724
8792,440,cat_2,440
8793,838,cat_3,838
8794,163,cat_4,163
8795,342,cat_0,342
8796,871,cat_1,871
8797,38,cat_2,38
8798,525,cat_3,525
8799,549,cat_4,549
8800,233,cat_0,233
8801,781,cat_1,781
8802,351,cat_2,351
8803,728,cat_3,728
8804,636,cat_4,636
8805,37,cat_0,37
8806,199,cat_1,199
8807,133,cat_2,133
8808,246,cat_3,246
8809,538,cat_4,538
8810,432,cat_0,432
8811,531,cat_1,531
8812,727,cat_2,727
8813,463,cat_3,463
8814,246,cat_4,246
8815,391,cat_0,391
8816,878,cat_1,878
8817,647,cat_2,647
8818,112,cat_3,112
8819,938,cat_4,938
8820,474,cat_0,474
8821,929,cat_1,929
8822,548,cat_2,548
8823,468,cat_3,468
8824,204,cat_4,204
8825,911,cat_0,911
8826,823,cat_1,823
8827,568,cat_2,568
8828,919,cat_3,919
8829,819,cat_4,819
8830,856,cat_0,856
8831,824,cat_1,824
8832,1000,cat_2,1000
8833,137,cat_3,137
8834,160,cat_4,160
8835,959,cat_0,959
8836,813,cat_1,813
8837,571,cat_2,571
8838,760,cat_3,760
8839,761,cat_4,761
8840,615,cat_0,615
8841,954,cat_1,954
8842,790,cat_2,790
8843,752,cat_3,752
8844,310,cat_4,310
8845,184,cat_0,184
8846,672,cat_1,672
8847,486,cat_2,486
8848,426,cat_3,426
8849,659,cat_4,659
8850,527,cat_0,527
8851,704,cat_1,704
8852,839,cat_2,839
8853,419,cat_3,419
8854,237,cat_4,237
8855,831,cat_0,831
8856,622,cat_1,622
8857,739,cat_2,739
8858,439,cat_3,439
8859,530,cat_4,530
8860,91,cat_0,91
8861,50,cat_1,50
8862,822,cat_2,822
8863,42,cat_3,42
8864,241,cat_4,241
8865,773,cat_0,773
8866,995,cat_1,995
8867,486,cat_2,486
8868,556,cat_3,556
8869,45,cat_4,45
8870,169,cat_0,169
8871,624,cat_1,624
8872,333,cat_2,333
8873,1000,cat_3,1000
8874,532,cat_4,532
8875,670,cat_0,670
8876,19,cat_1,19
8877,924,cat_2,924
8878,117,cat_3,117
8879,891,cat_4,891
8880,424,cat_0,424
8881,626,cat_1,626
8882,290,cat_2,290
8883,853,cat_3,853
8884,821,cat_4,821
8885,887,cat_0,887
8886,126,cat_1,126
8887,436,cat_2,436
8888,196,cat_3,196
8889,570,cat_4,570
8890,723,cat_0,723
8891,2,cat_1,2
8892,277,cat_2,277
8893,354,cat_3,354
8894,234,cat_4,234
8895,232,cat_0,232
8896,787,cat_1,787
8897,969,cat_2,969
8898,938,cat_3,938
8899,238,cat_4,238
8900,711,cat_0,711
8901,955,cat_1,955
8902,370,cat_2,370
8903,854,cat_3,854
8904,611,cat_4,611
8905,749,cat_0,749
8906,823,cat_1,823
8907,205,cat_2,205
8908,176,cat_3,176
8909,225,cat_4,225
8910,115,cat_0,115
8911,379,cat_1,379
8912,246,cat_2,246
8913,204,cat_3,204
8914,688,cat_4,688
8915,144,cat_0,144
8916,978,cat_1,978
8917,344,cat_2,344
8918,379,cat_3,379
8919,236,cat_4,236
8920,738,cat_0,738
8921,978,cat_1,978
8922,457,cat_2,457
8923,947,cat_3,947
8924,580,cat_4,580
8925,618,cat_0,618
8926,94,cat_1,94
8927,568,cat_2,568
8928,506,cat_3,506
8929,399,cat_4,399
8930,108,cat_0,108
8931,578,cat_1,578
8932,921,cat_2,921
8933,654,cat_3,654
8934,444,cat_4,444
8935,555,cat_0,555
8936,428,cat_1,428
8937,890,cat_2,890
8938,870,cat_3,870
8939,425,cat_4,425
8940,796,cat_0,796
8941,650,cat_1,650
8942,581,cat_2,581
8943,75,cat_3,75
8944,576,cat_4,576
8945,512,cat_0,512
8946,334,cat_1,334
8947,844,cat_2,844
8948,143,cat_3,143
8949,583,cat_4,583
8950,931,cat_0,931
8951,433,cat_1,433
8952,616,cat_2,616
8953,576,cat_3,576
8954,201,cat_4,201
8955,68,cat_0,68
8956,192,cat_1,192
8957,12,cat_2,12
8958,82,cat_3,82
8959,671,cat_4,671
8960,726,cat_0,726
8961,39,cat_1,39
8962,643,cat_2,643
8963,200,cat_3,200
8964,513,cat_4,513
8965,36,cat_0,36
8966,331,cat_1,331
8967,945,cat_2,945
8968,787,cat_3,787
8969,70,cat_4,70
8970,765,cat_0,765
8971,287,cat_1,287
8972,530,cat_2,530
8973,697,cat_3,697
8974,293,cat_4,293
8975,274,cat_0,274
8976,896,cat_1,896
8977,806,cat_2,806
8978,830,cat_3,830
8979,983,cat_4,983
8980,62,cat_0,62
8981,616,cat_1,616
8982,380,cat_2,380
8983,215,cat_3,215
8984,366,cat_4,366
8985,88,cat_0,88
8986,885,cat_1,885
8987,760,cat_2,760
8988,467,cat_3,467
8989,915,cat_4,915
8990,517,cat_0,517
8991,825,cat_1,825
8992,851,cat_2,851
8993,810,cat_3,810
8994,36,cat_4,36
8995,412,cat_0,412
8996,109,cat_1,109
8997,592,cat_2,592
8998,512,cat_3,512
8999,88,cat_4,88
9000,942,cat_0,942
9001,45,cat_1,45
9002,611,cat_2,611
9003,951,cat_3,951
9004,444,cat_4,444
9005,584,cat_0,584
9006,587,cat_1,587
9007,962,cat_2,962
9008,611,cat_3,611
9009,393,cat_4,393
9010,624,cat_0,624
9011,888,cat_1,888
9012,900,cat_2,900
9013,392,cat_3,392
9014,145,cat_4,145
9015,211,cat_0,211
9016,874,cat_1,874
9017,209,cat_2,209
9018,507,cat_3,507
9019,463,cat_4,463
9020,296,cat_0,296
9021,830,cat_1,830
9022,737,cat_2,737
9023,828,cat_3,828
9024,183,cat_4,183
9025,711,cat_0,711
9026,662,cat_1,662
9027,250,cat_2,250
9028,591,cat_3,591
9029,2,cat_4,2
9030,331,cat_0,331
9031,352,cat_1,352
9032,551,cat_2,551
9033,760,cat_3,760
9034,339,cat_4,339
9035,666,cat_0,666
9036,795,cat_1,795
9037,478,cat_2,478
9038,742,cat_3,742
9039,649,cat_4,649
9040,266,cat_0,266
9041,946,cat_1,946
9042,762,cat_2,762
9043,510,cat_3,510
9044,542,cat_4,542
9045,934,cat_0,934
9046,307,cat_1,307
9047,993,cat_2,993
9048,67,cat_3,67
9049,229,cat_4,229
9050,698,cat_0,698
9051,612,cat_1,612
9052,944,cat_2,944
9053,95,cat_3,95
9054,285,cat_4,285
9055,526,cat_0,526
9056,96,cat_1,96
9057,601,cat_2,601
9058,660,cat_3,660
9059,337,cat_4,337
9060,110,cat_0,110
9061,272,cat_1,272
9062,215,cat_2,215
9063,710,cat_3,710
9064,239,cat_4,239
9065,998,cat_0,998
9066,955,cat_1,955
9067,205,cat_2,205
9068,296,cat_3,296
9069,991,cat_4,991
9070,475,cat_0,475
9071,637,cat_1,637
9072,519,cat_2,519
9073,920,cat_3,920
9074,522,cat_4,522
9075,722,cat_0,722
9076,251,cat_1,251
9077,889,cat_2,889
9078,675,cat_3,675
9079,136,cat_4,136
9080,367,cat_0,367
9081,798,cat_1,798
9082,846,cat_2,846
9083,182,cat_3,182
9084,877,cat_4,877
9085,336,cat_0,336
9086,968,cat_1,968
9087,937,cat_2,937
9088,296,cat_3,296
9089,668,cat_4,668
9090,869,cat_0,869
9091,945,cat_1,945
9092,403,cat_2,403
9093,875,cat_3,875
9094,573,cat_4,573
9095,114,cat_0,114
9096,151,cat_1,151
9097,852,cat_2,852
9098,815,cat_3,815
9099,436,cat_4,436
9100,946,cat_0,946
9101,876,cat_1,876
9102,137,cat_2,137
9103,361,cat_3,361
9104,402,cat_4,402
9105,110,cat_0,110
9106,996,cat_1,996
9107,398,cat_2,398
9108,82,cat_3,82
9109,319,cat_4,319
9110,321,cat_0,321
9111,320,cat_1,320
9112,372,cat_2,372
9113,859,cat_3,859
9114,474,cat_4,474
9115,978,cat_0,978
9116,708,cat_1,708
9117,612,cat_2,612
9118,490,cat_3,490
9119,530,cat_4,530
9120,232,cat_0,232
9121,785,cat_1,785
9122,18,cat_2,18
9123,727,cat_3,727
9124,483,cat_4,483
9125,851,cat_0,851
9126,911,cat_1,911
9127,227,cat_2,227
9128,782,cat_3,782
9129,521,cat_4,521
9130,952,cat_0,952
9131,573,cat_1,573
9132,648,cat_2,648
9133,365,cat_3,365
9134,971,cat_4,971
9135,862,cat_0,862
9136,478,cat_1,478
9137,757,cat_2,757
9138,1,cat_3,1
9139,111,cat_4,111
9140,281,cat_0,281
9141,341,cat_1,341
9142,826,cat_2,826
9143,723,cat_3,723
9144,174,cat_4,174
9145,692,cat_0,692
9146,298,cat_1,298
9147,747,cat_2,747
9148,560,cat_3,560
9149,382,cat_4,382
9150,83,cat_0,83
9151,663,cat_1,663
9152,56,cat_2,56
9153,902,cat_3,902
9154,187,cat_4,187
9155,186,cat_0,186
9156,951,cat_1,951
9157,214,cat_2,214
9158,925,cat_3,925
9159,494,cat_4,494
9160,57,cat_0,57
9161,37,cat_1,37
9162,748,cat_2,748
9163,535,cat_3,535
9164,243,cat_4,243
9165,828,cat_0,828
9166,629,cat_1,629
9167,678,cat_2,678
9168,404,cat_3,404
9169,814,cat_4,814
9170,674,cat_0,674
9171,824,cat_1,824
9172,798,cat_2,798
9173,986,cat_3,986
9174,567,cat_4,567
9175,420,cat_0,420
9176,903,cat_1,903
9177,796,cat_2,796
9178,376,cat_3,376
9179,110,cat_4,110
9180,951,cat_0,951
9181,389,cat_1,389
9182,477,cat_2,477
9183,256,cat_3,256
9184,672,cat_4,672
9185,688,cat_0,688
9186,134,cat_1,134
9187,826,cat_2,826
9188,114,cat_3,114
9189,545,cat_4,545
9190,420,cat_0,420
9191,993,cat_1,993
9192,198,cat_2,198
9193,477,cat_3,477
9194,748,cat_4,748
9195,963,cat_0,963
9196,439,cat_1,439
9197,775,cat_2,775
9198,270,cat_3,270
9199,852,cat_4,852
9200,935,cat_0,935
9201,375,cat_1,375
9202,602,cat_2,602
9203,66,cat_3,66
9204,356,cat_4,356
9205,391,cat_0,391
9206,729,cat_1,729
9207,681,cat_2,681
9208,879,cat_3,879
9209,156,cat_4,156
9210,429,cat_0,429
9211,853,cat_1,853
9212,420,cat_2,420
9213,965,cat_3,965
9214,957,cat_4,957
9215,520,cat_0,520
9216,710,cat_1,710
9217,752,cat_2,752
9218,877,cat_3,877
9219,364,cat_4,364
9220,245,cat_0,245
9221,614,cat_1,614
9222,280,cat_2,280
9223,223,cat_3,223
9224,928,cat_4,928
9225,456,cat_0,456
9226,129,cat_1,129
9227,248,cat_2,248
9228,922,cat_3,922
9229,965,cat_4,965
9230,285,cat_0,285
9231,98,cat_1,98
9232,27,cat_2,27
9233,888,cat_3,888
9234,855,cat_4,855
9235,920,cat_0,920
9236,681,cat_1,681
9237,651,cat_2,651
9238,667,cat_3,667
9239,388,cat_4,388
9240,466,cat_0,466
9241,186,cat_1,186
9242,620,cat_2,620
9243,222,cat_3,222
9244,749,cat_4,749
9245,518,cat_0,518
9246,461,cat_1,461
9247,73,cat_2,73
9248,30,cat_3,30
9249,997,cat_4,997
9250,994,cat_0,994
9251,891,cat_1,891
9252,47,cat_2,47
9253,178,cat_3,178
9254,957,cat_4,957
9255,611,cat_0,611
9256,21,cat_1,21
9257,483,cat_2,483
9258,885,cat_3,885
9259,224,cat_4,224
9260,377,cat_0,377
9261,294,cat_1,294
9262,555,cat_2,555
9263,368,cat_3,368
9264,347,cat_4,347
9265,243,cat_0,243
9266,955,cat_1,955
9267,337,cat_2,337
9268,40,cat_3,40
9269,353,cat_4,353
9270,50,cat_0,50
9271,696,cat_1,696
9272,260,cat_2,260
9273,404,cat_3,404
9274,119,cat_4,119
9275,72,cat_0,72
9276,688,cat_1,688
9277,25,cat_2,25
9278,140,cat_3,140
9279,308,cat_4,308
9280,532,cat_0,532
9281,215,cat_1,215
9282,393,cat_2,393
9283,976,cat_3,976
9284,873,cat_4,873
9285,683,cat_0,683
9286,240,cat_1,240
9287,672,cat_2,672
9288,638,cat_3,638
9289,480,cat_4,480
9290,836,cat_0,836
9291,514,cat_1,514
9292,98,cat_2,98
9293,85,cat_3,85
9294,631,cat_4,631
9295,554,cat_0,554
9296,985,cat_1,985
9297,165,cat_2,165
9298,639,cat_3,639
9299,128,cat_4,128
9300,37,cat_0,37
9301,368,cat_1,368
9302,754,cat_2,754
9303,539,cat_3,539
9304,792,cat_4,792
9305,511,cat_0,511
9306,596,cat_1,596
9307,196,cat_2,196
9308,749,cat_3,749
9309,13,cat_4,13
9310,987,cat_0,987
9311,591,cat_1,591
9312,693,cat_2,693
9313,883,cat_3,883
9314,363,cat_4,363
9315,121,cat_0,121
9316,222,cat_1,222
9317,954,cat_2,954
9318,54,cat_3,54
9319,779,cat_4,779
9320,917,cat_0,917
9321,752,cat_1,752
9322,373,cat_2,373
9323,675,cat_3,675
9324,934,cat_4,934
9325,994,cat_0,994
9326,356,cat_1,356
9327,593,cat_2,593
9328,911,cat_3,911
9329,542,cat_4,542
9330,833,cat_0,833
9331,451,cat_1,451
9332,726,cat_2,726
9333,824,cat_3,824
9334,611,cat_4,611
9335,434,cat_0,434
9336,384,cat_1,384
9337,46,cat_2,46
9338,919,cat_3,919
9339,624,cat_4,624
9340,128,cat_0,128
9341,157,cat_1,157
9342,928,cat_2,928
9343,258,cat_3,258
9344,226,cat_4,226
9345,336,cat_0,336
9346,430,cat_1,430
9347,181,cat_2,181
9348,152,cat_3,152
9349,705,cat_4,705
9350,44,cat_0,44
9351,186,cat_1,186
9352,385,cat_2,385
9353,144,cat_3,144
9354,564,cat_4,564
9355,156,cat_0,156
9356,888,cat_1,888
9357,617,cat_2,617
9358,959,cat_3,959
9359,228,cat_4,228
9360,516,cat_0,516
9361,791,cat_1,791
9362,312,cat_2,312
9363,593,cat_3,593
9364,280,cat_4,280
9365,794,cat_0,794
9366,770,cat_1,770
9367,349,cat_2,349
9368,361,cat_3,361
9369,66,cat_4,66
9370,396,cat_0,396
9371,920,cat_1,920
9372,322,cat_2,322
9373,97,cat_3,97
9374,582,cat_4,582
9375,415,cat_0,415
9376,467,cat_1,467
9377,598,cat_2,598
9378,685,cat_3,685
9379,562,cat_4,562
9380,751,cat_0,751
9381,703,cat_1,703
9382,445,cat_2,445
9383,861,cat_3,861
9384,53,cat_4,53
9385,804,cat_0,804
9386,920,cat_1,920
9387,285,cat_2,285
9388,257,cat_3,257
9389,433,cat_4,433
9390,121,cat_0,121
9391,123,cat_1,123
9392,801,cat_2,801
9393,419,cat_3,419
9394,216,cat_4,216
9395,190,cat_0,190
9396,89,cat_1,89
9397,839,cat_2,839
9398,287,cat_3,287
9399,66,cat_4,66
9400,591,cat_0,591
9401,6,cat_1,6
9402,876,cat_2,876
9403,386,cat_3,386
9404,169,cat_4,169
9405,216,cat_0,216
9406,661,cat_1,661
9407,805,cat_2,805
9408,539,cat_3,539
9409,530,cat_4,530
9410,783,cat_0,783
9411,142,cat_1,142
9412,688,cat_2,688
9413,738,cat_3,738
9414,527,cat_4,527
9415,721,cat_0,721
9416,934,cat_1,934
9417,984,cat_2,984
9418,74,cat_3,74
9419,176,cat_4,176
9420,735,cat_0,735
9421,109,cat_1,109
9422,198,cat_2,198
9423,526,cat_3,526
9424,19,cat_4,19
9425,502,cat_0,502
9426,98,cat_1,98
9427,117,cat_2,117
9428,365,cat_3,365
9429,771,cat_4,771
9430,816,cat_0,816
9431,883,cat_1,883
9432,134,cat_2,134
9433,41,cat_3,41
9434,419,cat_4,419
9435,943,cat_0,943
9436,392,cat_1,392
9437,92,cat_2,92
9438,613,cat_3,613
9439,524,cat_4,524
9440,842,cat_0,842
9441,861,cat_1,861
9442,699,cat_2,699
9443,178,cat_3,178
9444,716,cat_4,716
9445,386,cat_0,386
9446,924,cat_1,924
9447,176,cat_2,176
9448,804,cat_3,804
9449,443,cat_4,443
9450,327,cat_0,327
9451,394,cat_1,394
9452,352,cat_2,352
9453,595,cat_3,595
9454,4,cat_4,4
9455,95,cat_0,95
9456,429,cat_1,429
9457,218,cat_2,218
9458,658,cat_3,658
9459,195,cat_4,195
9460,131,cat_0,131
9461,560,cat_1,560
9462,994,cat_2,994
9463,558,cat_3,558
9464,749,cat_4,749
9465,41,cat_0,41
9466,207,cat_1,207
9467,596,cat_2,596
9468,518,cat_3,518
9469,257,cat_4,257
9470,1000,cat_0,1000
9471,362,cat_1,362
9472,95,cat_2,95
9473,613,cat_3,613
9474,89,cat_4,89
9475,7,cat_0,7
9476,185,cat_1,185
9477,82,cat_2,82
9478,210,cat_3,210
9479,638,cat_4,638
9480,707,cat_0,707
9481,4,cat_1,4
9482,105,cat_2,105
9483,112,cat_3,112
9484,104,cat_4,104
9485,211,cat_0,211
9486,424,cat_1,424
9487,30,cat_2,30
9488,126,cat_3,126
9489,463,cat_4,463
9490,24,cat_0,24
9491,415,cat_1,415
9492,725,cat_2,725
9493,572,cat_3,572
9494,409,cat_4,409
9495,725,cat_0,725
9496,402,cat_1,402
9497,222,cat_2,222
9498,967,cat_3,967
9499,725,cat_4,725
9500,728,cat_0,728
9501,891,cat_1,891
9502,700,cat_2,700
9503,661,cat_3,661
9504,499,cat_4,499
9505,314,cat_0,314
9506,559,cat_1,559
9507,539,cat_2,539
9508,843,cat_3,843
9509,284,cat_4,284
9510,200,cat_0,200
9511,76,cat_1,76
9512,962,cat_2,962
9513,881,cat_3,881
9514,528,cat_4,528
9515,943,cat_0,943
9516,204,cat_1,204
9517,322,cat_2,322
9518,669,cat_3,669
9519,86,cat_4,86
9520,929,cat_0,929
9521,359,cat_1,359
9522,757,cat_2,757
9523,236,cat_3,236
9524,325,cat_4,325
9525,816,cat_0,816
9526,725,cat_1,725
9527,442,cat_2,442
9528,849,cat_3,849
9529,893,cat_4,893
9530,157,cat_0,157
9531,5,cat_1,5
9532,392,cat_2,392
9533,933,cat_3,933
9534,521,cat_4,521
9535,42,cat_0,42
9536,846,cat_1,846
9537,619,cat_2,619
9538,486,cat_3,486
9539,650,cat_4,650
9540,802,cat_0,802
9541,349,cat_1,349
9542,330,cat_2,330
9543,49,cat_3,49
9544,177,cat_4,177
9545,502,cat_0,502
9546,727,cat_1,727
9547,594,cat_2,594
9548,162,cat_3,162
9549,844,cat_4,844
9550,187,cat_0,187
9551,98,cat_1,98
9552,811,cat_2,811
9553,522,cat_3,522
9554,5,cat_4,5
9555,625,cat_0,625
9556,782,cat_1,782
9557,856,cat_2,856
9558,243,cat_3,243
9559,994,cat_4,994
9560,735,cat_0,735
9561,388,cat_1,388
9562,873,cat_2,873
9563,274,cat_3,274
9564,788,cat_4,788
9565,454,cat_0,454
9566,831,cat_1,831
9567,107,cat_2,107
9568,690,cat_3,690
9569,817,cat_4,817
9570,560,cat_0,560
9571,485,cat_1,485
9572,586,cat_2,586
9573,203,cat_3,203
9574,957,cat_4,957
9575,158,cat_0,158
9576,445,cat_1,445
9577,419,cat_2,419
9578,378,cat_3,378
9579,294,cat_4,294
9580,815,cat_0,815
9581,235,cat_1,235
9582,509,cat_2,509
9583,128,cat_3,128
9584,523,cat_4,523
9585,637,cat_0,637
9586,547,cat_1,547
9587,478,cat_2,478
9588,870,cat_3,870
9589,737,cat_4,737
9590,299,cat_0,299
9591,344,cat_1,344
9592,772,cat_2,772
9593,187,cat_3,187
9594,357,cat_4,357
9595,331,cat_0,331
9596,993,cat_1,993
9597,248,cat_2,248
9598,79,cat_3,79
9599,571,cat_4,571
9600,233,cat_0,233
9601,346,cat_1,346
9602,682,cat_2,682
9603,60,cat_3,60
9604,825,cat_4,825
9605,369,cat_0,369
9606,984,cat_1,984
9607,227,cat_2,227
9608,393,cat_3,393
9609,500,cat_4,500
9610,573,cat_0,573
9611,926,cat_1,926
9612,300,cat_2,300
9613,216,cat_3,216
9614,136,cat_4,136
9615,956,cat_0,956
9616,831,cat_1,831
9617,319,cat_2,319
9618,310,cat_3,310
9619,504,cat_4,504
9620,652,cat_0,652
9621,229,cat_1,229
9622,63,cat_2,63
9623,538,cat_3,538
9624,248,cat_4,248
9625,999,cat_0,999
9626,897,cat_1,897
9627,879,cat_2,879
9628,724,cat_3,724
9629,207,cat_4,207
9630,509,cat_0,509
9631,137,cat_1,137
9632,821,cat_2,821
9633,439,cat_3,439
9634,699,cat_4,699
9635,360,cat_0,360
9636,153,cat_1,153
9637,616,cat_2,616
9638,805,cat_3,805
9639,334,cat_4,334
9640,907,cat_0,907
9641,151,cat_1,151
9642,72,cat_2,72
9643,414,cat_3,414
9644,2,cat_4,2
9645,261,cat_0,261
9646,287,cat_1,287
9647,627,cat_2,627
9648,224,cat_3,224
9649,964,cat_4,964
9650,344,cat_0,344
9651,866,cat_1,866
9652,594,cat_2,594
9653,394,cat_3,394
9654,281,cat_4,281
9655,975,cat_0,975
9656,338,cat_1,338
9657,450,cat_2,450
9658,93,cat_3,93
9659,16,cat_4,16
9660,140,cat_0,140
9661,372,cat_1,372
9662,47,cat_2,47
9663,797,cat_3,797
9664,826,cat_4,826
9665,701,cat_0,701
9666,629,cat_1,629
9667,196,cat_2,196
9668,820,cat_3,820
9669,285,cat_4,285
9670,430,cat_0,430
9671,322,cat_1,322
9672,499,cat_2,499
9673,628,cat_3,628
9674,945,cat_4,945
9675,262,cat_0,262
9676,963,cat_1,963
9677,463,cat_2,463
9678,998,cat_3,998
9679,601,cat_4,601
9680,359,cat_0,359
9681,638,cat_1,638
9682,94,cat_2,94
9683,848,cat_3,848
9684,626,cat_4,626
9685,262,cat_0,262
9686,952,cat_1,952
9687,108,cat_2,108
9688,400,cat_3,400
9689,883,cat_4,883
9690,415,cat_0,415
9691,738,cat_1,738
9692,484,cat_2,484
9693,771,cat_3,771
9694,681,cat_4,681
9695,663,cat_0,663
9696,986,cat_1,986
9697,843,cat_2,843
9698,455,cat_3,455
9699,387,cat_4,387
9700,536,cat_0,536
9701,535,cat_1,535
9702,163,cat_2,163
9703,88,cat_3,88
9704,115,cat_4,115
9705,578,cat_0,578
9706,618,cat_1,618
9707,94,cat_2,94
9708,751,cat_3,751
9709,428,cat_4,428
9710,390,cat_0,390
9711,931,cat_1,931
9712,409,cat_2,409
9713,220,cat_3,220
9714,941,cat_4,941
9715,741,cat_0,741
9716,747,cat_1,747
9717,778,cat_2,778
9718,769,cat_3,769
9719,857,cat_4,857
9720,635,cat_0,635
9721,537,cat_1,537
9722,907,cat_2,907
9723,857,cat_3,857
9724,825,cat_4,825
9725,325,cat_0,325
9726,693,cat_1,693
9727,616,cat_2,616
9728,78,cat_3,78
9729,438,cat_4,438
9730,2,cat_0,2
9731,358,cat_1,358
9732,1,cat_2,1
9733,292,cat_3,292
9734,171,cat_4,171
9735,307,cat_0,307
9736,983,cat_1,983
9737,23,cat_2,23
9738,162,cat_3,162
9739,951,cat_4,951
9740,839,cat_0,839
9741,144,cat_1,144
9742,458,cat_2,458
9743,145,cat_3,145
9744,190,cat_4,190
9745,743,cat_0,743
9746,889,cat_1,889
9747,363,cat_2,363
9748,2,cat_3,2
9749,624,cat_4,624
9750,222,cat_0,222
9751,21,cat_1,21
9752,106,cat_2,106
9753,911,cat_3,911
9754,186,cat_4,186
9755,543,cat_0,543
9756,532,cat_1,532
9757,19,cat_2,19
9758,538,cat_3,538
9759,933,cat_4,933
9760,957,cat_0,957
9761,260,cat_1,260
9762,440,cat_2,440
9763,934,cat_3,934
9764,95,cat_4,95
9765,902,cat_0,902
9766,701,cat_1,701
9767,838,cat_2,838
9768,326,cat_3,326
9769,847,cat_4,847
9770,476,cat_0,476
9771,540,cat_1,540
9772,956,cat_2,956
9773,928,cat_3,928
9774,837,cat_4,837
9775,887,cat_0,887
9776,126,cat_1,126
9777,239,cat_2,239
9778,400,cat_3,400
9779,76,cat_4,76
9780,136,cat_0,136
9781,549,cat_1,549
9782,568,cat_2,568
9783,760,cat_3,760
9784,148,cat_4,148
9785,770,cat_0,770
9786,532,cat_1,532
9787,714,cat_2,714
9788,214,cat_3,214
9789,630,cat_4,630
9790,947,cat_0,947
9791,626,cat_1,626
9792,932,cat_2,932
9793,878,cat_3,878
9794,484,cat_4,484
9795,297,cat_0,297
9796,339,cat_1,339
9797,172,cat_2,172
9798,814,cat_3,814
9799,258,cat_4,258
9800,820,cat_0,820
9801,132,cat_1,132
9802,474,cat_2,474
9803,848,cat_3,848
9804,962,cat_4,962
9805,41,cat_0,41
9806,495,cat_1,495
9807,765,cat_2,765
9808,255,cat_3,255
9809,970,cat_4,970
9810,358,cat_0,358
9811,639,cat_1,639
9812,646,cat_2,646
9813,694,cat_3,694
9814,103,cat_4,103
9815,748,cat_0,748
9816,687,cat_1,687
9817,969,cat_2,969
9818,624,cat_3,624
9819,18,cat_4,18
9820,762,cat_0,762
9821,285,cat_1,285
9822,834,cat_2,834
9823,17,cat_3,17
9824,615,cat_4,615
9825,506,cat_0,506
9826,105,cat_1,105
9827,981,cat_2,981
9828,909,cat_3,909
9829,108,cat_4,108
9830,556,cat_0,556
9831,895,cat_1,895
9832,827,cat_2,827
9833,340,cat_3,340
9834,475,cat_4,475
9835,212,cat_0,212
9836,152,cat_1,152
9837,604,cat_2,604
9838,204,cat_3,204
9839,155,cat_4,155
9840,967,cat_0,967
9841,139,cat_1,139
9842,320,cat_2,320
9843,684,cat_3,684
9844,169,cat_4,169
9845,516,cat_0,516
9846,262,cat_1,262
9847,668,cat_2,668
9848,697,cat_3,697
9849,644,cat_4,644
9850,236,cat_0,236
9851,297,cat_1,297
9852,284,cat_2,284
9853,151,cat_3,151
9854,927,cat_4,927
9855,923,cat_0,923
9856,438,cat_1,438
9857,183,cat_2,183
9858,654,cat_3,654
9859,700,cat_4,700
9860,687,cat_0,687
9861,77,cat_1,77
9862,663,cat_2,663
9863,48,cat_3,48
9864,591,cat_4,591
9865,995,cat_0,995
9866,650,cat_1,650
9867,799,cat_2,799
9868,787,cat_3,787
9869,420,cat_4,420
9870,675,cat_0,675
9871,494,cat_1,494
9872,445,cat_2,445
9873,477,cat_3,477
9874,20,cat_4,20
9875,19,cat_0,19
9876,91,cat_1,91
9877,324,cat_2,324
9878,449,cat_3,449
9879,727,cat_4,727
9880,421,cat_0,421
9881,258,cat_1,258
9882,438,cat_2,438
9883,443,cat_3,443
9884,645,cat_4,645
9885,125,cat_0,125
9886,5,cat_1,5
9887,593,cat_2,593
9888,744,cat_3,744
9889,28,cat_4,28
9890,124,cat_0,124
9891,149,cat_1,149
9892,57,cat_2,57
9893,360,cat_3,360
9894,598,cat_4,598
9895,644,cat_0,644
9896,762,cat_1,762
9897,876,cat_2,876
9898,571,cat_3,571
9899,250,cat_4,250
9900,40,cat_0,40
9901,328,cat_1,328
9902,102,cat_2,102
9903,603,cat_3,603
9904,600,cat_4,600
9905,143,cat_0,143
9906,653,cat_1,653
9907,998,cat_2,998
9908,895,cat_3,895
9909,185,cat_4,185
9910,527,cat_0,527
9911,533,cat_1,533
9912,473,cat_2,473
9913,868,cat_3,868
9914,943,cat_4,943
9915,269,cat_0,269
9916,802,cat_1,802
9917,396,cat_2,396
9918,565,cat_3,565
9919,720,cat_4,720
9920,260,cat_0,260
9921,552,cat_1,552
9922,780,cat_2,780
9923,507,cat_3,507
9924,765,cat_4,765
9925,696,cat_0,696
9926,482,cat_1,482
9927,501,cat_2,501
9928,716,cat_3,716
9929,634,cat_4,634
9930,179,cat_0,179
9931,1,cat_1,1
9932,533,cat_2,533
9933,687,cat_3,687
9934,974,cat_4,974
9935,805,cat_0,805
9936,521,cat_1,521
9937,66,cat_2,66
9938,602,cat_3,602
9939,267,cat_4,267
9940,991,cat_0,991
9941,987,cat_1,987
9942,488,cat_2,488
9943,853,cat_3,853
9944,576,cat_4,576
9945,951,cat_0,951
9946,310,cat_1,310
9947,96,cat_2,96
9948,618,cat_3,618
9949,67,cat_4,67
9950,669,cat_0,669
9951,215,cat_1,215
9952,486,cat_2,486
9953,892,cat_3,892
9954,777,cat_4,777
9955,952,cat_0,952
9956,852,cat_1,852
9957,690,cat_2,690
9958,340,cat_3,340
9959,80,cat_4,80
9960,645,cat_0,645
9961,216,cat_1,216
9962,570,cat_2,570
9963,882,cat_3,882
9964,434,cat_4,434
9965,444,cat_0,444
9966,634,cat_1,634
9967,100,cat_2,100
9968,226,cat_3,226
9969,708,cat_4,708
9970,413,cat_0,413
9971,419,cat_1,419
9972,932,cat_2,932
9973,447,cat_3,447
9974,362,cat_4,362
9975,944,cat_0,944
9976,494,cat_1,494
9977,719,cat_2,719
9978,936,cat_3,936
9979,370,cat_4,370
9980,690,cat_0,690
9981,745,cat_1,745
9982,360,cat_2,360
9983,153,cat_3,153
9984,418,cat_4,418
9985,89,cat_0,89
9986,342,cat_1,342
9987,366,cat_2,366
9988,369,cat_3,369
9989,212,cat_4,212
9990,607,cat_0,607
9991,713,cat_1,713
9992,787,cat_2,787
9993,315,cat_3,315
9994,125,cat_4,125
9995,924,cat_0,924
9996,790,cat_1,790
9997,181,cat_2,181
9998,965,cat_3,965
9999,311,cat_4,311
10000,625,cat_0,625
