longitude,latitude,housing_median_age,total_rooms,total_bedrooms,population,households,median_income,ocean_proximity,median_house_value
-122.25,37.87,41,685,141,266,123,5.2289,NEAR BAY,384600
-122.25,37.81,39,854,242,389,228,3.125,NEAR BAY,237500
-122.26,38.02,5,3846,786,2053,716,5.0473,NEAR BAY,184800
-122.05,37.95,22,5175,1213,2804,1091,2.85,NEAR BAY,144600
-122.11,37.99,16,3913,710,1782,676,5.1297,NEAR BAY,206700
-122.27,37.73,31,5785,1379,2973,1312,3.2689,NEAR BAY,231000
-122.26,37.89,52,3078,494,1005,462,6.381,NEAR BAY,342200
-122.24,38.13,37,3223,564,1325,539,4.0938,NEAR BAY,126900
-122.16,37.76,36,2781,574,1438,519,2.4598,NEAR BAY,155500
-122.43,37.73,52,1029,205,461,212,5.0782,NEAR BAY,310800
-122.21,37.84,34,3038,490,1140,496,7.0548,NEAR BAY,325900
-122.23,37.85,52,2800,411,1061,403,6.3434,NEAR BAY,373600
-122.16,37.74,47,824,223,533,166,2.625,NEAR BAY,98200
-122.13,38.02,52,2378,508,940,451,2.9583,NEAR BAY,166000
-122.05,38,36,2476,472,1213,393,3.7333,NEAR BAY,136400
-122.07,37.41,26,1184,225,815,218,5.7657,NEAR BAY,322300
-122.24,37.82,52,3481,751,1444,718,3.9,NEAR BAY,275700
-122.04,37.61,36,1151,216,727,215,4.1719,NEAR BAY,187000
-122.23,38.13,29,5154,1084,2459,1019,3.2664,NEAR BAY,142900
-122.43,37.75,52,2155,468,962,490,3.775,NEAR BAY,325900
-122.11,38.01,41,1345,272,718,283,3.3831,NEAR BAY,129400
-122.41,37.71,49,1852,429,1615,447,3.495,NEAR BAY,217800
-122.3,37.97,34,2854,528,1211,452,3.5353,NEAR BAY,164700
-122.28,37.85,49,1130,244,607,239,2.4597,NEAR BAY,93800
-122.13,37.71,44,1421,298,609,270,3.5781,NEAR BAY,180000
-122.39,37.76,52,157,28,88,27,3.675,NEAR BAY,162500
-122.55,37.92,52,2303,350,859,359,6.1085,NEAR BAY,500001
-122.3,37.97,30,4030,772,1777,718,3.6393,NEAR BAY,184000
-122.16,37.72,10,2229,601,877,485,3.3431,NEAR BAY,137500
-122.04,37.53,25,4458,922,2998,890,3.9667,NEAR BAY,218500
-122.51,37.91,2,647,136,203,118,6.641,NEAR BAY,310000
-122.25,37.89,41,1125,195,356,181,6.1593,NEAR BAY,344000
-122.17,37.75,37,1379,287,835,259,2.4962,NEAR BAY,91800
-122.43,37.8,52,2520,649,959,607,5.7934,NEAR BAY,500001
-122.29,37.89,52,3171,698,1498,696,3.1795,NEAR BAY,218200
-122.3,38.27,4,1051,263,455,248,3.6389,NEAR BAY,130200
-122.54,37.89,33,4971,836,1907,795,6.1275,NEAR BAY,424400
-122.14,37.85,27,9147,1276,3371,1269,7.3267,NEAR BAY,389900
-122.24,37.8,47,2046,588,1213,554,2.6292,NEAR BAY,182700
-122.47,37.74,52,3688,640,1605,567,4.9537,NEAR BAY,365600
-122.09,37.35,30,1502,186,501,180,10.0259,NEAR BAY,500001
-122.22,37.82,42,2991,335,1018,335,13.499,NEAR BAY,500001
-122.43,37.8,52,2994,821,1240,779,3.3715,NEAR BAY,500000
-122.19,37.74,36,847,212,567,159,1.1765,NEAR BAY,87100
-122.17,38.07,15,2125,278,857,272,6.4599,NEAR BAY,219700
-122.34,37.95,45,1128,240,702,270,3.6719,NEAR BAY,134100
-122.35,38.3,18,3735,557,1504,521,5.6304,NEAR BAY,243100
-122.09,37.64,32,1578,284,836,292,3.9063,NEAR BAY,184200
-122.17,37.78,42,1524,260,651,267,3.6875,NEAR BAY,157300
-122.23,37.79,30,999,264,1011,263,1.8854,NEAR BAY,137500
-122.08,37.95,33,1043,157,425,148,4.8702,NEAR BAY,235600
-122.32,37.96,25,1728,403,934,412,3.375,NEAR BAY,133700
-122.19,37.73,45,1528,291,801,287,1.2625,NEAR BAY,84700
-122.05,38,16,1085,217,356,232,2.3462,NEAR BAY,75000
-122.28,37.89,52,2070,329,722,306,5.4171,NEAR BAY,292000
-122.47,37.75,45,2399,426,911,423,4.4312,NEAR BAY,361000
-122.41,37.8,52,2583,672,1335,613,3.1477,NEAR BAY,500001
-122.14,37.69,38,1571,317,874,301,4.4659,NEAR BAY,189100
-122.42,37.8,52,3067,870,2122,850,2.5603,NEAR BAY,287500
-122.33,38.33,15,3193,468,1303,426,5.3017,NEAR BAY,202600
-122.04,37.58,14,14917,2708,8012,2606,5.6277,NEAR BAY,269800
-122.22,37.88,20,95,13,31,15,2.4444,NEAR BAY,475000
-122.16,37.77,45,2324,397,968,384,3.5739,NEAR BAY,176000
-122.03,37.69,20,200,25,83,31,6.5,NEAR BAY,340000
-122.15,37.41,29,473,103,359,87,7.0309,NEAR BAY,475000
-122.04,37.95,29,866,138,341,133,4.7188,NEAR BAY,197100
-122.15,37.7,36,1468,252,733,229,3.4583,NEAR BAY,192600
-122.45,37.72,46,1406,235,771,239,4.7143,NEAR BAY,219300
-122.42,37.8,52,2657,772,1014,685,4.038,NEAR BAY,500001
-122.2,37.96,9,6306,962,2581,911,6.7741,NEAR BAY,310700
-122.45,38.3,24,1946,400,718,380,3.5507,NEAR BAY,257900
-122.13,38,33,2821,652,1206,640,2.5481,NEAR BAY,150800
-122.49,37.99,27,5470,755,1916,764,6.994,NEAR BAY,420800
-122.19,37.79,50,968,195,462,184,2.9844,NEAR BAY,179900
-122.06,37.94,19,4005,972,1896,893,2.5268,NEAR BAY,235700
-122.19,37.84,18,1617,210,533,194,11.6017,NEAR BAY,392600
-122.58,38.12,13,5027,871,1912,770,4.9286,NEAR BAY,309500
-122.44,37.76,38,2202,452,833,435,6.8939,NEAR BAY,455900
-122.18,37.91,31,7200,876,2428,843,10.9405,NEAR BAY,500001
-122.19,37.78,49,1183,205,496,209,5.2328,NEAR BAY,174200
-122.02,37.56,23,4332,857,2461,829,4.3594,NEAR BAY,223400
-122.54,38.14,16,4431,603,1659,630,7.5412,NEAR BAY,392100
-122.02,37.55,33,1325,274,909,267,4.5687,NEAR BAY,177200
-122.15,37.46,30,4198,1244,2678,1147,3.6712,NEAR BAY,308600
-122.44,37.78,52,2911,753,1696,676,2.5721,NEAR BAY,475000
-122.47,37.74,52,2055,265,735,252,8.1189,NEAR BAY,500001
-122.09,37.71,35,2663,387,1086,367,5.1498,NEAR BAY,266400
-122.14,37.84,24,2131,343,874,373,5.6349,NEAR BAY,355600
-122.03,37.92,23,3318,408,1124,393,6.5847,NEAR BAY,358800
-122.22,38.1,44,2256,451,1057,426,3.1204,NEAR BAY,110800
-122.12,37.85,18,5252,686,1870,657,8.0074,NEAR BAY,454100
-122.41,37.75,9,1282,334,1176,305,2.6538,NEAR BAY,206300
-122.43,37.77,52,1567,482,654,425,2.6914,NEAR BAY,366700
-122.33,38.21,33,2017,370,949,342,4.625,NEAR BAY,228600
-122.13,38.01,51,1262,309,608,298,2.1974,NEAR BAY,139300
-122.24,37.76,49,2428,525,1110,492,3.6719,NEAR BAY,229800
-122.11,37.4,16,1994,489,1173,472,4.1875,NEAR BAY,266400
-122.2,37.47,44,1927,332,846,362,4.2083,NEAR BAY,278200
-122.16,37.75,24,1790,454,1137,386,2.537,NEAR BAY,107900
-122.25,37.79,51,175,43,228,55,2.1,NEAR BAY,75000
-122.28,37.87,46,1777,446,805,431,2.8676,NEAR BAY,212000
-122.18,37.7,36,2639,533,1209,519,4.0268,NEAR BAY,205500
-122.14,37.71,27,3094,866,1364,789,2.6101,NEAR BAY,181700
-122.38,37.76,52,248,68,124,51,1.4886,NEAR BAY,450000
-122.2,37.78,52,2300,443,1225,423,3.5398,NEAR BAY,158400
-122.43,37.79,52,3522,938,1319,887,4.3986,NEAR BAY,500001
-122.44,37.79,52,1979,359,648,370,5.3124,NEAR BAY,500001
-122.46,37.78,52,2594,622,1421,593,3.0265,NEAR BAY,350000
-122.14,37.45,52,3841,537,1391,540,7.8647,NEAR BAY,500001
-122.07,37.89,38,757,124,319,123,5.6558,NEAR BAY,263300
-122.2,38.1,5,9567,1729,4620,1580,4.4821,NEAR BAY,210000
-122.27,37.82,43,1007,312,558,253,1.7348,NEAR BAY,137500
-122.29,37.87,46,1267,324,792,321,2.525,NEAR BAY,165900
-122.22,38.12,15,14125,2344,6456,2147,5.1014,NEAR BAY,179500
-122.17,37.87,38,1261,177,472,183,6.917,NEAR BAY,438000
-122.33,37.95,46,1543,339,777,322,4.0927,NEAR BAY,142600
-122.42,37.74,52,2019,418,999,448,4.2212,NEAR BAY,271300
-122.12,37.71,35,1037,207,552,210,4,NEAR BAY,167900
-122.47,37.75,51,2413,431,1095,437,4.0089,NEAR BAY,357000
-122.26,37.84,52,696,191,345,174,2.6736,NEAR BAY,191300
-122.12,37.81,26,4048,513,1486,498,7.6717,NEAR BAY,416500
-122.16,37.46,32,2663,661,1403,733,4.2667,NEAR BAY,410200
-122.13,37.68,43,1676,340,924,328,3.6,NEAR BAY,179400
-122.09,37.4,22,1489,436,662,470,3.5179,NEAR BAY,197200
-122.3,37.88,45,453,146,749,137,1.475,NEAR BAY,187500
-122.37,37.94,49,969,229,599,195,1.3167,NEAR BAY,71600
-122.42,37.79,52,2737,1241,1761,1029,1.8068,NEAR BAY,225000
-122.14,37.7,17,1463,292,695,330,4.5859,NEAR BAY,187200
-122.22,38.09,47,2161,440,966,360,2.2734,NEAR BAY,88700
-122.16,37.45,19,2207,810,1304,775,2.1406,NEAR BAY,402500
-122.24,37.85,52,1467,190,496,177,7.2574,NEAR BAY,352100
-122.46,37.98,10,1325,189,427,162,12.0933,NEAR BAY,500001
-122.27,37.54,15,2126,310,905,306,8.9083,NEAR BAY,500001
-122.28,37.8,38,684,176,344,155,2.0114,NEAR BAY,131300
-122.25,37.87,52,1204,460,2016,477,0.949,NEAR BAY,350000
-122.24,38.31,38,1938,301,823,285,6.1089,NEAR BAY,280800
-122.29,37.92,32,1736,234,602,231,6.516,NEAR BAY,401000
-122.04,37.96,20,1143,346,578,298,2.2411,NEAR BAY,151800
-122.2,37.79,44,1621,452,1354,491,2.619,NEAR BAY,134700
-122.01,37.95,8,3866,539,1555,513,6.0901,NEAR BAY,298200
-122.17,37.75,48,1751,390,935,349,1.4375,NEAR BAY,90000
-122.27,37.55,16,4789,816,1840,763,6.7474,NEAR BAY,338200
-122.16,37.79,22,12842,2048,4985,1967,5.9849,NEAR BAY,371000
-122.14,37.43,52,1383,227,551,249,6.5829,NEAR BAY,500001
-122.24,37.83,52,1757,246,585,227,5.8948,NEAR BAY,457800
-122.24,37.77,52,1711,386,885,373,3.6417,NEAR BAY,206300
-122.47,37.77,52,3143,635,1350,623,3.8571,NEAR BAY,366700
-122.24,38.15,10,6817,1188,4163,1135,4.4529,NEAR BAY,144100
-122.18,37.68,5,2087,407,840,401,5.4858,NEAR BAY,187800
-122.16,37.83,16,4596,705,1480,650,7.52,NEAR BAY,370200
-122.13,37.45,41,3233,540,1251,506,6.6354,NEAR BAY,500001
-122.39,37.76,52,2316,468,1047,476,4.5057,NEAR BAY,321600
-122.03,37.56,24,8444,1492,4446,1491,4.6978,NEAR BAY,240300
-122.22,38.1,44,3013,563,1353,512,3.4559,NEAR BAY,111900
-122.08,37.63,34,1619,293,1148,310,4.0326,NEAR BAY,164700
-122.29,37.92,36,1450,235,568,234,6,NEAR BAY,311400
-122.42,37.77,52,1925,568,867,515,2.879,NEAR BAY,450000
-122.41,37.79,52,3610,1286,1504,1047,3.2059,NEAR BAY,500001
-122.43,37.73,49,1435,322,1008,329,4,NEAR BAY,264000
-122.09,37.36,37,2269,325,930,321,7.5274,NEAR BAY,500001
-122.47,37.76,52,2941,783,1545,726,2.9899,NEAR BAY,406500
-122.25,37.86,52,4048,663,1316,590,5.3794,NEAR BAY,376900
-122.06,37.89,21,4985,1590,2575,1458,3.1002,NEAR BAY,114300
-122.12,37.99,33,1660,277,741,261,4.675,NEAR BAY,225400
-122.2,37.78,50,1867,403,1128,378,2.5401,NEAR BAY,129100
-122.49,37.89,23,1650,403,541,336,6.0238,NEAR BAY,500001
-122.27,37.81,40,880,451,582,380,0.977,NEAR BAY,118800
-122.14,38.05,27,3794,772,1756,724,3.2891,NEAR BAY,150600
-122.08,37.94,44,2185,357,943,366,4.725,NEAR BAY,232100
-122.28,37.84,52,729,160,395,155,1.6875,NEAR BAY,132000
-122.16,37.77,47,1256,,570,218,4.375,NEAR BAY,161900
-122.21,37.78,52,1477,300,1065,269,1.8472,NEAR BAY,137000
-122.05,37.94,22,4162,1194,1804,1185,2.5459,NEAR BAY,179300
-122.18,37.79,46,2109,387,922,329,3.9712,NEAR BAY,208100
-122.21,37.83,40,4991,674,1616,654,7.5544,NEAR BAY,411500
-122.55,37.97,52,2232,291,731,253,7.1155,NEAR BAY,500001
-122.09,37.38,34,1959,342,849,357,6.2884,NEAR BAY,414700
-122.03,37.97,45,1613,338,865,336,3.25,NEAR BAY,151100
-122.29,37.97,20,3426,632,1512,580,4.4911,NEAR BAY,227400
-122.26,37.55,17,4576,814,1941,807,5.9572,NEAR BAY,443800
-122.04,37.55,23,3170,532,1446,515,4.4357,NEAR BAY,291700
-122.28,37.77,27,3997,1073,1901,966,3.75,NEAR BAY,242800
-122.46,37.78,52,2632,542,1364,544,3.4605,NEAR BAY,441700
-122.02,37.94,19,3192,612,1317,594,4.125,NEAR BAY,267100
-122.46,37.78,52,2051,552,1400,510,3.2396,NEAR BAY,375000
-122.42,37.77,52,2185,656,1266,626,2.7794,NEAR BAY,350000
-122.1,37.63,18,9963,2031,5613,1946,3.8171,NEAR BAY,187200
-122.29,37.9,52,1604,263,594,286,5.338,NEAR BAY,270900
-122.29,37.88,50,1211,261,523,227,3.8672,NEAR BAY,216700
-122.39,37.73,46,1517,299,879,309,2.2222,NEAR BAY,195100
-122.3,38.33,15,4741,956,2043,856,4.1862,NEAR BAY,183600
-122.39,37.76,52,3390,691,1645,596,3.7051,NEAR BAY,253700
-122.43,37.76,52,2242,459,751,464,4.75,NEAR BAY,500001
-122.48,37.75,49,2203,407,1052,405,4.4375,NEAR BAY,329200
-122.21,37.8,39,2018,447,1221,446,3.0757,NEAR BAY,151000
-122.26,37.9,52,1927,279,705,288,7.8864,NEAR BAY,357300
-122.22,37.78,50,1776,473,1807,440,1.7276,NEAR BAY,102300
-122.45,37.77,52,3939,852,1737,797,4.5052,NEAR BAY,500001
-122.53,37.91,37,2524,398,999,417,7.9892,NEAR BAY,500001
-122.28,37.88,52,1909,416,811,406,3.006,NEAR BAY,227900
-122.07,37.92,26,3872,739,1629,684,4.4312,NEAR BAY,225000
-122.11,37.64,8,3592,849,1907,746,3.6708,NEAR BAY,197900
-122.41,37.71,28,5015,1240,3900,1029,1.2269,NEAR BAY,181900
-122.27,37.77,23,5679,1270,2690,1151,4.7695,NEAR BAY,291700
-122.07,37.67,28,2932,739,1198,624,3.2417,NEAR BAY,210800
-122.45,37.72,47,1773,345,1083,315,4.475,NEAR BAY,221200
-122.08,37.9,32,1075,170,486,173,5.0499,NEAR BAY,306800
-122.18,37.77,51,2107,471,1173,438,3.2552,NEAR BAY,120100
-122.42,37.72,37,2638,546,1789,521,4.0071,NEAR BAY,244700
-122.23,38.15,33,1253,238,753,236,1.756,NEAR BAY,86400
-122.29,37.89,52,2178,421,940,423,5.0551,NEAR BAY,232200
-122.22,37.79,37,2343,574,1608,523,2.1494,NEAR BAY,132500
-122.22,38.07,4,15654,2394,7025,2168,5.8171,NEAR BAY,225200
-122.29,37.83,52,1121,211,554,187,3.3929,NEAR BAY,75700
-122.16,37.74,52,771,147,355,144,4.1458,NEAR BAY,143400
-122.02,37.98,40,1797,401,756,369,2.8456,NEAR BAY,165500
-122.15,37.69,39,1670,308,957,335,5.1312,NEAR BAY,183600
-122.42,37.77,52,759,323,421,255,2.0548,NEAR BAY,162500
-122.26,37.55,17,1321,425,683,408,4.7045,NEAR BAY,500001
-122.4,37.75,26,54,9,23,9,6.1359,NEAR BAY,225000
-122.03,37.55,22,9167,1373,4319,1404,6.992,NEAR BAY,284800
-117.96,33.76,22,2520,556,2126,527,3.7734,<1H OCEAN,193900
-118.23,34.1,41,1353,379,1536,416,2.1687,<1H OCEAN,157000
-117.89,34.11,27,2434,535,1623,498,3.6875,<1H OCEAN,140200
-117.88,33.78,26,3141,670,1572,724,3.3472,<1H OCEAN,237400
-121.99,37.55,28,2414,415,1106,453,4.8403,<1H OCEAN,268600
-117.97,33.84,35,793,128,589,137,5.25,<1H OCEAN,190200
-118.15,33.85,36,1435,249,606,234,4.1439,<1H OCEAN,212600
-117.06,33.13,12,8742,2114,4854,1957,2.8015,<1H OCEAN,143500
-118.35,33.9,13,2887,853,2197,800,2.8777,<1H OCEAN,207900
-117.25,33.7,10,5156,941,2294,747,3.58,<1H OCEAN,113400
-118.74,34.26,27,3467,545,1798,493,4.8717,<1H OCEAN,204100
-121.76,37.33,5,4153,719,2435,697,5.6306,<1H OCEAN,286200
-118.25,34.13,36,2946,1025,2542,912,2.2244,<1H OCEAN,255900
-118.12,34.1,49,2057,430,1103,414,4.0556,<1H OCEAN,282600
-118.31,33.84,52,1819,464,1068,424,3.625,<1H OCEAN,270700
-118.17,34.02,34,760,219,968,202,1.7813,<1H OCEAN,145000
-118.21,34.09,34,1660,412,1678,382,2.7708,<1H OCEAN,148200
-123.02,38.54,35,2157,487,768,322,3.2315,<1H OCEAN,136900
-118.27,34.13,46,1613,396,966,416,2.9392,<1H OCEAN,230300
-118.56,34.41,4,17313,3224,6902,2707,5.6798,<1H OCEAN,320900
-118.2,34.11,52,678,173,791,186,4.0625,<1H OCEAN,171300
-118.51,34.16,23,11154,1995,4076,1809,5.4609,<1H OCEAN,500001
-121.93,37.32,52,1460,492,1165,455,2.5833,<1H OCEAN,167500
-121.98,37.29,31,2750,664,1459,660,3.2287,<1H OCEAN,264900
-122.69,38.3,30,3919,743,1693,693,3.3827,<1H OCEAN,292100
-118.34,34.19,43,1029,252,613,255,2.6827,<1H OCEAN,219900
-118.2,34.12,52,1580,426,1462,406,3.3326,<1H OCEAN,167600
-122.01,37.27,28,3825,473,1415,480,10.675,<1H OCEAN,500001
-118.22,34.05,44,1105,346,1598,372,1.2,<1H OCEAN,115600
-118.13,34.15,9,2099,625,1252,554,3.1875,<1H OCEAN,173100
-118.29,34.08,34,479,182,557,170,1.525,<1H OCEAN,210000
-118.31,34.08,31,2275,823,2189,720,1.7542,<1H OCEAN,287500
-118.26,33.92,42,3320,682,2105,632,1.9809,<1H OCEAN,104600
-117.99,33.71,19,1967,487,1251,404,3.6696,<1H OCEAN,218800
-118.26,33.94,44,1103,265,760,247,1.6887,<1H OCEAN,99600
-118.1,33.93,33,1474,325,1205,335,3.1397,<1H OCEAN,166800
-118.45,34.16,33,2544,500,1035,492,4.475,<1H OCEAN,314800
-118.26,34.04,6,1529,566,1051,473,2.462,<1H OCEAN,162500
-118.01,33.84,29,3740,691,1724,638,3.9628,<1H OCEAN,215600
-121.75,37.11,18,3167,,1414,482,6.8773,<1H OCEAN,467700
-123.81,39.34,17,1981,371,773,325,3.1563,<1H OCEAN,277000
-118.08,33.86,26,778,173,539,186,3.2679,<1H OCEAN,236500
-118.03,33.96,37,1745,365,1022,368,4.0536,<1H OCEAN,171400
-122.6,38.11,23,8642,1294,3594,1253,5.3962,<1H OCEAN,301500
-118.2,33.91,43,1381,278,1494,298,3.5878,<1H OCEAN,118400
-118.13,33.85,36,2110,416,1128,403,4.6019,<1H OCEAN,208400
-117.96,33.82,19,1199,251,730,276,3.6422,<1H OCEAN,209400
-118.41,34.03,36,3053,635,1234,577,5.1637,<1H OCEAN,500001
-118.36,34.09,33,3463,1170,1845,1134,2.0205,<1H OCEAN,243800
-117.05,33.13,17,2385,372,1118,369,4.2813,<1H OCEAN,169900
-123.2,39.23,26,786,168,494,161,2.3583,<1H OCEAN,105400
-118.24,34.08,52,109,20,86,24,4.9844,<1H OCEAN,187500
-122.74,38.83,12,4515,909,1554,528,3.3531,<1H OCEAN,90800
-116.86,33.02,17,401,68,251,69,4.6518,<1H OCEAN,170200
-118.31,34.02,23,1703,397,1333,361,1.3187,<1H OCEAN,127100
-118.26,34.08,45,2174,627,1992,557,2.5428,<1H OCEAN,167800
-122.79,38.5,18,4839,918,2755,841,3.75,<1H OCEAN,248300
-118.12,34.02,32,1789,528,1429,517,1.8906,<1H OCEAN,224500
-122,37.23,36,3191,430,1234,440,9.0704,<1H OCEAN,500001
-118.39,34.03,19,1450,509,746,437,3.1415,<1H OCEAN,55000
-117.72,33.49,4,3623,734,1129,530,5.7281,<1H OCEAN,500001
-118.29,34.08,38,380,130,445,140,1.9286,<1H OCEAN,137500
-118.27,33.84,24,6303,1277,3728,1252,3.9227,<1H OCEAN,208600
-117.94,33.64,18,1867,426,871,399,2.6221,<1H OCEAN,272000
-118.33,33.89,39,1880,361,982,357,4.1953,<1H OCEAN,226900
-118.36,34.19,46,1676,322,846,295,5.1814,<1H OCEAN,209500
-116.91,32.81,22,4331,637,1952,654,5.4834,<1H OCEAN,232000
-122.79,38.54,5,3986,737,1887,687,3.7768,<1H OCEAN,213800
-118.39,34.06,39,3299,831,1649,759,3.3295,<1H OCEAN,500001
-122.61,38.26,17,2864,487,1482,547,4.6833,<1H OCEAN,215200
-124.05,40.59,32,1878,340,937,353,3.4408,<1H OCEAN,95200
-118.77,34.28,6,4685,965,2180,909,4.5458,<1H OCEAN,208200
-118.32,33.79,21,6638,1634,3240,1568,3.6797,<1H OCEAN,271100
-118.27,34,46,1748,428,1707,409,2.148,<1H OCEAN,103800
-118.44,34.02,39,3278,632,1321,617,6.2917,<1H OCEAN,465700
-118.18,33.87,44,2137,461,1126,439,3.4408,<1H OCEAN,172900
-118.31,33.96,43,2118,569,1266,500,1.747,<1H OCEAN,121000
-118.28,34.01,52,795,308,1118,275,1.2175,<1H OCEAN,131300
-118.64,34.25,47,1315,290,581,268,5.4024,<1H OCEAN,253000
-118.3,34.19,52,2962,468,1364,466,4.9042,<1H OCEAN,343500
-118.12,33.79,41,1762,314,738,300,4.1687,<1H OCEAN,240700
-118.32,33.91,35,940,197,640,215,4.2,<1H OCEAN,181300
-117.99,33.92,27,5805,1152,3106,1144,4.061,<1H OCEAN,222700
-117.81,33.79,25,5950,1155,4528,1064,4.2564,<1H OCEAN,204600
-118.02,33.96,36,2002,361,913,311,4.5446,<1H OCEAN,244700
-118.2,33.87,26,703,202,757,212,2.525,<1H OCEAN,155500
-121.93,37.22,21,4872,594,1811,560,9.3834,<1H OCEAN,500001
-121.83,37.34,21,6404,1232,6047,1235,4.2098,<1H OCEAN,193400
-118.1,33.91,36,726,,490,130,3.6389,<1H OCEAN,167600
-118.54,34.15,26,10111,1295,3599,1257,10.2292,<1H OCEAN,500001
-118.36,34.05,47,1424,300,632,278,4.0625,<1H OCEAN,295200
-117.39,33.69,5,6529,997,3464,1006,5.3275,<1H OCEAN,168700
-118.36,33.97,18,1284,283,990,289,4.0179,<1H OCEAN,195800
-118.58,34.21,27,2209,353,1034,344,4.7125,<1H OCEAN,250900
-121.93,37.72,26,2806,459,1453,444,4.9107,<1H OCEAN,213800
-117.95,33.87,34,1599,296,938,307,4.285,<1H OCEAN,184900
-118.41,34.04,52,2113,332,800,327,11.1768,<1H OCEAN,500001
-118.12,33.86,44,2663,511,1277,462,4.3194,<1H OCEAN,199500
-117.86,33.99,10,17820,2812,8686,2666,6.3875,<1H OCEAN,310700
-116.93,32.87,17,3722,670,1561,604,3.6027,<1H OCEAN,211900
-118.87,34.2,26,1924,245,775,244,7.001,<1H OCEAN,286800
-117.13,32.93,16,2918,444,1697,444,5.3062,<1H OCEAN,195500
-118.28,34.25,35,2045,450,1166,407,3.5214,<1H OCEAN,197600
-118.38,34.02,31,1893,450,819,426,4.3077,<1H OCEAN,140600
-118.21,34.07,31,1453,404,1486,389,2.3859,<1H OCEAN,153100
-118.22,34.19,36,959,204,446,210,3.215,<1H OCEAN,331300
-119.06,34.37,32,3885,759,2504,736,3.6453,<1H OCEAN,201700
-118.45,34.2,19,3666,1150,2657,1090,2.9688,<1H OCEAN,202100
-117.93,33.62,37,2204,428,807,410,7.0516,<1H OCEAN,500001
-118.83,34.18,23,5647,786,2050,738,6.3586,<1H OCEAN,348300
-118.23,34.21,32,1464,406,693,380,2.5463,<1H OCEAN,200000
-117.04,32.79,23,2491,350,863,348,6.7196,<1H OCEAN,306800
-118.44,34.06,9,5102,1695,2609,1450,3.2545,<1H OCEAN,500001
-118.51,34.2,34,2871,581,1350,535,3.7049,<1H OCEAN,227500
-118.4,34.01,44,1494,262,618,266,5.4035,<1H OCEAN,356300
-117.81,33.64,4,1741,225,811,233,12.3411,<1H OCEAN,500001
-118.46,34.16,26,2548,647,1098,540,4.3839,<1H OCEAN,299100
-117.8,33.67,4,3345,552,1525,539,6.7962,<1H OCEAN,329100
-118,33.94,37,903,158,444,158,3.75,<1H OCEAN,174400
-118.14,33.94,31,2841,774,1612,708,2.9205,<1H OCEAN,196600
-118.25,34.01,43,1429,386,1412,354,1.3287,<1H OCEAN,107200
-117.77,33.71,15,2102,295,1060,303,7.3141,<1H OCEAN,337100
-117.98,33.69,22,3957,520,1774,527,7.0907,<1H OCEAN,350200
-118.25,34.14,25,5980,1856,5217,1772,2.506,<1H OCEAN,184500
-118.24,33.92,40,1772,369,1122,324,3.2768,<1H OCEAN,96100
-117.84,34.04,4,9959,1544,4904,1429,6.9754,<1H OCEAN,402500
-117.96,33.99,25,1348,210,660,200,5.2852,<1H OCEAN,297600
-118.02,33.75,26,2989,479,1596,475,5.7157,<1H OCEAN,231200
-118.45,34.24,7,3299,794,2343,647,3.0865,<1H OCEAN,205900
-118.04,34.07,39,2451,649,2536,648,2.3098,<1H OCEAN,173100
-117.95,33.89,17,1665,247,755,254,6.5764,<1H OCEAN,349000
-118.09,33.77,26,5359,1508,1829,1393,1.7675,<1H OCEAN,61300
-118.12,33.95,36,2752,459,1211,452,5.0526,<1H OCEAN,269800
-118.11,33.84,37,1588,272,692,245,4.8594,<1H OCEAN,220300
-118.34,34.16,25,6082,1763,2616,1644,3.6486,<1H OCEAN,246900
-118.31,34,52,2709,642,1751,613,2.1116,<1H OCEAN,122500
-117.83,33.83,23,2775,547,1226,510,3.6707,<1H OCEAN,231400
-118.44,34.18,35,972,270,550,256,2.2461,<1H OCEAN,215000
-120.42,34.96,19,2298,511,1246,513,2.212,<1H OCEAN,132000
-118.22,33.98,34,2225,753,2980,736,1.6685,<1H OCEAN,128800
-118.01,33.95,35,1755,322,774,290,5.0861,<1H OCEAN,296700
-120.66,35.13,41,2666,751,940,507,1.9653,<1H OCEAN,236100
-117.68,33.59,12,3473,466,1569,450,8.8636,<1H OCEAN,314000
-118.48,34.02,22,1249,483,1106,481,2.5261,<1H OCEAN,375000
-118.23,33.97,47,932,295,1226,264,1.6065,<1H OCEAN,111400
-118.2,33.99,33,1134,375,1615,354,2.1468,<1H OCEAN,141700
-118.48,34.23,35,1963,310,919,297,4.7583,<1H OCEAN,258600
-118.07,34.09,33,2178,445,1153,400,3.6083,<1H OCEAN,212000
-117.96,33.79,29,1813,501,1170,482,2.0677,<1H OCEAN,214500
-117.95,33.93,37,2633,630,1904,630,2.6123,<1H OCEAN,161300
-118.34,33.93,37,1638,407,1341,369,3.0677,<1H OCEAN,167700
-118.39,34.1,30,6310,957,1776,880,8.944,<1H OCEAN,500001
-118.36,33.92,46,1231,231,793,256,4.1023,<1H OCEAN,226800
-117.68,33.55,5,2262,427,1016,402,6.065,<1H OCEAN,315500
-122.03,37.31,25,2131,410,1132,395,5.3508,<1H OCEAN,409100
-117.95,33.78,9,3553,1035,2017,986,2.9726,<1H OCEAN,133800
-122.68,38.46,15,1811,406,718,403,2.3929,<1H OCEAN,141300
-117.92,33.92,19,2181,400,1272,337,5.1952,<1H OCEAN,302100
-118.39,34.23,43,1193,299,1184,320,2.1518,<1H OCEAN,161600
-118.31,33.95,44,2490,430,1305,411,4.8295,<1H OCEAN,149600
-118.08,33.85,22,1055,204,682,216,6,<1H OCEAN,191300
-118.05,34.08,25,4909,1422,4983,1293,2.7254,<1H OCEAN,143500
-118.16,33.85,36,1979,339,952,339,4.0815,<1H OCEAN,216200
-118.45,34.19,11,2479,900,2466,855,2.2264,<1H OCEAN,181300
-118.31,33.99,44,1703,358,789,249,1.7083,<1H OCEAN,100000
-117.01,32.79,31,3776,815,1886,799,3.4421,<1H OCEAN,155300
-117.66,33.62,16,5175,799,2717,813,6.1493,<1H OCEAN,257800
-118.55,34.39,16,8726,1317,3789,1279,6.8419,<1H OCEAN,323300
-116.9,32.79,21,3770,491,1410,446,6.7685,<1H OCEAN,294700
-122,37.34,27,1716,290,817,301,5.9158,<1H OCEAN,343100
-118.31,33.96,48,2015,356,1020,338,4.0625,<1H OCEAN,138700
-117.89,33.78,16,6352,1747,5085,1649,2.8835,<1H OCEAN,193800
-118.13,34.09,21,3862,1186,2773,1102,2.7816,<1H OCEAN,188200
-118.12,33.91,36,2053,386,1023,394,3,<1H OCEAN,216600
-118.62,34.22,33,1636,275,866,289,5.6356,<1H OCEAN,241300
-116.83,32.83,6,3123,495,1513,480,5.4288,<1H OCEAN,167800
-121.97,37.54,28,2312,496,1344,467,4.7135,<1H OCEAN,203200
-121.82,37.26,10,3030,574,1623,589,5.1356,<1H OCEAN,218700
-122.76,38.46,14,4742,756,2149,732,4.5152,<1H OCEAN,199200
-118.1,34.07,36,1240,349,1383,338,2.4931,<1H OCEAN,170300
-117.81,33.63,17,4477,610,1798,612,8.1093,<1H OCEAN,410400
-116.99,32.74,17,3101,547,1410,486,3.1771,<1H OCEAN,189900
-118.37,34.08,52,1234,223,543,213,6.0338,<1H OCEAN,423700
-117.9,33.92,27,698,116,391,126,5.9177,<1H OCEAN,267600
-122.59,38.13,20,1589,231,601,224,5.3755,<1H OCEAN,290900
-118.49,34.07,36,2929,366,1054,352,13.5728,<1H OCEAN,500001
-118.37,34.09,38,1349,344,547,309,3.2159,<1H OCEAN,383300
-122.02,37.24,28,2796,365,1085,363,10.6834,<1H OCEAN,500001
-118.42,34.01,42,1700,438,997,436,2.9213,<1H OCEAN,305000
-117.98,33.68,24,4177,,1704,606,6.2473,<1H OCEAN,281900
-121.84,36.61,15,2190,586,1570,510,1.875,<1H OCEAN,122300
-117.9,33.77,35,2002,378,1726,387,3.9613,<1H OCEAN,182300
-118.37,33.85,34,2415,404,1278,414,6.1599,<1H OCEAN,341200
-118.79,34.27,27,1146,189,595,197,4.5833,<1H OCEAN,198500
-118.46,34.07,43,2511,456,808,407,6.7703,<1H OCEAN,500001
-118.15,34.08,44,1053,251,941,256,3.125,<1H OCEAN,205600
-117.99,33.85,34,1948,306,957,304,4.9777,<1H OCEAN,212600
-117.89,33.77,35,1799,343,1239,368,3.9219,<1H OCEAN,189600
-117.93,34.04,23,6361,1168,4580,1109,4.9342,<1H OCEAN,181000
-118.38,34.08,48,1226,288,370,264,3.9375,<1H OCEAN,450000
-117.94,33.71,18,3695,602,1779,572,5.9449,<1H OCEAN,276500
-119.03,34.24,25,3655,545,1776,544,5.687,<1H OCEAN,238100
-122,37.58,6,4405,717,2071,688,5.8151,<1H OCEAN,295600
-118.49,34.03,31,4949,1293,1985,1244,4.252,<1H OCEAN,436700
-118.41,33.93,38,3328,625,1455,619,5.0596,<1H OCEAN,363900
-118.01,33.92,35,1606,289,829,273,5.273,<1H OCEAN,187600
-117.05,32.8,16,1561,378,574,350,3.0035,<1H OCEAN,94600
-121.7,36.6,19,3562,530,1607,505,5.0162,<1H OCEAN,283100
-119.73,34.45,44,2261,328,763,294,6.7449,<1H OCEAN,415600
-116.94,32.87,24,2824,441,1480,471,5.2614,<1H OCEAN,177200
-117.04,33.01,28,922,107,314,97,8.4721,<1H OCEAN,342300
-118.14,34.03,45,1569,359,1203,359,2.4612,<1H OCEAN,180500
-122.03,37.34,25,5404,906,2338,883,6.0577,<1H OCEAN,451800
-121.9,37.34,52,241,69,385,64,2.619,<1H OCEAN,212500
-117.91,34.07,36,1390,270,887,266,5.0897,<1H OCEAN,189000
-118.33,34.07,52,1482,171,531,161,15.0001,<1H OCEAN,500001
-118.3,33.88,29,850,229,563,204,3.7375,<1H OCEAN,247700
-122.05,37.38,23,3200,907,2029,866,3.5649,<1H OCEAN,450000
-117.9,33.88,35,2062,353,991,357,5.2897,<1H OCEAN,230400
-118.34,34.05,39,975,292,723,285,2.2725,<1H OCEAN,140600
-118.25,33.93,27,581,135,647,131,3.2917,<1H OCEAN,83100
-118.36,33.99,45,2005,368,909,364,4.6406,<1H OCEAN,268900
-118.17,33.97,33,2410,641,2106,593,2.2422,<1H OCEAN,168200
-117.95,33.95,29,4943,674,1913,641,6.8189,<1H OCEAN,379300
-118.26,34.24,35,1666,280,788,273,6.6277,<1H OCEAN,344400
-118.43,34.25,32,2433,553,2318,532,3.6384,<1H OCEAN,159300
-118.58,34.18,28,908,142,368,143,5.6159,<1H OCEAN,340500
-118.22,33.84,35,1131,273,1007,269,4.0219,<1H OCEAN,168300
-121.87,37.35,37,1566,375,1223,346,3.2793,<1H OCEAN,174500
-118.25,34.09,52,2050,429,957,418,3.5603,<1H OCEAN,210000
-117.1,33.14,7,10665,2576,4917,2424,2.3171,<1H OCEAN,159500
-118,33.76,12,1250,331,1047,334,3.0625,<1H OCEAN,208800
-118.12,34.08,49,1782,374,1010,367,3.1583,<1H OCEAN,268200
-117.82,33.81,25,2662,402,1247,401,5.4395,<1H OCEAN,244000
-121.89,37.45,15,2428,513,1687,519,4.75,<1H OCEAN,254400
-117.92,33.78,35,1654,323,1065,354,3.4837,<1H OCEAN,186500
-118.27,33.81,10,1881,571,1769,553,3.9286,<1H OCEAN,114000
-118.25,34.23,41,1979,496,1157,459,4.4083,<1H OCEAN,217700
-121.96,37.81,12,6488,778,2404,765,8.3188,<1H OCEAN,403400
-118.28,34.01,34,2305,775,2450,740,1.7143,<1H OCEAN,132000
-117.18,33.51,13,270,42,120,42,6.993,<1H OCEAN,500001
-118.14,34.01,42,1007,277,1060,268,3.0179,<1H OCEAN,153700
-117.99,34,26,2988,397,1371,415,6.6988,<1H OCEAN,382500
-121.89,37.23,16,3574,466,1503,487,8.1988,<1H OCEAN,355900
-119.7,34.43,52,977,289,412,272,2.125,<1H OCEAN,300000
-118.48,34.16,32,2108,309,769,274,8.7172,<1H OCEAN,500001
-118.75,34.33,27,534,85,243,77,8.2787,<1H OCEAN,330000
-118.14,33.92,31,3731,853,2313,801,3.2237,<1H OCEAN,218200
-118.29,33.94,47,1782,338,1003,329,2.5398,<1H OCEAN,105700
-117.08,33.11,28,2094,585,1556,563,2.2,<1H OCEAN,127700
-118.44,34.03,25,2059,659,1349,588,3.2396,<1H OCEAN,352400
-119.7,34.47,32,3725,569,1304,527,7.7261,<1H OCEAN,500001
-122.73,38.34,44,743,155,434,162,2.5819,<1H OCEAN,209600
-123.2,39.16,14,1908,484,1195,467,1.7929,<1H OCEAN,82300
-117.04,32.97,13,6711,1256,3683,1220,4.5746,<1H OCEAN,175700
-121.94,37.24,35,1484,244,664,238,4.675,<1H OCEAN,245300
-117.13,32.91,15,1450,266,747,290,3.6111,<1H OCEAN,196300
-118.96,34.23,14,15207,2924,6301,2829,3.9699,<1H OCEAN,217000
-117.1,33,5,15502,2613,7417,2358,5.9094,<1H OCEAN,261100
-118.34,34.15,16,1586,377,625,344,4.0893,<1H OCEAN,450000
-121.88,37.34,52,1390,365,921,352,2.1442,<1H OCEAN,188900
-117.24,33.22,20,1962,334,1173,349,4.1316,<1H OCEAN,162500
-118.08,33.85,19,4261,678,2621,661,6.2427,<1H OCEAN,288700
-118.12,33.96,36,1426,235,698,240,4.8523,<1H OCEAN,267300
-118.37,33.95,32,1067,286,1053,277,2.8438,<1H OCEAN,181700
-121.82,37.24,20,3671,567,1944,589,6.0538,<1H OCEAN,241000
-121.83,37.29,20,1649,408,1729,362,3.3833,<1H OCEAN,115200
-118.2,33.9,34,1552,444,2093,413,2.2125,<1H OCEAN,103200
-118.34,33.95,33,1923,459,1412,361,5.4359,<1H OCEAN,194100
-117.01,32.85,23,2592,414,1401,431,5.4903,<1H OCEAN,151400
-118.2,34.05,8,762,204,728,174,2.4886,<1H OCEAN,137500
-118.36,33.89,37,1719,426,1266,424,3.375,<1H OCEAN,228000
-118.23,33.93,37,239,49,308,52,1.4028,<1H OCEAN,105400
-118.11,33.8,36,1680,291,744,280,4.66,<1H OCEAN,244800
-117.89,33.88,27,2091,336,1037,332,5.7519,<1H OCEAN,243400
-121.65,36.67,28,1926,556,1717,535,1.9385,<1H OCEAN,123200
-122.73,38.37,40,1389,309,841,288,3.1094,<1H OCEAN,183300
-118.21,34.03,47,876,228,872,231,2.2656,<1H OCEAN,145000
-118.46,33.99,35,1214,300,478,265,4.0156,<1H OCEAN,500001
-118.28,34.18,47,2243,339,911,319,7.4046,<1H OCEAN,446800
-118.19,33.94,45,1871,371,1315,382,3.3661,<1H OCEAN,160800
-117.84,33.79,34,2590,603,1658,608,2.378,<1H OCEAN,199600
-118.24,34.15,17,5282,1605,4116,1574,3.052,<1H OCEAN,209800
-118.15,34.03,44,603,207,588,218,2.0536,<1H OCEAN,186400
-118.31,34.1,33,766,347,918,305,1.705,<1H OCEAN,350000
-118.03,33.79,26,5321,889,2932,896,5.8914,<1H OCEAN,237600
-117.97,33.65,26,2379,336,988,346,5.3674,<1H OCEAN,339300
-117.89,33.9,23,1533,226,693,230,7.898,<1H OCEAN,258200
-122.88,38.46,25,1563,314,737,305,2.5687,<1H OCEAN,249200
-119.67,34.38,28,1814,526,849,420,3.1625,<1H OCEAN,364300
-118.09,33.79,31,4231,617,1694,623,6.6312,<1H OCEAN,360100
-118.31,34.13,40,2822,443,907,414,7.2692,<1H OCEAN,498700
-118.08,33.96,35,2104,399,1659,387,4.0096,<1H OCEAN,165000
-118.01,33.84,28,4097,838,2112,803,4.5,<1H OCEAN,202100
-117.95,33.85,13,6963,1426,3892,1375,4.1325,<1H OCEAN,203500
-118.52,34.26,21,8850,2139,4717,1979,3.7816,<1H OCEAN,254200
-117.81,33.75,23,3498,636,1574,642,5.021,<1H OCEAN,252200
-121.93,37.32,51,2711,728,1607,724,3,<1H OCEAN,184700
-121.94,37.76,4,6875,1439,2889,1307,4.6932,<1H OCEAN,356100
-117.71,33.52,17,2486,417,876,361,6.1007,<1H OCEAN,340900
-118.34,33.8,33,2194,469,987,397,5.0951,<1H OCEAN,318900
-117.94,33.84,28,604,207,615,212,3.6214,<1H OCEAN,182100
-118.04,33.85,18,3628,546,1922,544,7.5057,<1H OCEAN,328500
-122.81,38.46,28,3580,611,1634,567,4.745,<1H OCEAN,248600
-119.09,34.35,20,4725,881,2823,869,4.0122,<1H OCEAN,214800
-118.21,33.99,39,47,16,51,23,3.2188,<1H OCEAN,112500
-121.81,37.35,29,2396,452,2000,481,4.375,<1H OCEAN,185500
-118.12,34.01,33,1956,478,1472,464,1.9867,<1H OCEAN,166300
-118.3,33.94,36,2041,531,1390,464,2.0114,<1H OCEAN,99300
-116.94,32.78,17,13559,2656,6990,2533,3.434,<1H OCEAN,193200
-121.8,37.34,20,2686,414,1507,405,5.8068,<1H OCEAN,263900
-118.36,34.21,41,337,65,198,50,1.8929,<1H OCEAN,152900
-117.91,33.85,22,1178,289,865,294,3.025,<1H OCEAN,180000
-117.93,33.87,45,1006,230,1237,237,3.3472,<1H OCEAN,168000
-117.95,33.68,26,2249,344,1311,373,5.0287,<1H OCEAN,265000
-117.9,34.13,5,1126,316,819,311,1.5,<1H OCEAN,139800
-119.61,34.43,16,2665,391,794,311,9.0267,<1H OCEAN,500001
-118.44,34.05,15,5368,1312,2269,1232,5.7097,<1H OCEAN,316700
-122.66,38.46,14,2364,631,1300,625,2.6023,<1H OCEAN,221100
-118.41,34.21,35,2215,459,1594,446,4.0167,<1H OCEAN,193200
-117.92,33.82,10,1548,506,1535,424,4.5057,<1H OCEAN,152400
-118.4,34.23,37,1404,266,889,274,4.0049,<1H OCEAN,190000
-118.27,34.05,25,1316,836,2796,784,1.7866,<1H OCEAN,325000
-117.13,32.96,15,2267,292,1180,289,6.712,<1H OCEAN,240200
-118.44,34,44,1798,353,835,314,4.75,<1H OCEAN,355800
-120.61,35.1,17,2799,637,2015,592,3.0536,<1H OCEAN,143600
-118.18,34.2,44,1473,250,668,239,8.72,<1H OCEAN,415900
-118.49,34.16,37,3333,488,1171,485,6.4958,<1H OCEAN,500001
-118.07,33.89,32,1819,386,1679,360,3.5562,<1H OCEAN,146000
-122.59,38.58,18,3753,752,1454,668,3.7585,<1H OCEAN,185700
-118.01,33.91,32,2722,571,2541,462,4.2305,<1H OCEAN,221400
-117.07,33.13,33,555,165,612,176,2.1786,<1H OCEAN,137500
-121.8,36.68,18,8581,1957,6071,1889,3,<1H OCEAN,162200
-117.86,33.88,19,1621,328,871,322,3.7361,<1H OCEAN,201400
-118.35,33.94,42,1028,278,1369,261,3.3125,<1H OCEAN,144600
-117.99,33.86,20,2303,612,1607,564,2.9,<1H OCEAN,176100
-118.06,33.91,21,2863,701,1489,621,3.2031,<1H OCEAN,180700
-118.25,34.06,12,4011,1438,1673,1088,5.3081,<1H OCEAN,287500
-120.43,34.98,21,2725,514,1466,488,3.6639,<1H OCEAN,128600
-118.55,34.26,21,4018,536,1508,529,8.203,<1H OCEAN,445400
-122.76,38.44,11,2895,524,1633,534,4.7283,<1H OCEAN,170200
-118.48,34.14,31,9320,1143,2980,1109,10.3599,<1H OCEAN,500001
-117.68,33.48,15,1786,299,727,293,5.0527,<1H OCEAN,231400
-118.18,33.99,38,1010,315,1157,301,1.6341,<1H OCEAN,161800
-118.3,34.08,34,1562,651,1774,559,1.5685,<1H OCEAN,225000
-118.51,34.22,36,2794,523,1334,472,4.3462,<1H OCEAN,222100
-118.42,34.18,31,2887,646,1626,637,3.6745,<1H OCEAN,335500
-118.12,33.97,35,708,145,471,153,3.2,<1H OCEAN,197400
-117.98,33.94,36,4297,717,2038,700,5.2851,<1H OCEAN,258800
-118.64,34.22,25,2762,410,1166,439,6.8643,<1H OCEAN,333700
-118.26,34.15,6,3340,945,2315,846,2.8884,<1H OCEAN,252300
-118.19,33.92,35,915,241,1153,252,3.305,<1H OCEAN,115800
-118.46,34.05,21,3639,1002,1489,983,4.6197,<1H OCEAN,387500
-121.93,37.33,44,1449,291,676,282,3.575,<1H OCEAN,292200
-118.28,33.97,31,2017,566,2063,521,1.9219,<1H OCEAN,107000
-118.16,34.02,35,1734,493,2053,508,2.1442,<1H OCEAN,149200
-119.74,34.45,29,2526,388,1092,409,6.0597,<1H OCEAN,383100
-118.16,33.89,6,1655,536,1201,487,1.7344,<1H OCEAN,145800
-117.92,33.61,18,1538,425,425,288,5.3369,<1H OCEAN,312500
-117.91,34.09,20,4327,1037,2296,963,3.0441,<1H OCEAN,185400
-118.29,33.97,43,2660,672,2133,588,1.7734,<1H OCEAN,107300
-117.84,34.1,17,7836,1624,4419,1526,3.8465,<1H OCEAN,180700
-118.59,34.11,35,2396,472,1054,457,6.4504,<1H OCEAN,407000
-118.44,34.23,36,1730,387,1099,353,4.0368,<1H OCEAN,183100
-118.53,34.45,26,828,149,508,158,5.2374,<1H OCEAN,185500
-117.86,33.75,6,1565,599,3157,629,2.9271,<1H OCEAN,123200
-117.99,33.81,42,161,40,157,50,2.2,<1H OCEAN,153100
-118.12,34.04,35,1038,209,598,190,5.9214,<1H OCEAN,254900
-118.18,34.1,8,1116,267,435,235,4.9231,<1H OCEAN,230900
-118.27,33.86,29,2587,489,2115,475,3.7466,<1H OCEAN,168600
-118.26,34.02,48,1465,440,1859,400,1.3134,<1H OCEAN,96200
-118.42,34.09,40,3552,392,1024,370,15.0001,<1H OCEAN,500001
-118.28,33.94,32,1381,375,1268,354,1.1051,<1H OCEAN,94200
-118.56,34.22,35,1843,329,1041,317,4.4271,<1H OCEAN,205100
-117.59,33.66,4,1318,218,673,225,6.0722,<1H OCEAN,260800
-122.67,38.33,4,8072,1606,4323,1475,3.9518,<1H OCEAN,220300
-117.13,32.98,5,2276,311,1158,317,6.4321,<1H OCEAN,271900
-117.93,33.65,27,1283,406,1063,376,2.75,<1H OCEAN,275000
-118.36,34.12,26,3902,610,1468,632,8.5136,<1H OCEAN,500001
-121.96,37.25,19,1858,359,790,347,4.5156,<1H OCEAN,339300
-117.77,33.88,8,4874,627,2070,619,8.1117,<1H OCEAN,410200
-118.42,34.27,35,674,153,808,173,2.6667,<1H OCEAN,147800
-118.01,33.86,29,2307,452,1218,402,3.4306,<1H OCEAN,194200
-121.83,37.36,22,3936,860,3508,877,4.2312,<1H OCEAN,183800
-118.3,34.02,27,2190,626,1768,528,1.2446,<1H OCEAN,103800
-117.02,32.76,15,1204,326,543,326,1.0278,<1H OCEAN,154200
-117.75,33.64,9,2499,492,1111,542,5.5342,<1H OCEAN,182300
-120.72,35.63,31,3476,644,1476,567,3.3472,<1H OCEAN,195200
-118.25,34.15,32,1377,444,768,422,2.2621,<1H OCEAN,187500
-116.91,32.78,15,4058,511,1580,473,7.5,<1H OCEAN,316400
-117.97,34,28,1983,375,1407,367,3.8319,<1H OCEAN,179000
-121.81,37.23,19,2635,427,1497,410,6.3178,<1H OCEAN,248000
-118.1,33.81,36,1111,184,444,177,3.7031,<1H OCEAN,245300
-122.79,38.48,7,6837,,3468,1405,3.1662,<1H OCEAN,191000
-121.85,37.33,19,735,158,597,134,4.5208,<1H OCEAN,188100
-119.72,34.44,43,1781,342,663,358,4.7,<1H OCEAN,293800
-116.92,32.77,16,2770,406,1269,429,6.6783,<1H OCEAN,275000
-118.17,33.84,45,1533,331,791,335,3.4605,<1H OCEAN,186600
-121.67,36.58,11,5892,837,2327,812,6.1551,<1H OCEAN,291800
-118.08,33.92,34,2118,437,1414,442,3.7238,<1H OCEAN,166800
-118.29,34.06,42,3894,2293,6846,2156,1.5553,<1H OCEAN,70000
-118.34,33.92,29,1475,349,965,370,3.3558,<1H OCEAN,199600
-117.27,33.2,23,2145,379,1360,404,4.2054,<1H OCEAN,150700
-118.27,33.82,33,1596,337,1650,329,4.3687,<1H OCEAN,173500
-119.72,34.47,34,3262,533,1265,502,5.8411,<1H OCEAN,381800
-117.93,33.87,29,1221,371,1822,326,1.7935,<1H OCEAN,162500
-118.37,34.22,11,2127,581,1989,530,2.9028,<1H OCEAN,174100
-121.88,37.46,5,1819,245,802,228,10.9722,<1H OCEAN,500001
-121.89,36.63,20,1834,554,971,514,3.0383,<1H OCEAN,217300
-118.19,34.21,41,1602,228,680,225,6.553,<1H OCEAN,500001
-121.76,37.3,6,3526,559,1378,491,6.1463,<1H OCEAN,335500
-118.03,33.91,35,2323,406,1741,398,4.2437,<1H OCEAN,164100
-117.76,33.71,15,1010,350,470,342,3.2229,<1H OCEAN,108300
-118.12,33.87,21,3764,1081,1919,977,2.5057,<1H OCEAN,156300
-117.88,33.92,13,3292,727,1565,698,5.457,<1H OCEAN,308800
-118.37,33.93,46,1130,201,503,196,4.4861,<1H OCEAN,246300
-118.36,33.96,25,1849,518,1498,451,2.8378,<1H OCEAN,170000
-118.74,34.28,21,4056,637,1974,634,5.9024,<1H OCEAN,221000
-118.27,34.25,39,699,150,358,143,4.4375,<1H OCEAN,195800
-122.12,37.28,21,349,64,149,56,5.8691,<1H OCEAN,360000
-118.17,34.12,37,2246,481,995,459,4.2944,<1H OCEAN,354700
-118.31,34.07,28,2362,949,2759,894,2.2364,<1H OCEAN,305600
-118.26,33.89,36,923,165,603,191,3.5687,<1H OCEAN,120700
-118.75,34.27,25,3371,502,1717,506,6.1253,<1H OCEAN,225000
-118.22,33.9,40,1802,496,2096,468,2.3542,<1H OCEAN,97900
-121.89,37.33,42,1279,358,1254,340,2.2583,<1H OCEAN,192500
-121.81,37.38,29,570,76,244,72,12.3292,<1H OCEAN,416700
-117.24,33.36,11,2786,480,1250,450,4.5,<1H OCEAN,222600
-118.45,34.27,35,1579,300,1012,265,5.1296,<1H OCEAN,195900
-118.35,34.05,47,2815,679,1533,594,2.5806,<1H OCEAN,234100
-118.33,33.87,36,2219,406,1219,403,4.2614,<1H OCEAN,267100
-118.25,33.98,47,617,162,754,144,2.2969,<1H OCEAN,116700
-117.95,33.68,27,1732,303,1115,308,5.5312,<1H OCEAN,239200
-118.29,33.84,23,3626,799,2321,731,4.7393,<1H OCEAN,237900
-118.48,34,41,2584,743,1058,668,3.2061,<1H OCEAN,370000
-117.94,33.62,28,1765,390,832,349,6.5928,<1H OCEAN,439100
-121.92,37.34,35,357,120,377,99,3.0139,<1H OCEAN,204200
-118.8,34.27,12,3330,600,1577,584,4.6985,<1H OCEAN,264100
-122.72,38.35,16,3049,609,1675,618,2.4117,<1H OCEAN,162500
-117.67,33.63,9,5774,1320,3086,1265,4.4063,<1H OCEAN,202200
-117.27,33.55,4,6112,890,2088,712,5.5351,<1H OCEAN,429000
-118.94,34.18,25,3502,508,1713,508,5.5181,<1H OCEAN,242100
-117.89,33.92,14,1562,373,609,328,2.3935,<1H OCEAN,125000
-117.71,33.51,11,2198,252,883,281,13.1477,<1H OCEAN,487000
-117.09,33.13,9,5685,1442,3773,1250,3.0426,<1H OCEAN,129900
-118.13,33.81,36,1749,322,855,319,4.6473,<1H OCEAN,227100
-118.48,34,29,1727,479,741,431,3.6121,<1H OCEAN,500000
-118.1,33.91,29,505,113,411,113,2.6397,<1H OCEAN,164400
-118.21,33.95,43,1500,419,1726,440,1.8641,<1H OCEAN,165100
-118.25,33.93,42,657,147,526,132,2.5,<1H OCEAN,110200
-118.13,34.08,40,1931,449,1367,446,2.575,<1H OCEAN,228400
-123.36,39.41,46,1748,362,808,330,2.9183,<1H OCEAN,76900
-118.27,33.95,34,1261,315,1027,303,2.2946,<1H OCEAN,88800
-122.7,38.45,26,2011,557,855,530,1.125,<1H OCEAN,233300
-118.14,34.17,52,2687,600,1716,544,2.7201,<1H OCEAN,205700
-118.14,34.1,27,4073,1013,2411,933,3.108,<1H OCEAN,231000
-118.19,34.03,27,1346,340,1177,295,1.7995,<1H OCEAN,153400
-121.83,37.31,19,11181,1895,7817,1853,5.6058,<1H OCEAN,232700
-118.36,33.98,46,1425,283,782,273,5.057,<1H OCEAN,246300
-121.75,36.92,46,1362,321,1068,305,2.4615,<1H OCEAN,177800
-118.3,33.9,27,3267,762,2099,647,3.4,<1H OCEAN,224100
-118.28,34.04,19,460,241,890,229,1.6089,<1H OCEAN,162500
-118.11,34.08,30,2350,472,945,467,3.3421,<1H OCEAN,201000
-118.36,33.84,35,1577,279,743,274,5.7654,<1H OCEAN,343000
-118.22,33.97,47,1058,295,1097,274,2.881,<1H OCEAN,183300
-117.87,33.61,25,2267,359,866,348,7.79,<1H OCEAN,500001
-118.03,34.06,31,1513,389,1396,364,2.4706,<1H OCEAN,170600
-118.39,34.06,52,1213,194,503,194,8.0095,<1H OCEAN,500001
-118.42,34.25,36,1430,331,1502,312,3.6292,<1H OCEAN,145200
-118.42,34.08,46,1399,148,410,152,15.0001,<1H OCEAN,500001
-118.32,33.96,47,1453,247,721,276,5.5176,<1H OCEAN,191000
-118.57,34.21,36,878,167,499,179,4.1181,<1H OCEAN,190400
-118.38,34.14,40,1965,354,666,357,6.0876,<1H OCEAN,483800
-118.81,34.25,4,9147,1827,3950,1661,5.716,<1H OCEAN,320800
-118.4,33.87,34,3145,786,1352,727,5.0976,<1H OCEAN,469800
-121.82,37.38,32,1650,246,768,263,6.8462,<1H OCEAN,320900
-118.25,34.01,31,1301,403,1952,377,2.1466,<1H OCEAN,100800
-118.42,34.28,29,1271,272,1338,266,4.125,<1H OCEAN,150000
-118.32,33.9,36,1520,300,831,291,4.0473,<1H OCEAN,212100
-120.43,34.88,22,2580,381,1149,372,5.0113,<1H OCEAN,158600
-121.9,37.3,52,1456,269,582,277,5.036,<1H OCEAN,296600
-116.86,32.87,17,5799,921,2630,843,5.0524,<1H OCEAN,285400
-117.79,33.88,17,8562,1351,3822,1316,6.0829,<1H OCEAN,252600
-118.16,34.15,19,1721,290,571,278,6.6031,<1H OCEAN,500001
-118.44,34.15,37,1335,286,539,279,3.2813,<1H OCEAN,301700
-118.05,33.9,41,550,129,642,125,1.875,<1H OCEAN,119900
-121.93,37.31,29,1377,430,969,399,2.6573,<1H OCEAN,252800
-118.28,33.98,47,865,193,782,217,2.2411,<1H OCEAN,93000
-118.3,34.1,29,3403,1367,3432,1174,1.7083,<1H OCEAN,166700
-117.97,33.76,18,1862,399,1301,369,3.1771,<1H OCEAN,194000
-121.85,37.39,15,8748,1547,4784,1524,5.8322,<1H OCEAN,276600
-118.22,34.08,34,1709,562,2105,503,1.9704,<1H OCEAN,152100
-118.4,34.15,44,2515,510,967,484,5.0754,<1H OCEAN,374500
-118.3,34.16,40,1875,460,869,438,3.2321,<1H OCEAN,243600
-118.22,34.19,36,2443,492,1115,493,3.9777,<1H OCEAN,409800
-118.29,34.07,22,492,269,634,261,1.6406,<1H OCEAN,300000
-118.12,33.94,35,1813,313,825,316,5.2485,<1H OCEAN,323800
-118.28,33.95,40,2044,538,2150,524,2.1437,<1H OCEAN,94800
-118.02,33.8,24,84,14,32,8,5.875,<1H OCEAN,193800
-118.14,33.97,31,2064,612,2461,573,2.0524,<1H OCEAN,160800
-121.77,37.24,12,10236,1878,5674,1816,4.747,<1H OCEAN,261100
-117.27,33.21,5,5764,996,3161,1012,4.4531,<1H OCEAN,177500
-117.03,32.96,16,3424,698,1940,645,4.121,<1H OCEAN,182100
-118.31,33.81,30,1773,356,905,352,4.3056,<1H OCEAN,336000
-117.1,32.83,16,4214,744,1820,699,4.3783,<1H OCEAN,179500
-118.46,34.03,27,1965,631,1042,596,2.75,<1H OCEAN,327300
-118.26,34.12,45,2839,698,1768,653,3.1306,<1H OCEAN,214000
-118.29,34.03,22,3313,1235,2381,1063,0.7473,<1H OCEAN,168800
-118.05,33.92,33,1999,470,2170,466,3.2371,<1H OCEAN,154700
-118,33.9,35,1942,332,1127,325,4.5144,<1H OCEAN,206300
-118.18,33.87,38,2664,626,1627,604,3.7527,<1H OCEAN,161900
-118.2,34.02,42,498,120,548,119,3.7543,<1H OCEAN,126600
-118.33,34.18,45,2570,517,1256,510,4.6898,<1H OCEAN,226000
-118.22,33.89,26,266,75,252,59,2.1211,<1H OCEAN,138100
-117.92,34.03,32,1819,375,1728,375,3.975,<1H OCEAN,162400
-118.87,34.19,23,2179,423,1338,406,5.5224,<1H OCEAN,240700
-118.21,34.07,31,1077,300,1198,274,2.1333,<1H OCEAN,160200
-118.3,34.18,5,5492,1549,2997,1405,3.3205,<1H OCEAN,172100
-121.95,37.52,33,3994,764,2721,763,5.2308,<1H OCEAN,196900
-117.97,33.68,16,4508,598,2221,623,7.3731,<1H OCEAN,390800
-120.42,34.95,33,3404,711,1579,639,3.1078,<1H OCEAN,146700
-118.38,33.88,36,2501,443,1031,422,4.75,<1H OCEAN,442100
-118.38,34.18,24,1983,651,2251,574,2.4792,<1H OCEAN,200000
-118.2,33.94,44,1413,298,1200,307,3.5125,<1H OCEAN,169300
-118.41,33.89,38,4166,828,1600,770,6.3861,<1H OCEAN,500001
-118.31,33.9,28,1576,400,891,378,2.6312,<1H OCEAN,171300
-117.07,33.15,17,1893,297,936,287,5.1842,<1H OCEAN,157700
-118.27,34.09,52,1079,222,439,201,4.625,<1H OCEAN,230800
-118.21,33.93,30,2831,862,3649,883,1.9668,<1H OCEAN,152100
-118.18,33.87,44,1832,401,1056,405,4.0658,<1H OCEAN,175100
-118.09,34.05,22,1764,357,1379,363,3.5357,<1H OCEAN,199000
-118.3,33.97,50,2270,451,1000,412,2.1221,<1H OCEAN,119400
-123.1,38.79,20,3109,712,1643,638,2.8344,<1H OCEAN,164400
-118.18,33.98,36,903,266,1068,251,3.0398,<1H OCEAN,165400
-118.26,34.18,32,14556,2077,5459,2017,8.1657,<1H OCEAN,500001
-118.13,33.85,36,1885,391,1049,405,3.55,<1H OCEAN,212800
-118.37,33.97,41,1833,355,847,348,5.726,<1H OCEAN,287800
-118.26,34.08,41,1396,360,1069,363,2.4375,<1H OCEAN,203300
-118.23,34.12,32,2094,491,1413,479,4.5089,<1H OCEAN,221100
-117.97,34.07,20,2063,496,1573,468,3.2,<1H OCEAN,157100
-118.46,34.02,46,2571,502,1225,501,6.0436,<1H OCEAN,473000
-118.38,33.89,35,1778,330,732,312,6.5745,<1H OCEAN,379300
-116.98,32.85,12,3570,713,3321,666,4.0882,<1H OCEAN,134500
-118.48,34.07,29,4767,777,1500,638,10.7937,<1H OCEAN,500001
-120.43,34.86,17,3172,506,1538,473,4.3125,<1H OCEAN,168100
-118.5,34.02,35,2914,934,1334,870,2.9934,<1H OCEAN,350000
-117.91,33.76,22,7531,1569,5254,1523,3.8506,<1H OCEAN,167400
-118.11,33.78,16,3985,567,1327,564,7.9767,<1H OCEAN,500001
-121.98,37.33,25,3223,612,1529,602,5.121,<1H OCEAN,287600
-122.72,38.42,30,2099,406,1156,401,2.8036,<1H OCEAN,152300
-121.88,37.41,23,3224,652,2183,655,4.3807,<1H OCEAN,226900
-116.94,32.81,22,4266,1010,2766,985,2.8175,<1H OCEAN,135200
-118.21,34.03,45,1860,472,1893,456,2.6573,<1H OCEAN,141800
-116.98,32.75,25,4137,662,1905,630,4.375,<1H OCEAN,214000
-118.15,33.92,28,1038,252,912,245,2.5875,<1H OCEAN,161200
-118.44,34.22,39,1529,344,913,314,3.325,<1H OCEAN,178200
-118.36,34.06,52,2130,455,921,395,2.9605,<1H OCEAN,500001
-118.24,33.96,44,1338,366,1765,388,1.7778,<1H OCEAN,109900
-118.56,34.25,31,1962,243,697,242,8.565,<1H OCEAN,500001
-118.11,33.82,36,1742,340,857,341,4.6875,<1H OCEAN,218200
-117.92,34,36,116,30,193,35,3.8125,<1H OCEAN,136300
-120.43,34.96,24,2739,414,1171,413,4.8155,<1H OCEAN,162900
-121.84,37.24,24,7991,1286,4017,1213,5.4741,<1H OCEAN,238800
-117.03,33,6,6139,793,2693,770,7.7569,<1H OCEAN,387400
-118.35,33.94,36,2225,601,2755,610,2.5547,<1H OCEAN,150400
-118.16,34.2,43,1810,343,988,307,3.8203,<1H OCEAN,176000
-116.85,32.83,17,4234,770,2191,725,3.6445,<1H OCEAN,197600
-118.35,34.06,48,3551,826,1601,827,3.2279,<1H OCEAN,400000
-120.43,34.95,50,1966,413,985,403,2.3506,<1H OCEAN,136100
-117.67,33.46,18,1679,271,783,257,5.3999,<1H OCEAN,300000
-117.98,33.68,14,3396,477,1542,472,7.3982,<1H OCEAN,369100
-117.95,33.86,35,2375,439,1343,424,4.53,<1H OCEAN,193500
-121.69,36.81,18,2837,522,1454,458,4.5272,<1H OCEAN,221000
-118.25,33.99,42,2261,574,2496,527,1.5556,<1H OCEAN,98500
-118.44,34.28,37,944,244,1107,235,1.9688,<1H OCEAN,144100
-117.91,33.93,21,2578,363,1207,350,6.2452,<1H OCEAN,291700
-118.09,33.76,26,1625,440,533,414,1.808,<1H OCEAN,58500
-121.99,37.4,35,1845,325,1343,317,5.3912,<1H OCEAN,235300
-118.41,33.89,31,702,161,236,144,5.0497,<1H OCEAN,500001
-117.97,33.77,25,1295,417,856,342,2.7157,<1H OCEAN,350000
-118.86,34.16,16,1509,216,578,235,10.2614,<1H OCEAN,410800
-118.5,34.2,34,1617,344,938,305,3.915,<1H OCEAN,217700
-117.05,33.13,20,7746,2035,5370,1838,2.3762,<1H OCEAN,98500
-118.31,34.05,35,1692,423,1578,406,2.5313,<1H OCEAN,305800
-123.79,39.5,24,1421,291,588,274,2.325,<1H OCEAN,157300
-118.07,33.91,35,2228,463,1558,427,4.023,<1H OCEAN,157700
-121.32,36.42,20,1054,269,1219,273,3.0437,<1H OCEAN,76600
-118.28,33.96,41,1175,340,1241,352,1.2273,<1H OCEAN,98400
-117.97,33.68,26,3653,568,1930,585,5.7301,<1H OCEAN,260900
-122.02,37.37,8,5686,1489,3250,1329,4.2782,<1H OCEAN,327700
-121.93,37.54,25,1354,192,596,220,6.629,<1H OCEAN,352400
-122.87,38.48,27,3894,776,1832,715,3.5085,<1H OCEAN,187800
-120.52,35.06,11,1317,234,655,243,4.3611,<1H OCEAN,329700
-117.98,33.73,22,4232,624,2408,660,6.6539,<1H OCEAN,284900
-118.34,34.12,41,3257,679,1237,638,4.2415,<1H OCEAN,409600
-118.15,34.13,30,2763,520,1143,465,4.7298,<1H OCEAN,500001
-121.86,37.27,17,4393,709,2292,692,5.6876,<1H OCEAN,246500
-117.76,33.53,28,3085,499,1176,480,7.9794,<1H OCEAN,426100
-121.98,37.34,18,6649,1712,3604,1651,4.5368,<1H OCEAN,307400
-117.05,33.01,19,3558,588,1439,578,4.625,<1H OCEAN,211100
-118.45,34.15,20,3876,799,1334,753,4.5656,<1H OCEAN,478400
-118.11,33.84,36,1074,188,496,196,4.625,<1H OCEAN,217400
-118.95,34.17,23,2630,404,1184,385,5.2955,<1H OCEAN,247600
-118.42,34.04,52,1358,272,574,267,5.6454,<1H OCEAN,500001
-118.41,33.89,35,1194,292,507,295,9.0812,<1H OCEAN,500001
-116.93,32.82,26,4129,714,1820,718,4.2586,<1H OCEAN,171000
-121.83,37.28,19,2644,833,2317,780,3.1042,<1H OCEAN,183100
-118.28,33.93,41,936,257,913,226,2.0313,<1H OCEAN,122600
-118.36,34.23,15,2485,742,1994,670,2.8333,<1H OCEAN,183200
-118.19,33.89,38,4018,986,3702,927,2.9293,<1H OCEAN,113600
-118.35,34.16,42,2267,478,1083,458,3.2015,<1H OCEAN,250000
-118.34,33.99,47,1107,199,437,178,3.7344,<1H OCEAN,179400
-118.87,34.23,14,4242,746,1858,689,6.0145,<1H OCEAN,287100
-118.4,34.26,13,4379,872,2560,853,4.2538,<1H OCEAN,154300
-118.85,34.2,28,2040,297,848,280,6.7612,<1H OCEAN,323700
-117.98,33.72,24,2826,547,1738,546,6.0494,<1H OCEAN,240400
-118.36,34.05,45,2283,,1093,475,2.5658,<1H OCEAN,252000
-118.17,33.98,36,627,177,834,175,2.9844,<1H OCEAN,163600
-118.31,33.98,52,1975,379,1043,371,2.3977,<1H OCEAN,112200
-120.62,35.11,18,2241,544,1521,509,2.0292,<1H OCEAN,155800
-118.27,33.96,38,977,295,1073,292,1.0208,<1H OCEAN,86400
-118.26,34.14,51,902,320,650,334,1.5417,<1H OCEAN,268800
-121.97,37.35,30,1955,,999,386,4.6328,<1H OCEAN,287100
-118.39,33.87,34,2395,469,1087,438,5.9683,<1H OCEAN,394600
-122.05,37.33,21,2052,346,933,351,5.3167,<1H OCEAN,416300
-118.31,33.94,40,1917,438,1021,383,2.2448,<1H OCEAN,175000
-118.08,33.8,29,3675,613,1457,591,6.0553,<1H OCEAN,369400
-121.88,37.27,24,4567,688,2102,695,5.6895,<1H OCEAN,289000
-120.44,34.93,16,2098,558,1252,492,2.1509,<1H OCEAN,67500
-118.28,33.81,29,2755,508,2046,488,5.2034,<1H OCEAN,212400
-117.08,33.12,33,674,208,565,188,1.875,<1H OCEAN,114300
-118.86,34.22,22,1230,200,673,195,6.2708,<1H OCEAN,251400
-118.31,33.8,30,3096,757,2048,704,3.125,<1H OCEAN,233300
-117.82,33.82,22,3173,372,1181,355,8.3637,<1H OCEAN,500001
-118.15,34.11,52,2375,369,930,351,7.4111,<1H OCEAN,469100
-122.05,37.31,25,4601,696,2003,666,8.0727,<1H OCEAN,455500
-118.46,34,36,1392,260,679,247,4.7344,<1H OCEAN,346900
-118.37,34.09,31,2697,706,1059,689,2.8942,<1H OCEAN,500001
-118.03,33.79,32,3191,634,1718,611,4.1548,<1H OCEAN,216600
-117.83,33.88,18,2112,340,1048,315,6.9308,<1H OCEAN,231700
-122.03,37.28,29,3752,468,1320,471,9.8937,<1H OCEAN,500001
-118.11,33.83,36,1784,303,964,299,4.2703,<1H OCEAN,220900
-121.97,37.52,23,4925,948,2530,894,5.0824,<1H OCEAN,230900
-118.29,33.9,27,1013,394,1067,400,1.7714,<1H OCEAN,159400
-118.34,33.8,34,1730,427,1008,393,3.9408,<1H OCEAN,327700
-121.83,37.38,15,4430,992,3278,1018,4.5533,<1H OCEAN,209900
-118.24,34.2,41,2067,452,1282,455,5.5756,<1H OCEAN,309900
-117.25,33.3,14,2513,351,1151,357,6.3054,<1H OCEAN,359000
-122.74,38.45,17,3064,588,1704,590,3.9329,<1H OCEAN,170900
-121.81,37.29,15,5957,1037,3838,997,6.2907,<1H OCEAN,253100
-117.63,33.65,10,3580,491,1688,467,7.7814,<1H OCEAN,288700
-117.94,33.89,30,2577,404,1076,374,6.7528,<1H OCEAN,459600
-118.86,34.19,26,3135,480,1474,458,6.1949,<1H OCEAN,243500
-122.86,38.61,52,1753,380,982,380,3.4013,<1H OCEAN,183300
-117.9,33.74,25,808,163,1066,189,4.7679,<1H OCEAN,173100
-117.14,33.18,11,5546,974,2300,970,3.7109,<1H OCEAN,199800
-121.68,36.72,12,19234,4492,12153,4372,3.2652,<1H OCEAN,152800
-118.09,34.12,45,2966,415,1231,409,7.8347,<1H OCEAN,500001
-118.2,33.91,36,2283,499,1836,462,2.8793,<1H OCEAN,118100
-117.83,33.79,25,2070,513,1078,460,2.9312,<1H OCEAN,220100
-118.21,33.93,33,2739,801,3423,741,2.2847,<1H OCEAN,132700
-118.03,33.71,26,1483,251,738,235,6,<1H OCEAN,271400
-118.59,34.2,18,847,185,733,178,5.2149,<1H OCEAN,201900
-123.1,38.97,36,1211,247,697,251,2.5761,<1H OCEAN,94900
-121.9,37.35,52,1034,239,531,223,2.7411,<1H OCEAN,227100
-117.79,33.75,26,2955,377,1074,373,9.3845,<1H OCEAN,500001
-117.84,33.8,35,1490,251,629,257,4.3661,<1H OCEAN,222100
-118.27,34.16,48,1301,253,637,260,4.3438,<1H OCEAN,252700
-121.97,37.44,17,127,28,219,22,4.5179,<1H OCEAN,112500
-118.47,34.2,25,4590,1477,2723,1195,2.7118,<1H OCEAN,281700
-121.94,37.29,22,2593,637,1249,623,3.75,<1H OCEAN,212500
-117.96,33.9,10,2423,356,1213,347,6.5635,<1H OCEAN,346900
-118.28,34.02,29,515,229,2690,217,0.4999,<1H OCEAN,500001
-116.94,32.84,32,1607,253,778,262,4.5278,<1H OCEAN,166300
-118.3,34.03,47,2241,559,1775,504,2.1571,<1H OCEAN,147900
-121.96,37.1,20,922,155,361,135,6.3617,<1H OCEAN,331500
-117.07,33.12,12,2453,599,1251,529,2.4122,<1H OCEAN,127000
-118.48,34.31,31,1091,256,892,238,3,<1H OCEAN,172400
-118.3,33.83,31,2693,661,1598,618,3.1851,<1H OCEAN,240200
-118,33.73,26,2236,280,809,282,6.7395,<1H OCEAN,342800
-118.26,34.13,37,196,74,194,68,1.2188,<1H OCEAN,218800
-118.21,34.09,39,1561,445,1780,391,2.4632,<1H OCEAN,144200
-120.43,34.87,21,2131,329,1094,353,4.6648,<1H OCEAN,193000
-118.17,33.86,40,1301,342,954,336,2.3804,<1H OCEAN,158000
-117.85,33.89,24,3326,503,1616,494,5.7457,<1H OCEAN,240600
-117.97,33.8,35,2985,474,1614,453,5.4631,<1H OCEAN,225600
-118.21,34.04,47,1306,391,1499,346,2.2788,<1H OCEAN,139600
-117.96,33.92,18,3744,1027,1654,912,3.2158,<1H OCEAN,215000
-122.67,38.43,17,2007,400,895,403,3.2813,<1H OCEAN,202700
-117.84,33.76,26,2110,409,1146,407,4.3698,<1H OCEAN,229600
-123.21,39.18,17,2772,576,1501,584,2.6275,<1H OCEAN,142100
-121.84,37.33,26,1934,408,2059,416,3.6765,<1H OCEAN,163600
-122.84,38.39,16,1688,292,793,280,4.4357,<1H OCEAN,216900
-118.44,34.21,20,5756,1477,4031,1369,3.2448,<1H OCEAN,221200
-118.31,34.08,26,1609,534,1868,497,2.7038,<1H OCEAN,227100
-118.24,33.92,44,1079,210,601,182,2.2411,<1H OCEAN,106400
-118.42,33.93,39,2988,605,1466,610,4.9286,<1H OCEAN,341400
-118.37,34.07,52,1084,247,468,255,3.4286,<1H OCEAN,474300
-117.02,32.78,33,3481,708,1726,719,3.3675,<1H OCEAN,158200
-118.3,34.04,24,2092,585,1757,538,1.7109,<1H OCEAN,175000
-118.27,34.03,51,1280,422,1560,381,1.7115,<1H OCEAN,125000
-117.08,33.03,15,3023,623,1283,559,3.3724,<1H OCEAN,137900
-117.96,34.08,28,2831,552,2330,557,3.9741,<1H OCEAN,173100
-118.31,33.77,20,5776,956,2757,936,6.6447,<1H OCEAN,416800
-118.35,34.22,41,1560,374,1668,389,3.025,<1H OCEAN,154300
-118.56,34.19,34,2185,372,986,347,4.8125,<1H OCEAN,266700
-121.82,36.54,22,1746,363,886,364,5.5469,<1H OCEAN,378800
-118.18,34.12,52,1081,311,904,283,1.9219,<1H OCEAN,165100
-118.32,33.87,28,3763,762,1967,724,5.3244,<1H OCEAN,271900
-117.77,33.71,13,1939,247,928,244,8.1111,<1H OCEAN,379800
-117.85,33.73,28,1499,574,3328,595,2.4539,<1H OCEAN,115000
-117.02,32.8,29,1232,243,665,247,3.65,<1H OCEAN,168900
-118.29,33.79,16,1867,571,951,498,3.3427,<1H OCEAN,154200
-118.27,33.82,39,1357,249,763,229,4.25,<1H OCEAN,200300
-118.01,33.75,30,3380,722,2269,652,4.525,<1H OCEAN,186000
-118.07,34.07,31,1370,284,1062,277,3.5156,<1H OCEAN,199300
-117.91,34.06,29,3250,521,1382,513,5.112,<1H OCEAN,218300
-117.98,34.03,21,797,162,484,166,2.625,<1H OCEAN,191100
-118.19,34.04,45,963,234,1194,239,2.1806,<1H OCEAN,134900
-118.25,33.9,37,2119,442,1372,406,1.9605,<1H OCEAN,106200
-121.98,37.36,33,1582,272,809,267,5.7059,<1H OCEAN,287200
-118.28,33.91,41,620,133,642,162,2.6546,<1H OCEAN,159600
-118.17,33.95,23,1991,584,1380,535,1.9107,<1H OCEAN,181900
-120.61,35.13,16,3431,721,1777,701,2.7301,<1H OCEAN,190400
-118.1,33.9,37,796,175,740,183,3.6,<1H OCEAN,156400
-120.69,35.64,38,2564,546,1301,481,2.0076,<1H OCEAN,114000
-118.16,33.9,28,2410,616,2399,594,2.7339,<1H OCEAN,156700
-118.27,34.27,27,5205,859,2363,888,6.1946,<1H OCEAN,276100
-119.7,34.43,35,1402,369,654,385,2.6205,<1H OCEAN,318800
-118.4,33.9,34,2674,435,1087,431,7.3151,<1H OCEAN,492200
-119.23,34.46,34,9280,1765,4514,1693,3.2026,<1H OCEAN,227600
-118.35,34.17,47,858,170,365,171,2.0385,<1H OCEAN,225000
-118.25,34.07,16,719,225,801,218,2.3942,<1H OCEAN,133300
-116.94,32.89,24,2541,381,1078,372,5.2542,<1H OCEAN,227800
-117.65,33.62,15,2708,410,1140,389,6.2899,<1H OCEAN,275000
-118.32,33.79,32,2381,467,1264,488,4.1477,<1H OCEAN,315100
-117.43,33.55,8,446,62,188,68,9.4356,<1H OCEAN,465600
-118.15,33.93,34,1745,404,1084,410,3.3411,<1H OCEAN,220500
-117.07,33.12,21,4578,927,2818,900,3.1458,<1H OCEAN,187700
-118.4,34.07,22,2170,593,850,520,2.9107,<1H OCEAN,500001
-117.95,33.97,33,1113,145,424,137,8.3474,<1H OCEAN,500001
-117.86,33.79,34,1883,408,1227,424,3.8929,<1H OCEAN,187500
-121.88,37.3,16,2692,749,1674,681,2.6763,<1H OCEAN,191100
-118.28,34,46,1650,463,1992,458,2.3403,<1H OCEAN,114100
-118.23,33.91,34,1060,276,1215,250,2.0804,<1H OCEAN,84700
-117.8,33.74,33,2890,453,1300,452,6.5616,<1H OCEAN,290200
-117.79,33.71,16,3114,463,1641,469,6.2162,<1H OCEAN,283200
-118.35,33.84,22,13133,3680,7180,3522,3.5414,<1H OCEAN,354700
-118.34,33.83,34,1761,329,965,329,5.399,<1H OCEAN,358500
-118.53,34.25,20,6331,1537,2957,1509,3.3892,<1H OCEAN,323100
-118.32,33.95,44,2023,325,992,326,4.6667,<1H OCEAN,175600
-124.14,40.57,29,2864,600,1314,562,2.1354,<1H OCEAN,75100
-118.51,34.18,37,1893,365,911,324,4.8036,<1H OCEAN,295300
-121.95,37.36,25,3472,956,2267,944,2.7727,<1H OCEAN,235600
-118.36,33.88,26,1375,286,829,278,3.9844,<1H OCEAN,230700
-118.22,33.94,41,928,249,1108,236,3.4323,<1H OCEAN,144600
-117.7,33.56,3,2443,637,1033,548,4.1379,<1H OCEAN,183300
-118.14,34.01,42,1973,510,1841,502,2.5326,<1H OCEAN,156500
-118.13,34.1,26,3050,825,2153,772,3.1103,<1H OCEAN,214100
-118.12,33.91,35,620,122,381,124,3.7917,<1H OCEAN,183900
-118.46,34,39,614,174,538,159,2.3542,<1H OCEAN,235700
-118.34,34.03,49,1295,276,765,265,3.4306,<1H OCEAN,130200
-118.44,34.16,33,1616,322,580,311,4.0391,<1H OCEAN,337500
-118.4,34.01,48,1427,253,693,268,5.7405,<1H OCEAN,351600
-116.92,32.86,11,2204,518,1472,497,2.3693,<1H OCEAN,127000
-118.41,34.18,35,2785,663,1631,614,3.9038,<1H OCEAN,276100
-117.87,33.6,35,1598,398,782,411,5.1155,<1H OCEAN,500000
-118.38,34.04,31,2846,727,2120,672,2.7226,<1H OCEAN,254200
-118.37,34.07,52,2203,437,899,384,4.25,<1H OCEAN,486900
-118.33,33.84,36,1364,251,668,245,5.3131,<1H OCEAN,314100
-121.86,36.63,37,338,109,231,100,2.5313,<1H OCEAN,108300
-118,34.03,25,6909,1154,3912,1121,5.257,<1H OCEAN,226100
-118.09,34,35,1580,331,1290,338,4.1458,<1H OCEAN,162500
-118.4,34.02,19,7297,2331,3870,2144,3.116,<1H OCEAN,300000
-117.88,33.64,16,3615,570,1209,559,8.5574,<1H OCEAN,392200
-122.7,38.23,47,2090,387,1053,377,3.5673,<1H OCEAN,310300
-121.95,37.32,33,726,168,351,147,3.1458,<1H OCEAN,270500
-118.29,33.95,31,2839,792,2390,729,2,<1H OCEAN,109800
-117.89,34.12,35,1447,272,1224,268,3.9934,<1H OCEAN,141900
-118.13,33.89,36,599,125,361,139,5.0395,<1H OCEAN,225800
-121.88,37.26,13,1893,487,1018,464,3.8047,<1H OCEAN,204700
-117.87,33.87,7,2663,642,1367,677,4.6563,<1H OCEAN,162400
-118.3,33.95,50,1843,326,892,314,3.1346,<1H OCEAN,120000
-120.44,34.88,9,3124,415,1169,407,6.7694,<1H OCEAN,275100
-118.21,34.07,42,902,318,1312,323,1.9375,<1H OCEAN,168800
-118.37,33.98,39,303,69,131,73,4.3438,<1H OCEAN,331800
-118.15,33.97,32,927,250,970,248,2.1591,<1H OCEAN,181500
-117.98,33.8,32,2161,432,1503,402,4.3036,<1H OCEAN,191400
-118.68,34.33,45,121,25,67,27,2.9821,<1H OCEAN,325000
-117.88,33.63,21,9565,2289,3162,1831,4.7024,<1H OCEAN,345400
-118.37,34.07,39,2309,526,870,546,3.1677,<1H OCEAN,453400
-117.9,33.8,21,1342,326,748,335,2.9231,<1H OCEAN,45000
-118.41,34.25,36,1146,259,1173,272,3.6016,<1H OCEAN,153800
-118.17,33.87,45,2110,494,1404,454,2.9803,<1H OCEAN,165900
-122.68,38.46,19,4976,711,1926,625,7.3003,<1H OCEAN,381300
-118.39,34.12,29,6447,1012,2184,960,8.2816,<1H OCEAN,500001
-117.92,33.63,39,1469,226,553,225,7.8496,<1H OCEAN,490800
-118.13,33.86,45,1866,343,919,344,3.5833,<1H OCEAN,200200
-117.83,33.73,20,5768,1597,4853,1465,3.5387,<1H OCEAN,160400
-117.91,33.69,30,2704,426,1289,423,5.2815,<1H OCEAN,229500
-118.31,33.99,45,1489,339,791,316,2.2339,<1H OCEAN,104800
-118.21,33.93,39,354,73,184,58,2.7679,<1H OCEAN,108900
-120.45,34.97,10,1897,354,1353,357,3.7679,<1H OCEAN,131300
-118.44,34.24,36,1660,301,1225,307,4.095,<1H OCEAN,184000
-117.94,33.93,33,1770,370,1346,366,4.0833,<1H OCEAN,162500
-118.24,33.98,30,861,250,1062,231,1.75,<1H OCEAN,115400
-118.36,34.1,52,1096,247,423,230,3.0179,<1H OCEAN,500001
-119.72,34.44,50,3265,509,1256,443,6.3997,<1H OCEAN,500001
-118.38,34.06,50,1509,291,690,259,6.2344,<1H OCEAN,500001
-117.97,33.66,14,6090,1338,1974,1248,2.8061,<1H OCEAN,180300
-118.28,33.98,43,1240,312,1100,311,1.575,<1H OCEAN,97500
-118.44,33.99,43,1432,308,782,303,4.3333,<1H OCEAN,303900
-118.6,34.2,10,2869,941,2162,829,3.2297,<1H OCEAN,150000
-118.45,34.2,18,2729,800,2099,742,2.5842,<1H OCEAN,230800
-118.49,34.02,27,4725,1185,1945,1177,4.1365,<1H OCEAN,470800
-121.86,37.4,16,2391,369,1419,373,5.8721,<1H OCEAN,267800
-118.29,33.96,31,4022,1208,3707,1007,1.3096,<1H OCEAN,116300
-118.34,34.03,47,1927,561,1349,508,1.3444,<1H OCEAN,125000
-122.78,38.52,23,2511,549,1052,527,2.4922,<1H OCEAN,192000
-118.44,34,44,1462,338,821,341,2.599,<1H OCEAN,362200
-117.92,33.84,45,2019,394,1549,377,4.6111,<1H OCEAN,223000
-117.19,33.14,12,3652,923,1677,728,2.3267,<1H OCEAN,92000
-117.93,33.69,19,2602,439,1156,424,5.01,<1H OCEAN,263800
-122.75,38.43,36,1599,345,1086,314,2.6667,<1H OCEAN,149100
-118.03,33.85,16,1831,390,1347,389,3.8426,<1H OCEAN,344400
-118.25,34.14,13,3487,1131,3749,1072,2.1602,<1H OCEAN,221900
-118.29,34.03,42,907,378,822,288,1.2875,<1H OCEAN,179200
-121.85,37.36,11,2109,592,2744,607,4.0452,<1H OCEAN,205900
-117.98,33.67,7,5664,1174,2493,1101,5.8252,<1H OCEAN,264700
-118.36,33.93,44,520,116,392,106,3.0132,<1H OCEAN,202500
-118.39,34.17,40,1696,372,835,385,3.6563,<1H OCEAN,222400
-117.92,33.65,20,1391,393,856,360,3.184,<1H OCEAN,220000
-118.18,34.02,43,887,219,965,217,2.625,<1H OCEAN,133900
-117.06,33.03,23,2023,309,678,340,7.0913,<1H OCEAN,265400
-116.99,33.01,11,1412,185,529,166,7.7517,<1H OCEAN,500001
-118.25,33.91,36,1950,365,1125,374,3.1111,<1H OCEAN,119300
-117.74,33.61,16,2753,576,857,546,3.7422,<1H OCEAN,229800
-118.31,34.03,46,2173,510,1343,476,2.025,<1H OCEAN,135500
-117.89,33.66,32,2736,550,1279,534,5.5422,<1H OCEAN,253100
-123.01,38.8,21,360,96,131,74,3.5156,<1H OCEAN,133300
-117.78,33.71,16,2207,291,1081,308,7.3518,<1H OCEAN,331200
-118.25,34.11,52,125,42,99,40,3.4375,<1H OCEAN,170000
-117.96,33.79,36,2398,403,1261,402,5.2816,<1H OCEAN,221800
-118.34,33.95,25,3762,1281,4015,1178,2.1587,<1H OCEAN,143800
-118.11,34.1,49,2812,478,1329,490,5.2503,<1H OCEAN,292900
-118.24,33.95,40,1193,280,1210,286,1.35,<1H OCEAN,89500
-117.06,33.14,27,3819,674,2447,717,3.8185,<1H OCEAN,137200
-118.38,34.06,31,4345,1158,1987,1070,2.8233,<1H OCEAN,310000
-118.58,34.23,29,3907,773,2037,727,4.1023,<1H OCEAN,230200
-118.49,34.14,28,3539,441,1190,421,10.6796,<1H OCEAN,500001
-118.29,33.81,19,7023,1538,3993,1412,5.0532,<1H OCEAN,218200
-118.49,34.05,42,1918,216,632,224,15.0001,<1H OCEAN,500001
-118.08,33.97,38,1026,190,789,193,4.2,<1H OCEAN,163200
-118.9,34.26,5,25187,3521,11956,3478,6.9712,<1H OCEAN,321300
-118.09,33.94,33,1976,404,1379,395,3.8542,<1H OCEAN,175400
-118.18,34.03,39,609,145,690,134,2.9167,<1H OCEAN,145800
-118.2,33.93,40,1929,417,1780,419,3.4402,<1H OCEAN,149400
-121.93,37.53,27,5532,973,2855,960,4.7478,<1H OCEAN,243500
-118.36,33.95,42,2532,627,2038,591,2.875,<1H OCEAN,177500
-118.3,33.79,35,2793,686,2255,682,3.0057,<1H OCEAN,235300
-118.41,34.05,16,9728,2211,3026,1899,5.8758,<1H OCEAN,500001
-117.88,34,21,5459,1086,3394,1087,3.6308,<1H OCEAN,192100
-118.33,34,24,873,320,529,308,0.9304,<1H OCEAN,151600
-118.44,34.22,41,1030,214,664,223,3.8083,<1H OCEAN,183800
-118.39,34.04,49,1230,279,669,269,3.9038,<1H OCEAN,308300
-118.45,34.31,9,1739,358,820,323,4.0556,<1H OCEAN,182500
-117.82,33.68,3,7105,1459,3068,1241,6.1395,<1H OCEAN,358000
-118.2,33.92,36,414,104,477,130,3.6719,<1H OCEAN,130400
-121.24,36.34,33,1691,308,792,262,2.6648,<1H OCEAN,164600
-118.49,34.31,25,1024,145,357,147,7.0598,<1H OCEAN,356300
-117.9,34.05,33,629,76,253,75,7.6286,<1H OCEAN,330400
-118.15,33.86,32,2630,559,1069,491,2.4659,<1H OCEAN,209000
-118.43,34.13,37,4400,695,1521,666,8.2954,<1H OCEAN,500001
-118.44,34.07,26,3535,748,1322,666,7.1674,<1H OCEAN,500001
-118,33.88,28,1624,289,755,280,4.7083,<1H OCEAN,268100
-121.9,37.1,23,1708,287,670,238,6.4517,<1H OCEAN,356600
-118.3,33.98,52,1371,315,986,277,2.9432,<1H OCEAN,94000
-118.34,34.11,51,937,348,527,333,4.3571,<1H OCEAN,468800
-121.88,37.32,30,1242,338,1438,325,2.6607,<1H OCEAN,169300
-117.34,33.46,14,1902,338,848,304,5.5395,<1H OCEAN,273300
-117.78,33.51,44,1833,331,515,268,6.6178,<1H OCEAN,500001
-122.02,37.35,18,1221,255,507,271,5.3679,<1H OCEAN,228400
-118.32,34.02,50,1655,256,672,260,4.2554,<1H OCEAN,194300
-117.23,33.19,22,2554,447,1147,422,3.6346,<1H OCEAN,192500
-121.98,37.27,29,2658,484,1318,498,5.3561,<1H OCEAN,298900
-120.58,40.37,16,3412,667,1873,590,2.2661,INLAND,61800
-121.25,37.94,30,1509,308,967,278,1.7798,INLAND,65900
-121.88,38.03,52,1225,250,725,231,2,INLAND,101400
-120.85,37.5,52,1724,352,922,348,1.7227,INLAND,85700
-120.45,37.79,8,2687,495,5087,385,3.1719,INLAND,115400
-122.39,40.57,38,855,172,468,150,1.4091,INLAND,84400
-117.64,34.04,21,1801,507,2556,484,2.4716,INLAND,102500
-120.43,37.32,16,1170,178,566,181,5.2522,INLAND,125300
-121.49,38.61,6,4391,974,1982,914,3.4291,INLAND,105300
-121.13,37.74,28,409,104,244,98,3.4643,INLAND,90900
-120.67,38.19,17,2967,611,1387,564,2.0417,INLAND,92600
-120.1,38.91,33,1561,282,30,11,1.875,INLAND,500001
-121.26,38.68,4,3080,827,1195,683,2.7477,INLAND,133000
-116.57,33.76,25,2616,547,581,343,3.1364,INLAND,301600
-121.45,38.54,47,1159,250,810,244,2.7787,INLAND,56000
-122.01,38.35,18,4486,723,1600,697,3.8651,INLAND,189700
-119.77,36.81,28,1713,302,663,282,3.567,INLAND,85500
-121.37,38.57,16,3895,896,1762,855,2.6635,INLAND,135800
-120.95,37.64,32,3487,740,1957,685,2.7209,INLAND,88300
-121.44,38.61,34,172,38,149,55,2.6442,INLAND,55000
-119.8,36.72,15,1908,417,1383,375,1.0472,INLAND,57800
-119.81,36.76,48,2059,388,834,405,2.9306,INLAND,67900
-121.06,39.23,10,2229,537,982,512,2.186,INLAND,132700
-121.32,37.95,36,747,189,338,145,1.7885,INLAND,62100
-115.5,32.68,18,3631,913,3565,924,1.5931,INLAND,88400
-120.81,38.74,29,2259,482,1099,463,2.3314,INLAND,121600
-119.54,36.52,16,2703,415,1106,372,4.2045,INLAND,120900
-118.4,34.7,10,4122,814,2164,710,4.2941,INLAND,151600
-121.35,38.02,16,1665,311,1301,259,2.8403,INLAND,132300
-121.31,37.9,38,226,44,125,38,2.9,INLAND,125000
-117.33,34.41,13,3684,604,1767,585,3.7478,INLAND,113500
-117.28,34.15,32,2170,430,815,401,3.1765,INLAND,135000
-120.95,37.65,14,5200,1119,3221,1102,2.6964,INLAND,107000
-121.02,39.27,52,3720,707,1424,609,3.2,INLAND,155000
-117.22,33.9,8,8302,1461,5155,1370,4.0467,INLAND,121500
-116.85,34.26,18,6988,1635,2044,726,2.4308,INLAND,90600
-117.46,34.04,3,12870,2315,5820,1759,4.2429,INLAND,147300
-120.77,37.42,27,949,224,888,241,2.3333,INLAND,72800
-121.44,38.64,18,1756,442,837,320,1.125,INLAND,70500
-117.72,34,15,4363,690,2410,666,5.4824,INLAND,179700
-121.3,37.96,31,2668,812,1398,721,1.125,INLAND,110400
-121.51,38.51,33,2918,439,1085,427,5.5208,INLAND,171300
-119.77,36.85,8,1519,234,711,248,5.9897,INLAND,123600
-122.03,38.69,23,1796,380,939,330,2.7955,INLAND,96300
-120.95,37.67,15,3062,584,1624,538,4.3864,INLAND,137600
-119.69,36.77,22,2456,496,1720,417,2.6875,INLAND,60600
-121.47,37.58,14,1594,292,887,287,4.6625,INLAND,294000
-121.46,37.73,20,2039,373,862,330,5.1629,INLAND,222900
-119.19,36.14,41,759,140,408,129,3.9,INLAND,85900
-117.29,34.11,35,2426,715,1920,586,1.5561,INLAND,68000
-121.14,37.48,6,1772,332,1011,331,3.7045,INLAND,128100
-122.63,38.96,20,2507,577,1072,457,2.3083,INLAND,60200
-121.5,38.52,37,2008,466,1261,427,2.2574,INLAND,59100
-121.41,38.62,21,3260,763,1735,736,2.5162,INLAND,97500
-117.77,34.1,50,2388,494,1241,459,2.8818,INLAND,167200
-114.61,33.62,16,1187,261,1115,242,2.1759,INLAND,61500
-121.24,38.79,15,2615,485,1063,428,3.7904,INLAND,173200
-121.43,38.64,34,2010,411,1501,422,2.0417,INLAND,65900
-116.47,33.94,18,2233,471,919,388,3.2578,INLAND,85200
-121.47,38.58,43,3807,952,1484,850,2.3266,INLAND,137500
-121.62,39.15,36,2321,455,1168,489,3.0962,INLAND,74000
-120.02,36.8,25,1270,255,1050,245,2.1618,INLAND,55300
-118.97,37.64,13,1907,544,575,234,3.0685,INLAND,162500
-121.42,38.54,29,1407,265,556,235,3.0521,INLAND,108000
-122.23,40.63,16,1141,220,563,200,2.3287,INLAND,130700
-118.05,34.11,48,1410,304,677,274,3.2596,INLAND,272400
-117.53,33.83,7,2191,324,1156,310,5.5362,INLAND,195600
-118.39,37.37,25,3295,824,1477,770,1.8325,INLAND,105800
-121.96,38.34,7,3292,698,1911,702,3.89,INLAND,140300
-121.28,38.7,14,5827,1246,2578,1038,3.0212,INLAND,112900
-120.6,38.76,22,1236,273,615,248,3.0217,INLAND,106900
-119.82,36.77,41,1441,274,646,296,3.0568,INLAND,71300
-119.72,36.76,23,6403,,3573,1260,2.3006,INLAND,69000
-119.9,36.79,22,1970,332,1066,319,3.3125,INLAND,106100
-121.47,38.53,43,3215,725,2400,625,1.4625,INLAND,54400
-119.86,36.81,4,4530,1070,1804,837,3.3942,INLAND,72100
-123.48,40.34,19,518,108,216,80,2.7083,INLAND,64500
-122.24,40.16,19,2500,509,1293,494,2.035,INLAND,55100
-117.58,33.87,30,701,131,356,125,3.2917,INLAND,144300
-120.43,36.18,29,579,116,218,99,2.1458,INLAND,104200
-117.34,34.08,35,1380,248,730,264,3.2305,INLAND,93700
-120.04,38.86,16,2708,481,712,261,3.7891,INLAND,117700
-117.34,34.46,9,5983,1122,3515,1064,3.1505,INLAND,102000
-117.25,34.06,23,4503,1156,3264,937,1.9821,INLAND,93000
-117.25,34.06,18,5009,1108,2948,963,3.0042,INLAND,106500
-120.18,39.17,18,1703,360,354,163,3.6563,INLAND,146900
-121.83,40.69,14,821,170,477,129,3.15,INLAND,87500
-119.44,36.59,28,1343,330,1331,305,1.516,INLAND,56700
-116.17,33.53,13,1713,512,1978,442,2.1287,INLAND,58600
-117.4,33.97,38,1383,238,649,232,5.0194,INLAND,148900
-122.32,40.71,18,2879,578,1399,586,2.4036,INLAND,105400
-119.21,36.39,31,1465,303,1013,297,2.0363,INLAND,53500
-121.5,38.57,41,1124,344,807,316,1.4712,INLAND,94600
-121.13,37.47,37,1995,448,1559,443,2.1833,INLAND,92700
-121.98,37.95,14,6290,854,2724,820,6.7371,INLAND,267400
-119.88,36.93,12,3174,520,1590,488,4.5347,INLAND,101200
-116.99,34.88,23,6060,1165,2920,1072,3.1528,INLAND,69000
-118.98,37.64,17,3769,908,1160,453,3.05,INLAND,188900
-117.37,33.98,52,201,44,130,24,2.025,INLAND,125000
-119.81,36.78,36,1650,313,660,298,3,INLAND,79700
-117,34.89,29,2637,512,1188,446,2.99,INLAND,69400
-117.68,34.14,4,4791,695,1871,659,6.9532,INLAND,277000
-122.78,39.05,15,1601,323,661,269,2.6181,INLAND,108900
-119.02,35.42,40,1089,226,520,218,2.2727,INLAND,67200
-121.55,37.37,39,759,141,252,106,3.6964,INLAND,262500
-121.18,38.69,7,7104,970,2772,920,6.3528,INLAND,274500
-117.87,34.15,24,5745,735,2061,679,8.2827,INLAND,451400
-119.78,36.83,18,4164,741,1817,681,4.2153,INLAND,95200
-117.38,33.98,52,2274,571,1167,504,2.0284,INLAND,101600
-117.34,34.07,46,1851,425,1100,377,2.0461,INLAND,90500
-117.5,33.96,12,7923,1470,4861,1385,4.2985,INLAND,139200
-119.64,36.82,14,4872,656,2085,617,5.6739,INLAND,173800
-119.34,36.22,38,2708,460,1260,455,3.0905,INLAND,78200
-118.07,34.56,5,10264,1821,5871,1790,4.2329,INLAND,145500
-117.05,34.02,21,3098,646,1351,614,2.598,INLAND,106700
-117.86,34.13,40,1304,280,607,256,2.588,INLAND,209500
-121.42,38.52,32,2828,556,1655,485,2.5574,INLAND,72600
-117.27,34.07,21,418,132,401,120,1.7206,INLAND,82100
-119.35,36.2,31,1783,382,1266,358,2.2264,INLAND,50800
-121.36,37.99,8,1801,380,684,350,4.2589,INLAND,134900
-121.26,37.97,41,2398,448,1143,444,3.0352,INLAND,69800
-122.93,41.48,20,4288,789,1800,660,2.723,INLAND,79600
-120.98,37.79,20,2458,491,1227,481,2.7857,INLAND,110900
-117.32,34.09,30,1129,251,1034,237,2.3917,INLAND,78600
-121.52,39.5,33,1462,241,569,231,3.2833,INLAND,82600
-121.36,37.96,32,614,95,227,107,3.9922,INLAND,247400
-122.35,40.57,22,589,97,338,107,3.2639,INLAND,87500
-120.85,37.77,20,651,157,421,151,2.0833,INLAND,77300
-117.78,34.58,6,10263,1864,6163,1781,3.8803,INLAND,120000
-121.71,39.42,21,1432,284,862,275,2.2813,INLAND,57600
-119.45,35.07,45,973,183,500,177,2.6389,INLAND,30000
-118.19,34.67,8,11275,1822,5731,1692,5.0285,INLAND,167900
-120.99,37.69,25,2773,384,1060,381,6.4788,INLAND,199400
-119.34,36.23,12,4965,872,2191,804,3.5611,INLAND,90200
-120.65,37.09,22,886,173,595,161,2.4398,INLAND,150000
-121.18,38.83,15,4488,859,2114,805,2.9484,INLAND,124400
-117.37,33.99,44,917,224,666,220,1.685,INLAND,114200
-121.79,37.67,26,2163,339,947,346,6.0797,INLAND,211000
-119.45,35.13,34,1440,309,808,294,2.3013,INLAND,26600
-115.55,32.82,34,1540,316,1013,274,2.5664,INLAND,67500
-117.17,34.12,3,15695,2248,6080,1920,6.2178,INLAND,173900
-122.38,40.58,34,1262,267,520,259,1.6983,INLAND,72600
-116.48,33.8,15,3004,615,437,210,3.6667,INLAND,90000
-119.81,36.73,51,956,196,662,180,2.101,INLAND,56700
-115.57,32.84,29,1207,301,804,288,1.9531,INLAND,61100
-122.2,39.93,9,1296,287,768,260,1.9191,INLAND,54400
-120.91,38.11,9,3585,680,1800,598,3.636,INLAND,133100
-119.83,36.78,30,3162,640,1660,639,2.8359,INLAND,80300
-119.29,36.55,21,2467,520,1721,515,2.5521,INLAND,65600
-117.49,34.04,4,6034,1170,3527,1098,4.1775,INLAND,143700
-122.65,38.96,27,2143,580,898,367,1.6769,INLAND,63200
-117.32,33.87,15,826,138,440,134,4.8125,INLAND,173900
-121.44,38.56,52,906,165,257,166,2.8542,INLAND,139400
-121.3,38.89,23,1750,297,1012,315,3.4706,INLAND,99300
-119.01,35.4,11,8739,2190,4781,1919,1.7109,INLAND,44600
-117.48,33.91,22,3611,666,1869,649,4.2207,INLAND,141100
-119.08,37.78,17,1631,335,285,128,2.7656,INLAND,130000
-121.31,37.44,33,69,28,47,14,0.536,INLAND,112500
-120.93,39.17,13,2331,464,1110,419,3.6563,INLAND,164900
-120.39,37.98,52,1056,274,584,255,2.1513,INLAND,86700
-117.19,34.07,40,2374,500,1772,455,2.189,INLAND,72500
-116.9,34.25,16,3018,523,556,244,3.5288,INLAND,189700
-119.74,36.76,42,2093,470,1621,438,1.7994,INLAND,58700
-121.83,37.95,17,1133,244,716,235,2.875,INLAND,162500
-119.05,35.42,35,2353,483,1368,455,2.325,INLAND,63200
-119.11,36.29,18,1666,294,859,301,2.6065,INLAND,93800
-121.23,37.96,44,2204,473,1277,435,1.5539,INLAND,59200
-121.96,37.95,7,3418,740,1583,676,3.6133,INLAND,196100
-122.61,41.74,15,4206,922,1863,869,2.0591,INLAND,55700
-119.81,36.76,52,1792,352,1049,357,2.4375,INLAND,57100
-118.16,34.7,33,2918,494,1365,478,4.8787,INLAND,127700
-121.42,38.6,23,3713,1078,2194,1018,1.7451,INLAND,89600
-122.4,40.51,20,1750,352,834,340,2.485,INLAND,100600
-121.49,38.55,52,2515,460,836,442,3.3844,INLAND,151100
-121.13,38.47,16,2574,441,1041,428,3.6645,INLAND,203400
-121.32,37.95,40,964,230,742,209,1.2625,INLAND,43000
-121.5,38.59,43,88,21,119,19,1.725,INLAND,67500
-114.62,33.62,26,18,3,5,3,0.536,INLAND,275000
-118.17,34.68,13,5341,773,2288,724,6.6772,INLAND,185600
-122.63,38.95,11,686,127,246,86,1.7083,INLAND,77300
-119.16,36.31,7,2946,664,1608,622,1.6829,INLAND,80200
-117.62,34.11,17,1869,311,831,262,6.148,INLAND,243900
-119.69,36.8,31,2576,458,1306,418,3.2813,INLAND,68700
-120.98,39.93,25,2220,511,912,449,1.8914,INLAND,87800
-121.51,38.53,34,1613,265,631,266,4.25,INLAND,191900
-119.73,36.83,14,3348,491,1584,493,5.0828,INLAND,111400
-119.6,37.29,13,1722,325,712,269,2.625,INLAND,137500
-122,38.28,3,7030,1191,3238,1055,4.962,INLAND,161700
-122.05,38.26,32,1070,199,631,195,2.6827,INLAND,98900
-117.32,34.24,29,1290,263,323,113,1.9265,INLAND,103300
-121.3,38.61,25,2707,464,1423,490,4.3235,INLAND,116900
-117.57,34.07,4,2152,580,1083,441,3.1458,INLAND,118800
-122.25,40.42,17,1429,265,692,245,2.8611,INLAND,98700
-120.85,37.05,32,2893,481,1198,466,3.1719,INLAND,140600
-121.9,38.02,12,1497,360,943,341,2.1417,INLAND,122200
-121.03,40.35,52,5486,1044,1977,754,2.1833,INLAND,49500
-116.75,33.83,16,5277,1070,657,276,3.3333,INLAND,143400
-117.28,34.68,28,1932,421,1156,404,1.8958,INLAND,55600
-121.93,37.93,16,2169,262,877,245,6.6049,INLAND,312600
-120.25,38.55,15,4403,891,1103,433,3.0125,INLAND,111700
-119.64,36.33,41,3095,766,1852,721,1.4524,INLAND,51700
-120.47,37.34,9,2934,511,1227,501,3.6742,INLAND,117200
-122.92,39.05,16,1548,295,605,250,3.5652,INLAND,119000
-115.52,33.12,38,1327,262,784,231,1.8793,INLAND,60800
-119.08,36.22,28,1606,320,1158,317,3.0324,INLAND,55600
-118.04,34.1,38,2317,451,1155,426,4.1488,INLAND,235300
-120.06,36.97,35,1859,428,1208,399,1.4044,INLAND,61700
-120.27,39.35,11,2520,401,397,165,4.665,INLAND,145600
-118.91,36.79,19,1616,324,187,80,3.7857,INLAND,78600
-120.79,38.54,34,1133,254,495,187,2.05,INLAND,68900
-121.41,38.34,24,1605,277,1966,250,3.0833,INLAND,162500
-119.48,36.5,32,3451,625,1968,574,2.9554,INLAND,110300
-121.48,38.53,38,1451,315,786,340,2.3487,INLAND,101600
-119.02,35.34,34,2861,510,1375,486,3.4286,INLAND,71400
-119.85,36.43,23,1824,354,1146,362,2.8913,INLAND,60900
-117.23,33.89,5,11775,2031,6686,1911,4.1953,INLAND,136600
-117.44,34.08,15,5024,992,3208,981,3.6025,INLAND,116400
-120.99,37.68,28,3269,647,1595,617,2.2336,INLAND,112700
-117.72,34.1,46,2477,458,1034,455,5.5,INLAND,289700
-121.37,36.84,11,1996,382,1023,358,3.5714,INLAND,243000
-117.33,34.03,14,1582,347,825,259,2.8281,INLAND,106300
-122.37,40.45,18,1748,337,921,327,3.3315,INLAND,85400
-117.44,33.96,29,124,22,50,18,12.5381,INLAND,112500
-119.8,36.75,41,1659,466,1391,447,1.3527,INLAND,61200
-116.39,33.82,15,11115,2257,4122,1653,2.7219,INLAND,74400
-122.93,40.78,20,3758,798,1685,757,2.3667,INLAND,91200
-121.79,37.99,10,4156,609,1878,586,5.6506,INLAND,178600
-121.45,38.53,38,1746,388,1142,315,1.7714,INLAND,69900
-121.58,39.79,19,2636,523,1184,465,2.7863,INLAND,108600
-121.42,38.68,32,2118,345,1019,338,3.725,INLAND,112200
-119.73,36.68,32,755,205,681,207,1.7986,INLAND,49300
-120.51,35.91,39,768,162,264,118,5.3245,INLAND,250000
-117.44,34.45,6,6068,1137,3094,947,3.5167,INLAND,130900
-121.43,38.52,43,2089,399,955,385,2.5898,INLAND,72100
-116.98,34.05,6,2290,312,957,274,7.2708,INLAND,316700
-116.46,33.78,33,2565,745,2301,638,2.5477,INLAND,83000
-121.01,37.64,36,1981,507,1998,468,1.9013,INLAND,69900
-121.26,38.13,25,2549,675,2053,648,2.0875,INLAND,83100
-121.48,38.57,52,567,193,272,187,1.625,INLAND,187500
-119.63,36.76,22,4126,614,1795,613,4.925,INLAND,154700
-116.39,33.72,19,7646,1618,2496,1075,3.5569,INLAND,128000
-121.56,39.69,8,2836,522,1163,512,3.13,INLAND,168300
-121,39.16,10,1170,225,537,194,3.2813,INLAND,163200
-118.99,35.32,26,875,199,567,204,0.9288,INLAND,36600
-121.22,37.97,37,1514,337,1121,337,2.401,INLAND,58400
-121.45,38.69,32,2962,526,1542,521,2.2243,INLAND,89200
-121.82,38.36,26,1974,364,1002,362,3.3036,INLAND,210000
-117.43,33.99,18,3307,547,1738,457,4.566,INLAND,116900
-119.72,36.81,15,2175,564,1194,482,2.6767,INLAND,87500
-121.46,38.53,37,2745,588,1607,556,1.8007,INLAND,65400
-119.76,36.79,26,3654,837,1976,830,2.1544,INLAND,72800
-117.97,34.13,33,2038,473,1546,469,3.4777,INLAND,144500
-121.47,38.48,25,2969,551,1745,487,2.6382,INLAND,76200
-116.51,34.45,21,8502,2634,2330,991,1.3811,INLAND,51300
-116.52,33.82,21,10227,2315,3623,1734,2.5212,INLAND,145200
-117.57,34.15,3,12806,2219,4249,1499,5.485,INLAND,343100
-119.74,36.65,19,2546,463,1257,418,2.9013,INLAND,89500
-116.8,33.52,3,830,145,272,104,3.8281,INLAND,163500
-120.87,41.54,21,1091,208,660,188,2.2321,INLAND,34600
-119.25,36.56,35,1675,373,1131,316,1.6722,INLAND,59100
-121.21,38.83,21,3691,640,1758,603,3.5607,INLAND,151900
-120.42,40.38,26,1652,313,762,280,2.4757,INLAND,85600
-121.15,38.89,20,2024,313,879,309,5.2903,INLAND,239400
-120.33,38,14,1944,330,822,314,3.5,INLAND,170700
-119.04,35.36,40,1533,312,771,306,3.0435,INLAND,69500
-119.69,36.73,30,2437,349,1005,380,7.2211,INLAND,171700
-117.65,34.11,28,2788,370,1140,385,5.3368,INLAND,233500
-121.29,37.89,26,161,27,1542,30,5.7485,INLAND,162500
-119.69,36.79,13,1736,313,993,314,3.7697,INLAND,83600
-117.68,34.11,16,3190,471,1414,464,5.5292,INLAND,208600
-117.95,35.13,4,2630,502,1150,422,4.25,INLAND,104400
-119.04,35.95,25,1009,246,994,222,1.8462,INLAND,55800
-117.37,34,36,730,155,476,142,2.4306,INLAND,88900
-117.36,33.98,46,1680,453,1570,435,2.0436,INLAND,82300
-120.84,37.49,25,2383,576,1234,583,1.4529,INLAND,86100
-121.21,37.79,33,811,185,446,198,1.6724,INLAND,96900
-115.59,32.69,30,935,177,649,148,2.5769,INLAND,94400
-117.73,34.05,28,2758,771,2877,694,2.0734,INLAND,113300
-119.83,36.79,35,1872,363,1054,369,3.3272,INLAND,65600
-115.56,32.78,29,1568,283,848,245,3.1597,INLAND,76200
-118.05,34.1,42,2065,404,1313,402,4.0179,INLAND,274300
-118.91,35.3,28,1793,358,1233,351,2.7845,INLAND,82200
-119.05,35.34,14,3580,984,1933,912,2.6637,INLAND,175000
-116.61,33.04,11,2522,538,616,269,3.875,INLAND,198100
-118.3,37.17,22,3480,673,1541,636,2.75,INLAND,94500
-119.33,36.3,11,3045,,1563,516,5.4337,INLAND,133800
-119.34,36.32,6,3266,604,1769,580,3.1574,INLAND,89200
-121.59,36.97,16,865,123,403,130,5.7396,INLAND,308700
-119.76,36.73,39,1553,363,1449,341,1.4419,INLAND,45500
-119,35.31,37,1337,275,767,273,1.6522,INLAND,53300
-118.93,36.1,19,2988,681,1654,576,2.3792,INLAND,90000
-121.28,38.03,11,826,150,684,166,3.9265,INLAND,107400
-121.36,38.4,18,4813,849,2333,843,4.175,INLAND,144400
-121.35,38.68,20,7085,1222,3455,1229,4.3118,INLAND,120000
-117.23,34.13,10,1145,293,726,251,1.645,INLAND,68700
-119.32,36.31,21,2309,424,1047,453,2.9886,INLAND,87500
-117.2,34.5,10,4201,850,2378,808,2.1781,INLAND,92200
-121.36,38.63,30,2619,370,940,359,4.7283,INLAND,164500
-122.02,38.26,8,2894,602,1566,572,3.6335,INLAND,131600
-117.24,34.12,29,2654,667,1822,593,2.1563,INLAND,72300
-121.04,37.78,32,2916,528,1466,473,2.5643,INLAND,200000
-121.29,38.07,21,1185,207,533,213,3.1917,INLAND,204500
-121.36,38.03,14,2356,438,1378,481,3.7375,INLAND,138800
-121.04,39.22,14,1889,471,853,399,2.25,INLAND,112500
-121.3,38.03,13,1014,200,712,197,3.1471,INLAND,102800
-122.46,38.53,32,1735,331,785,309,3.6641,INLAND,275800
-115.73,33.36,19,749,238,476,169,1.7727,INLAND,50000
-121.44,38.48,12,4929,1010,2621,870,2.7262,INLAND,109800
-120.72,38.57,8,892,185,427,164,2.6833,INLAND,118800
-121.33,38.6,25,4260,607,1635,640,6.2817,INLAND,288200
-121.44,38.6,16,2987,864,1240,755,2.8231,INLAND,137500
-121.2,38.02,44,608,108,287,83,3.3882,INLAND,125000
-120.49,37.31,45,1834,421,1405,407,2.0521,INLAND,72400
-121.56,39.08,26,1377,289,761,267,1.4934,INLAND,48300
-118.38,34.58,18,1859,375,913,372,4.3456,INLAND,148900
-115.52,34.22,30,540,136,122,63,1.3333,INLAND,42500
-119.96,38.94,19,1429,292,585,188,2.2589,INLAND,131600
-117.35,33.97,27,3960,886,2807,838,3.024,INLAND,122500
-119.79,36.72,41,1562,322,927,277,1.3047,INLAND,44100
-120.51,41.35,16,2843,564,892,386,2.5074,INLAND,69100
-121.38,38.69,35,2943,554,1460,510,2.6713,INLAND,84400
-121.43,38.61,40,1134,252,675,249,1.3696,INLAND,65200
-121.6,37.91,13,2479,394,1075,350,5.1017,INLAND,241400
-119.99,38.94,24,1216,289,421,185,3.1625,INLAND,103600
-117.46,33.92,21,713,142,476,142,3.5208,INLAND,121100
-120.09,37.02,9,1608,297,1057,295,3.7143,INLAND,81600
-119.67,36.72,31,843,140,453,149,2.6875,INLAND,153800
-121.22,37.8,28,2608,576,1719,554,2.1186,INLAND,94400
-119.79,36.78,41,2227,462,1129,415,2.319,INLAND,59100
-117.17,34.28,13,4867,718,780,250,7.1997,INLAND,253800
-117.66,34.15,25,3430,485,1284,438,8.5282,INLAND,360100
-117.32,33.8,11,3196,576,1757,552,4.0982,INLAND,173300
-121.37,38.67,36,1786,338,974,319,2.555,INLAND,72700
-117.25,34.51,7,3200,477,1522,470,4.6914,INLAND,142200
-117.27,34.12,31,2209,636,1314,562,1.7235,INLAND,78800
-121.9,38.72,38,575,107,259,109,3.75,INLAND,187500
-122.23,40.17,21,1401,331,651,299,2.225,INLAND,64700
-121.83,38,15,6365,1646,3838,1458,2.5495,INLAND,103600
-121.38,38.62,34,2352,610,1127,592,2.2,INLAND,116500
-117.15,34.03,26,5305,701,1818,676,6.1461,INLAND,217100
-121.42,37.74,38,773,147,320,134,2.825,INLAND,152500
-118.44,35.75,23,3166,700,1097,493,2.6288,INLAND,96000
-121.24,39.22,14,983,163,399,161,2.2917,INLAND,145100
-121.29,37.97,52,1610,480,1025,440,1.2962,INLAND,110200
-121.31,38.72,11,2306,420,1308,418,3.9506,INLAND,122200
-121.06,36.72,23,395,70,166,52,2.2132,INLAND,100000
-114.98,33.07,18,1183,363,374,127,3.1607,INLAND,57500
-120.81,38.89,17,1438,324,675,268,2.9444,INLAND,119300
-121.39,38.63,30,2930,739,1661,668,2.7813,INLAND,118900
-119.81,36.78,35,1012,245,633,240,2.0324,INLAND,55500
-120.99,39.04,17,2289,450,1182,397,2.3696,INLAND,166800
-121,37.61,36,2647,604,2045,550,2.273,INLAND,62900
-119.74,36.75,47,2236,418,1042,397,2.9545,INLAND,59600
-117.72,34.05,8,1841,409,1243,394,4.0614,INLAND,107000
-121.2,37.8,37,311,61,171,54,4.0972,INLAND,101800
-119.01,35.35,39,598,149,366,132,1.9125,INLAND,57900
-121.78,38.01,19,2688,469,1216,422,4.4491,INLAND,133900
-118.04,34.13,22,3359,643,1227,588,4.645,INLAND,276200
-121.03,37.66,31,887,217,614,199,2.1528,INLAND,75500
-121.45,38.51,29,4221,901,2294,850,2.2245,INLAND,75900
-121.44,38.49,31,4297,788,2083,771,3.3878,INLAND,109300
-117.57,34.13,5,6135,879,2795,781,5.9369,INLAND,225200
-117.61,34.04,8,4116,766,1785,745,3.1672,INLAND,150200
-121.33,37.96,20,1727,386,730,342,2.5195,INLAND,92600
-118.98,35.4,34,813,171,440,170,2.8393,INLAND,69800
-117.51,33.97,35,352,62,184,57,3.6691,INLAND,137500
-117.55,33.85,4,8207,1373,3887,1304,4.8686,INLAND,195300
-119.72,37.38,16,2131,424,989,369,2.6071,INLAND,103700
-116.93,33.73,13,3603,573,1644,515,4.0433,INLAND,132300
-116.21,33.75,22,894,,830,202,3.0673,INLAND,68200
-119.42,35.97,21,554,121,426,122,2.3516,INLAND,47500
-121.24,38.78,18,549,143,249,136,0.8691,INLAND,136500
-122.06,38.25,34,1562,289,898,307,3.3598,INLAND,107200
-116.82,34.24,11,5799,1527,713,262,2.5147,INLAND,84700
-121.81,37.97,8,1584,236,615,202,6.4753,INLAND,166800
-121.78,38.68,39,2806,662,1659,638,1.9787,INLAND,97800
-121.23,37.98,27,849,137,373,131,5.0362,INLAND,181300
-121.23,37.78,20,273,49,149,49,4.8229,INLAND,158300
-121.21,38.76,16,1608,296,792,286,3.1583,INLAND,239200
-120.76,38.76,21,3509,606,1576,564,2.6392,INLAND,148500
-120.06,36.72,32,981,237,736,249,1.8,INLAND,60400
-117.31,34.08,43,1697,387,1181,352,1.9234,INLAND,74600
-121.99,38.15,36,263,73,88,42,2.5313,INLAND,162500
-116.93,33.74,15,3757,666,1693,654,3.6806,INLAND,112800
-120.31,37.11,38,1696,301,985,278,2.4054,INLAND,112500
-118.01,34.12,43,1185,207,657,198,4.5491,INLAND,214800
-120.89,37.54,30,509,115,275,115,2.2679,INLAND,250000
-121.51,37.02,19,2372,394,1142,365,4.0238,INLAND,374600
-116.34,33.36,24,2746,514,731,295,3.3214,INLAND,176400
-115.96,33.3,27,322,81,112,57,1.125,INLAND,54400
-121.13,38.87,48,1127,,530,186,3.0917,INLAND,128100
-119.8,36.75,52,1788,449,1156,418,1.7298,INLAND,58400
-117.3,34.52,34,4493,838,2335,779,3.1635,INLAND,74300
-122.28,40.5,21,2405,476,1197,412,2.6488,INLAND,83100
-115.38,32.81,35,1263,262,950,241,1.8958,INLAND,67500
-117.37,34.01,15,1386,247,703,185,3.6415,INLAND,124200
-121.57,37.02,17,2889,624,2681,608,2.9417,INLAND,178000
-121.02,37.7,16,3476,650,2126,665,3.3438,INLAND,125400
-122.35,40.56,16,2801,614,1695,563,1.9,INLAND,81600
-117.11,33.98,25,1254,312,715,301,2.7344,INLAND,149000
-119.86,36.45,19,2439,462,1416,469,2.4474,INLAND,75600
-117.07,34.24,21,4773,1047,337,130,3.9375,INLAND,115000
-121.02,37.62,30,1721,399,1878,382,2.5363,INLAND,83900
-119.75,36.75,49,2331,460,1290,477,2.5111,INLAND,55400
-120.64,36.99,23,2363,449,1168,410,2.2794,INLAND,75700
-117.31,34.04,29,2481,383,1188,385,4.7344,INLAND,134600
-117.34,33.94,20,4589,594,1660,595,7.4141,INLAND,236500
-121.12,37.73,35,1107,227,573,210,2.3924,INLAND,102200
-121.92,38.57,10,1320,246,898,228,1.9327,INLAND,193800
-120.23,39.36,7,2045,358,245,92,4.0481,INLAND,152300
-119.69,36.43,29,1799,356,1278,387,1.7813,INLAND,57900
-122.08,40.64,14,3099,519,1447,494,4.0132,INLAND,141200
-120.99,37.68,30,1975,375,732,326,2.6932,INLAND,94900
-121.98,38.32,45,19,5,7460,6,10.2264,INLAND,137500
-117.59,34.1,17,3646,1035,1987,895,2.3603,INLAND,139300
-119.92,36.77,18,1422,243,702,230,3.6204,INLAND,119800
-121.2,37.79,36,866,160,502,149,2.4798,INLAND,101500
-121.67,40.61,8,2411,463,786,297,2.1513,INLAND,80400
-121.5,38.56,46,2646,645,1684,616,1.128,INLAND,123100
-117.66,34.13,19,3995,554,1523,509,6.075,INLAND,254100
-121.63,39.78,28,1677,327,770,309,2.6823,INLAND,93400
-117.5,33.98,21,2394,416,1291,381,4.2099,INLAND,138700
-120.82,37.05,15,1385,288,775,255,1.933,INLAND,140600
-119.4,35.06,21,2213,458,1250,440,2.9187,INLAND,52100
-122.65,38.97,32,1856,472,703,292,1.1912,INLAND,60000
-121.07,38.92,15,5301,884,2335,831,4.515,INLAND,164000
-119.1,36.19,17,1564,396,713,362,1.6186,INLAND,77100
-121.32,38.59,21,9774,1777,4674,1712,3.6817,INLAND,136100
-117.66,35.62,11,5897,1138,2728,1072,4.15,INLAND,85700
-117.84,34.12,25,3465,566,1722,536,4.8304,INLAND,228900
-115.51,33.12,21,1024,218,890,232,2.101,INLAND,46700
-119.02,35.42,40,1912,439,1015,413,1.4598,INLAND,52600
-119.73,36.72,26,2645,1005,1660,991,0.6991,INLAND,89500
-120.73,37.38,37,653,176,827,176,1.9236,INLAND,64400
-121.75,38.55,26,4802,950,2199,939,3.7452,INLAND,227700
-119.8,36.83,17,1560,261,709,258,4.3315,INLAND,95800
-117.66,34.14,8,1692,253,857,251,6.9418,INLAND,310500
-119.04,36.07,17,2623,659,1912,618,1.5893,INLAND,52000
-117.33,34.15,28,1473,333,1196,312,1.6993,INLAND,67800
-122.21,40.18,30,744,156,410,165,2.1898,INLAND,63200
-117.58,34.1,4,6360,1584,3359,1396,3.5186,INLAND,127800
-121.6,37.9,5,14684,2252,4276,1722,6.9051,INLAND,340900
-121.36,38.73,21,2253,416,1050,411,3.141,INLAND,220100
-119.34,36.21,22,3065,726,2165,738,1.4792,INLAND,54400
-121.23,37.95,36,811,168,514,152,2.625,INLAND,89200
-120.36,36.13,29,1938,434,1306,415,3.0134,INLAND,55500
-116.86,34.31,19,1649,328,382,151,4.0556,INLAND,133000
-117.34,33.94,13,7910,,3382,1176,5.5563,INLAND,214500
-119.03,35.45,14,3520,604,1748,582,4.3162,INLAND,87100
-118.95,35.37,34,1672,359,1059,349,2.1588,INLAND,61300
-119.45,35.16,34,3437,696,1783,608,2.3912,INLAND,52900
-120.85,37.77,52,436,81,197,68,1.8625,INLAND,85400
-119.06,36.08,19,2554,443,1301,419,4.1856,INLAND,72100
-121.35,38.02,15,3583,644,2183,643,3.428,INLAND,140700
-119.01,35.38,44,434,110,274,86,1.1944,INLAND,57500
-121.11,37.47,12,2263,410,913,330,3.5795,INLAND,145600
-121.44,38.52,36,3446,950,2460,847,1.6521,INLAND,69700
-121.88,38.02,46,2112,466,1249,382,2.5737,INLAND,87000
-117.55,34,17,3583,700,1587,719,2.6979,INLAND,75000
-122.28,41.38,15,5266,1031,2147,885,2.8036,INLAND,110100
-120.93,37.56,17,1812,361,672,334,1.55,INLAND,166100
-117.75,34.04,22,2948,636,2600,602,3.125,INLAND,113600
-121.41,38.58,18,6955,1882,2803,1740,3.089,INLAND,141400
-121.31,37.97,45,2604,454,988,442,3.6667,INLAND,123100
-120.27,37.12,42,1142,236,597,210,1.7279,INLAND,52300
-119.34,36.33,17,2250,430,1218,468,4.1812,INLAND,93700
-119.28,36.52,19,1402,324,1327,316,2.25,INLAND,53200
-121.53,38.6,25,5154,1105,3196,1073,2.7566,INLAND,80200
-117.76,34.05,36,2910,819,3055,782,1.9029,INLAND,98000
-117.41,34.08,38,1541,290,861,299,3.5655,INLAND,95600
-117.99,34.08,35,1032,207,954,191,2.8906,INLAND,134800
-120.63,36.98,20,2380,489,1581,505,2.0595,INLAND,61300
-121.52,38.58,24,938,275,508,253,1.642,INLAND,32500
-121.29,38.63,24,2868,527,1284,487,3.3182,INLAND,213000
-117.95,35.08,1,83,15,32,15,4.875,INLAND,141700
-117.46,33.94,26,2481,620,2411,552,1.7059,INLAND,85800
-121.98,38.29,4,8778,1291,4010,1188,5.4399,INLAND,187100
-117.14,34.06,15,3057,510,1154,460,3.9741,INLAND,141100
-121.39,38.51,19,1808,375,758,320,2.0062,INLAND,92000
-119.06,36.15,20,1282,273,852,247,1.6354,INLAND,49000
-118.29,34.36,34,503,99,275,68,4.5491,INLAND,375000
-120.41,38.03,14,2061,465,859,462,2.1289,INLAND,115300
-117.21,33.82,2,4198,805,1943,673,3.9052,INLAND,122100
-117.71,34.07,24,1948,362,1286,364,3.6,INLAND,139300
-117.57,34.02,5,6933,1311,3845,1285,4.6727,INLAND,158900
-121.48,38.58,52,2501,757,1081,708,1.5872,INLAND,157500
-118.94,35.37,33,3372,741,2352,704,2.0643,INLAND,57600
-119.87,36.34,26,1414,265,779,249,2.9167,INLAND,83900
-121.29,37.95,52,107,79,167,53,0.7917,INLAND,22500
-115.6,33.04,31,314,61,152,56,3.3472,INLAND,91700
-118.02,34.14,31,6854,1578,4131,1524,3.5878,INLAND,222800
-121.84,37.98,8,7505,1089,3325,1016,5.2699,INLAND,204200
-121.15,38.21,18,4176,700,2164,699,4.0365,INLAND,174200
-121.26,38.66,8,1145,241,447,216,4.0781,INLAND,124300
-117.55,33.88,19,2472,618,2143,610,2.2372,INLAND,108800
-117.27,34.13,36,3337,687,2388,589,2.9628,INLAND,87800
-119.84,36.8,16,2849,506,1508,478,3.4074,INLAND,72700
-120.9,37.66,19,3377,669,2426,663,2.9783,INLAND,82500
-117.62,34.07,15,4061,811,2884,734,3.3936,INLAND,127000
-119.61,36.58,29,1312,280,788,271,2.6974,INLAND,73000
-120.27,37.12,36,1219,258,639,245,1.9464,INLAND,57000
-119.77,36.74,51,1454,235,729,252,3.3125,INLAND,70100
-119.33,36.22,9,3748,644,1955,620,4.2011,INLAND,108100
-118.95,35.38,30,2594,478,1419,480,3.725,INLAND,83100
-118.19,34.77,16,2035,370,704,330,2.1979,INLAND,146400
-121.37,38.63,32,3658,797,1452,715,2.6623,INLAND,120700
-117.68,34.08,21,5662,1185,3067,1055,3.3482,INLAND,137300
-115.57,32.78,15,1413,279,803,277,4.3021,INLAND,87500
-121.47,38.51,52,20,4,74,9,3.625,INLAND,80000
-120.54,40.29,17,3391,623,1529,571,3.4028,INLAND,91000
-121.4,38.63,30,3626,834,1577,806,2.517,INLAND,130400
-117.37,34,41,1248,278,770,250,3.025,INLAND,90600
-121.55,39.45,18,2278,523,1185,475,1.3611,INLAND,60600
-121.44,38.58,43,1806,339,764,341,3.9271,INLAND,147100
-121.96,37.94,26,3084,505,1557,501,5.1582,INLAND,194700
-116.57,33.64,10,489,82,183,74,6.2702,INLAND,345500
-117.7,34.09,25,1719,331,1098,324,3.625,INLAND,121800
-117.6,33.87,15,7626,1570,3823,1415,3.4419,INLAND,138100
-117.73,34.06,51,498,115,368,112,1.4063,INLAND,98800
-116.95,33.75,19,2238,573,1190,507,2.0714,INLAND,85800
-117.38,33.89,12,3964,524,1707,549,5.1624,INLAND,267900
-117.9,34.15,21,2056,461,1332,429,3.3942,INLAND,212800
-121.69,39.36,29,2220,471,1170,428,2.3224,INLAND,56200
-121.07,39.05,10,1813,311,827,287,3.6087,INLAND,182100
-119.77,36.86,7,4139,544,1843,562,8.2737,INLAND,193500
-120.98,37.6,36,1437,,1073,320,2.1779,INLAND,58400
-121.27,37.82,26,1170,238,830,216,2.6458,INLAND,127500
-121.18,38.75,16,2807,459,1201,429,4.7941,INLAND,247600
-121.99,38.53,6,4598,834,2561,812,3.4186,INLAND,127300
-115.56,32.78,46,2511,490,1583,469,3.0603,INLAND,70800
-115.46,33.19,33,1234,373,777,298,1,INLAND,40000
-121.81,38.01,47,1942,430,1074,393,2.2361,INLAND,105100
-119.94,37.04,14,1636,253,766,225,3.125,INLAND,88500
-121.25,38.66,26,3670,556,1616,550,5.02,INLAND,169600
-120.91,37.74,19,1690,327,855,296,3.25,INLAND,176700
-115.52,32.98,32,1615,382,1307,345,1.4583,INLAND,58600
-119.34,36.32,14,1204,227,633,247,3.925,INLAND,83800
-120.98,37.65,36,826,167,432,150,2.5,INLAND,103100
-121.35,38.61,25,4916,1243,2140,1136,2.5511,INLAND,134100
-121.24,37.93,21,1185,237,960,245,2.0893,INLAND,65000
-121.78,37.68,17,3112,872,1392,680,3.0222,INLAND,172500
-119.78,36.65,27,1226,240,706,211,2.77,INLAND,68400
-121.58,39.76,19,2487,485,1110,453,3.1061,INLAND,110200
-122.63,38.94,25,661,144,192,93,1.7566,INLAND,49000
-115.9,32.69,18,414,86,98,54,1.5417,INLAND,57500
-117.29,34.15,49,1820,321,757,324,3.2976,INLAND,102600
-121.35,37.97,33,3656,681,1698,671,3.1406,INLAND,93900
-117.42,34.13,4,11587,1796,5804,1705,4.8283,INLAND,141900
-121.5,38.57,45,858,254,510,200,1.0114,INLAND,80000
-119.71,36.81,19,2282,550,1034,500,1.6618,INLAND,69700
-120.05,36.98,16,3705,739,2463,697,2.5288,INLAND,61800
-117.76,34.04,34,1914,,1564,328,2.8347,INLAND,115800
-120.5,37.34,16,1245,231,956,219,3.4559,INLAND,108000
-119.43,36.59,15,1371,306,1266,309,1.767,INLAND,63300
-121.97,38.03,17,3685,685,1939,649,3.7043,INLAND,139800
-117.99,34.07,31,1507,369,1548,347,3.4327,INLAND,147200
-121.27,38.13,39,2614,634,1862,654,1.9238,INLAND,70700
-121.58,39.14,52,662,160,520,149,0.8928,INLAND,55000
-121.35,38.04,5,4303,613,2206,621,5.5842,INLAND,159100
-121.47,38.61,35,1372,360,850,328,1.6331,INLAND,67500
-121.06,38.7,9,13255,1739,5001,1627,6.314,INLAND,228900
-121.41,36.84,23,1771,356,1105,338,3.7049,INLAND,192200
-116.86,34.24,19,5411,1042,441,185,3.1324,INLAND,132000
-117.39,34.12,7,5059,780,3253,801,4.9196,INLAND,140500
-121.54,40.06,17,858,262,47,27,2.4028,INLAND,67500
-121.19,37.93,27,1621,363,909,345,2.1513,INLAND,99700
-117.65,34.08,40,1609,258,624,242,5.4689,INLAND,158200
-117.04,34.04,30,3474,735,1674,691,2.5863,INLAND,98300
-117.94,34.15,33,859,144,421,138,4.4821,INLAND,220100
-120.88,37.57,22,1440,267,774,249,3.9821,INLAND,204300
-115.57,32.8,16,1307,359,961,327,1.1853,INLAND,72600
-119.99,37.51,14,2878,617,1011,509,1.398,INLAND,103800
-121.87,37.67,10,4337,800,1813,743,5.5,INLAND,247200
-121.25,37.95,46,2001,428,1384,401,1.9402,INLAND,62200
-117.36,33.92,7,9376,1181,3570,1107,8.5326,INLAND,315200
-117.96,34.09,30,2686,613,2477,573,3.4427,INLAND,160800
-117.14,34.05,5,2634,359,1173,372,6.746,INLAND,204100
-121.48,38.59,52,1186,341,1038,320,1.6116,INLAND,70500
-119.23,35.77,36,3225,635,2034,593,2.4044,INLAND,72500
-122.35,40.68,36,1822,449,930,399,1.3801,INLAND,56600
-122.43,40.47,16,3552,704,1801,658,2.1496,INLAND,97700
-119.73,36.76,30,1548,282,886,311,3.1,INLAND,71300
-117.66,34,5,1387,236,855,270,5.411,INLAND,201100
-117.42,34.02,9,5455,882,3015,858,4.2321,INLAND,162800
-120.62,38.71,10,6305,1150,2597,921,4.0197,INLAND,132200
-117.56,34.12,4,6956,1271,3455,1228,4.7193,INLAND,178700
-117.33,34.17,5,4718,1140,2564,1056,2.9877,INLAND,119900
-121.81,38.58,17,1964,314,808,286,5.9629,INLAND,286000
-117.26,34.13,39,3521,747,2256,721,2.1375,INLAND,87500
-121.63,39.75,37,1296,296,569,257,1.8616,INLAND,70500
-116.87,33.76,5,4116,761,1714,717,2.5612,INLAND,130800
-121.31,38.64,19,5407,838,1927,804,4.6302,INLAND,195400
-121.9,38.03,51,2982,689,1831,608,2.0034,INLAND,87700
-121.3,38.14,17,3507,696,1867,709,3.2123,INLAND,120700
-116.95,33.73,21,4587,810,2233,765,3.2371,INLAND,94500
-117.55,33.83,6,502,76,228,65,4.2386,INLAND,500001
-118.04,34.11,44,773,120,405,121,5,INLAND,447100
-119.4,36.55,19,3000,628,2202,590,2.5141,INLAND,67400
-121.68,39.82,15,3996,748,1786,728,3.5189,INLAND,141300
-117.4,33.94,42,943,171,466,203,3.1458,INLAND,116000
-121.76,38.68,38,674,178,701,189,1.3942,INLAND,69400
-120.63,38.73,11,4577,836,1944,700,4.0675,INLAND,140200
-120.96,39.12,24,2069,436,909,374,2.5326,INLAND,139100
-117.75,34.06,52,62,9,44,16,0.4999,INLAND,112500
-121.63,39.18,13,1907,347,821,367,2.0978,INLAND,134000
-122.39,40.58,44,1625,392,944,347,1.5972,INLAND,68900
-121.3,38.02,16,2717,621,3343,643,2.5473,INLAND,106300
-119.82,36.78,36,1582,313,761,318,2.6055,INLAND,69200
-119.05,36.07,21,2472,523,1238,504,1.7756,INLAND,62900
-117.32,34.55,18,279,59,188,60,0.8246,INLAND,91700
-121.47,38.95,34,2129,350,969,314,2.7039,INLAND,106300
-119.29,36.32,33,2107,451,1364,442,2.2024,INLAND,67200
-121.06,38.91,18,6501,1416,2954,1373,2.5373,INLAND,143000
-120.55,36.97,42,1766,344,1084,323,2.3295,INLAND,74400
-121.89,38.01,30,4114,743,1994,722,4.2227,INLAND,134400
-117.37,33.96,33,3974,548,1398,528,7.2519,INLAND,216600
-117.31,34.13,35,1622,393,1296,362,1.9286,INLAND,68500
-121.22,38.78,8,3418,514,1312,409,6.3914,INLAND,218000
-120.97,37.84,28,2368,430,1231,403,2.883,INLAND,141900
-119.08,35.32,8,11609,2141,5696,2100,5.0012,INLAND,106300
-121.94,38.35,8,3157,559,1758,569,4.412,INLAND,140100
-121.35,38.7,5,14414,2979,7608,2832,3.5802,INLAND,129600
-120.95,37.73,12,3609,712,2650,742,2.8565,INLAND,92700
-121.3,38.67,23,2145,340,1022,349,4.2037,INLAND,125400
-121.23,37.95,32,2081,472,1342,411,2.7958,INLAND,59000
-119.12,35.39,13,1264,202,552,187,4.5903,INLAND,94300
-122.23,39.75,16,2026,396,1031,382,1.9375,INLAND,73100
-121.01,38.73,7,6322,1046,2957,1024,4.7276,INLAND,197500
-120.95,37.59,43,1561,354,862,332,1.8466,INLAND,81500
-121.5,38.61,5,1395,373,638,322,2.6745,INLAND,225000
-121.7,37.96,33,2396,452,1391,465,3.2813,INLAND,151400
-123.24,39.81,25,1435,304,746,259,1.7788,INLAND,57900
-119.72,36.34,33,1287,214,580,210,3.2019,INLAND,112500
-121.89,38.02,36,2707,550,1827,545,3.3371,INLAND,94600
-117.04,32.66,22,3362,630,1471,612,4.1442,NEAR OCEAN,303900
-118.29,33.72,21,1568,452,801,422,3.5109,NEAR OCEAN,225000
-117.08,32.57,9,6298,1512,4451,1456,2.569,NEAR OCEAN,88300
-117.04,32.55,15,2206,648,2511,648,1.6348,NEAR OCEAN,93200
-122.22,37.46,37,2586,495,1208,502,4.3214,NEAR OCEAN,342700
-117.27,33.15,4,23915,4135,10877,3958,4.6357,NEAR OCEAN,244900
-120.16,34.61,17,921,189,434,219,3.0185,NEAR OCEAN,500001
-122.39,37.57,35,520,83,185,76,6.4865,NEAR OCEAN,450000
-117.25,32.8,35,2281,506,1005,496,4.2296,NEAR OCEAN,275000
-118.28,33.74,44,1853,556,2090,539,1.8584,NEAR OCEAN,248100
-119.09,34.22,8,40,10,309,16,4.0208,NEAR OCEAN,52500
-117.06,32.71,21,1864,388,1498,389,3.8194,NEAR OCEAN,125700
-117.16,32.8,25,1399,329,1308,355,2.5682,NEAR OCEAN,187500
-117.01,32.71,20,3506,692,1977,668,2.981,NEAR OCEAN,129100
-118.18,33.82,43,284,65,167,68,4.25,NEAR OCEAN,207500
-117.07,32.69,28,1485,275,820,283,4.069,NEAR OCEAN,153300
-117.22,32.82,35,756,135,423,136,3.5234,NEAR OCEAN,183900
-121.93,36.62,39,869,173,406,165,4.0313,NEAR OCEAN,253800
-117.24,33,16,2512,356,795,353,7.5975,NEAR OCEAN,369100
-120.81,35.19,14,3414,802,1236,632,3.7635,NEAR OCEAN,336200
-117.2,33.12,18,4372,736,1473,675,5.1194,NEAR OCEAN,247800
-122.47,37.7,45,3290,693,2466,666,3.6588,NEAR OCEAN,238600
-117.36,33.2,19,1926,557,1190,483,1.3269,NEAR OCEAN,166100
-117.08,32.63,33,2891,793,1607,754,2.1281,NEAR OCEAN,139800
-117.05,32.76,46,1887,359,795,358,3.25,NEAR OCEAN,159600
-122.28,37.54,24,5114,1357,3169,1268,3.9699,NEAR OCEAN,293200
-122.29,37.53,35,2043,511,1089,504,3.0278,NEAR OCEAN,310600
-117.26,32.95,22,5484,1227,1947,1012,4.4375,NEAR OCEAN,500001
-122.2,37.43,40,2223,412,1050,417,5.2421,NEAR OCEAN,444500
-117.23,32.87,15,2290,662,1034,594,3.0104,NEAR OCEAN,204200
-118.16,33.78,39,4075,1085,2470,1025,2.3317,NEAR OCEAN,222500
-120.95,35.44,30,6346,1410,1769,887,2.6864,NEAR OCEAN,283600
-118.18,33.74,30,5915,1750,2136,1503,4.0968,NEAR OCEAN,310000
-120.65,35.28,32,896,240,548,231,2.5455,NEAR OCEAN,165900
-121.88,36.96,18,6355,1100,2304,972,6.0281,NEAR OCEAN,321100
-117.09,32.74,42,1986,472,1472,475,2.1757,NEAR OCEAN,110100
-120.08,34.59,24,1874,319,820,315,5.1909,NEAR OCEAN,390200
-117.19,32.77,9,634,152,248,133,3.8571,NEAR OCEAN,143800
-117.16,32.58,36,1940,399,1076,382,3.3906,NEAR OCEAN,147800
-118.35,33.74,25,8272,1132,3392,1132,10.0973,NEAR OCEAN,500001
-118.18,33.77,41,2048,601,852,533,2.5726,NEAR OCEAN,193800
-117.1,32.67,22,1690,541,1669,494,2.0213,NEAR OCEAN,110600
-117.14,32.8,33,2670,435,1256,431,3.9417,NEAR OCEAN,179800
-117.06,32.58,13,3435,708,1761,699,3.4792,NEAR OCEAN,107600
-122.46,37.69,26,4302,1125,3320,1100,3.4375,NEAR OCEAN,277700
-121.9,36.93,22,7281,1233,1849,832,5.3276,NEAR OCEAN,335500
-120.83,35.33,14,4155,787,2112,755,4.4766,NEAR OCEAN,192700
-117.09,32.77,38,2065,374,812,343,3.125,NEAR OCEAN,216500
-122.48,37.69,33,2347,512,1259,481,3.4492,NEAR OCEAN,264300
-117.01,32.67,17,2319,348,1125,337,5.551,NEAR OCEAN,266900
-122.48,37.68,31,3506,653,2296,645,5.5647,NEAR OCEAN,268700
-118.21,33.83,38,793,193,601,187,2.8837,NEAR OCEAN,176100
-116.97,32.65,4,16450,2833,7985,2683,5.6631,NEAR OCEAN,233400
-119.21,34.26,23,2887,540,1508,518,3.3452,NEAR OCEAN,217600
-120.69,35.26,20,1248,231,722,225,4.625,NEAR OCEAN,221800
-117.21,32.83,36,1475,328,806,327,3.5078,NEAR OCEAN,166000
-119.22,34.15,32,3152,596,3490,526,2.725,NEAR OCEAN,450000
-118.19,33.8,41,2125,591,1604,555,2.9943,NEAR OCEAN,190600
-118.19,33.78,31,1648,484,898,457,1.5844,NEAR OCEAN,162500
-119.17,34.17,21,2361,464,1146,396,3.6597,NEAR OCEAN,195100
-122.46,37.72,49,1207,255,658,220,4.0859,NEAR OCEAN,228600
-117.15,33.02,4,15029,2279,5613,1696,7.2731,NEAR OCEAN,450400
-122.23,37.47,39,5264,1259,3057,1265,3.623,NEAR OCEAN,276600
-117.13,32.75,37,4142,1031,1936,968,2.693,NEAR OCEAN,174100
-118.28,33.74,40,1751,512,1939,503,1.5394,NEAR OCEAN,200000
-118.11,33.75,15,2569,812,785,477,5.4011,NEAR OCEAN,346400
-119.34,34.39,27,669,131,314,106,2.4659,NEAR OCEAN,231300
-122.45,37.7,46,2193,499,1814,489,4.0125,NEAR OCEAN,230100
-118.3,33.73,42,1731,,866,403,2.7451,NEAR OCEAN,255400
-121.93,36.63,28,3983,852,1582,778,3.5147,NEAR OCEAN,313900
-118.18,33.79,20,1255,360,1201,318,1.2206,NEAR OCEAN,162500
-117.24,32.71,32,4164,701,1277,607,6.6661,NEAR OCEAN,500001
-119.15,34.25,36,3511,664,2965,695,4.0878,NEAR OCEAN,186800
-117.23,33.01,18,3961,511,1541,470,11.1118,NEAR OCEAN,500001
-117.05,32.75,43,1718,344,826,336,2.7014,NEAR OCEAN,133700
-117.36,33.18,39,1546,291,833,308,2.8893,NEAR OCEAN,185400
-119.8,34.44,27,2674,419,1176,416,5.0294,NEAR OCEAN,280200
-118.31,33.74,22,5042,974,2260,935,4.3472,NEAR OCEAN,351200
-123.49,38.7,9,5409,1019,594,327,3.3125,NEAR OCEAN,295400
-117.15,32.74,26,3149,832,1320,808,3.0259,NEAR OCEAN,211700
-122.46,37.65,21,2751,502,2027,491,5.2573,NEAR OCEAN,322900
-117.32,33.01,29,3584,712,1619,667,4.125,NEAR OCEAN,394400
-117.26,33.04,16,3109,450,1433,453,6.6319,NEAR OCEAN,269600
-118.17,33.78,44,2364,746,3184,672,1.918,NEAR OCEAN,147500
-122.04,36.98,51,1076,206,495,201,2.9286,NEAR OCEAN,258300
-117.61,33.44,17,2036,272,713,265,6.5954,NEAR OCEAN,346200
-119.78,34.45,9,1830,353,1515,220,4.2109,NEAR OCEAN,450000
-117.26,32.95,34,1651,273,650,271,5.6582,NEAR OCEAN,500001
-117.26,33.18,9,4540,793,2235,746,4.5781,NEAR OCEAN,225600
-117.08,32.59,8,2888,662,2441,683,2.7048,NEAR OCEAN,153000
-117.19,32.84,30,2492,406,1250,431,5.5277,NEAR OCEAN,197100
-117.25,32.8,30,2061,631,1007,577,2.5813,NEAR OCEAN,253100
-122.71,37.9,23,1250,257,437,188,3.115,NEAR OCEAN,242600
-124.08,40.06,17,1319,267,393,163,2.625,NEAR OCEAN,135600
-117.05,32.77,33,3535,683,1568,672,2.8097,NEAR OCEAN,158300
-122.28,37.52,29,1526,355,724,315,4.0313,NEAR OCEAN,435200
-122.19,37.45,18,1636,414,853,439,5.1032,NEAR OCEAN,464600
-117.36,33.2,26,2447,482,1405,486,3.2917,NEAR OCEAN,150800
-119.85,34.48,23,1915,277,724,267,6.2987,NEAR OCEAN,348200
-121.39,36.16,28,1057,249,288,130,3.0526,NEAR OCEAN,146900
-117.21,32.85,15,2593,521,901,456,4.2065,NEAR OCEAN,277800
-117.23,32.88,18,5566,1465,6303,1458,1.858,NEAR OCEAN,205000
-122.46,37.68,23,2812,769,1983,681,2.9413,NEAR OCEAN,229400
-117.12,32.71,24,421,101,396,113,0.6433,NEAR OCEAN,111300
-119.16,34.28,11,5330,1056,2801,1028,4.763,NEAR OCEAN,232700
-117.17,32.79,44,2262,647,3009,657,2.2663,NEAR OCEAN,123600
-122.29,37.53,41,839,190,419,215,5.012,NEAR OCEAN,368200
-117.02,32.68,14,3986,675,2065,702,5.7192,NEAR OCEAN,267400
-121.95,36.59,22,3553,530,1108,441,5.8505,NEAR OCEAN,417100
-117.62,33.42,27,1444,412,597,311,3.1395,NEAR OCEAN,310000
-118.19,33.77,31,1711,691,1092,568,1.0714,NEAR OCEAN,150000
-122.44,37.67,35,1814,365,1025,384,4.425,NEAR OCEAN,268400
-117.1,32.74,14,2361,601,1831,526,1.6102,NEAR OCEAN,93400
-122.47,37.69,30,837,213,606,199,4.875,NEAR OCEAN,258800
-118.14,33.76,50,2960,761,1179,718,3.5214,NEAR OCEAN,398100
-117.1,32.58,27,2616,591,1889,577,2.3824,NEAR OCEAN,127600
-117.05,32.61,31,4033,715,2585,715,3.5096,NEAR OCEAN,139900
-118.15,33.78,17,1584,435,904,406,2.0875,NEAR OCEAN,181300
-120.45,34.64,40,1051,235,574,201,2.0865,NEAR OCEAN,111500
-120.2,34.61,15,2958,690,1348,617,3.8582,NEAR OCEAN,215200
-117.2,32.79,16,2079,394,746,383,5.0958,NEAR OCEAN,300000
-117.11,32.82,16,3980,682,3174,647,2.6607,NEAR OCEAN,175000
-117.13,32.76,27,2280,695,1235,664,1.9392,NEAR OCEAN,142900
-119.19,34.17,31,1872,434,1511,405,3.2314,NEAR OCEAN,186800
-117.11,32.73,34,1096,221,574,223,3.8355,NEAR OCEAN,126700
-117.04,32.74,5,2878,785,1727,758,1.7179,NEAR OCEAN,132000
-122.25,37.47,35,3183,515,1313,487,5.9062,NEAR OCEAN,383200
-117.15,32.71,52,217,82,531,93,1.6607,NEAR OCEAN,137500
-121.92,36.55,44,3494,635,693,415,3.6,NEAR OCEAN,452800
-117.04,32.68,14,1320,270,943,260,5.0947,NEAR OCEAN,152700
-117.96,33.6,34,959,230,384,197,5.2333,NEAR OCEAN,471400
-117.25,32.73,38,1840,291,633,283,4.9125,NEAR OCEAN,383600
-122.31,37.56,36,1727,340,952,337,4.7917,NEAR OCEAN,316000
-118.55,33.99,39,2603,456,928,410,7.9096,NEAR OCEAN,500001
-117.04,32.74,33,3880,770,2288,805,3.6848,NEAR OCEAN,140700
-120.45,34.66,7,3329,504,1462,452,4.7875,NEAR OCEAN,198300
-122.04,36.98,33,797,125,385,133,6.7974,NEAR OCEAN,367600
-117.26,33,31,2695,491,1059,451,4.7841,NEAR OCEAN,393500
-122.41,37.63,37,1252,275,878,287,4.2262,NEAR OCEAN,228500
-120.45,34.65,27,2215,578,1544,527,1.9257,NEAR OCEAN,135300
-121.91,36.59,17,5039,833,1678,710,6.2323,NEAR OCEAN,339100
-118.15,33.76,36,2916,785,1183,749,3.5985,NEAR OCEAN,500001
-118.16,33.79,26,3061,844,2135,769,2.875,NEAR OCEAN,164000
-117.05,32.56,18,1215,320,1195,349,1.9875,NEAR OCEAN,114900
-122.37,37.58,34,2697,313,810,279,12.4291,NEAR OCEAN,500001
-122.47,37.51,15,4974,764,2222,774,6.7606,NEAR OCEAN,364300
-122.49,37.75,52,2226,385,1177,416,4.8516,NEAR OCEAN,323800
-122.49,37.75,48,2181,419,1041,379,3.7361,NEAR OCEAN,320200
-122.04,36.96,44,1294,269,645,259,3.2437,NEAR OCEAN,223900
-118.19,33.77,21,2103,727,1064,603,1.6178,NEAR OCEAN,137500
-121.92,36.62,52,867,199,391,187,2.6713,NEAR OCEAN,234600
-117.12,32.58,34,2003,466,1226,443,3.0613,NEAR OCEAN,136700
-119.15,34.17,22,1612,334,1431,335,4.8125,NEAR OCEAN,194400
-122.45,37.67,36,1664,326,963,322,4.7813,NEAR OCEAN,246400
-122.41,37.62,39,3119,758,1807,696,3.2216,NEAR OCEAN,242700
-122.21,37.46,40,1777,207,577,207,15.0001,NEAR OCEAN,500001
-117.08,32.59,30,144,52,220,48,2.3929,NEAR OCEAN,134400
-121.9,36.6,33,2461,649,1234,601,2.8727,NEAR OCEAN,225000
-120.44,34.65,30,2265,512,1402,471,1.975,NEAR OCEAN,134000
-119.2,34.18,22,6465,1397,2694,1370,2.9832,NEAR OCEAN,165600
-122.13,37.15,39,2854,613,1338,518,3.9423,NEAR OCEAN,180300
-117.08,32.73,19,2935,763,1953,720,1.4254,NEAR OCEAN,111300
-121.9,36.58,31,1431,,704,393,3.1977,NEAR OCEAN,289300
-120.66,35.27,46,2217,544,1107,527,2.8009,NEAR OCEAN,192600
-122.25,37.5,44,348,79,154,73,4.7708,NEAR OCEAN,253800
-118.21,33.79,32,2020,613,2557,562,2.1397,NEAR OCEAN,145300
-121.92,36.61,27,3044,661,1229,618,3.1359,NEAR OCEAN,268000
-122.19,37.44,38,3383,456,1203,465,9.3198,NEAR OCEAN,500001
-117.15,32.75,27,3166,867,1332,817,2.6742,NEAR OCEAN,171400
-117.09,32.78,28,1708,393,816,393,2.9881,NEAR OCEAN,165300
-117.11,32.77,48,1502,272,590,265,2.5952,NEAR OCEAN,190300
-117.12,32.75,25,2222,634,1025,568,1.64,NEAR OCEAN,130000
-117.18,32.69,37,3112,716,1304,674,3.2121,NEAR OCEAN,320800
-117.17,32.71,7,2493,693,951,641,4.2375,NEAR OCEAN,205000
-117.06,32.6,25,1075,238,434,234,1.7472,NEAR OCEAN,94600
-122.21,37.44,35,1140,193,486,199,4.6908,NEAR OCEAN,500001
-117.18,32.82,25,1756,301,722,312,4.5625,NEAR OCEAN,162300
-117.28,32.8,20,1838,540,615,325,3.5486,NEAR OCEAN,193800
-117.04,32.7,7,9311,1703,7302,1694,4.419,NEAR OCEAN,156900
-119.2,34.18,27,1035,229,782,222,4.2212,NEAR OCEAN,185400
-120.47,34.65,16,2549,428,1486,432,4.2875,NEAR OCEAN,150700
-121.92,36.62,47,1811,401,948,375,3.0379,NEAR OCEAN,249300
-119.28,34.27,43,403,77,156,85,4.6667,NEAR OCEAN,384600
-117.11,32.78,16,2470,830,1170,724,3.5562,NEAR OCEAN,73500
-119.22,34.26,16,2596,625,1403,562,3.4018,NEAR OCEAN,145200
-119.72,34.42,52,1759,387,980,402,4.0125,NEAR OCEAN,261000
-118.41,33.85,16,6123,1989,2853,1789,4.425,NEAR OCEAN,336400
-122.25,37.51,45,989,174,504,180,4.8382,NEAR OCEAN,289400
-119.18,34.16,12,460,101,405,103,5.2783,NEAR OCEAN,167400
-117.1,32.75,17,871,379,955,351,1.4375,NEAR OCEAN,96400
-122,37.08,17,4154,739,2149,693,5.5919,NEAR OCEAN,373400
-122.04,36.96,32,1438,306,802,293,4.1964,NEAR OCEAN,202000
-117.14,32.74,16,6075,1816,2592,1634,2.5553,NEAR OCEAN,178100
-117.1,32.75,15,2422,774,2120,715,1.0617,NEAR OCEAN,92400
-119.27,34.28,50,1710,412,915,380,3.1757,NEAR OCEAN,206300
-117.09,32.63,27,2920,770,1935,746,2.4148,NEAR OCEAN,67500
-119.86,34.38,26,1626,375,1580,359,2.1471,NEAR OCEAN,187500
-118.29,33.71,40,1933,475,902,412,4.25,NEAR OCEAN,332800
-118.23,33.78,20,59,24,69,23,2.5588,NEAR OCEAN,350000
-118.15,33.77,39,2428,634,1312,612,2.7212,NEAR OCEAN,266300
-118.17,33.83,46,1362,214,531,222,4.3125,NEAR OCEAN,290500
-119.18,34.15,22,4769,1366,5534,1318,2.4167,NEAR OCEAN,192000
-122.01,36.97,35,1605,392,743,382,2.5368,NEAR OCEAN,240000
-117.26,32.85,42,1761,329,480,255,5.3787,NEAR OCEAN,500001
-117.11,32.69,39,395,159,620,162,2.725,NEAR OCEAN,86500
-122.04,36.98,35,2155,355,866,335,5.6188,NEAR OCEAN,404700
-122.5,37.75,45,1672,344,838,314,4.1419,NEAR OCEAN,291500
-119.21,34.28,27,2219,312,937,315,5.7601,NEAR OCEAN,281100
-119.19,34.16,34,2610,466,1543,433,3.9722,NEAR OCEAN,189000
-118.27,33.76,46,22,11,32,7,3.125,NEAR OCEAN,112500
-122.28,37.53,34,1980,385,970,391,5.1207,NEAR OCEAN,310900
-119.26,34.27,40,2528,572,1318,549,3.6413,NEAR OCEAN,212700
-117.18,32.77,23,1215,225,592,224,3.4,NEAR OCEAN,200600
-119.17,34.15,18,2509,688,3129,677,2.6098,NEAR OCEAN,146100
-117.08,32.8,32,1587,268,635,249,3.375,NEAR OCEAN,178100
-122.32,37.57,42,2574,614,2377,588,3.2891,NEAR OCEAN,237900
-117.25,32.76,38,2331,493,836,433,4.9125,NEAR OCEAN,452600
-117.13,32.8,33,2731,456,1263,445,4.5568,NEAR OCEAN,175300
-122.41,37.66,32,1385,356,1096,353,4.475,NEAR OCEAN,246700
-118.19,33.76,25,1442,392,632,385,4.6629,NEAR OCEAN,162500
-118.18,33.82,43,2210,469,1042,418,3.5,NEAR OCEAN,216700
-117.13,32.76,22,2623,732,1283,718,2.1563,NEAR OCEAN,127100
-122.46,37.7,37,3029,738,2436,700,3.3214,NEAR OCEAN,243200
-122.5,37.76,43,2108,456,1299,447,3.1406,NEAR OCEAN,316200
-122.33,37.57,20,2126,643,1112,597,3.625,NEAR OCEAN,283300
-122.42,37.62,40,1545,264,756,282,4.4643,NEAR OCEAN,308100
-117.09,32.7,22,2409,582,1887,578,1.4089,NEAR OCEAN,94200
-117.07,32.64,30,2873,774,1593,731,2.24,NEAR OCEAN,129500
-123,38.33,8,3223,637,851,418,5.6445,NEAR OCEAN,364800
-118.1,33.74,33,2119,524,872,465,4.537,NEAR OCEAN,495500
-117.1,32.58,29,1061,202,759,206,4.8646,NEAR OCEAN,136800
-117.12,32.58,26,1360,309,869,328,3.0217,NEAR OCEAN,131600
-117.06,32.61,24,4369,1353,3123,1247,2.0571,NEAR OCEAN,152300
-117.23,33.16,4,3066,625,1164,582,4,NEAR OCEAN,228100
-117.62,33.42,23,2656,515,998,435,4.0294,NEAR OCEAN,500001
-117.31,32.98,17,2789,648,849,345,4.1012,NEAR OCEAN,244700
-122.26,37.45,17,2742,441,986,421,5.9285,NEAR OCEAN,496000
-118.75,34.1,34,2255,402,857,317,4.5333,NEAR OCEAN,377300
-117.25,32.74,36,1240,310,577,319,2.6625,NEAR OCEAN,248200
-122.41,37.63,39,4220,1055,2720,1046,2.639,NEAR OCEAN,242500
-121.95,36.6,32,3152,504,793,426,7.1198,NEAR OCEAN,469900
-117.23,32.86,15,1703,320,587,282,5.0855,NEAR OCEAN,209800
-122.46,37.66,15,6082,1284,3861,1198,5.4221,NEAR OCEAN,284700
-117.22,32.8,23,1906,525,1029,491,2.93,NEAR OCEAN,183300
-118,33.66,16,2809,708,1260,638,3.2353,NEAR OCEAN,252900
-118.38,33.81,41,1889,301,802,278,6.015,NEAR OCEAN,488500
-118.2,33.81,47,2347,437,1219,420,5.3096,NEAR OCEAN,209900
-117.2,32.8,34,4854,912,2089,854,3.8542,NEAR OCEAN,200000
-117.37,33.19,33,2205,453,1138,439,2.8819,NEAR OCEAN,208600
-119.19,34.26,16,5018,853,2524,830,5.1752,NEAR OCEAN,218000
-122.5,37.76,45,1673,377,1078,393,3.3393,NEAR OCEAN,272300
-117.23,32.8,22,2981,873,1751,745,2.3482,NEAR OCEAN,190600
-117.13,32.74,52,1512,321,651,321,3.6852,NEAR OCEAN,185300
-117.1,32.66,27,1782,560,1785,560,2.1542,NEAR OCEAN,106300
-122,36.93,51,1616,374,608,302,3.1932,NEAR OCEAN,400000
-117.06,32.71,25,2681,596,1947,553,2.8964,NEAR OCEAN,104300
-117.13,32.75,31,2336,656,1186,609,2.5872,NEAR OCEAN,130600
-118.32,33.34,52,996,264,341,160,2.7361,ISLAND,450000
